  0
SECTION
  2
HEADER
  9
$ACADVER
  1
AC1015
  9
$INSUNITS
 70
0
  9
$EXTMIN
 10
182.79443660931523
 20
89.66455856316941
 30
0
  9
$EXTMAX
 10
316.5623677413153
 20
183.47712085276942
 30
0
  0
ENDSEC
  0
SECTION
  2
TABLES
  0
TABLE
  2
LTYPE
 70
7
  0
LTYPE
  2
CONTINUOUS
 70
0
  3
Solid line
 72
65
 73
0
 40
0
  0
LTYPE
  2
DASHED
 70
0
  3
Dashed line
 72
65
 73
2
 40
19.05
 49
12.7
 49
-6.35
  0
LTYPE
  2
HIDDEN
 70
0
  3
Hidden line
 72
65
 73
2
 40
9.525
 49
6.35
 49
-3.175
  0
LTYPE
  2
CENTER
 70
0
  3
Center line
 72
65
 73
4
 40
50.8
 49
31.75
 49
-6.35
 49
6.35
 49
-6.35
  0
LTYPE
  2
DASHDOT
 70
0
  3
Dash dot line
 72
65
 73
4
 40
25.4
 49
12.7
 49
-6.35
 49
0
 49
-6.35
  0
LTYPE
  2
PHANTOM
 70
0
  3
Phantom line
 72
65
 73
6
 40
63.5
 49
31.75
 49
-6.35
 49
6.35
 49
-6.35
 49
6.35
 49
-6.35
  0
LTYPE
  2
DOT
 70
0
  3
Dotted line
 72
65
 73
2
 40
6.35
 49
0
 49
-6.35
  0
ENDTAB
  0
TABLE
  2
LAYER
 70
0
  0
ENDTAB
  0
ENDSEC
  0
SECTION
  2
BLOCKS
  0
ENDSEC
  0
SECTION
  2
ENTITIES
  0
LWPOLYLINE
  8
0
 90
1616
 70
1
 10
240.98380446131523
 20
183.01732085276944
 10
240.62097042931524
 20
182.55752085276941
 10
237.5858690853152
 20
182.6146233311694
 10
236.40969031891524
 20
182.6472124503694
 10
235.38958940851523
 20
182.69840323836945
 10
234.52285921891522
 20
182.75869906956945
 10
234.37122938451523
 20
182.81964514156942
 10
234.28891983411523
 20
182.86739746156945
 10
234.19866259891523
 20
182.88386900236947
 10
234.11122051011523
 20
182.86705102316944
 10
234.03682938451522
 20
182.81922914796945
 10
233.89992368371523
 20
182.75723807596944
 10
233.03849791411525
 20
182.68728209756944
 10
232.02677740211521
 20
182.62454447756943
 10
230.85571913571522
 20
182.5783476191694
 10
229.02386640531523
 20
182.53068057116937
 10
228.24150483411523
 20
182.54788227436939
 10
227.79592335491523
 20
182.6266639047694
 10
227.49369146451522
 20
182.79862709836937
 10
227.27560698691525
 20
182.98879435916945
 10
227.16630366531524
 20
183.0271187727694
 10
227.06364972051523
 20
182.9844207415694
 10
226.88497662371526
 20
182.7926868167694
 10
226.64740130771526
 20
182.6204790095694
 10
226.29897891251525
 20
182.52725698396944
 10
225.7071415741152
 20
182.48370188556942
 10
224.46807755011523
 20
182.47392085276942
 10
222.32411458611526
 20
182.47392085276942
 10
222.14268971171526
 20
178.79139502556941
 10
222.05075495891526
 20
177.15708558396943
 10
221.95475256451525
 20
175.9722498703694
 10
221.85629701171524
 20
175.09526898316938
 10
221.75394737091528
 20
174.85906688076943
 10
221.66779890851524
 20
174.69263265676943
 10
221.62210314851524
 20
174.4375548447694
 10
221.61316981971524
 20
174.0988288791694
 10
221.64394247811526
 20
173.6663963423694
 10
221.67438775891523
 20
173.2077923239694
 10
221.66043675811525
 20
172.83370422716945
 10
221.60164990691527
 20
172.5203832983694
 10
221.49551770051522
 20
172.2483246543694
 10
221.40839797331523
 20
172.0576994327694
 10
221.36704155491523
 20
171.90650732796942
 10
221.37295692371524
 20
171.8100359375694
 10
221.42179905331523
 20
171.7731208527694
 10
221.54483066531526
 20
171.64907149436942
 10
221.5190460845152
 20
169.3285941527694
 10
221.45624843971524
 20
167.0997454207694
 10
221.33176787251523
 20
165.33592085276942
 10
221.29023305171526
 20
164.85153041436942
 10
221.24733003331522
 20
164.2099333527694
 10
221.20960352691523
 20
163.5290218863694
 10
221.1836244925152
 20
162.91152085276943
 10
221.00494621251525
 20
158.18532627196942
 10
220.85612349891522
 20
155.9285519631694
 10
220.69022030211522
 20
154.6229145839694
 10
220.4094010469152
 20
154.3843208527694
 10
220.35032493971525
 20
154.36207740076938
 10
220.29972169251525
 20
154.29836951916946
 10
220.26498020771524
 20
154.20368064796943
 10
220.25260740771523
 20
154.0917208527694
 10
220.2458924885152
 20
153.9634048847694
 10
220.2195029781152
 20
153.91882886316938
 10
220.18043352131522
 20
153.9236213167694
 10
220.12101967011523
 20
154.0021666935694
 10
220.07542874451525
 20
154.1502630903694
 10
220.06827576131525
 20
154.62236733836943
 10
220.08198883651522
 20
155.19178566476944
 10
220.12265338131525
 20
155.82835987116943
 10
220.16844110131524
 20
156.45485693356943
 10
220.19743475171526
 20
156.99220579836938
 10
220.21538016051522
 20
157.4561399855694
 10
220.19374665411522
 20
157.5110752175694
 10
220.13862984291524
 20
157.5327277847694
 10
219.65373964371526
 20
157.51330733756936
 10
219.09316168291525
 20
157.48271441916938
 10
218.43907327651527
 20
157.43502530076938
 10
217.78907775891525
 20
157.3914917711694
 10
217.24190505811524
 20
157.37387273676939
 10
216.78752334131522
 20
157.37337163836938
 10
216.74396774131523
 20
157.4172885575694
 10
216.77312240531523
 20
157.49443146076942
 10
217.1101516253152
 20
157.87271611036942
 10
217.51275685251522
 20
158.3080152911694
 10
217.99055108371525
 20
158.80214512956942
 10
218.64770560371522
 20
159.4484074055694
 10
219.08325357811523
 20
159.8120715855694
 10
219.41984306211526
 20
160.00535110716942
 10
219.72525108371525
 20
160.06912085276943
 10
219.98871665091525
 20
160.09104294636944
 10
220.14325710291524
 20
160.16461412316937
 10
220.2422456893152
 20
160.3124717583694
 10
220.31786774131527
 20
160.5916208527694
 10
220.42733441731525
 20
161.2458752887694
 10
220.41188062291525
 20
161.5980797479694
 10
220.28260576291524
 20
161.7621847087694
 10
220.04616774131523
 20
161.79609520956942
 10
219.26866483491523
 20
161.7009662679694
 10
217.70748499491523
 20
161.6034866615694
 10
215.97068763811524
 20
161.5109623615694
 10
215.90871930531523
 20
161.5703033135694
 10
215.92965859731524
 20
161.62863303996943
 10
216.18308497491523
 20
161.9388694631694
 10
216.48432018611524
 20
162.29568429516942
 10
216.84167524131524
 20
162.7025208527694
 10
217.35643755971526
 20
163.2557864887694
 10
217.69755582291523
 20
163.54947195116938
 10
217.9882119557152
 20
163.69746083836938
 10
218.30392367731525
 20
163.74897415516944
 10
218.56510696451522
 20
163.75641906956943
 10
218.92384225571524
 20
163.7795618903694
 10
219.31106675491523
 20
163.81241969996938
 10
219.66996774131525
 20
163.8510617935694
 10
220.50596774131526
 20
163.9516962967694
 10
220.54348056611525
 20
164.6438084911694
 10
220.56485123411522
 20
164.99250726796942
 10
220.60018377091524
 20
165.49085706716943
 10
220.64171056611522
 20
166.0378202663694
 10
220.68383526851522
 20
166.5554754791694
 10
220.78667714611527
 20
167.77503010556939
 10
220.38668558931522
 20
167.37503871596937
 10
220.07651537731522
 20
167.1488222991694
 10
219.70488027171524
 20
167.02165014636938
 10
219.09790832371527
 20
166.9480010543694
 10
217.73833088691526
 20
166.88071643036943
 10
216.86575705731522
 20
166.8550562463694
 10
216.10603068771525
 20
166.8566464855694
 10
215.46828206851524
 20
166.8761782879694
 10
215.33884034291526
 20
166.9312405919694
 10
215.30889833411524
 20
167.1002169247694
 10
215.55055015331524
 20
167.53891979596938
 10
215.90996210291522
 20
168.05825486716938
 10
216.36229662291524
 20
168.59632085276942
 10
216.49868985571524
 20
168.75462430796946
 10
216.79235943411524
 20
169.1172533527694
 10
217.13861525171527
 20
169.55100392716946
 10
217.50574615651524
 20
170.0175208527694
 10
217.88352184931523
 20
170.47362021516943
 10
218.26185448531524
 20
170.87605623596943
 10
218.59786729651523
 20
171.1890014663694
 10
218.79463093171523
 20
171.2966543567694
 10
219.00407167091524
 20
171.33983057996937
 10
219.36727939491524
 20
171.3783430935694
 10
219.78951356771523
 20
171.4076880311694
 10
220.21925050611523
 20
171.42205435676942
 10
220.84169347011522
 20
171.43941005116938
 10
221.07475438611527
 20
171.4835137327694
 10
221.14624693251525
 20
171.57693271996942
 10
221.11299235731522
 20
171.73234110716942
 10
221.05804157571524
 20
171.8969894679694
 10
221.02827378931525
 20
172.17270694956937
 10
221.02259467411525
 20
172.4939427919694
 10
221.04525445411525
 20
172.8191411071694
 10
221.08834390051524
 20
173.2849952519694
 10
221.06522866771522
 20
173.48355160556937
 10
220.97593032451522
 20
173.57883320076942
 10
220.79640099651525
 20
173.61232085276941
 10
220.66013684211524
 20
173.63040252956938
 10
220.53019669331525
 20
173.6834920407694
 10
220.42586171971524
 20
173.7619402743694
 10
220.36517129651526
 20
173.8546056911694
 10
220.33887107091522
 20
173.95245581276941
 10
220.35403209811523
 20
174.0110398503694
 10
220.40406870451523
 20
174.03291479356943
 10
220.48975067891524
 20
174.0134079039694
 10
220.59262666531524
 20
174.0111886583694
 10
220.7224883973152
 20
174.0751563687694
 10
220.85746277091525
 20
174.18976210396943
 10
220.97654946611527
 20
174.34084653196942
 10
221.1240733701152
 20
174.5803864479694
 10
221.15788756371524
 20
174.69897388396942
 10
221.11907358851522
 20
174.77935127116945
 10
220.99259765651522
 20
174.84892937756945
 10
220.90116216291523
 20
174.87631924556942
 10
220.84146256691523
 20
174.8727527023694
 10
220.81993690451526
 20
174.84277742076938
 10
220.83364964531523
 20
174.7935908591694
 10
220.78608375331524
 20
174.54242686476942
 10
220.16049609171523
 20
174.1295538855694
 10
219.39685540291526
 20
173.75642267436945
 10
218.70457717891523
 20
173.5637382175694
 10
218.39335561331524
 20
173.54615897676942
 10
218.18291936531523
 20
173.6139498823694
 10
218.14271779731524
 20
173.73180665436942
 10
218.2473590813152
 20
173.8622502423694
 10
218.3505917053152
 20
173.95219397756944
 10
218.64561393171525
 20
174.31450015916943
 10
218.98853160131523
 20
174.75318029116937
 10
219.36264695171525
 20
175.2532035951694
 10
219.76550548691523
 20
175.7916767127694
 10
220.19531850131526
 20
176.3469188199694
 10
220.59094312851522
 20
176.84204048876938
 10
220.8715978589152
 20
177.1718568679694
 10
221.19394658451523
 20
177.57006289596944
 10
221.34597251571523
 20
177.8675051751694
 10
221.4078654413152
 20
178.22041521836945
 10
221.4111957309152
 20
178.8438568679694
 10
221.40934181731524
 20
179.3024339671694
 10
221.4250639677152
 20
179.82284697676945
 10
221.45424254131524
 20
180.32403415996944
 10
221.49395053491526
 20
180.7183208527694
 10
221.55067163011523
 20
181.1906610199694
 10
221.54373115811524
 20
181.34577697436944
 10
221.49356831571524
 20
181.36191093836942
 10
221.38839215891522
 20
181.2393220719694
 10
221.28214040451525
 20
181.08794972556942
 10
221.13510823571522
 20
180.88836743276943
 10
220.97525065651524
 20
180.67743710876942
 10
220.82613216611523
 20
180.4869220719694
 10
220.60791894451523
 20
180.20161667356945
 10
220.07013753331523
 20
179.4658398647694
 10
219.43217523251525
 20
178.58554289996943
 10
218.7421068909152
 20
177.62512085276944
 10
217.36988378371524
 20
175.71221240476945
 10
216.24396115731525
 20
174.15216300396946
 10
215.15457056051525
 20
172.6548236351694
 10
213.90156774131523
 20
170.9444005735694
 10
211.77403017091527
 20
168.0219132783694
 10
211.11709317811523
 20
166.97008232236942
 10
210.79857918451523
 20
166.0941775343694
 10
210.58514086051525
 20
164.75072085276943
 10
210.50555583411526
 20
163.99288584956943
 10
210.42554494931522
 20
163.16702335276943
 10
210.35633418131522
 20
162.3958710367694
 10
210.31204607811523
 20
161.8247208527694
 10
210.15376887331524
 20
159.6476059743694
 10
210.04113659971523
 20
158.50553784716936
 10
209.92985513491521
 20
157.80963171756943
 10
209.78157966691523
 20
157.4357208527694
 10
209.65216001171527
 20
157.21691273356942
 10
209.63187330131524
 20
157.1235283567694
 10
209.67550246931523
 20
157.07394854076944
 10
209.81258055331523
 20
157.0595208527694
 10
209.92104787491525
 20
157.04018534316938
 10
209.98939956931525
 20
156.98470019036938
 10
210.01473705731524
 20
156.8930376391694
 10
209.99597236851525
 20
156.76692085276943
 10
209.95890630211525
 20
156.5623452991694
 10
209.90436047891524
 20
155.87266218636944
 10
209.84946069331522
 20
155.0515294431694
 10
209.79999524211522
 20
154.1335208527694
 10
209.75226699891522
 20
153.22924105436942
 10
209.70261428371523
 20
152.4516717695694
 10
209.65362434931524
 20
151.77630164556942
 10
209.62779462451525
 20
151.6951583151694
 10
209.60123423571525
 20
151.6128997607694
 10
209.53276165571523
 20
150.7731431111694
 10
209.46088739171523
 20
149.8136923287694
 10
209.38678267971522
 20
148.69338578316942
 10
209.30479549091524
 20
147.5658403135694
 10
209.20883088371525
 20
146.5829671519694
 10
209.10945823891524
 20
145.7542839911694
 10
209.03692704611527
 20
145.5872338023694
 10
208.97392491571523
 20
145.49077344716937
 10
208.95668141251522
 20
145.4066280407694
 10
208.98461685411525
 20
145.33348823996943
 10
209.05604736931522
 20
145.26989388716942
 10
209.11932604851523
 20
145.20499019116943
 10
209.15665211091525
 20
145.1074109335694
 10
209.16302059171525
 20
144.9928255967694
 10
209.13633229491523
 20
144.87880840556943
 10
209.09108195571525
 20
144.6846818487694
 10
209.03837901091524
 20
144.04560917276942
 10
208.98979403491526
 20
143.2822371743694
 10
208.95233287491524
 20
142.4295208527694
 10
208.88677358771523
 20
140.9185901303694
 10
208.80965242051525
 20
140.1797662687694
 10
208.69773275331525
 20
139.79091508076942
 10
208.51572267891524
 20
139.6707208527694
 10
208.44061510131525
 20
139.7286740447694
 10
208.40555994931523
 20
139.9390763511694
 10
208.40173926211526
 20
140.2693341383694
 10
208.43615989011525
 20
140.7474666151694
 10
208.53670795091523
 20
141.82421221036938
 10
208.00053784611526
 20
141.89110826156943
 10
207.46436774131524
 20
141.95800447996942
 10
207.99448286531523
 20
141.98476266636942
 10
208.35591258451527
 20
142.0813674823694
 10
208.55872869251522
 20
142.3083986647694
 10
208.67588088371522
 20
142.7993580567694
 10
208.81189875251522
 20
144.1605222215694
 10
208.8778071533152
 20
144.9585526063694
 10
208.86041149811524
 20
145.2091476191694
 10
208.76579602771523
 20
145.2957603959694
 10
208.56986454691523
 20
145.2778549479694
 10
208.31185688931524
 20
145.2469403367694
 10
208.21990942931524
 20
145.35122247516938
 10
208.31541373491524
 20
145.52887715676937
 10
208.59296774131522
 20
145.6847105663694
 10
208.72406073411526
 20
145.7439946703694
 10
208.78767398051525
 20
145.79461865036942
 10
208.78279725811524
 20
145.8283845231694
 10
208.7275167581152
 20
145.8465227135694
 10
208.60506934291524
 20
145.8227691111694
 10
208.42448464851523
 20
145.7271929095694
 10
208.22551012771527
 20
145.58987205116938
 10
208.03525759491524
 20
145.4254109543694
 10
207.71292040611522
 20
145.1550923607694
 10
207.53056339171525
 20
145.1375594343694
 10
207.45761085491523
 20
145.2819600423694
 10
207.56221134211523
 20
145.6481208527694
 10
207.66180653011526
 20
145.83024997356944
 10
207.79557020851524
 20
145.9447070679694
 10
207.98866815091526
 20
146.00576951116943
 10
208.27741786931523
 20
146.02432085276942
 10
208.62212608371524
 20
146.04293171756942
 10
208.77661771331523
 20
146.11789767676942
 10
208.85945026531525
 20
146.27951419996938
 10
208.91224048851524
 20
146.6723193335694
 10
208.97403710691523
 20
147.32031764716942
 10
207.74951664051522
 20
147.27550002156943
 10
207.27295467331524
 20
147.25095573036944
 10
206.85485953651522
 20
147.2140083759694
 10
206.50810797091526
 20
147.17113946636943
 10
206.42341515171523
 20
147.1291017079694
 10
206.21675745651524
 20
147.0355288967694
 10
205.75394033251524
 20
147.0308337535694
 10
205.30252340611523
 20
147.07336207676943
 10
205.2071677413152
 20
147.1834535791694
 10
205.29643063811525
 20
147.33591105356942
 10
205.57252080851524
 20
147.4434306855694
 10
206.00237144291523
 20
147.50326604796942
 10
206.57416150131522
 20
147.50541256156941
 10
206.87967218371523
 20
147.50492233116938
 10
207.17414298451524
 20
147.52695460956943
 10
207.42215726531524
 20
147.56557814396942
 10
207.55780060611525
 20
147.61879790396938
 10
207.68483348131525
 20
147.67979965356943
 10
207.89353285571525
 20
147.74703127516938
 10
208.13523149091526
 20
147.8091313615694
 10
208.37828879331522
 20
147.85606440156943
 10
208.96916774131523
 20
147.95142458076938
 10
209.05276774131525
 20
148.9942966263694
 10
209.1363677413152
 20
150.0371686719694
 10
208.21676774131524
 20
150.0298630351694
 10
207.80982735251524
 20
150.0165183015694
 10
207.34628274131524
 20
149.98198949516944
 10
206.8986923541152
 20
149.93348627996943
 10
206.54476774131524
 20
149.87714840716941
 10
206.25201642531522
 20
149.82580245756938
 10
205.99546574851524
 20
149.79220361756938
 10
205.78246231171525
 20
149.77329229436938
 10
205.73136532291525
 20
149.7921659975694
 10
205.72678738691525
 20
149.8393979911694
 10
205.87810422291523
 20
150.05555381676942
 10
206.07320087411523
 20
150.31152932556938
 10
206.31656532291524
 20
150.60395125756943
 10
206.73381643411523
 20
151.0526112231694
 10
207.03159695891523
 20
151.26450043916944
 10
207.39655125411522
 20
151.3797249815694
 10
208.09136774131522
 20
151.47021947356941
 10
209.21996774131526
 20
151.5851288439694
 10
209.21996774131526
 20
152.1487247647694
 10
209.21940344131525
 20
152.3737124287694
 10
209.21770251571525
 20
152.58360076236943
 10
209.21527911891522
 20
152.7599613159694
 10
209.2122564773152
 20
152.8377208527694
 10
209.17957205411523
 20
152.8821654551694
 10
209.07626736691523
 20
152.9091777855694
 10
208.93101537651523
 20
152.91812783436941
 10
208.76014299571523
 20
152.9048847583694
 10
208.49576602131526
 20
152.8980762071694
 10
208.44185522371524
 20
152.98008279116942
 10
208.54683475331524
 20
153.16969896076938
 10
209.0653177733152
 20
153.79912085276942
 10
209.19328262131523
 20
154.0220813839694
 10
209.29740291011524
 20
154.3776360295694
 10
209.37958856531526
 20
154.8466233351694
 10
209.43700053091524
 20
155.43516482716942
 10
209.52946447171524
 20
156.7368088015694
 10
208.28791619011528
 20
156.6243027639694
 10
207.80520611171522
 20
156.5909639199694
 10
207.4077354293152
 20
156.58730391196943
 10
207.10183500371525
 20
156.6051167311694
 10
207.05377704211523
 20
156.66025862236944
 10
207.20634821251522
 20
157.04580058796938
 10
208.09067352691523
 20
158.05142164396938
 10
209.00677787651523
 20
159.02036453756944
 10
209.39754099651523
 20
159.23312085276945
 10
209.62078827571526
 20
159.31777270796937
 10
209.74739980691524
 20
159.4572149999694
 10
209.81649804931521
 20
159.71120099596942
 10
209.86143806531527
 20
160.25483607916942
 10
209.88320700371526
 20
160.7976782999694
 10
209.85036173411524
 20
161.0521732527694
 10
209.7533596509152
 20
161.19435327756938
 10
209.56883806531522
 20
161.2841828151694
 10
209.32173335251522
 20
161.42733276716942
 10
209.23910863011525
 20
161.6527541479694
 10
209.34362016691523
 20
161.97236764876945
 10
209.65093828131523
 20
162.39484325836943
 10
209.87382541171522
 20
162.7128299031694
 10
210.01113573651526
 20
163.0346828807694
 10
210.09278668611523
 20
163.4487474943694
 10
210.14325650771525
 20
164.0859274663694
 10
210.17519103891522
 20
164.56439852316942
 10
210.22039489651524
 20
165.02720026476942
 10
210.27135009971525
 20
165.42124267836942
 10
210.31970701491525
 20
165.63477664076942
 10
210.39186769251523
 20
165.8770673311694
 10
210.37348773091526
 20
165.91302686796942
 10
210.32584409091524
 20
165.90427428236939
 10
210.10682329331524
 20
165.71212085276943
 10
209.79904638211525
 20
165.51523516156936
 10
209.45137371171526
 20
165.42991116236942
 10
209.14220285411523
 20
165.4696111303694
 10
208.94040817091525
 20
165.62852085276938
 10
208.8833277629152
 20
165.7713795423694
 10
208.81571408931524
 20
166.1444896863694
 10
208.7520008573152
 20
166.5960069327694
 10
208.70141249091523
 20
167.0915208527694
 10
208.65395979331524
 20
167.8065335951694
 10
208.67151947171524
 20
168.2129643583694
 10
208.75769619091525
 20
168.5163357167694
 10
208.93535020371525
 20
168.82880910876938
 10
209.14411461891524
 20
169.13948643836943
 10
209.18759497891523
 20
169.2772995335694
 10
209.14367003411522
 20
169.3882541223694
 10
208.96532130531526
 20
169.5394091087694
 10
208.83066193651524
 20
169.62640978956944
 10
208.68321410851524
 20
169.6999480279694
 10
208.54471733251526
 20
169.7511697479694
 10
208.44149357011523
 20
169.7667208527694
 10
208.2483337637152
 20
169.6872493551694
 10
208.06336006931525
 20
169.44437680876945
 10
207.92834071891522
 20
169.1147274623694
 10
207.88236774131522
 20
168.77092831436937
 10
207.8531017221152
 20
168.61592622316942
 10
207.76777738851524
 20
168.4655268135694
 10
207.63452132931525
 20
168.3332794719694
 10
207.46488104531522
 20
168.23173205676943
 10
207.00547446691525
 20
167.77024617916942
 10
206.73659546531522
 20
166.87157343276937
 10
206.72396350531525
 20
166.00424182476942
 10
207.04989148131523
 20
165.63424544636942
 10
207.18979591411525
 20
165.58434594396937
 10
207.26484029011525
 20
165.52068287196937
 10
207.2789223757152
 20
165.4445637343694
 10
207.23659619731524
 20
165.3572985431694
 10
207.1738339989152
 20
165.2097015727694
 10
207.10881343011525
 20
164.65183710076943
 10
207.05229665331524
 20
163.9806473111694
 10
207.01394114051524
 20
163.2205388895694
 10
206.92633853971526
 20
161.80682309596938
 10
206.74936135251525
 20
161.12402929196938
 10
206.34041372771523
 20
160.4062276535694
 10
204.78463043491524
 20
158.2299208527694
 10
203.97511458051525
 20
157.0766535023694
 10
203.58186018051524
 20
156.4026891959694
 10
203.37793771011522
 20
155.83637209516945
 10
203.27109456931524
 20
155.1597078431694
 10
202.97565417571522
 20
151.57138065676943
 10
202.77120836931522
 20
149.3837913671694
 10
202.6060468717152
 20
147.84106706316942
 10
202.49837174371524
 20
147.6127208527694
 10
202.44065664451523
 20
147.6213049007694
 10
202.40861176131523
 20
147.7398635783694
 10
202.41260132051525
 20
148.0063257039694
 10
202.45522578371524
 20
148.42173711356938
 10
202.57420078931523
 20
149.39795337436942
 10
202.09328426531522
 20
149.3654200999694
 10
201.89882615091526
 20
149.3542643487694
 10
201.7122272725152
 20
149.34764791036943
 10
201.55370394931523
 20
149.34555757596945
 10
201.4713984117152
 20
149.3506038391694
 10
201.44826930131524
 20
149.39618690636942
 10
201.57287225891523
 20
149.6032289943694
 10
201.76224481811522
 20
149.87082189356943
 10
202.01479841171522
 20
150.18572486876943
 10
202.36791812371524
 20
150.63798548636942
 10
202.56604611091524
 20
150.97784021916945
 10
202.66596265731525
 20
151.3022941599694
 10
202.69916774131522
 20
151.69052486876944
 10
202.68669077571525
 20
152.03515082076942
 10
202.64034444051524
 20
152.23348245756944
 10
202.55325614691523
 20
152.3384665015694
 10
202.41922244051523
 20
152.3779208527694
 10
202.29548073011523
 20
152.39815673436942
 10
202.26454254371524
 20
152.45524566956942
 10
202.32040907971523
 20
152.5616474023694
 10
202.52572833891523
 20
152.7892793343694
 10
202.71873816691522
 20
153.03115152316943
 10
202.8197487029152
 20
153.25179984556942
 10
202.8508236589152
 20
153.5096314415694
 10
202.82158807011524
 20
153.8760473991694
 10
202.79793645971523
 20
154.14154745596943
 10
202.80204807491523
 20
154.38052089836944
 10
202.82885892931523
 20
154.56864765036943
 10
202.88228217171525
 20
154.64495655996942
 10
202.94079130371526
 20
154.7145122615694
 10
202.98912765331525
 20
154.86497487276944
 10
203.02246248451524
 20
155.0551167191694
 10
203.0335677413152
 20
155.2626577319694
 10
202.96249971571524
 20
155.45248323596942
 10
202.83407222531523
 20
155.45129093276938
 10
202.51032035731524
 20
155.02032189756943
 10
201.25617171651518
 20
153.14342983436939
 10
201.07811107331526
 20
152.87917424716937
 10
200.9041525149152
 20
152.6273822495694
 10
200.75370695811523
 20
152.4150327319694
 10
200.67093810931522
 20
152.30742983436943
 10
200.2049701013152
 20
151.69165514076943
 10
199.3395101301152
 20
150.42619475116936
 10
198.4006914933152
 20
149.0298588959694
 10
198.35196774131526
 20
148.8696297983694
 10
198.33754356451524
 20
148.79841981996944
 10
198.28901928211525
 20
148.70145769756942
 10
198.21968612371523
 20
148.5977967071694
 10
198.13767519251522
 20
148.50246378156945
 10
197.8817566989152
 20
148.19760400876942
 10
197.0275088253152
 20
147.01047481276942
 10
196.15967662051526
 20
145.78266803036942
 10
195.45796095971522
 20
144.7563155119694
 10
195.2587607189152
 20
144.46885875116942
 10
195.03803264211524
 20
144.1697433015694
 10
194.82850964051522
 20
143.9013916487694
 10
194.67009014851524
 20
143.71830664556938
 10
194.54344668211522
 20
143.56409407276942
 10
194.43637614931524
 20
143.3946168087694
 10
194.36170546531525
 20
143.23481373676944
 10
194.3391677413152
 20
143.11517962876943
 10
194.32741742691525
 20
143.01308363036944
 10
194.29263648291524
 20
142.9113257103694
 10
194.24142997811524
 20
142.82495202956943
 10
194.1807634645152
 20
142.7693568591694
 10
193.94818742851524
 20
142.54599253996938
 10
193.01112857171523
 20
141.1462514895694
 10
192.06864875651524
 20
139.7163306719694
 10
191.99836774131523
 20
139.4806562527694
 10
191.97914810131525
 20
139.42558926716939
 10
191.9246952413152
 20
139.37871942876941
 10
191.84350509491523
 20
139.3470229903694
 10
191.74756774131524
 20
139.3363208527694
 10
191.65300309971522
 20
139.3271213415694
 10
191.57625646051522
 20
139.2994846863694
 10
191.52863204851522
 20
139.2586853783694
 10
191.51656773251523
 20
139.21092085276942
 10
191.52311060291524
 20
139.1387618471694
 10
191.52473528531522
 20
139.0047555615694
 10
191.52269477651524
 20
138.84764340636943
 10
191.51656773251523
 20
138.6851749991694
 10
191.49676774131524
 20
138.28482914556943
 10
187.94376774131524
 20
138.39941782636942
 10
186.52514563091523
 20
138.45048923356939
 10
185.2011652413152
 20
138.5092210759694
 10
184.0889901333152
 20
138.5679393751694
 10
183.59656774131525
 20
138.61230422316942
 10
182.80236774131527
 20
138.7106017719694
 10
182.80236774131527
 20
134.60325485356938
 10
182.80236774131527
 20
130.49590793516944
 10
183.34576774131523
 20
130.42847266396942
 10
183.88916774131522
 20
130.3610372255694
 10
183.34576774131523
 20
130.3342790391694
 10
182.80236774131527
 20
130.30752085276941
 10
182.80236774131527
 20
125.8786921407694
 10
182.8093068757152
 20
123.1705788207694
 10
182.84669797891522
 20
122.1245652543694
 10
182.92410071091524
 20
121.5990996279694
 10
183.09496774131523
 20
121.47438381036942
 10
183.26422664211523
 20
121.4824018863694
 10
183.58402774131523
 20
121.4839195607694
 10
183.95943705251523
 20
121.4807558023694
 10
184.34896774131525
 20
121.47241268956941
 10
185.31036774131522
 20
121.44592085276942
 10
185.31036774131522
 20
120.7771208527694
 10
185.29903475811523
 20
120.5207958959694
 10
185.26434059091522
 20
120.3047808527694
 10
185.21445563491525
 20
120.1490539495694
 10
185.15367977251523
 20
120.10832085276941
 10
185.09960562051523
 20
120.1473565351694
 10
185.07091476931524
 20
120.28022335276941
 10
185.06684762931522
 20
120.46918125596942
 10
185.09195655491524
 20
120.6935208527694
 10
185.18692147331524
 20
121.2787208527694
 10
184.00284167091525
 20
121.2787208527694
 10
182.8187618685152
 20
121.2787208527694
 10
182.80659923891525
 20
105.4783208527694
 10
182.79443660931523
 20
89.6779208527694
 10
185.31739415411522
 20
89.6779208527694
 10
186.36367356851525
 20
89.69025151836941
 10
187.23751326931523
 20
89.7284032143694
 10
187.92804207971523
 20
89.7838236607694
 10
188.18171022851524
 20
89.86061042796939
 10
188.35128463571522
 20
89.9360447143694
 10
188.4867646221152
 20
89.9596998359694
 10
188.60128541971523
 20
89.93407259036941
 10
188.70575816611523
 20
89.86061042796939
 10
188.81980261091525
 20
89.7901506759694
 10
189.03369839411522
 20
89.7323379319694
 10
189.29297677171522
 20
89.69293875676941
 10
189.56560774131523
 20
89.68048118636939
 10
189.88958315571523
 20
89.6882671887694
 10
190.03511386851523
 20
89.7187377167694
 10
190.05627603811521
 20
89.7723034135694
 10
189.99196774131525
 20
89.84512085276941
 10
189.89932021491524
 20
89.91242654396942
 10
189.86475378851523
 20
89.9633840879694
 10
189.87954229411523
 20
89.99631830796939
 10
189.94030009891526
 20
90.00976051916942
 10
190.02428332131524
 20
89.9981228975694
 10
190.11189361331523
 20
89.96148034876941
 10
190.18975898771524
 20
89.90685259756941
 10
190.2448156069152
 20
89.8418072831694
 10
190.56275192451523
 20
89.66455856316941
 10
193.51215340371522
 20
89.67741624316939
 10
196.47541960851524
 20
89.71467592716938
 10
196.72611544291524
 20
89.8979349855694
 10
196.7725624325152
 20
89.97924049996939
 10
196.8350116325152
 20
90.0058809775694
 10
196.9222388693152
 20
89.9774466111694
 10
197.05299679331523
 20
89.8812046191694
 10
197.62987106931521
 20
89.67276707996939
 10
202.75439590771524
 20
89.66782581836941
 10
207.96112496051524
 20
89.6856774279694
 10
208.27740583091523
 20
89.89943527116941
 10
208.31941499811523
 20
89.9955955023694
 10
208.34305941891523
 20
90.01013805676939
 10
208.36145994611525
 20
89.9933879607694
 10
208.37076780291522
 20
89.8964856959694
 10
208.48886066131524
 20
89.78424701116938
 10
211.65819434531525
 20
89.73972867356939
 10
216.09003867651523
 20
89.70650235516939
 10
223.80816774131523
 20
89.69849197036942
 10
233.97338350531524
 20
89.70453273916941
 10
237.06409172371522
 20
89.73913427756939
 10
238.03922787251526
 20
89.8379180439694
 10
238.04481686691526
 20
90.0017026495694
 10
237.5302443205152
 20
90.1367544367694
 10
236.96557213331522
 20
90.2932424343694
 10
236.43564494211523
 20
90.4468465663694
 10
236.0384168669152
 20
90.5704173983694
 10
235.61719692931524
 20
90.7005825983694
 10
234.99351217091524
 20
90.8793963103694
 10
234.29934542291522
 20
91.07083847116941
 10
233.6311677413152
 20
91.2474006679694
 10
232.00165409731525
 20
91.69125313196939
 10
230.72214840611522
 20
92.0947304743694
 10
229.81660073011523
 20
92.4312239855694
 10
229.81747301251525
 20
92.5609476103694
 10
229.92545729331522
 20
92.63878372476941
 10
229.98926031171524
 20
92.76464051516939
 10
230.00905445091524
 20
92.9510952671694
 10
229.98465211251522
 20
93.21487985196939
 10
229.94045864451522
 20
93.5505739799694
 10
229.96057063091524
 20
93.6458885135694
 10
230.02103165571523
 20
93.6601464935694
 10
230.17853689811523
 20
93.5442946167694
 10
230.28452430931526
 20
93.4659431919694
 10
230.37334245411526
 20
93.42301475916939
 10
230.43002559491526
 20
93.4212720335694
 10
230.45436774131525
 20
93.4528880487694
 10
230.47211752611523
 20
93.48676460796939
 10
230.51122410131524
 20
93.4931499759694
 10
230.57346012131524
 20
93.46185431596942
 10
230.64792147091524
 20
93.3968471231694
 10
230.72851270691524
 20
93.28933685436941
 10
230.75116997891521
 20
93.1866479647694
 10
230.71627567331524
 20
93.0739287471694
 10
230.61687276531524
 20
92.93266380796939
 10
230.50514638131523
 20
92.78115385596941
 10
230.47812569091522
 20
92.6838245623694
 10
230.51501536131522
 20
92.60146685836939
 10
230.63231903571523
 20
92.50933397356941
 10
230.74062049491522
 20
92.4569517183694
 10
230.86726412851525
 20
92.4255308255694
 10
230.99224245011524
 20
92.4182723391694
 10
231.09504252771524
 20
92.43847712156939
 10
231.19455060451526
 20
92.4702023183694
 10
231.3096835213152
 20
92.49777276236941
 10
231.42228135171524
 20
92.51765066876939
 10
231.51304252771524
 20
92.5254052375694
 10
231.56122789571526
 20
92.5420272583694
 10
231.56960762531523
 20
92.5765017247694
 10
231.52589719811522
 20
92.62936651916941
 10
231.43131784291523
 20
92.69221114716939
 10
231.32847897491524
 20
92.7779058287694
 10
231.25607184451522
 20
92.8945953775694
 10
231.22291039971523
 20
93.0269525695694
 10
231.23380515171522
 20
93.15808301516941
 10
231.29919489811522
 20
93.2988309719694
 10
231.40224811651524
 20
93.3807962575694
 10
231.56082193411524
 20
93.4103204335694
 10
231.80345505011522
 20
93.3902999055694
 10
232.08618673891522
 20
93.3242416935694
 10
232.21973506371526
 20
93.2187169247694
 10
232.28011616691523
 20
93.0261349615694
 10
232.29356774131523
 20
92.5849438199694
 10
232.31941652691523
 20
92.1039599143694
 10
232.42819835171525
 20
91.9124261279694
 10
232.63328537011523
 20
91.8735638319694
 10
233.04596774131522
 20
92.0187208527694
 10
233.26577922771526
 20
92.1151370671694
 10
233.27933245971522
 20
92.1436570399694
 10
233.25311416211525
 20
92.1647048447694
 10
233.00416774131526
 20
92.1741692007694
 10
232.74243954931524
 20
92.2169693911694
 10
232.63953647651522
 20
92.32980197036939
 10
232.69321252531523
 20
92.46625455916939
 10
232.9205677413152
 20
92.5845276591694
 10
233.04832292051523
 20
92.6313058719694
 10
233.19046616131521
 20
92.6866559271694
 10
233.32525711651522
 20
92.7417963135694
 10
233.42848556051524
 20
92.78726769116939
 10
233.5231834605152
 20
92.7918324183694
 10
233.58612807411524
 20
92.72880203116941
 10
233.6128598429152
 20
92.5710337831694
 10
233.60331205411526
 20
92.28556018156941
 10
233.57006032131522
 20
92.02014339036941
 10
233.50805787971527
 20
91.8285525887694
 10
233.41894680051522
 20
91.7084434655694
 10
233.30439423491524
 20
91.6570677543694
 10
233.30129417971523
 20
91.63701997276941
 10
233.39201305411524
 20
91.60898972876939
 10
233.62885319171522
 20
91.57131321516941
 10
233.96556774131523
 20
91.5316677543694
 10
234.34230161091526
 20
91.5038583815694
 10
234.66191812131524
 20
91.5078701783694
 10
234.90715403971524
 20
91.5378753887694
 10
235.00800740771524
 20
91.6007208527694
 10
235.05423151971524
 20
91.62685354396939
 10
235.09551503891527
 20
91.6053984399694
 10
235.12425069971522
 20
91.51960711676941
 10
235.13340740771525
 20
91.3818532103694
 10
235.14619135251522
 20
91.2400217975694
 10
235.18401249411522
 20
91.13860212316939
 10
235.23940903091525
 20
91.0927187647694
 10
235.30316774131524
 20
91.09912085276939
 10
235.36782281091524
 20
91.1758088047694
 10
235.42125274131521
 20
91.3411052327694
 10
235.45809292051524
 20
91.54995241196939
 10
235.47036774131524
 20
91.7777884951694
 10
235.48243372931523
 20
92.18584628156941
 10
235.54780424771525
 20
92.3107162575694
 10
235.67402971411522
 20
92.32758071836939
 10
235.98295963651523
 20
92.18003808796941
 10
236.22222868851523
 20
92.0764720671694
 10
236.29737204691523
 20
92.1242942767694
 10
236.25059483731522
 20
92.2530050039694
 10
236.01376774131523
 20
92.4547707615694
 10
235.83573334851522
 20
92.5950721271694
 10
235.82152937411524
 20
92.6439416775694
 10
235.86208490451523
 20
92.67482853356941
 10
236.0890237925152
 20
92.68220339116941
 10
236.28910501011526
 20
92.6452520239694
 10
236.40465141251525
 20
92.5351581807694
 10
236.46713656051526
 20
92.30139418876941
 10
236.50702379251524
 20
91.7659978855694
 10
236.57231388771524
 20
91.05372989836938
 10
236.72292162851525
 20
90.9057662583694
 10
236.86141338851527
 20
91.0242506991694
 10
236.86562281571526
 20
91.7261208527694
 10
236.86416516611524
 20
92.0306091071694
 10
236.88192999891524
 20
92.28702468636939
 10
236.91238798691523
 20
92.4831114959694
 10
236.95757010851523
 20
92.5203208527694
 10
237.01310324771524
 20
92.4821835359694
 10
237.1103904069152
 20
92.2133520191694
 10
237.2129806485152
 20
91.87589660636941
 10
237.31225899251527
 20
91.4753208527694
 10
237.4735717133152
 20
90.77321745516939
 10
237.5245299261152
 20
90.6620259439694
 10
237.56532371651525
 20
90.67267892476939
 10
237.60742166691523
 20
91.07102289276939
 10
237.64770516291523
 20
91.3873069399694
 10
237.7072945741152
 20
91.55479653036939
 10
237.79605202531522
 20
91.6219084367694
 10
237.91935249491524
 20
91.6144228927694
 10
238.02156135331524
 20
91.5771673887694
 10
238.11897324371523
 20
91.54570335836941
 10
238.20172988691522
 20
91.5224194207694
 10
238.24284252771523
 20
91.5171208527694
 10
238.27066945651524
 20
91.49305341596938
 10
238.29222722131522
 20
91.3206608527694
 10
238.30773619171526
 20
91.1047466311694
 10
238.31276774131524
 20
90.84832085276939
 10
238.3255727533152
 20
90.5326179927694
 10
238.37024274131525
 20
90.3327875751694
 10
238.44906199171527
 20
90.22126082796939
 10
238.56356774131524
 20
90.1795208527694
 10
238.67754513891526
 20
90.2203736647694
 10
238.75643494771526
 20
90.3296246527694
 10
238.80138165171525
 20
90.5244504399694
 10
238.81436774131527
 20
90.82934381996941
 10
238.82961822051524
 20
91.2107408975694
 10
238.89316876691527
 20
91.38864537596939
 10
239.02995090691525
 20
91.4884878527694
 10
239.31596774131523
 20
91.5527859503694
 10
239.62856536291525
 20
91.5786611535694
 10
239.7533264917152
 20
91.5148802055694
 10
239.80825386531527
 20
91.3496754031694
 10
239.81756774131526
 20
90.8292306255694
 10
239.83889727811524
 20
90.2978977839694
 10
239.92234144771524
 20
90.0211493471694
 10
240.07041376771525
 20
89.9317403175694
 10
240.28226720291528
 20
89.98951510716941
 10
240.38418362851525
 20
90.1137457103694
 10
240.41323044851526
 20
90.3026268687694
 10
240.36771258931523
 20
90.60626491116942
 10
240.22269718691524
 20
91.14092085276941
 10
240.17960874371522
 20
91.34870213196939
 10
240.21460905411521
 20
91.45176237276941
 10
240.32550930291526
 20
91.5037726079694
 10
240.59226703811527
 20
91.51456051916941
 10
240.80287683971522
 20
91.50689072076939
 10
240.89970052051524
 20
91.4780194607694
 10
240.91089556371526
 20
91.4320023423694
 10
240.84843348931525
 20
91.37055751276938
 10
240.7544869861152
 20
91.2966203351694
 10
240.74482550131523
 20
91.24046621516939
 10
240.80021033411523
 20
91.19119337836939
 10
240.96263259411523
 20
91.14090011996942
 10
241.12447249651524
 20
91.0622534199694
 10
241.23727079971525
 20
90.9297860431694
 10
241.31031345731526
 20
90.7220390399694
 10
241.35296684611527
 20
90.4071031263694
 10
241.40596774131524
 20
89.7615208527694
 10
250.26756774131528
 20
89.7372409047694
 10
255.17065540771523
 20
89.73066810556939
 10
257.3765051109152
 20
89.7569225183694
 10
258.36654229091516
 20
89.8176605935694
 10
258.37676774131523
 20
89.92982604476941
 10
257.62436774131527
 20
90.14669113276939
 10
258.3544684445152
 20
90.1631059927694
 10
258.77258381251517
 20
90.18240471836938
 10
258.94638587171517
 20
90.2333022375694
 10
259.01231032371516
 20
90.3341985759694
 10
258.99706134931523
 20
90.51415158876941
 10
258.9737575149153
 20
90.6365205871694
 10
258.9797934349152
 20
90.7229606463694
 10
259.0123150053152
 20
90.75945572476941
 10
259.06116064611524
 20
90.7550839463694
 10
259.1197189349152
 20
90.68696298796941
 10
259.1682331853152
 20
90.5444631095694
 10
259.20162636931525
 20
90.3647700927694
 10
259.21276774131525
 20
90.1696532103694
 10
259.2278072141152
 20
89.9541350855694
 10
259.2758870789153
 20
89.8016762735694
 10
259.3555456733152
 20
89.71123361356939
 10
259.4635677413153
 20
89.6779208527694
 10
259.57109907731524
 20
89.7107679615694
 10
259.6508227125153
 20
89.8000721567694
 10
259.69916140291525
 20
89.9498997423694
 10
259.71436774131524
 20
90.1600291783694
 10
259.73502831091525
 20
90.4122682687694
 10
259.80369166611524
 20
90.5656388223694
 10
259.93784558931526
 20
90.6631796239694
 10
260.17416774131516
 20
90.7304645823694
 10
260.56563293411523
 20
90.79497134556941
 10
260.6842309037153
 20
90.7556081183694
 10
260.66799829171526
 20
90.6872764879694
 10
260.31929717411515
 20
90.5875323247694
 10
260.00589515331524
 20
90.4762565447694
 10
259.89386413091523
 20
90.3340768543694
 10
259.9639677469152
 20
90.2182181223694
 10
260.23644054531525
 20
90.1795208527694
 10
260.42143564131527
 20
90.1712671919694
 10
260.4843555093152
 20
90.1328591783694
 10
260.4842735813152
 20
90.0663968439694
 10
260.38990172131525
 20
89.93683490156938
 10
260.4242424277153
 20
89.8101304071694
 10
260.7511206013152
 20
89.7387574087694
 10
261.4956732365152
 20
89.7069745279694
 10
263.2118289173153
 20
89.7071392199694
 10
264.4863000493152
 20
89.7230257279694
 10
265.43335629571527
 20
89.7609729383694
 10
266.1651256549153
 20
89.81138708236941
 10
266.2351677413152
 20
89.88712533836939
 10
266.19989623251524
 20
89.9452527527694
 10
266.09705084371524
 20
89.97854511516941
 10
265.9426620421152
 20
89.9839115663694
 10
265.7541724661152
 20
89.95792183116939
 10
265.3198427109153
 20
89.93719739116939
 10
265.02239909411526
 20
90.07410677036941
 10
264.8818999309152
 20
90.35707588316939
 10
264.9065283237153
 20
90.7647208527694
 10
265.0252032053152
 20
91.2663208527694
 10
265.04498547331525
 20
90.79665321036939
 10
265.0633428629153
 20
90.6230601511694
 10
265.1034608309153
 20
90.4924555495694
 10
265.15720610051517
 20
90.4239814647694
 10
265.21627100531526
 20
90.42061974156941
 10
265.26760658851526
 20
90.4824591631694
 10
265.2954288357152
 20
90.59321411516939
 10
265.2980744413153
 20
90.73108957596939
 10
265.2729952773152
 20
90.8766890079694
 10
265.2345817461153
 20
91.0600022391694
 10
265.25347233651524
 20
91.14340193356941
 10
265.3176309893152
 20
91.17069298636939
 10
265.4505374333152
 20
91.1346247695694
 10
265.56127416051527
 20
91.1053032399694
 10
265.66889060131524
 20
91.1029336815694
 10
265.7572910805152
 20
91.1264520335694
 10
265.81145919891526
 20
91.1734842231694
 10
265.96938812611523
 20
91.2713594247694
 10
266.4672717717152
 20
91.2980748079694
 10
266.95840605491526
 20
91.28739691436941
 10
267.04042551331526
 20
91.1916939751694
 10
267.02135635331524
 20
90.6457665799694
 10
267.0735217501152
 20
90.14946548236941
 10
267.1768001869152
 20
89.7784817879694
 10
267.32196774131523
 20
89.6779208527694
 10
267.4381332853152
 20
89.7227498479694
 10
267.5167181213152
 20
89.8423371399694
 10
267.5605238525152
 20
90.0597155319694
 10
267.5727677413152
 20
90.4136187431694
 10
267.5727677413152
 20
91.1493166335694
 10
268.1997677413152
 20
91.10957369516939
 10
268.4851990413153
 20
91.0923843647694
 10
268.8267677413152
 20
91.07352855196939
 10
269.1683402869153
 20
91.0559404495694
 10
269.45376774131523
 20
91.0426759719694
 10
269.8012869221152
 20
91.0137089063694
 10
269.97035103491527
 20
90.95012592316941
 10
270.0540307893152
 20
90.8308089935694
 10
270.0807677413153
 20
90.6170215559694
 10
270.0572236405152
 20
90.4345968255694
 10
269.98779668291525
 20
90.28941489196939
 10
269.87012968291526
 20
90.1810144503694
 10
269.7045677413152
 20
90.1068841567694
 10
269.3283677413152
 20
89.9952460543694
 10
269.69131831171524
 20
89.8468726071694
 10
270.2410725805152
 20
89.7254785519694
 10
271.4044336277152
 20
89.69940488236941
 10
272.6115769981153
 20
89.7182800903694
 10
272.84409936291524
 20
89.8524532415694
 10
272.8684072333153
 20
89.9135001351694
 10
272.8618658677152
 20
89.9653597231694
 10
272.8256597109152
 20
89.9999206319694
 10
272.7658353837152
 20
90.01232085276939
 10
272.6982439477153
 20
90.0250486183694
 10
272.6407813205153
 20
90.06143585276939
 10
272.6023213077152
 20
90.1157246895694
 10
272.5887677413152
 20
90.1795208527694
 10
272.6193370845153
 20
90.24354775196942
 10
272.7115552413153
 20
90.2976058527694
 10
272.8466978181152
 20
90.33449585756941
 10
273.00676774131523
 20
90.34672085276941
 10
273.20452621651526
 20
90.3289194031694
 10
273.33071774131525
 20
90.2714808527694
 10
273.4009307061152
 20
90.1686959903694
 10
273.4247677413152
 20
90.01232085276939
 10
273.4434714021152
 20
89.8836753335694
 10
273.49791774131523
 20
89.7754541303694
 10
273.57930167251527
 20
89.70353739756939
 10
273.6755677413152
 20
89.6779208527694
 10
273.77127586371523
 20
89.6974401151694
 10
273.8526952413153
 20
89.75296121596939
 10
273.90723822211527
 20
89.83587820396939
 10
273.92636774131523
 20
89.93337737276939
 10
273.98488473171517
 20
90.0567622783694
 10
274.1347246901152
 20
90.12123493276941
 10
274.4367917213152
 20
90.1299893575694
 10
275.05496774131524
 20
90.07812960236939
 10
275.4994242989152
 20
90.02683414716941
 10
275.9011565749152
 20
89.9641338127694
 10
276.23217946931527
 20
89.89867601596941
 10
276.3507677413152
 20
89.84551594636942
 10
276.78227850451526
 20
89.69911445596941
 10
278.2233667773152
 20
89.6886218199694
 10
279.69409827251525
 20
89.7217068543694
 10
279.97085841331517
 20
89.8803169543694
 10
280.04281176291533
 20
89.9870305151694
 10
280.07954560291523
 20
90.00702730076941
 10
280.1037773973152
 20
89.9864777519694
 10
280.1102074077152
 20
89.8869208527694
 10
280.2666860421152
 20
89.71559435676942
 10
281.0162384589152
 20
89.6734740015694
 10
281.77507198051524
 20
89.70174668556939
 10
281.9878264565153
 20
89.8690969983694
 10
282.0398440485152
 20
89.94619091196938
 10
282.1187276709152
 20
89.9746197607694
 10
282.23791134211524
 20
89.9497858791694
 10
282.41975973411525
 20
89.86321423356941
 10
282.66299677651534
 20
89.7610062111694
 10
282.77476161651515
 20
89.80173496076938
 10
282.77185016291526
 20
89.92827860876939
 10
282.5951533701152
 20
90.13825522396938
 10
282.4900236949153
 20
90.2138535335694
 10
282.3742746461153
 20
90.2444185295694
 10
282.24351488291524
 20
90.2283740175694
 10
282.0935533701152
 20
90.1658124591694
 10
281.9389264757152
 20
90.0939218095694
 10
281.8504892125152
 20
90.0891082887694
 10
281.8008635837152
 20
90.13813316796939
 10
281.7847677413152
 20
90.2513553231694
 10
281.76045853331516
 20
90.36044997916939
 10
281.68653774131525
 20
90.48105401436939
 10
281.57827189571526
 20
90.59404944636941
 10
281.4503677413153
 20
90.6811208527694
 10
281.23280241971514
 20
90.7678612031694
 10
281.12755737651526
 20
90.72487190956939
 10
281.1314869109152
 20
90.59966301916941
 10
281.29025401171526
 20
90.4065145823694
 10
281.3489387037153
 20
90.20607037356939
 10
281.21883369571526
 20
90.0058545599694
 10
280.9605981445153
 20
89.9127816767694
 10
280.72438383651524
 20
89.9903974215694
 10
280.62840117171527
 20
90.0523665903694
 10
280.52576996611526
 20
90.0855068007694
 10
280.4324780509153
 20
90.0859654303694
 10
280.36334386051516
 20
90.0526702255694
 10
280.32153984771526
 20
90.03260706156942
 10
280.2970686229153
 20
90.0495093095694
 10
280.2983241277153
 20
90.11250692556939
 10
280.32962563971523
 20
90.21596627276939
 10
280.3605720189152
 20
90.4323846023694
 10
280.28596202851526
 20
90.58682724236941
 10
280.1595583269152
 20
90.6000995783694
 10
280.04267967491523
 20
90.4731626759694
 10
280.0132641789152
 20
90.4472899807694
 10
279.9912051485153
 20
90.4610590679694
 10
279.9880958973152
 20
90.5602563199694
 10
280.0059759309152
 20
90.7269114151694
 10
280.0190568229152
 20
90.9110268719694
 10
280.00719682531525
 20
91.0807474119694
 10
279.97488592691525
 20
91.21494748236941
 10
279.92314471651525
 20
91.28017905756941
 10
279.8654048717152
 20
91.3713284719694
 10
279.82089589731527
 20
91.8248128263694
 10
279.7888453293152
 20
92.3740108207694
 10
279.77836774131526
 20
93.0086025367694
 10
279.77836774131526
 20
94.64754893596941
 10
280.19816029251524
 20
94.5673004599694
 10
280.37941328531525
 20
94.5077548551694
 10
280.5319252669153
 20
94.40564230396939
 10
280.6459437957152
 20
94.26713733516941
 10
280.7147977589152
 20
94.1011916695694
 10
280.85565991331526
 20
93.76839779276939
 10
281.1008217621153
 20
93.4635570807694
 10
281.37982188131525
 20
93.2568403639694
 10
281.6175411565152
 20
93.22394526876938
 10
281.7037563317152
 20
93.2248958007694
 10
281.7899561245152
 20
93.1901626759694
 10
281.8629426029152
 20
93.1254890471694
 10
281.9109589317153
 20
93.04044728156939
 10
281.9351664821153
 20
92.9501465743694
 10
281.9214733037153
 20
92.90252349996939
 10
281.87946631011516
 20
92.8912416799694
 10
281.8064589317153
 20
92.9249149239694
 10
281.7341885709152
 20
92.9562854895694
 10
281.6730545661152
 20
92.9545551367694
 10
281.6326928205152
 20
92.9208725295694
 10
281.6175677413152
 20
92.8618833663694
 10
281.65467443731524
 20
92.7752627311694
 10
281.8017489077152
 20
92.65170310156938
 10
282.0044347669152
 20
92.5204427415694
 10
282.24456774131517
 20
92.39882279916941
 10
282.73480917651517
 20
92.15209328316939
 10
283.1208729733152
 20
91.90003928316939
 10
283.3831059421152
 20
91.6649687903694
 10
283.45676774131516
 20
91.4799397527694
 10
283.4274064181152
 20
91.4308496655694
 10
283.34625890771525
 20
91.4061667655694
 10
283.2247797477153
 20
91.4096988655694
 10
283.0805677413152
 20
91.4430216583694
 10
282.7043677413152
 20
91.5586570111694
 10
283.1048719333152
 20
91.1250420359694
 10
283.26869482771525
 20
90.96538225436939
 10
283.4297035789152
 20
90.8447439431694
 10
283.5675058061152
 20
90.77319254236942
 10
283.64827193331524
 20
90.77974159916941
 10
283.7027027229152
 20
90.7691964623694
 10
283.74919201411524
 20
90.6760038639694
 10
283.78104779411524
 20
90.51339250076938
 10
283.79116774131523
 20
90.30257570556938
 10
283.79116774131523
 20
89.73709527356938
 10
284.6004717533152
 20
89.74930806316941
 10
285.03744494051523
 20
89.76584063196941
 10
285.24410263571525
 20
89.8122334487694
 10
285.3300272173153
 20
89.90181603196939
 10
285.33600628931515
 20
90.04404303996941
 10
285.27281689491525
 20
90.1696920007694
 10
285.1675649965152
 20
90.2473498799694
 10
285.0078234541152
 20
90.2786244727694
 10
284.77750244451533
 20
90.2652185439694
 10
284.5554359317153
 20
90.2501770647694
 10
284.40834189891524
 20
90.27569479436939
 10
284.3245119989152
 20
90.3410414031694
 10
284.29276774131523
 20
90.4437607231694
 10
284.3493719637152
 20
90.5568832271694
 10
284.50185669171526
 20
90.6246719591694
 10
284.78809155491524
 20
90.6521226879694
 10
285.2958981861152
 20
90.64058521916941
 10
285.6804896197153
 20
90.61579230156939
 10
286.00437942771526
 20
90.5763872743694
 10
286.26052581491524
 20
90.5298215727694
 10
286.2990981861152
 20
90.4825121655694
 10
286.32253126611516
 20
90.4375980655694
 10
286.39737734291526
 20
90.3982348383694
 10
286.5054753197153
 20
90.36947459916941
 10
286.6335677413152
 20
90.3571121655694
 10
286.78579648611526
 20
90.35238174316939
 10
286.9679677413152
 20
90.34672085276941
 10
287.1501389965153
 20
90.3410599623694
 10
287.30236774131527
 20
90.3363295399694
 10
287.4449390141153
 20
90.31058174316941
 10
287.5504865221152
 20
90.24501944636941
 10
287.6146256125152
 20
90.1406389943694
 10
287.6367677413152
 20
90.00192953996941
 10
287.6556538173152
 20
89.87813934156941
 10
287.71044024131527
 20
89.7730984495694
 10
287.7919224861152
 20
89.70287896396938
 10
287.88756774131525
 20
89.6779208527694
 10
287.9834497517152
 20
89.6904096895694
 10
288.0646952413153
 20
89.7270358527694
 10
288.11904477171527
 20
89.78135846396941
 10
288.1383677413153
 20
89.84512085276941
 10
288.1734056717153
 20
89.90936945916941
 10
288.2857127413152
 20
89.96320585276939
 10
288.4478129741152
 20
90.0001543775694
 10
288.6399677413153
 20
90.01232085276939
 10
289.0218632421152
 20
90.0426275247694
 10
289.12691667411525
 20
90.15929583916939
 10
289.0368167741152
 20
90.29565713676939
 10
288.6608677413152
 20
90.40106085276939
 10
288.4166300069152
 20
90.4705337903694
 10
288.2760034373152
 20
90.56699565036939
 10
288.2030923661153
 20
90.71343843916941
 10
288.1801677413152
 20
90.9434227079694
 10
288.2019756373153
 20
91.20912457516941
 10
288.2829855421153
 20
91.31477106556939
 10
288.4534991117152
 20
91.34296265756939
 10
288.93500401251526
 20
91.2861827079694
 10
289.24067570851525
 20
91.2465726935694
 10
289.5349246349153
 20
91.2131127967694
 10
289.78557699731516
 20
91.1886358871694
 10
289.9173040125153
 20
91.1827208527694
 10
290.00421189731526
 20
91.16958461756941
 10
290.0779502741153
 20
91.13145281836941
 10
290.1272440109152
 20
91.0747492791694
 10
290.1447677413152
 20
91.0081913063694
 10
290.12851305891525
 20
90.9437958983694
 10
290.0833739077152
 20
90.8929022247694
 10
290.0155835037152
 20
90.8636509191694
 10
289.93576774131526
 20
90.8608016639694
 10
289.65959815091514
 20
90.87767063916941
 10
289.4974069613153
 20
90.8318544951694
 10
289.40976924851526
 20
90.7197280015694
 10
289.3804248125152
 20
90.52526654316941
 10
289.4024284997152
 20
90.3646632519694
 10
289.4704377685151
 20
90.2826469703694
 10
289.60032458051523
 20
90.25891058956941
 10
289.84619636051525
 20
90.2953665431694
 10
290.0740543469152
 20
90.3286686031694
 10
290.2103989245152
 20
90.31138045756941
 10
290.2846183357152
 20
90.2451326407694
 10
290.31196774131524
 20
90.1279266111694
 10
290.2791980461152
 20
90.0174749599694
 10
290.1866112133153
 20
89.92171634316941
 10
290.0404382853153
 20
89.8489032511694
 10
289.8521677413152
 20
89.8062147503694
 10
289.8510414821153
 20
89.7806147583694
 10
290.02753713331526
 20
89.75464843116939
 10
290.4703138325152
 20
89.7316487335694
 10
291.09484679651524
 20
89.71649439436939
 10
292.79732585171524
 20
89.6878916575694
 10
292.7004545189152
 20
90.2848397983694
 10
292.66977632851524
 20
90.56424437436941
 10
292.68277612851523
 20
90.77417852076941
 10
292.7384801461153
 20
90.9264820039694
 10
292.8371754637152
 20
91.0296940623694
 10
292.94202992771517
 20
91.1013982839694
 10
292.9679875605152
 20
91.1438475215694
 10
292.94850290851525
 20
91.17159954476939
 10
292.86176774131525
 20
91.18016051916939
 10
292.7820507941152
 20
91.20582287676939
 10
292.71416157491524
 20
91.27628948396939
 10
292.6683608133152
 20
91.3808556951694
 10
292.6527677413152
 20
91.5038127359694
 10
292.7073040341152
 20
91.6739021191694
 10
292.8522915141153
 20
91.7877312103694
 10
293.14626556371525
 20
91.86660179116942
 10
293.74714474371524
 20
91.94210245596939
 10
294.1744546069152
 20
91.9789937983694
 10
294.55245133811525
 20
91.9924706199694
 10
294.86275413971526
 20
91.98777915516939
 10
294.9518292709152
 20
91.9489927679694
 10
294.9983316037152
 20
91.8606715415694
 10
295.04994206371515
 20
91.5537257815694
 10
295.09655341091525
 20
91.1802205439694
 10
295.1309303997152
 20
90.7583030479694
 10
295.19972383651526
 20
89.6779208527694
 10
296.2670458725153
 20
89.6779208527694
 10
297.33436774131525
 20
89.6779208527694
 10
297.33436774131525
 20
91.1827208527694
 10
297.3418076397152
 20
92.1672852423694
 10
297.3875047373153
 20
92.4916025807694
 10
297.5075080229152
 20
92.6348501775694
 10
297.7425000989152
 20
92.6875208527694
 10
297.9069820957152
 20
92.6740478767694
 10
298.0638243901152
 20
92.63399494956941
 10
298.19132442211526
 20
92.5752952095694
 10
298.26324801011526
 20
92.50530512236939
 10
298.3466276405153
 20
92.4377589975694
 10
298.5001366357152
 20
92.4021333591694
 10
298.70332024931525
 20
92.39824378556939
 10
298.94191565251526
 20
92.4292814559694
 10
299.24805333491526
 20
92.4758219103694
 10
299.4024242461152
 20
92.45935973276941
 10
299.48168473731516
 20
92.3837095911694
 10
299.51052807491527
 20
92.2352971863694
 10
299.5159068989152
 20
92.0682541871694
 10
299.5420375837152
 20
92.0351109671694
 10
299.5816965877153
 20
92.0486419615694
 10
299.6751677413152
 20
92.1859208527694
 10
299.76945967971517
 20
92.3235926639694
 10
299.81253675331527
 20
92.3398536999694
 10
299.84304874691526
 20
92.3066275487694
 10
299.86070740771527
 20
92.14412085276939
 10
299.8727523285153
 20
92.0198399223694
 10
299.88955509251525
 20
91.88835718636939
 10
299.90828065651533
 20
91.7685343095694
 10
299.9259677413153
 20
91.68432085276939
 10
299.9433973381152
 20
91.5755087647694
 10
299.96162832451535
 20
91.29610335276939
 10
299.9776104709152
 20
90.96191519516941
 10
299.98866774131517
 20
90.59752085276939
 10
300.01083545171525
 20
90.1072115343694
 10
300.0616321493153
 20
89.8540643807694
 10
300.1548896213152
 20
89.7262983335694
 10
300.3021677413152
 20
89.6775316111694
 10
300.45230932851524
 20
89.7373490831694
 10
300.5357155437153
 20
89.89030548236939
 10
300.5626496245152
 20
90.2110606247694
 10
300.5397582725152
 20
90.9315316111694
 10
300.5221527813152
 20
91.5572022039694
 10
300.5438630325153
 20
91.9185451463694
 10
300.60239707731523
 20
92.1195121895694
 10
300.7069582725152
 20
92.18644067756941
 10
300.86607816531523
 20
92.17806746876941
 10
301.53471547971526
 20
92.1048326983694
 10
302.3216974557153
 20
92.0147829583694
 10
303.21281660771524
 20
91.9078963455694
 10
305.4964654741152
 20
91.62883218876941
 10
305.5954166077152
 20
91.1340765207694
 10
305.6810606277153
 20
90.60956192796941
 10
305.6796787197153
 20
90.2739898559694
 10
305.5979557069153
 20
90.0856301943694
 10
305.4435677413152
 20
90.01232085276939
 10
305.3476857309152
 20
89.99983201596939
 10
305.2664402413152
 20
89.96320585276939
 10
305.2120907109152
 20
89.9088832415694
 10
305.19276774131527
 20
89.84512085276941
 10
305.2285587405152
 20
89.7808284399694
 10
305.34469184771524
 20
89.7270358527694
 10
305.51181945011524
 20
89.6900791351694
 10
305.70995629891524
 20
89.6779208527694
 10
306.0282539357152
 20
89.69482477276941
 10
306.14749813331525
 20
89.76753052236941
 10
306.1880849301153
 20
89.92071531676939
 10
306.14989109971526
 20
90.34672085276941
 10
306.1307400117152
 20
90.6031217183694
 10
306.13800234371524
 20
90.81906085276941
 10
306.16612120371525
 20
90.9754818031694
 10
306.2179025421152
 20
91.0155208527694
 10
306.2743801941152
 20
90.97629539836939
 10
306.3204961277152
 20
90.81906085276941
 10
306.35267025651524
 20
90.6030630311694
 10
306.3631677413152
 20
90.34672085276941
 10
306.3631677413152
 20
89.6779208527694
 10
307.1991677413152
 20
89.6779208527694
 10
308.0351677413152
 20
89.6779208527694
 10
308.0351677413152
 20
90.5139208527694
 10
308.04595398051515
 20
90.9901027743694
 10
308.0942848125152
 20
91.2072243471694
 10
308.19802204611517
 20
91.31224367036941
 10
308.3815106701152
 20
91.3499208527694
 10
308.58509339011516
 20
91.34381337116939
 10
308.63095350771516
 20
91.30812085276939
 10
308.6177296597152
 20
91.24739130476941
 10
308.4651106701152
 20
91.08717792396939
 10
308.29180536211527
 20
90.7981426279694
 10
308.20903601171517
 20
90.35783179436939
 10
308.22628804211524
 20
89.96652861836941
 10
308.36956774131517
 20
89.84512085276941
 10
308.44274616531516
 20
89.8420778127694
 10
308.52448890771524
 20
89.8328420191694
 10
308.60221266371525
 20
89.8193700463694
 10
308.66216774131516
 20
89.80332085276939
 10
308.71655255091525
 20
89.8272976671694
 10
308.7801910445152
 20
89.9948170191694
 10
308.8403922405152
 20
90.2284029431694
 10
308.88785530451526
 20
90.5139208527694
 10
308.9881430349152
 20
91.2663208527694
 10
309.01325530451516
 20
90.4721208527694
 10
309.0395558645152
 20
90.0013858055694
 10
309.0992680005152
 20
89.8026936855694
 10
309.22006582051523
 20
89.70820528716939
 10
309.4511201693152
 20
89.6779208527694
 10
309.6521545941152
 20
89.69129384316939
 10
309.7567204709152
 20
89.7400356527694
 10
309.7948735045153
 20
89.8284334567694
 10
309.7718707973152
 20
89.97052085276941
 10
309.7153436541152
 20
90.1564775159694
 10
309.7289139405152
 20
90.1764102639694
 10
309.7607555085152
 20
90.1633576287694
 10
309.9117441309153
 20
89.9831120159694
 10
310.1603053229152
 20
89.8291840175694
 10
310.66377980211524
 20
89.7489559399694
 10
311.53899405411516
 20
89.7044523159694
 10
313.3529935029153
 20
89.68556406636938
 10
316.5623677413153
 20
89.6680251207694
 10
316.5623677413153
 20
112.74657290316941
 10
316.55332790611516
 20
123.8088143263694
 10
316.5202296629152
 20
130.6163183527694
 10
316.4769297117153
 20
135.72475152876942
 10
316.37566703811524
 20
135.8251208527694
 10
316.3107135165152
 20
135.7984160031694
 10
316.26848598611525
 20
135.7275449391694
 10
316.25628322851514
 20
135.61890657196943
 10
316.27718289411524
 20
135.48777963756942
 10
316.2934435957152
 20
135.3412483999694
 10
316.27018574131523
 20
135.1802321247694
 10
316.21321902931527
 20
135.02973640796938
 10
316.12948376451516
 20
134.91452256636939
 10
315.9469227661152
 20
134.70767543356942
 10
315.9028648973151
 20
134.5701922239694
 10
315.96834777411516
 20
134.5105496431694
 10
316.14436774131525
 20
134.5479847199694
 10
316.24045423731525
 20
134.57438660316942
 10
316.3214952413152
 20
134.5736362095694
 10
316.37462320851523
 20
134.5469338679694
 10
316.39516774131516
 20
134.50016184156942
 10
316.3479631685152
 20
134.39997158876938
 10
316.1758068589153
 20
134.28023782956942
 10
315.9708992461152
 20
134.18415133356942
 10
315.7962929549152
 20
134.1531208527694
 10
315.7691482021153
 20
134.1715496367694
 10
315.74690826131507
 20
134.24316507516943
 10
315.7314237021152
 20
134.34216904396942
 10
315.72636774131524
 20
134.4596541303694
 10
315.7171158965152
 20
134.5862084791694
 10
315.68953157491524
 20
134.7129795191694
 10
315.64916297411514
 20
134.8220330439694
 10
315.60096774131523
 20
134.8915875751694
 10
315.5514180213153
 20
134.9508123231694
 10
315.5062646581152
 20
135.0251733527694
 10
315.47171829571516
 20
135.1024590447694
 10
315.45466774131523
 20
135.17025413036941
 10
315.4029173349152
 20
135.5162053095694
 10
315.3572576901152
 20
135.5527630879694
 10
315.30765764291533
 20
135.51206409996942
 10
315.2190352893153
 20
135.15632085276943
 10
315.17361591091526
 20
134.9164244663694
 10
315.16223326931527
 20
134.71835583516943
 10
315.18178513571513
 20
134.57538261356942
 10
315.2361500485152
 20
134.51538757516943
 10
315.35608043491516
 20
134.4290234247694
 10
315.38768825731523
 20
134.30565992076941
 10
315.31783928691516
 20
134.2121752239694
 10
315.1829677413152
 20
134.19492085276937
 10
315.1053292573152
 20
134.1875267671694
 10
315.04218300051525
 20
134.13849085276942
 10
315.00392212291524
 20
134.05286154636943
 10
314.9971899821152
 20
133.94412085276937
 10
314.9789691949152
 20
133.76466542716938
 10
314.89411134931515
 20
133.6625836407694
 10
314.7768661949152
 20
133.66702480716938
 10
314.66511439651526
 20
133.7773853343694
 10
314.59848670131527
 20
133.9762267639694
 10
314.4700102213152
 20
135.3923422119694
 10
314.36328027491527
 20
136.7420757487694
 10
314.31894669331524
 20
137.7061208527694
 10
314.2987236861153
 20
138.0124865959694
 10
314.2465905589153
 20
138.19663298476942
 10
314.15624654691527
 20
138.2961552735694
 10
314.0222957717152
 20
138.3331208527694
 10
313.8800894965152
 20
138.2774853871694
 10
313.8024678997151
 20
138.1361176199694
 10
313.78226328451524
 20
137.8429437895694
 10
313.8177210541153
 20
137.2045208527694
 10
313.8631158541152
 20
136.54987901436942
 10
313.9495746397152
 20
135.3023596863694
 10
314.05111536691516
 20
133.83697524716942
 10
314.1566347853152
 20
132.31392085276943
 10
314.26303618371526
 20
130.78590964716943
 10
314.36722836851527
 20
129.30559759196944
 10
314.45723848211526
 20
128.0404321431694
 10
314.5075767173152
 20
127.3556287623694
 10
314.59790200291525
 20
126.1593366719694
 10
313.5319347885152
 20
126.09912945676942
 10
313.10730597731526
 20
126.08771270636942
 10
312.7377959837152
 20
126.1051859423694
 10
312.44672636531516
 20
126.14389859436942
 10
312.3431280749152
 20
126.2086215471694
 10
312.2947019389153
 20
126.32994437516939
 10
312.2559449789153
 20
126.67227667756939
 10
312.22834861891516
 20
127.08805960556938
 10
312.2188329325152
 20
127.54872085276938
 10
312.20636148451524
 20
128.08723677356943
 10
312.1687685709152
 20
128.7436783527694
 10
312.11454360451523
 20
129.4080045823694
 10
312.0504451437153
 20
129.9731208527694
 10
311.9797695365153
 20
130.50999152556943
 10
311.9054350917152
 20
131.0863459767694
 10
311.8381210405152
 20
131.6181605215694
 10
311.79120973651527
 20
132.0018870295694
 10
311.7227281277153
 20
132.4466229783694
 10
311.63401097171527
 20
132.6648330231694
 10
311.4838521629152
 20
132.7899250407694
 10
311.21332356611515
 20
132.87376965436943
 10
310.86364232211525
 20
133.0757623023694
 10
310.6671951965153
 20
133.46958016636938
 10
310.5505069853152
 20
134.3088582895694
 10
310.3742517677152
 20
136.9119208527694
 10
310.2928335605152
 20
138.12270433436942
 10
310.1982918253152
 20
139.41051585276944
 10
310.1050706357152
 20
140.5899403055694
 10
310.0301968037153
 20
141.4263208527694
 10
309.9510466645153
 20
142.26265525276943
 10
309.84353121251513
 20
143.44212585276944
 10
309.7285471037153
 20
144.72993670236943
 10
309.6229220149152
 20
145.9407208527694
 10
309.2856429981153
 20
149.77165222956938
 10
308.8881219885152
 20
154.1267835287694
 10
308.51140717971526
 20
158.14323735036942
 10
308.2743162421152
 20
160.50634768236944
 10
308.1839461469152
 20
161.3615745119694
 10
306.8137570277152
 20
162.1795645639694
 10
306.1519662189153
 20
162.59088375356941
 10
305.75767350691524
 20
162.88452557676945
 10
305.5416419109153
 20
163.11462504636938
 10
305.4960641941153
 20
163.3036000039694
 10
305.5066708605153
 20
163.4516557711694
 10
305.46794282611523
 20
163.52394335356942
 10
305.38047599171523
 20
163.54375421276941
 10
305.21297319251516
 20
163.5031338087694
 10
304.5709641501153
 20
163.55094849436938
 10
303.09842438691516
 20
164.33574616956946
 10
301.66948235811526
 20
165.2162349127694
 10
301.48112186051515
 20
165.65630882396943
 10
301.4851023909152
 20
165.78470253996937
 10
301.4387222813152
 20
165.85317244476943
 10
301.33635073731523
 20
165.8727948695694
 10
301.14672186051524
 20
165.8384871015694
 10
300.89250228611525
 20
165.83990161356937
 10
300.5195060053153
 20
165.9638871015694
 10
300.0200421525152
 20
166.2018493183694
 10
299.3407677413153
 20
166.58675659276935
 10
298.77511325411524
 20
166.9158971495694
 10
298.2510940749153
 20
167.20862823436943
 10
297.8083668669152
 20
167.4459092783694
 10
297.6269677413153
 20
167.52198995996943
 10
297.4349443933153
 20
167.6172591823694
 10
297.3462110189152
 20
167.7463469455694
 10
297.3711604357153
 20
167.8856367511694
 10
297.50429510771517
 20
168.01280639596942
 10
297.56144273011523
 20
168.06537173516944
 10
297.5945750821153
 20
168.13508360156942
 10
297.59863570131523
 20
168.21107115276942
 10
297.5730096261152
 20
168.28159310316937
 10
297.5144505013153
 20
168.3363601319694
 10
297.43786186611516
 20
168.3520582055694
 10
297.34532067891524
 20
168.3244762247694
 10
297.24150402531524
 20
168.25423266236942
 10
297.11896080451527
 20
168.1832099479694
 10
296.9713638341152
 20
168.15027221676945
 10
296.8054173325152
 20
168.1573444423694
 10
296.62899458051527
 20
168.2043135975694
 10
295.9558604221152
 20
168.52345425676938
 10
294.5706052453153
 20
169.35884932716942
 10
293.0806302005152
 20
170.28710493676942
 10
292.98716774131526
 20
170.4561210631694
 10
292.9666648413153
 20
170.51206802236942
 10
292.9082959901153
 20
170.55965715516942
 10
292.82139529491513
 20
170.5918769295694
 10
292.71866794931526
 20
170.60272085276938
 10
292.55135090931526
 20
170.63781529676942
 10
292.1290404933153
 20
170.8311259175694
 10
291.62960707091526
 20
171.08245243036941
 10
291.08846794931526
 20
171.3802699063694
 10
290.5212494733152
 20
171.70370493036938
 10
289.94299111571524
 20
172.03253516396938
 10
289.43074214771525
 20
172.32305736956937
 10
289.1011469741153
 20
172.5088699063694
 10
288.84099614691524
 20
172.6763956119694
 10
288.6427456021152
 20
172.8532209815694
 10
288.5160493005152
 20
173.02719609276943
 10
288.47414697411523
 20
173.1859608527694
 10
288.46529958611524
 20
173.3333434727694
 10
288.43128692611526
 20
173.3947242647694
 10
288.3764294421152
 20
173.39805856716944
 10
288.2922022749152
 20
173.3314353863694
 10
288.1449213125152
 20
173.28195254636938
 10
287.8759125637152
 20
173.3473432959694
 10
287.48428786211525
 20
173.51501747516943
 10
286.9128022749152
 20
173.81901917756943
 10
286.3866521317152
 20
174.1117569503694
 10
285.7959928845153
 20
174.4394226359694
 10
285.2316621197152
 20
174.7517161207694
 10
284.7943677413153
 20
174.9927790615694
 10
284.4229449797153
 20
175.2030295503694
 10
284.06736040531524
 20
175.4166553055694
 10
283.76792493491524
 20
175.60741829996942
 10
283.6108022461152
 20
175.7257552703694
 10
283.49843314531523
 20
175.8135170455694
 10
283.37912909011527
 20
175.88928105036945
 10
283.26958316131527
 20
175.94435823516946
 10
283.1928022461152
 20
175.96315954076942
 10
283.08755636691524
 20
175.9933356295694
 10
282.6419804053153
 20
176.23596172316945
 10
282.12176636371527
 20
176.53040259516942
 10
281.53396774131534
 20
176.8777508975694
 10
280.9166653413152
 20
177.24274598956936
 10
280.3062214853152
 20
177.5914673383694
 10
279.7762162117153
 20
177.88374848796943
 10
279.46752956531526
 20
178.03720096956943
 10
279.2187401453153
 20
178.1669851207694
 10
279.06525840371523
 20
178.2922632319694
 10
278.9969540269152
 20
178.4179376071694
 10
279.00396656211524
 20
178.54767845356946
 10
279.04308082851526
 20
178.67536090076942
 10
279.01966112451527
 20
178.71919789836943
 10
278.9521939181152
 20
178.7167723279694
 10
278.78155193891524
 20
178.63173758476938
 10
278.6315309029152
 20
178.5646711567694
 10
278.5132566325152
 20
178.54383820396944
 10
278.42253525011523
 20
178.56740755196938
 10
278.35487442611526
 20
178.63203168956943
 10
278.2643332853152
 20
178.72520790236942
 10
277.95200753091524
 20
178.9242151943694
 10
277.5678018277152
 20
179.15013683756945
 10
277.13252722531524
 20
179.3854266967694
 10
275.5025293701152
 20
180.25906341676944
 10
274.55138892931524
 20
180.8447705343694
 10
274.00358521571525
 20
181.28376165836943
 10
273.8825964533153
 20
181.6099283959694
 10
273.88179606691523
 20
181.84863498716942
 10
273.8035640229153
 20
181.9554234535694
 10
273.6687197309152
 20
181.9453249079694
 10
273.47822241731524
 20
181.79169552876948
 10
273.3499860365152
 20
181.72375514636943
 10
273.15929393491524
 20
181.71401658236942
 10
272.89242166771527
 20
181.76146727356945
 10
272.5193391117152
 20
181.8752955287694
 10
272.1735584765152
 20
181.9765138943694
 10
271.77739161971533
 20
182.0619046063694
 10
271.3927781157152
 20
182.12084511436942
 10
271.0864327709152
 20
182.1395208527694
 10
270.7998544789152
 20
182.15609572316947
 10
270.5654629853152
 20
182.2069721751694
 10
270.39124844371526
 20
182.28816449516938
 10
270.2876322629152
 20
182.3971058287694
 10
270.1263227189153
 20
182.5291287879694
 10
269.8781223445152
 20
182.54896840556938
 10
269.66182189091523
 20
182.45662167196946
 10
269.57916774131525
 20
182.2888322919694
 10
269.5255430229152
 20
182.2290375591694
 10
269.0498311005152
 20
182.18338109116942
 10
268.4681036773152
 20
182.15025927276935
 10
267.7771707445153
 20
182.1395208527694
 10
266.8763620181153
 20
182.15213358476942
 10
266.28312070131517
 20
182.1960886255694
 10
265.8743713757152
 20
182.2745547495694
 10
265.6007734885153
 20
182.40176101116944
 10
265.4644666981152
 20
182.51357818476941
 10
265.3646312437152
 20
182.63272256396942
 10
265.3128081053152
 20
182.7411042791694
 10
265.32263812771527
 20
182.81976101116942
 10
265.34046131331525
 20
182.9250202663694
 10
265.27825371731524
 20
182.96050746316945
 10
265.07657122531526
 20
182.8613424807694
 10
264.7759917725152
 20
182.6411208527694
 10
264.45964134691525
 20
182.4623059703694
 10
264.0714367213153
 20
182.36394772796945
 10
263.46742956371526
 20
182.3177555511694
 10
262.2929002253153
 20
182.30672085276942
 10
261.0446587605153
 20
182.31590381116942
 10
260.51014962051516
 20
182.36079701116938
 10
260.2052319965152
 20
182.4649303415694
 10
259.98596942771525
 20
182.66216113356947
 10
259.7370092965152
 20
183.01760158156944
 10
259.30921756291525
 20
182.6811005463694
 10
258.97223800131525
 20
182.49616597676942
 10
258.5612657517152
 20
182.40831859516942
 10
257.88338110691524
 20
182.38737261516937
 10
256.3300967853152
 20
182.4307302503694
 10
255.33939699171526
 20
182.4740072951694
 10
254.4754812797152
 20
182.5331996063694
 10
253.74649546611522
 20
182.59928875036942
 10
253.5992293845152
 20
182.6586126479694
 10
253.5172152765153
 20
182.70091157276948
 10
253.42317597731522
 20
182.71081951036945
 10
253.33042796371518
 20
182.68709282716947
 10
253.25218789411522
 20
182.63286100556945
 10
253.09403341411524
 20
182.56121981836938
 10
252.38522245411528
 20
182.52329283916941
 10
251.48299386531522
 20
182.50332698556943
 10
250.33852625091515
 20
182.5114393623694
 10
248.6650751221152
 20
182.54689395516942
 10
248.01483917091525
 20
182.59720911676942
 10
247.71246649811528
 20
182.6923203351694
 10
247.61790051891523
 20
182.86398390636944
 10
247.6222722973152
 20
183.0349490831694
 10
247.5822255565152
 20
183.06931102396936
 10
247.50375842931524
 20
183.0338201487694
 10
247.2727241445152
 20
182.8221839063694
 10
246.96428311491522
 20
182.6280366167694
 10
246.5561457413152
 20
182.52712807276941
 10
245.86191395251524
 20
182.48304830076944
 10
244.26744860531522
 20
182.47392085276942
 10
242.8727315805152
 20
182.48401538556942
 10
242.09765809011526
 20
182.52382721036946
 10
241.6208974893152
 20
182.59644367516944
 10
241.37742068211523
 20
182.72938222156944
 10
241.25724668531527
 20
182.8702916935694
 10
241.21428113411525
 20
182.9829714519694
 10
241.23573791011523
 20
183.09484881756936
 10
241.3262362477153
 20
183.23098222156943
 10
241.39824544211527
 20
183.3255269663694
 10
241.44350029571527
 20
183.4048175535694
 10
241.45700035811524
 20
183.45724194316938
 10
241.43857592131528
 20
183.47712085276942
 10
241.38623529891524
 20
183.45676676076945
 10
241.26706266291524
 20
183.3420546863694
 10
241.12949401411527
 20
183.1934752487694
  0
LWPOLYLINE
  8
0
 90
12
 70
1
 10
253.23536774131526
 20
181.1927874695694
 10
253.14006240371518
 20
181.1666484247694
 10
253.0263677413152
 20
181.1580000047694
 10
252.91267307891513
 20
181.1666484247694
 10
252.8173677413152
 20
181.1927874695694
 10
252.78235907091522
 20
181.22410101996942
 10
252.7925489077153
 20
181.2523479551694
 10
252.87731897331528
 20
181.27190517196942
 10
253.0263677413152
 20
181.2771208087694
 10
253.1754165093152
 20
181.27190517196942
 10
253.2601865749152
 20
181.2523479551694
 10
253.27037641171523
 20
181.22410101996942
  0
LWPOLYLINE
  8
0
 90
12
 70
1
 10
255.40896774131525
 20
181.1927874695694
 10
255.31366240371523
 20
181.1666484247694
 10
255.19996774131522
 20
181.1580000047694
 10
255.0862730789152
 20
181.1666484247694
 10
254.99096774131525
 20
181.1927874695694
 10
254.9559590709153
 20
181.22410101996942
 10
254.96614890771525
 20
181.2523479551694
 10
255.05091897331525
 20
181.27190517196942
 10
255.19996774131522
 20
181.2771208087694
 10
255.34901650931522
 20
181.27190517196942
 10
255.43378657491525
 20
181.2523479551694
 10
255.4439764117152
 20
181.22410101996942
  0
LWPOLYLINE
  8
0
 90
90
 70
1
 10
264.4208930813153
 20
181.0701569703694
 10
264.48519602771523
 20
181.02182379756937
 10
264.5884473781152
 20
181.00029445676944
 10
264.7124646341153
 20
181.00698312556943
 10
264.8388930813152
 20
181.0426341783694
 10
265.36515892691534
 20
181.1505532511694
 10
267.29140491891525
 20
181.1911845231694
 10
269.32290682211516
 20
181.21268176156946
 10
269.5134756973152
 20
181.10734509276938
 10
269.50657819571524
 20
181.05799684876945
 10
269.4279759709153
 20
181.00525645116943
 10
269.2945853157152
 20
180.9570249359694
 10
269.1222026173152
 20
180.9219520607694
 10
268.8145161613152
 20
180.8746041975694
 10
268.8086034677153
 20
180.85867271276942
 10
268.8374926181152
 20
180.8444396455694
 10
269.2029677413152
 20
180.8269727631694
 10
269.41118491091527
 20
180.8295024991694
 10
269.58674407491515
 20
180.85839482636945
 10
269.7089918533153
 20
180.9065230119694
 10
269.7463677413152
 20
180.96912085276944
 10
269.79000995091525
 20
181.0325877991694
 10
269.95510657491525
 20
181.0807402287694
 10
270.1846069669152
 20
181.1106625079694
 10
270.4569677413153
 20
181.11431047756946
 10
271.1675677413152
 20
181.0923001023694
 10
270.5823677413153
 20
180.96912085276944
 10
270.18618031891526
 20
180.87573095836945
 10
270.1727240629153
 20
180.8146909199694
 10
270.2995455973153
 20
180.7717181791694
 10
270.7913677413152
 20
180.79680520156944
 10
271.05433722611525
 20
180.7947698759694
 10
271.17827221971527
 20
180.7307886223694
 10
271.2375411085152
 20
180.58657527836942
 10
271.25116774131516
 20
180.2497948519694
 10
271.23391052771524
 20
180.01455715916939
 10
271.18251140851527
 20
179.7850769983694
 10
271.1073122053152
 20
179.59305599116942
 10
271.01744404451523
 20
179.47849289196944
 10
270.74445209011526
 20
179.3762372175694
 10
268.7100103093153
 20
179.33463250716937
 10
265.87013803891523
 20
179.30944232236942
 10
261.27804404451524
 20
179.31461047436946
 10
257.6187765733152
 20
179.3317449631694
 10
254.50326640851526
 20
179.3586860663694
 10
251.7356532965152
 20
179.3903612703694
 10
251.56336774131523
 20
179.42239963276938
 10
251.38320305331524
 20
179.53832139916943
 10
251.36396117571522
 20
179.67346113356945
 10
251.50131681171524
 20
179.7683967919694
 10
251.74918713331522
 20
179.76222978716942
 10
251.93110190371524
 20
179.74076398236943
 10
252.04691164611518
 20
179.76397518796944
 10
252.10895020291525
 20
179.83054285836943
 10
252.12538713331526
 20
179.94009012476943
 10
252.15861044211525
 20
180.0570599007694
 10
252.26427666211526
 20
180.14467437276937
 10
252.45772288211526
 20
180.2044288103694
 10
252.75935084611524
 20
180.23901596956938
 10
253.02201468931517
 20
180.26934019756942
 10
253.2716606749152
 20
180.3226375383694
 10
253.4778135933152
 20
180.38905255516943
 10
253.5869908461152
 20
180.45966395756938
 10
253.6786455389152
 20
180.5269990759694
 10
253.81131054611524
 20
180.58404988956943
 10
253.96073016371523
 20
180.62340191436948
 10
254.10480774131514
 20
180.63728118636942
 10
254.2933954637152
 20
180.64326443836944
 10
254.33782685731518
 20
180.6722136135694
 10
254.3283094989152
 20
180.71744556076942
 10
254.19676774131517
 20
180.81749402796942
 10
254.1670146685152
 20
180.88354120476941
 10
254.21229192691519
 20
180.9280033631694
 10
254.43035918291525
 20
180.92704012396945
 10
254.86556774131526
 20
180.87772799516938
 10
256.06399982451524
 20
180.7624698455694
 10
257.14164144451524
 20
180.73932501836939
 10
258.0124489733152
 20
180.79023524476943
 10
258.3096028325152
 20
180.95286483276942
 10
258.40191345091523
 20
181.04140693036942
 10
258.50542446291524
 20
181.0878139591694
 10
258.6144627725152
 20
181.0886650071694
 10
258.7229433029152
 20
181.04544313836942
 10
259.01095249251523
 20
180.95555106796942
 10
259.56840347891523
 20
180.95316612716942
 10
260.1568805989152
 20
181.0096175287694
 10
260.61263318851525
 20
181.12663278316944
 10
261.18324064131525
 20
181.2333941631694
 10
262.64506505811516
 20
181.23396715756942
 10
264.1781223597152
 20
181.1988272351694
  0
LWPOLYLINE
  8
0
 90
12
 70
1
 10
256.48113774131525
 20
180.93711091436938
 10
256.25193245731526
 20
180.8677292679694
 10
256.07416491571524
 20
180.84822354876943
 10
255.93405716771525
 20
180.87614076556937
 10
255.8206977413152
 20
180.95031085276946
 10
255.78501224531522
 20
181.0324261167694
 10
255.82490114931522
 20
181.0915545575694
 10
255.98094255571522
 20
181.12152181356936
 10
256.2951277413152
 20
181.12312091436942
 10
256.75520378851525
 20
181.1124214519694
 10
256.80898350131525
 20
181.0893050487694
 10
256.80201075971524
 20
181.0566910167694
  0
LWPOLYLINE
  8
0
 90
12
 70
1
 10
257.92014989171514
 20
181.0266481863694
 10
257.8201731533152
 20
181.0001523367694
 10
257.68790507891526
 20
180.9904783119694
 10
257.5468929461152
 20
180.9970609759694
 10
257.4185498917153
 20
181.0204527575694
 10
257.35406519891524
 20
181.04993530076945
 10
257.35699872291525
 20
181.07670853516942
 10
257.4457635309152
 20
181.0969358895694
 10
257.62436774131527
 20
181.10372537996943
 10
257.8049626349152
 20
181.1007565767694
 10
257.9181637229152
 20
181.08363964396943
 10
257.9397084461152
 20
181.05654471676945
  0
LWPOLYLINE
  8
0
 90
16
 70
1
 10
253.30722695731527
 20
180.68244558476943
 10
253.00162648851517
 20
180.53981545756943
 10
252.74041293811524
 20
180.4801273983694
 10
252.6156101765152
 20
180.52183393356938
 10
252.60097984211524
 20
180.6227670559694
 10
252.60634746371514
 20
180.6870056303694
 10
252.55750550131523
 20
180.7515608815694
 10
252.45647757651525
 20
180.8070122599694
 10
252.31824748451524
 20
180.8432090535694
 10
252.2922045797152
 20
180.8652749391694
 10
252.30520989731525
 20
180.88589253836943
 10
252.49400361011521
 20
180.8973116295694
 10
252.8056269573152
 20
180.89696301756945
 10
253.3214180573152
 20
180.88579623116948
 10
253.46710460051523
 20
180.8536605583694
 10
253.4750375717153
 20
180.79492186076942
  0
LWPOLYLINE
  8
0
 90
16
 70
1
 10
247.09076774131523
 20
180.3003208527694
 10
247.1169365477153
 20
180.23643373276943
 10
247.1117346213152
 20
180.18223585276942
 10
247.07638202051527
 20
180.14621060636944
 10
247.01703538371527
 20
180.13312085276942
 10
246.94944394771525
 20
180.14584861836946
 10
246.89198132051524
 20
180.18223585276942
 10
246.85352130771525
 20
180.23652468956942
 10
246.83996774131526
 20
180.3003208527694
 10
246.84537582531516
 20
180.36433320556938
 10
246.8616266621153
 20
180.4184058527694
 10
246.88550499571528
 20
180.4550711407694
 10
246.91370009891523
 20
180.4675208527694
 10
246.9489336533152
 20
180.45656273196943
 10
246.99612836131524
 20
180.4184058527694
 10
247.04579194451526
 20
180.36432066556944
  0
LWPOLYLINE
  8
0
 90
12
 70
1
 10
252.0231677413152
 20
180.3198215559694
 10
251.99954940371524
 20
180.25693646556942
 10
251.92493774131523
 20
180.1898213823694
 10
251.81675666611528
 20
180.12901709596946
 10
251.68876774131525
 20
180.0846748199694
 10
251.47061069891527
 20
180.06082725116943
 10
251.36185194771525
 20
180.1334097743694
 10
251.38687342771527
 20
180.24903225276944
 10
251.56336774131523
 20
180.3567874695694
 10
251.7802321605152
 20
180.4332466919694
 10
251.9167979437152
 20
180.44792701916938
 10
251.9926074269152
 20
180.40748418156943
  0
LWPOLYLINE
  8
0
 90
204
 70
1
 10
273.6551486085152
 20
180.2144770287694
 10
273.8871101845152
 20
180.1055261647694
 10
274.08286710851525
 20
179.98730890956944
 10
274.22534742451523
 20
179.87542084316942
 10
274.26076774131525
 20
179.7964770287694
 10
274.28312957091526
 20
179.73333327996937
 10
274.34671907491526
 20
179.67922468476945
 10
274.4414338621153
 20
179.64216129356942
 10
274.55336774131524
 20
179.62896051916942
 10
274.71732205491526
 20
179.62338072076943
 10
274.74929888771527
 20
179.59666333116945
 10
274.7345115525152
 20
179.55566856636938
 10
274.59516774131515
 20
179.4566814847694
 10
274.5017997501152
 20
179.38220525436935
 10
274.5100880213152
 20
179.35067517996941
 10
274.59454742931524
 20
179.34904146876943
 10
274.8291061229153
 20
179.4000267679694
 10
275.0513065629152
 20
179.44420602396946
 10
275.1718256605152
 20
179.44166776076943
 10
275.21244338931524
 20
179.39813356236942
 10
275.19662208931527
 20
179.32342091116942
 10
275.16331835731523
 20
179.24738253116945
 10
275.18106964691526
 20
179.20902166796938
 10
275.2436178293152
 20
179.20381305356946
 10
275.36791113251525
 20
179.24446338636943
 10
275.50551221811526
 20
179.2875633663694
 10
275.57073509891524
 20
179.2732396767694
 10
275.59158343411525
 20
179.2162030751694
 10
275.55630473571523
 20
179.0942728095694
 10
275.52454760371523
 20
178.97618245916942
 10
275.5456873685152
 20
178.91108865676938
 10
275.6131584205152
 20
178.8863295135694
 10
275.74285194931525
 20
178.9083345383694
 10
275.8753216669152
 20
178.9120577479694
 10
276.0369411997152
 20
178.86002577676942
 10
276.2008640797152
 20
178.7648881407694
 10
276.34145620611525
 20
178.6386100063694
 10
276.47860050131527
 20
178.50670809996942
 10
276.6325204741152
 20
178.39517332716946
 10
276.7801492125152
 20
178.3176333239694
 10
276.8942709037152
 20
178.29392085276947
 10
277.01642321091526
 20
178.2747110775694
 10
277.1949692357152
 20
178.2079695191694
 10
277.3918051013153
 20
178.11331442236937
 10
277.57967436531527
 20
178.00132085276942
 10
278.2028608677153
 20
177.59496616556942
 10
278.5562952501153
 20
177.3774608687694
 10
278.8357869373152
 20
177.22666402476943
 10
279.1513677413152
 20
177.08079372876944
 10
279.3274686333152
 20
176.99551487356945
 10
279.4761015749153
 20
176.90276033916945
 10
279.58390059811524
 20
176.8149131247694
 10
279.61116774131517
 20
176.75246425916941
 10
279.62863479091527
 20
176.70265805436944
 10
279.6781427109152
 20
176.66026800556943
 10
279.7519503085153
 20
176.63159805436936
 10
279.83916768051523
 20
176.6219208527694
 10
279.95530864611527
 20
176.59398959116942
 10
280.1296776805153
 20
176.4924358223694
 10
280.3224763349153
 20
176.34985050476945
 10
280.50796768051526
 20
176.18112079196942
 10
280.6773932797152
 20
176.02533102156943
 10
280.8192827109153
 20
175.92734647116944
 10
280.91057942851523
 20
175.90045051196944
 10
280.94876774131524
 20
175.93620355676944
 10
280.9698046781152
 20
176.0150002351694
 10
281.0237363757152
 20
176.0480496559694
 10
281.12127818051516
 20
176.03070817356942
 10
281.2831677413152
 20
175.95312085276947
 10
281.4110839341152
 20
175.8676622575694
 10
281.51933774131527
 20
175.75938019356937
 10
281.5934740541152
 20
175.64567951196943
 10
281.6175677413152
 20
175.54489135196943
 10
281.64220566451513
 20
175.45248977676943
 10
281.7079130909152
 20
175.39670199196945
 10
281.8192930365152
 20
175.38188004636942
 10
281.9781131397153
 20
175.40991196236942
 10
282.12970485251526
 20
175.44137749756942
 10
282.2172057957152
 20
175.43359901916943
 10
282.2467067309152
 20
175.3923922447694
 10
282.22745398531526
 20
175.32426409676938
 10
282.22306130691527
 20
175.2435819039694
 10
282.29080021331526
 20
175.1624984311694
 10
282.43239269731527
 20
175.08839756476942
 10
282.63633272371527
 20
175.03010228156938
 10
282.85617815171526
 20
174.96565219916943
 10
283.0866984637153
 20
174.86637051116944
 10
283.2937586093152
 20
174.74975335996942
 10
283.4391635877153
 20
174.63312500636937
 10
283.5850766869152
 20
174.50903368076942
 10
283.79574684771524
 20
174.36844740636943
 10
284.0308068069153
 20
174.2345474599694
 10
284.2560145061152
 20
174.12914457996942
 10
284.4541399853153
 20
174.03367087196943
 10
284.6063929741153
 20
173.9294840375694
 10
284.69639890771526
 20
173.83240938956942
 10
284.69877515411525
 20
173.7601162895694
 10
284.6917223237152
 20
173.7042562743694
 10
284.72869542691524
 20
173.6557358375694
 10
284.81208408611525
 20
173.62286582236945
 10
284.9289000381152
 20
173.61232085276941
 10
285.08154561251524
 20
173.5833181735694
 10
285.2794674421152
 20
173.48878998156943
 10
285.48625638931526
 20
173.35271877596944
 10
285.6708983589152
 20
173.1917902807694
 10
285.8639984749152
 20
173.0234827479694
 10
286.0515005677152
 20
172.91139253676943
 10
286.2215374501153
 20
172.8602967183694
 10
286.3624982525152
 20
172.8752788415694
 10
286.4826257677152
 20
172.9045968599694
 10
286.5667002813152
 20
172.88492410796943
 10
286.6169599325152
 20
172.81751107436943
 10
286.6335677413152
 20
172.70074177116942
 10
286.6458300221153
 20
172.6016113991694
 10
286.68305944291524
 20
172.53459897676942
 10
286.7381510069153
 20
172.50972312796944
 10
286.8020503325153
 20
172.52631354796944
 10
286.88575132131524
 20
172.5469696031694
 10
286.9978450437152
 20
172.5230499711694
 10
287.1194892301152
 20
172.46128846476938
 10
287.23199309411524
 20
172.36898119036945
 10
287.3468116749152
 20
172.26892570076944
 10
287.47543796611524
 20
172.1843248415694
 10
287.5985752485152
 20
172.12555671676938
 10
287.6935843077153
 20
172.1075208527694
 10
287.7894674885152
 20
172.07750326956943
 10
287.9186681117152
 20
171.97245451916942
 10
288.05495751331523
 20
171.8237237655694
 10
288.1787923541152
 20
171.64772085276942
 10
288.3172344557152
 20
171.4364516143694
 10
288.39932865251524
 20
171.3597564727694
 10
288.4475939421152
 20
171.37571404076942
 10
288.4683187165152
 20
171.4752732807694
 10
288.48652445571526
 20
171.59553388716938
 10
288.5374584245152
 20
171.6659827711694
 10
288.62082317411523
 20
171.68798478636944
 10
288.7375867925152
 20
171.66100522716943
 10
288.8687075405153
 20
171.6021538367694
 10
288.9057791245153
 20
171.55151113036936
 10
288.8855375581152
 20
171.4959515735694
 10
288.7793867925152
 20
171.4180129655694
 10
288.66526844531523
 20
171.32805133996942
 10
288.67444237491526
 20
171.2795384271694
 10
288.79713657731526
 20
171.24810047996942
 10
289.30876774131525
 20
171.19644454156943
 10
289.40084444691524
 20
171.17048088956943
 10
289.47177687331526
 20
171.11477536716944
 10
289.5104268253152
 20
171.03805313916942
 10
289.5115050981152
 20
170.9523235127694
 10
289.5148019477152
 20
170.8521730535694
 10
289.56527444451524
 20
170.7328256935694
 10
289.6513998333152
 20
170.61384784556938
 10
289.7620420925153
 20
170.51400319516938
 10
289.8676860749152
 20
170.4216738503694
 10
289.9378973677153
 20
170.32476857596941
 10
289.9637702301152
 20
170.2387516999694
 10
289.94138750051525
 20
170.1764073343694
 10
289.9076137693152
 20
170.1083035975694
 10
289.9062791789152
 20
170.00041177836943
 10
289.93416111651527
 20
169.8730884767694
 10
289.9893332709152
 20
169.7447368951694
 10
290.0705645485153
 20
169.52220690396942
 10
290.00584493971525
 20
169.4514597351694
 10
289.7916578941152
 20
169.52534106796935
 10
289.31775490851527
 20
169.8254990095694
 10
288.6085276205152
 20
170.26361517596942
 10
286.8561876861153
 20
171.26490324396943
 10
285.0513074925152
 20
172.2789444919694
 10
283.7075677413152
 20
173.00863271276938
 10
283.3270606693152
 20
173.2141218471694
 10
282.8715677413152
 20
173.46746378876946
 10
282.41620673411524
 20
173.72616281836943
 10
282.0355677413152
 20
173.94853731356943
 10
281.6491737245152
 20
174.17282875676938
 10
281.17501024131525
 20
174.43792686476942
 10
280.69273270931524
 20
174.7002775423694
 10
280.27996774131526
 20
174.91675221836942
 10
279.87628591331526
 20
175.12997334956944
 10
279.4227375213153
 20
175.38171853116944
 10
278.9895345269153
 20
175.63185508156943
 10
278.6530903397153
 20
175.8377876303694
 10
278.3734321213152
 20
176.0100720151694
 10
278.11840329891527
 20
176.1554117855694
 10
277.90227255331524
 20
176.26922482556944
 10
277.82607733971525
 20
176.2875208527694
 10
277.75221573651515
 20
176.30518987996942
 10
277.56697184691524
 20
176.40328227436942
 10
277.3484763917152
 20
176.53065540156945
 10
277.1121549085153
 20
176.68160222396938
 10
276.76768445251525
 20
176.8954883095694
 10
276.1261183229152
 20
177.2628357383694
 10
275.37158585411527
 20
177.68318272476944
 10
274.5898248653152
 20
178.10687822556943
 10
273.4343548221152
 20
178.73725633436942
 10
272.96528241171524
 20
179.04901093356943
 10
272.7556137789153
 20
179.3014565159694
 10
272.69524137011524
 20
179.59379685436937
 10
272.70908586451526
 20
179.78360162556942
 10
272.7229326997152
 20
179.9770456719694
 10
272.7349695949153
 20
180.1483507663694
 10
272.7423840789153
 20
180.2585208527694
 10
272.8021753005152
 20
180.40046362076936
 10
272.9293735365153
 20
180.4535036407694
 10
273.1733673261152
 20
180.40385477116942
  0
LWPOLYLINE
  8
0
 90
16
 70
1
 10
242.99436774131527
 20
180.13312085276942
 10
242.98081417491525
 20
180.06932468956944
 10
242.94235416211524
 20
180.01503585276942
 10
242.88489153491525
 20
179.97864861836945
 10
242.81730009891527
 20
179.96592085276944
 10
242.75795346211524
 20
179.9790106063694
 10
242.72260086131524
 20
180.01503585276942
 10
242.71739893491525
 20
180.06923373276942
 10
242.74356774131525
 20
180.13312085276942
 10
242.78854353811522
 20
180.1971206655694
 10
242.83820712131524
 20
180.25120585276943
 10
242.88540182931524
 20
180.28936273196942
 10
242.9206353837152
 20
180.3003208527694
 10
242.94883048691526
 20
180.2878711407694
 10
242.97270882051527
 20
180.25120585276943
 10
242.98895965731526
 20
180.1971332055694
  0
LWPOLYLINE
  8
0
 90
12
 70
1
 10
248.79747143891524
 20
179.90283211276937
 10
248.6793331021152
 20
179.75775584956938
 10
248.49120283891523
 20
179.72252530476942
 10
248.30912404531523
 20
179.8138484399694
 10
248.21192199091524
 20
179.99461354316944
 10
248.20453007891524
 20
180.1241555887694
 10
248.24616655731526
 20
180.1933299071694
 10
248.33928157491522
 20
180.21442201996945
 10
248.50906932931525
 20
180.18232480316942
 10
248.6387463053153
 20
180.1333423927694
 10
248.7385637021153
 20
180.0623639863694
 10
248.79421873011523
 20
179.9814910183694
  0
LWPOLYLINE
  8
0
 90
20
 70
1
 10
239.65036774131525
 20
179.73300941356942
 10
239.56564365571523
 20
179.5162881175694
 10
239.34851322131524
 20
179.39300804636943
 10
239.06844703491524
 20
179.40786276316942
 10
238.82648288611523
 20
179.5597216615694
 10
238.66598075091525
 20
179.7320204255694
 10
238.66330989811524
 20
179.77410416396935
 10
238.70498316051524
 20
179.78915851756943
 10
238.93976774131522
 20
179.72179815196938
 10
239.09318360611528
 20
179.68759755916938
 10
239.2124777965152
 20
179.6891152335694
 10
239.28715149011526
 20
179.72450010396943
 10
239.31596774131523
 20
179.78745357916944
 10
239.32869032371528
 20
179.8555815599694
 10
239.36508274131523
 20
179.91349612876945
 10
239.41937325011526
 20
179.95225542956945
 10
239.48316774131524
 20
179.96592085276944
 10
239.54692745491525
 20
179.94796708396942
 10
239.60125274131522
 20
179.89750311436944
 10
239.63782924611525
 20
179.82202451996937
  0
LWPOLYLINE
  8
0
 90
20
 70
1
 10
245.70290708691527
 20
179.78230264876942
 10
245.77278347811523
 20
179.70793576716937
 10
245.98106100691524
 20
179.63783499356938
 10
246.25306915651527
 20
179.58100906396942
 10
246.5638648637152
 20
179.54834487196945
 10
247.39801212051526
 20
179.47285239996938
 10
247.40492868291528
 20
179.3883587159694
 10
246.92723544051526
 20
179.3164961559694
 10
245.73923446371518
 20
179.31032079116943
 10
245.05313411251527
 20
179.32134077596942
 10
244.51153351891526
 20
179.34441621516942
 10
244.1278941221152
 20
179.37406378476942
 10
244.12296774131525
 20
179.40785423596944
 10
244.20287412611526
 20
179.4577764775694
 10
244.2705739077152
 20
179.5369941655694
 10
244.3163566117152
 20
179.6321998519694
 10
244.33196774131528
 20
179.72905413036946
 10
244.47194641091522
 20
179.90371091596947
 10
244.98195272531518
 20
179.9699649191694
 10
245.5079049037152
 20
179.9441950519694
  0
LWPOLYLINE
  8
0
 90
20
 70
1
 10
240.4863677413153
 20
179.5980808527694
 10
240.49576688931523
 20
179.5073582999694
 10
240.52816774131523
 20
179.4810408527694
 10
240.58311367411522
 20
179.5014900815694
 10
240.6870077413152
 20
179.5980808527694
 10
240.87489640051527
 20
179.75224644236943
 10
241.02348971571527
 20
179.7887764655694
 10
241.11995124131522
 20
179.71779922956944
 10
241.15516774131524
 20
179.54792085276944
 10
241.1124758965152
 20
179.4328758831694
 10
240.99848896851523
 20
179.35413020076942
 10
240.7932735405152
 20
179.3097421119694
 10
240.46589493731526
 20
179.29712085276944
 10
240.07714039091522
 20
179.30408941436946
 10
239.93544775411522
 20
179.34150760396938
 10
239.90731585251524
 20
179.41643611036943
 10
239.98476774131527
 20
179.54792085276944
 10
240.16510782211523
 20
179.7235950503694
 10
240.32943432291523
 20
179.78981879036942
 10
240.44032136291526
 20
179.74004452076937
  0
LWPOLYLINE
  8
0
 90
16
 70
1
 10
242.15836774131526
 20
179.5837494719694
 10
242.13406037251525
 20
179.50177114476938
 10
242.06571787411525
 20
179.4319258527694
 10
241.96353309251526
 20
179.3848540367694
 10
241.84296400211525
 20
179.36877792396942
 10
241.72075401091524
 20
179.38345373676947
 10
241.63742604531524
 20
179.42813526156942
 10
241.60065157571526
 20
179.49752811036944
 10
241.61005256291526
 20
179.5837494719694
 10
241.65899735331521
 20
179.66592927516945
 10
241.73673047251526
 20
179.73557292396947
 10
241.8302522877152
 20
179.7826502575694
 10
241.92545630211524
 20
179.7987208527694
 10
242.01437326211524
 20
179.7823760495694
 10
242.08995000291526
 20
179.73557292396947
 10
242.14052231811525
 20
179.66576675676941
  0
LWPOLYLINE
  8
0
 90
20
 70
1
 10
243.29840622771525
 20
179.52915649836942
 10
243.3655525773152
 20
179.54902972316938
 10
243.46149511411525
 20
179.54074596636943
 10
243.56863754291527
 20
179.5086719903694
 10
243.67115087251526
 20
179.45584882876943
 10
243.70515132691523
 20
179.39117085276945
 10
243.66383520371525
 20
179.3386745671694
 10
243.47561381651525
 20
179.3082241031694
 10
243.11976774131523
 20
179.29968118636938
 10
242.64715721171524
 20
179.3171815087694
 10
242.40154643091526
 20
179.39092674076943
 10
242.34326051091523
 20
179.51525682796938
 10
242.43115169891524
 20
179.68137153276936
 10
242.49378080611524
 20
179.71014029916944
 10
242.59850752931524
 20
179.7062818247694
 10
242.72393712371525
 20
179.67483969756947
 10
242.85260722131525
 20
179.6179060911694
 10
242.98306886691526
 20
179.5591270983694
 10
243.11385772291527
 20
179.52210299916942
 10
243.22694829171525
 20
179.50970127356942
  0
LWPOLYLINE
  8
0
 90
20
 70
1
 10
250.2934708669152
 20
178.71913185436944
 10
250.14137721971525
 20
178.54944826556942
 10
249.86269444611526
 20
178.4666687159694
 10
249.61220761171518
 20
178.4992705423694
 10
249.51516774131517
 20
178.6395881263694
 10
249.54160306451521
 20
178.70078282476942
 10
249.61043127891526
 20
178.7369782807694
 10
249.7176033021152
 20
178.7413493903694
 10
249.84956774131527
 20
178.71192085276942
 10
250.00956058531528
 20
178.6758196975694
 10
250.10925843411528
 20
178.69427305996942
 10
250.16554581251523
 20
178.76475872796945
 10
250.18396774131526
 20
178.89572030156944
 10
250.19113443491523
 20
179.00009439996944
 10
250.21459276211527
 20
179.06986094076944
 10
250.24907625731518
 20
179.0940029487694
 10
250.28822346211524
 20
179.0813985767694
 10
250.32112892371526
 20
179.0229472959694
 10
250.3327703909152
 20
178.93197728716945
 10
250.32362923251515
 20
178.82555799836945
  0
LWPOLYLINE
  8
0
 90
24
 70
1
 10
245.8367677413152
 20
178.62108627596945
 10
245.77485909891521
 20
178.4789930279694
 10
244.30337804611526
 20
177.11445092156941
 10
242.79543920051526
 20
175.7418196791694
 10
241.33858446931524
 20
174.46071622476939
 10
240.98716635171525
 20
174.2202791135694
 10
240.64917673491524
 20
174.11742402716942
 10
240.46191858691523
 20
174.18718337836944
 10
240.42663136131526
 20
174.3666170679694
 10
240.4097869645152
 20
174.49139190716943
 10
240.29747989491526
 20
174.53848545916944
 10
240.02000062691522
 20
174.46121749036945
 10
239.52521971171524
 20
174.2378409655694
 10
239.1629416197152
 20
174.1331792831694
 10
239.07249996291526
 20
174.2510561191694
 10
239.3027333597152
 20
174.6106006583694
 10
239.9119523085152
 20
175.21317875756944
 10
242.29544900211522
 20
177.42471911276937
 10
243.14081771971524
 20
178.1415237375694
 10
243.70153897091524
 20
178.47199152796944
 10
244.30101183171524
 20
178.62832085276943
 10
244.97719906211518
 20
178.69062241516943
 10
245.44988533331525
 20
178.7078182663694
 10
245.77205732851525
 20
178.69209845676943
  0
LWPOLYLINE
  8
0
 90
32
 70
1
 10
248.40113621171525
 20
178.46317674396937
 10
248.30719940611527
 20
178.3789356991694
 10
248.0321510589152
 20
178.1361561159694
 10
247.7040030013152
 20
177.8471927159694
 10
247.3415677413153
 20
177.5288190031694
 10
246.99246551091528
 20
177.20899365996942
 10
246.70559595651522
 20
176.91601896476942
 10
246.48575521011526
 20
176.66542311596942
 10
246.46791045571518
 20
176.57586377356944
 10
246.47530788531523
 20
176.52628763596942
 10
246.4598122909153
 20
176.49781029916943
 10
246.42553913331528
 20
176.4927963055694
 10
246.37582739651526
 20
176.5151695047694
 10
246.28370337331526
 20
176.51430875916944
 10
246.0107060685152
 20
176.32815212476942
 10
245.68587308531528
 20
176.07518237036945
 10
245.32668468211517
 20
175.7587249367694
 10
244.62564985971522
 20
175.1257043991694
 10
244.15052765171527
 20
174.73838359276942
 10
243.8080921869153
 20
174.5095016735694
 10
243.5842389749152
 20
174.4483208527694
 10
243.54741384371525
 20
174.5359288039694
 10
244.12494688771528
 20
175.1061445071694
 10
245.0446403525152
 20
175.9539311039694
 10
246.58398838691528
 20
177.3120953663694
 10
247.23343264611518
 20
177.86451363276944
 10
247.80381772291526
 20
178.31538264476944
 10
248.2921728077152
 20
178.67648966796943
 10
248.3959570245153
 20
178.6802841047694
 10
248.4403357501152
 20
178.63617139436946
 10
248.45735186131526
 20
178.5795049735694
 10
248.44348663411523
 20
178.51864367196941
  0
LWPOLYLINE
  8
0
 90
258
 70
1
 10
254.02956774131525
 20
178.6427916783694
 10
253.9563374853152
 20
178.48072154156938
 10
253.17137779331517
 20
177.7988157367694
 10
252.34979929491521
 20
177.1216040719694
 10
251.60329125571528
 20
176.56368943996944
 10
251.44139734771522
 20
176.43878903356944
 10
251.31944033011527
 20
176.31924755436938
 10
251.24676032931518
 20
176.21957060556943
 10
251.25344966691523
 20
176.16550548236938
 10
251.27604657971528
 20
176.10904438316942
 10
251.26374751491517
 20
176.00413390716943
 10
251.22543781491524
 20
175.8761501655694
 10
251.1633131501152
 20
175.74134817516943
 10
251.0633405917152
 20
175.5735913991694
 10
250.99048235571524
 20
175.5185162207694
 10
250.92036803891523
 20
175.5352455839694
 10
250.83735624851516
 20
175.63793213276944
 10
250.75879900051524
 20
175.75270473356937
 10
250.71979608931525
 20
175.76364195436943
 10
250.6938341093152
 20
175.72764329276941
 10
250.6881280749152
 20
175.57692085276943
 10
250.69864027331525
 20
175.4649610575694
 10
250.7320189109152
 20
175.3702721863694
 10
250.7819605477152
 20
175.30664991116942
 10
250.84113881411525
 20
175.28432085276944
 10
250.90598833731522
 20
175.25772869596943
 10
250.9722958445152
 20
175.17381218636942
 10
251.03000459011525
 20
175.0521330551694
 10
251.06916918371525
 20
174.90812085276943
 10
251.10696407491525
 20
174.7328897351694
 10
251.1307651621152
 20
174.72885302556938
 10
251.15070777491525
 20
174.7900667847694
 10
251.16439811091522
 20
175.0564986471694
 10
251.22218393571526
 20
175.3562942663694
 10
251.36401885971526
 20
175.62142230316942
 10
251.63143235331523
 20
175.91117940156943
 10
252.10784985971523
 20
176.3104986471694
 10
252.53905514851522
 20
176.6525977055694
 10
253.08107574851527
 20
177.08350688316938
 10
253.6400181589152
 20
177.52848895036942
 10
254.12808649571525
 20
177.91772085276943
 10
255.2276408461152
 20
178.7955208527694
 10
257.30380437731515
 20
178.7955208527694
 10
258.14836668931525
 20
178.7847287615694
 10
258.8068790405151
 20
178.75043219596944
 10
259.31717260451524
 20
178.70226672476946
 10
259.3799677413152
 20
178.63217531436942
 10
259.3519080701152
 20
178.5508739799694
 10
259.24490140771525
 20
178.4304043735694
 10
259.0962176373152
 20
178.2992687447694
 10
258.92016774131514
 20
178.17467464876944
 10
258.7318721173152
 20
178.0481415343694
 10
258.54631907491523
 20
177.9112261359694
 10
258.3876225325152
 20
177.78324941676942
 10
258.2931677413152
 20
177.6908980015694
 10
258.1708259965152
 20
177.57354700956944
 10
257.7698840749152
 20
177.2519262727694
 10
257.28712266611524
 20
176.87440154716944
 10
256.7465677413153
 20
176.4628031335694
 10
256.2179054181152
 20
176.05369064956943
 10
255.7723664077152
 20
175.6842599087694
 10
255.40838103651527
 20
175.36325898236942
 10
255.3671677413152
 20
175.2707253191694
 10
255.35766158531527
 20
175.21488938076942
 10
255.33033157491525
 20
175.17316462076943
 10
255.28951504531534
 20
175.15220610076943
 10
255.2417677413152
 20
175.1543034575694
 10
255.16909509731528
 20
175.15298391516941
 10
255.03041640771525
 20
175.09917126396942
 10
254.8676040701152
 20
175.01778482476942
 10
254.69836774131522
 20
174.9144055663694
 10
254.43054711571526
 20
174.7874693327694
 10
254.04521164211528
 20
174.6938064007694
 10
253.54140761171527
 20
174.6285783367694
 10
252.89708619331532
 20
174.59209161836944
 10
252.35593352851527
 20
174.56783039676938
 10
251.8748370973152
 20
174.53214473356942
 10
251.47392426851525
 20
174.49111368636937
 10
251.35957000211528
 20
174.4515359415694
 10
251.29592080771528
 20
174.35644461996944
 10
251.23210541651525
 20
173.92275022476946
 10
251.1775886861152
 20
173.3941805303694
 10
251.1422325741152
 20
172.7852709015694
 10
251.12465968691527
 20
172.20003612396943
 10
251.12581303251523
 20
171.75381092476943
 10
251.14231901651527
 20
171.4840076415694
 10
251.17494876531524
 20
171.47992261116943
 10
251.2444004685152
 20
171.6079578503694
 10
251.3884675125152
 20
171.78206187276945
 10
251.57017796451515
 20
171.96670267196941
 10
251.76726663651522
 20
172.13551916156945
 10
252.11430344531516
 20
172.34715941676944
 10
252.50283611731527
 20
172.4728200815694
 10
253.07695811411523
 20
172.5489965687694
 10
254.15021575011525
 20
172.60912085276942
 10
254.87354602371528
 20
172.63271544796942
 10
255.48241870131525
 20
172.63357686236944
 10
255.99242852691526
 20
172.6204857711694
 10
256.0363168549153
 20
172.5749797831694
 10
255.97347105651522
 20
172.44352848076943
 10
255.42597800051522
 20
172.00874661676937
 10
254.67736190371522
 20
171.44840524396943
 10
253.6052193245153
 20
170.68632085276943
 10
253.22600203331524
 20
170.4178294207694
 10
252.87587620451524
 20
170.1642289879694
 10
252.58427522451524
 20
169.94816010636947
 10
252.46243992851518
 20
169.84815310476944
 10
252.21766999651524
 20
169.65455757516938
 10
251.8209946845152
 20
169.39036017356938
 10
251.40726697891523
 20
169.1313152071694
 10
251.2889101117152
 20
169.0979208527694
 10
251.25414037011524
 20
169.11550209996943
 10
251.21094876451525
 20
169.18387218636943
 10
251.16811764211525
 20
169.27843632636944
 10
251.13195027571524
 20
169.39052085276938
 10
251.10958727571528
 20
169.4211492175694
 10
251.09183581891526
 20
169.41232807996943
 10
251.09086656051525
 20
169.27991236796942
 10
251.10736150931518
 20
169.0538728487694
 10
251.1184717821152
 20
168.8132285767694
 10
251.1021975373152
 20
168.63281676716934
 10
251.06324679251526
 20
168.53324966876943
 10
251.00763891491522
 20
168.5203404911694
 10
250.94848255171524
 20
168.50670098396944
 10
250.8982611893153
 20
168.39267392796938
 10
250.86374074291518
 20
168.1997033919694
 10
250.8527677413152
 20
167.95132177276943
 10
250.8680125357152
 20
167.6884414055694
 10
250.91384322611523
 20
167.4523391215694
 10
250.9806670469153
 20
167.2702255503694
 10
251.06176774131524
 20
167.18905413036936
 10
251.1633367253152
 20
167.13424128876943
 10
251.18716774131525
 20
167.0915208527694
 10
251.1633367253152
 20
167.04880041676938
 10
251.06176774131524
 20
166.99398757516943
 10
250.98162226051528
 20
166.9268627943694
 10
250.91416157491528
 20
166.8035113287694
 10
250.86825380531525
 20
166.64809575196944
 10
250.8527677413152
 20
166.4825199327694
 10
250.8642552173152
 20
166.32470603916937
 10
250.90116913171522
 20
166.21556456716942
 10
250.95720905411522
 20
166.1676069255694
 10
251.0239113205152
 20
166.17435812716937
 10
251.08920810371518
 20
166.1671872535694
 10
251.13318103491522
 20
166.08597303036942
 10
251.14729288211518
 20
165.90957385356944
 10
251.12875842771524
 20
165.64082576956943
 10
251.10761147331522
 20
165.4110568543694
 10
251.10376420131527
 20
165.2759963727694
 10
251.1180599685152
 20
165.2689234783694
 10
251.13676881251524
 20
165.29660059596944
 10
251.1805919325152
 20
165.40948768236944
 10
251.24433659811518
 20
165.4770628999694
 10
251.32235345571527
 20
165.49451456716938
 10
251.4081215381152
 20
165.46380059596942
 10
251.7117921845152
 20
165.3383409055694
 10
252.74133738691523
 20
165.1316796991694
 10
253.7527838581152
 20
164.9545530351694
 10
254.30886581091522
 20
164.91108872636943
 10
254.49042879251522
 20
164.89399185756938
 10
254.7474359253152
 20
164.8355547887694
 10
255.0280799549152
 20
164.75189275756935
 10
255.29226866211522
 20
164.65270988476942
 10
255.65374987891522
 20
164.3979596175694
 10
255.64296715091527
 20
164.14803658156944
 10
255.1371451837152
 20
163.7630696167694
 10
252.70373393971528
 20
162.26153235756942
 10
252.2281683173152
 20
161.95510775996942
 10
251.78774947251523
 20
161.64103008396938
 10
251.42853983491523
 20
161.3575398087694
 10
251.26414695571518
 20
161.1793293543694
 10
251.17007572131516
 20
161.0569217327694
 10
251.0916953709152
 20
160.9849779135694
 10
251.04422327811514
 20
160.97614875036942
 10
251.01996774131524
 20
161.0072511271694
 10
250.94474630051525
 20
161.1414122399694
 10
250.7682003221152
 20
161.17766939276936
 10
250.56139482211523
 20
161.0923027575694
 10
250.43239417011517
 20
160.9222438047694
 10
250.40392335411522
 20
160.81884030236938
 10
250.40115937091522
 20
160.7243510679694
 10
250.42317727011527
 20
160.65296753596937
 10
250.46699905251523
 20
160.61584077596942
 10
250.5616840781152
 20
160.48670686556937
 10
250.56489030531526
 20
159.5976287239694
 10
250.53211325331523
 20
158.7078470047694
 10
250.44562203091522
 20
158.02092085276942
 10
250.42442291011525
 20
157.8447035895694
 10
250.43270499491524
 20
157.69618718636937
 10
250.46653540691528
 20
157.59510291516938
 10
250.52254774131524
 20
157.56112085276942
 10
250.5847223989152
 20
157.5765602679694
 10
250.63768065811524
 20
157.62005885276943
 10
250.67325864451522
 20
157.68512122156937
 10
250.68556774131525
 20
157.7617608527694
 10
250.6951088421152
 20
157.8488233975694
 10
250.7273677413152
 20
157.87632044076938
 10
250.7810548253152
 20
157.85868953516945
 10
250.87496905891524
 20
157.7729995351694
 10
250.9926860517152
 20
157.54874086316943
 10
250.96317759251522
 20
157.29577612476936
 10
250.81345952291525
 20
157.1662700271694
 10
250.6263167429152
 20
157.20651306076942
 10
250.5216463661152
 20
157.2251490055694
 10
250.4499974877152
 20
157.1448025503694
 10
250.41867206611522
 20
156.88292337676944
 10
250.41929522051527
 20
156.3061611247694
 10
250.43304959411523
 20
155.89013090796942
 10
250.4621520917152
 20
155.53975344316942
 10
250.49961458931526
 20
155.2585663479694
 10
250.54346345811524
 20
155.2207381839694
 10
250.58486050611526
 20
155.18729768236938
 10
250.61285797891526
 20
155.0242612967694
 10
250.62885383571518
 20
154.8085363455694
 10
250.6270634581153
 20
154.55246670316944
 10
250.60919412531524
 20
154.2963955559694
 10
250.5757656621152
 20
154.0805169479694
 10
250.53374880371527
 20
153.91792765516942
 10
250.48767349971524
 20
153.88366670316938
 10
250.43966569811528
 20
153.8554187647694
 10
250.38920707891526
 20
153.74793240556943
 10
250.3444123597152
 20
153.59916085516937
 10
250.31296672131526
 20
153.42292085276938
 10
250.2877434309152
 20
153.42443484876944
 10
250.2578838517153
 20
156.3509070215694
 10
250.2308163453152
 20
159.82121157356943
 10
250.21028518851517
 20
164.0362100447694
 10
250.1988154357152
 20
169.47909371516937
 10
250.22073284771528
 20
172.77263793836943
 10
250.26155773731523
 20
175.07882569916939
 10
250.36716811251523
 20
175.48141788476937
 10
250.45451723811522
 20
175.6648056871694
 10
250.4799413357152
 20
175.78529000716938
 10
250.45186862291519
 20
175.86495863356942
 10
250.37514388691523
 20
175.91726213756942
 10
250.29326638131522
 20
176.0033982271694
 10
250.23498113011522
 20
176.27257384156943
 10
250.19616447971524
 20
176.64926005916942
 10
250.18396774131526
 20
177.13745413036943
 10
250.19386999411523
 20
177.76153364796937
 10
250.23567735091518
 20
178.07580410556943
 10
250.32017855891525
 20
178.23383619516937
 10
250.45813511171522
 20
178.29392085276947
 10
250.5792892349152
 20
178.2727282527694
 10
250.71701220931527
 20
178.2079695191694
 10
250.8491580605152
 20
178.11326961276936
 10
250.95441765011526
 20
178.00132085276942
 10
251.0908486701152
 20
177.8309743159694
 10
251.14244174131522
 20
177.82265193596942
 10
251.17441673491518
 20
177.87690164796942
 10
251.1818502797152
 20
178.14065413036946
 10
251.19208007731524
 20
178.31418465676938
 10
251.21834903651518
 20
178.47845046396947
 10
251.25516814851522
 20
178.6136052463694
 10
251.29863446371525
 20
178.68405413036945
 10
251.56286563971528
 20
178.7951760863694
 10
252.72823492611525
 20
178.79265955916935
 10
253.9133426741152
 20
178.7631245151694
  0
LWPOLYLINE
  8
0
 90
36
 70
1
 10
264.3959677413153
 20
178.6372030183694
 10
264.3610465165153
 20
178.56307957996938
 10
263.9907690749153
 20
178.26172966956938
 10
263.5452855749153
 20
177.91681596636943
 10
263.01656774131527
 20
177.5307810951694
 10
262.4818974205152
 20
177.14729869916943
 10
262.0178089077152
 20
176.80998055756942
 10
261.6209443253151
 20
176.51830450476942
 10
261.5535677413153
 20
176.45890586876942
 10
261.3012950437152
 20
176.23389697036941
 10
260.6690956253152
 20
175.76497236476945
 10
260.0129453085152
 20
175.29857348236942
 10
259.5274324565152
 20
174.9831117247694
 10
259.12851800211513
 20
174.78862351436942
 10
258.7161862493153
 20
174.68018879676941
 10
258.1460936053152
 20
174.62883632636942
 10
257.1448324565152
 20
174.6155208527694
 10
256.46390443731525
 20
174.6245309263694
 10
255.89232003491526
 20
174.65235701916941
 10
255.41971619331525
 20
174.6905197503694
 10
255.37725525171527
 20
174.74092085276942
 10
255.41392087411526
 20
174.81550593036945
 10
255.6786976237152
 20
175.05050201916941
 10
256.00458864851527
 20
175.32130515836943
 10
256.38927638931517
 20
175.61872085276943
 10
256.8242104053152
 20
175.94632885436943
 10
257.30303943731525
 20
176.3089182727694
 10
257.75362487811526
 20
176.6516762663694
 10
258.0929887117152
 20
176.9117670687694
 10
259.8807598309152
 20
178.26963622316939
 10
260.5085513557152
 20
178.6304384407694
 10
261.1343520301152
 20
178.7687135095694
 10
262.5139076933153
 20
178.7836192223694
 10
263.23555091891535
 20
178.7655883743694
 10
263.8431125813152
 20
178.7306746735694
 10
264.3505894941152
 20
178.68705336396943
  0
LWPOLYLINE
  8
0
 90
62
 70
1
 10
236.40017329491525
 20
178.25942548636942
 10
236.39575286131526
 20
178.13431006076942
 10
236.34830618291522
 20
177.9943960975694
 10
236.26785171651522
 20
177.8617446335694
 10
236.16510113011526
 20
177.7578254863694
 10
235.9899641461152
 20
177.62264863356944
 10
235.97085903811526
 20
177.62897213756946
 10
235.97637530051523
 20
177.6610910903694
 10
236.13110401971525
 20
177.87592085276947
 10
236.23350515811524
 20
178.02087923996942
 10
236.25492615331524
 20
178.0743832399694
 10
236.23838522451524
 20
178.0844005263694
 10
236.15353958451522
 20
178.01539641756943
 10
236.05473842931525
 20
177.91337799996938
 10
235.9382314629152
 20
177.7630876047694
 10
235.82390712531523
 20
177.59390461276945
 10
235.72993420451525
 20
177.43019641756945
 10
235.6392146613152
 20
177.28339565356944
 10
235.53481983011523
 20
177.1648936567694
 10
235.43278118131522
 20
177.08872653276939
 10
235.35120697651524
 20
177.07508468476942
 10
235.26373796851522
 20
177.06670044076944
 10
235.14018201731523
 20
177.00363861996942
 10
235.00560591411525
 20
176.90534274316943
 10
234.87916208451523
 20
176.7824846847694
 10
234.77432116371523
 20
176.65655516236941
 10
234.70796817811524
 20
176.5510014679694
 10
234.68809227811525
 20
176.4818948655694
 10
234.71290743331522
 20
176.4547208527694
 10
234.72842392771526
 20
176.4195712327694
 10
234.41950186371523
 20
176.08635835276942
 10
234.02516567971523
 20
175.6818243063694
 10
233.53101126291523
 20
175.20072085276942
 10
232.2187475805152
 20
173.94672085276937
 10
231.21115774451522
 20
173.9458557599694
 10
230.71214549891525
 20
173.9381622191694
 10
230.02067602131527
 20
173.91353382636942
 10
229.27133009651524
 20
173.8784388807694
 10
228.57336774131522
 20
173.8370381543694
 10
227.92916302851523
 20
173.80476203356943
 10
227.4074767909152
 20
173.8027203543694
 10
226.99829140771524
 20
173.8211105151694
 10
226.9433991461152
 20
173.87970324716943
 10
226.97216908291523
 20
173.97098190716946
 10
227.14341515571525
 20
174.20709439036943
 10
227.3633249557152
 20
174.48352481276942
 10
227.62397955651522
 20
174.7827208527694
 10
227.96971387731526
 20
175.1694144919694
 10
228.47309472451522
 20
175.7409739815694
 10
229.02887387811523
 20
176.3767653575694
 10
229.55920084451526
 20
176.98829768556942
 10
230.06028235731526
 20
177.5507842343694
 10
230.52768878691523
 20
178.03810418396947
 10
230.93032862451523
 20
178.42847388236942
 10
231.09402043411524
 20
178.52147537116943
 10
231.29340309011525
 20
178.55233430476943
 10
232.0238381933152
 20
178.5696400063694
 10
232.89106881251524
 20
178.5781544991694
 10
233.86623990611523
 20
178.57309853836944
 10
235.30872296131525
 20
178.54837634636942
 10
235.94758647011523
 20
178.50164010076944
 10
236.2771197797152
 20
178.41614605916942
  0
LWPOLYLINE
  8
0
 90
88
 70
1
 10
242.65996774131523
 20
178.54697103036938
 10
242.64064845011524
 20
178.49586852396942
 10
242.47578657491522
 20
178.31258421836947
 10
242.27324918931527
 20
178.1000116559694
 10
242.03296774131522
 20
177.8632942431694
 10
241.80809327171522
 20
177.63952563436945
 10
241.66382157491523
 20
177.4747027167694
 10
241.63195810371525
 20
177.40507378156946
 10
241.65676774131526
 20
177.38625040556943
 10
241.75346033731523
 20
177.4304814935694
 10
241.79863409891524
 20
177.43405255116943
 10
241.80773880771522
 20
177.41234865356938
 10
241.76823446371523
 20
177.35932719276943
 10
241.70669081891523
 20
177.30089330076942
 10
241.63708696371523
 20
177.2510794047694
 10
241.5699275725152
 20
177.2160608695694
 10
241.51743446371523
 20
177.2045605191694
 10
241.34492268691528
 20
177.1626991567694
 10
241.1749123893152
 20
177.04773009596937
 10
241.06445037171525
 20
176.90871382956942
 10
241.06699950291528
 20
176.79651259756938
 10
241.08094481891524
 20
176.7289467431694
 10
241.05353622451526
 20
176.6392728687694
 10
240.9915498341152
 20
176.54235003836942
 10
240.90252686931524
 20
176.4531929791694
 10
240.80686455971528
 20
176.38250416316941
 10
240.72669951651523
 20
176.34385454556946
 10
240.6755510301153
 20
176.34243618796944
 10
240.65356774131527
 20
176.3711208527694
 10
240.63158445251526
 20
176.39980551756938
 10
240.58043596611523
 20
176.39838715996945
 10
240.50027092291523
 20
176.35973754236943
 10
240.40460861331525
 20
176.28904872636943
 10
240.31635844691527
 20
176.1987125727694
 10
240.2564488477152
 20
176.09835812956942
 10
240.23243926211524
 20
176.00373630556942
 10
240.24983658931524
 20
175.9300333751694
 10
240.27629348131524
 20
175.8736729303694
 10
240.27586929491525
 20
175.83141680876946
 10
240.25100581891522
 20
175.8089051679694
 10
240.20619571731524
 20
175.8083226431694
 10
240.01050032291525
 20
175.8016607263694
 10
239.75964514691523
 20
175.6991385351694
 10
239.54575421251525
 20
175.5563273303694
 10
239.48316774131524
 20
175.4237646495694
 10
239.49907916211524
 20
175.37324115676938
 10
239.5398714477152
 20
175.3463891711694
 10
239.60224657811523
 20
175.34974922236944
 10
239.67620147891523
 20
175.38388711516941
 10
239.75339420771525
 20
175.42562692316943
 10
239.7857696453152
 20
175.41944587356943
 10
239.7910317637152
 20
175.3860501815694
 10
239.74824829331527
 20
175.30742739116943
 10
239.69029159011527
 20
175.23989865516938
 10
239.6170800605152
 20
175.1974283503694
 10
239.5402892805152
 20
175.18624618156943
 10
239.47161455571526
 20
175.20786112876942
 10
239.41220304531524
 20
175.23109189676939
 10
239.36168891571526
 20
175.22378525676942
 10
239.32797554371527
 20
175.1870853583694
 10
239.31596774131523
 20
175.12698849516943
 10
239.29663507411527
 20
175.05946577836943
 10
239.24229524131525
 20
175.0019344319694
 10
239.16102651091526
 20
174.9631873367694
 10
239.0651677413152
 20
174.94992085276942
 10
238.96928573091526
 20
174.93743201596942
 10
238.88804024131525
 20
174.9008058527694
 10
238.83369071091522
 20
174.84648324156942
 10
238.81436774131527
 20
174.7827208527694
 10
238.79973790851528
 20
174.71893990476946
 10
238.7583885125152
 20
174.66463585276944
 10
238.69656781731524
 20
174.62819895996944
 10
238.62380037091523
 20
174.6155208527694
 10
238.5374561173153
 20
174.5987772775694
 10
238.43468245731523
 20
174.54647076396944
 10
238.33271603891524
 20
174.4703940951694
 10
238.24760037091522
 20
174.38045654636943
 10
237.8427040021152
 20
174.16499827916945
 10
235.60023833491525
 20
174.0162446191694
 10
233.32346590291522
 20
173.90356987676938
 10
233.12956774131524
 20
174.08947136396944
 10
233.24009897971524
 20
174.36145393196944
 10
235.17660085251524
 20
176.34138015276943
 10
237.07690074851524
 20
178.26156899036937
 10
237.47676774131526
 20
178.51371729116943
 10
237.91471854691525
 20
178.5913910543694
 10
240.18742852051523
 20
178.6133248519694
 10
242.58056696931527
 20
178.6260382383694
  0
LWPOLYLINE
  8
0
 90
34
 70
1
 10
266.5053689605152
 20
178.4094883223694
 10
266.3540405877152
 20
178.3090584719694
 10
266.15441432131524
 20
178.1673706839694
 10
265.9434896821152
 20
178.01175898156941
 10
265.7529689605153
 20
177.8649399927694
 10
265.51481329331517
 20
177.6848244615694
 10
265.12480675331517
 20
177.40568255676945
 10
264.67692995251525
 20
177.0924963911694
 10
264.2287677413152
 20
176.7865133687694
 10
263.75048294531524
 20
176.4594716735694
 10
263.21077355091523
 20
176.08190431196942
 10
262.69341578691524
 20
175.7132301511694
 10
262.28940006051516
 20
175.41722779836942
 10
261.8180908485152
 20
175.0858062991694
 10
261.4993890893152
 20
174.92113887756938
 10
261.22296619091526
 20
174.8624827767694
 10
260.9148486933152
 20
174.8853846623694
 10
260.39286467251526
 20
174.9897814999694
 10
260.93141620691523
 20
175.38230072156944
 10
261.1681125525152
 20
175.55435470476942
 10
261.43448589491516
 20
175.74709918636944
 10
261.6894777661152
 20
175.93090833276946
 10
261.88772998291523
 20
176.0729704815694
 10
262.13390138531526
 20
176.25144176796945
 10
262.6248795037153
 20
176.61385328556938
 10
263.2036782517152
 20
177.0432158631694
 10
263.8105299829153
 20
177.4955945239694
 10
264.69352405091524
 20
178.1368632047694
 10
265.19128614211513
 20
178.43344390236942
 10
265.59705813731523
 20
178.5707291471694
 10
266.0679677413152
 20
178.61436199356942
 10
266.4980524557153
 20
178.6062166783694
 10
266.63140398611523
 20
178.57440687836942
 10
266.64108319411525
 20
178.51585527756941
  0
LWPOLYLINE
  8
0
 90
46
 70
1
 10
230.19442340611522
 20
178.3087167151694
 10
230.19823573331524
 20
178.2134620391694
 10
230.07655208771527
 20
178.00221470396946
 10
229.89458381331525
 20
177.74978115996942
 10
229.66089104851525
 20
177.4793197775694
 10
229.39069986131523
 20
177.18366854476943
 10
229.09769557171524
 20
176.8547933343694
 10
228.82552674291523
 20
176.5425015215694
 10
228.62511380051527
 20
176.3039430695694
 10
228.4603428821152
 20
176.1181479215694
 10
228.30286790291524
 20
175.9730082895694
 10
228.16931874211525
 20
175.8774050015694
 10
228.10111836371522
 20
175.87721506236943
 10
228.04283846291523
 20
175.87224989116942
 10
227.95846098291526
 20
175.78110114556944
 10
227.86595708131523
 20
175.6357168999694
 10
227.77828760051526
 20
175.4493959079694
 10
227.69138406291523
 20
175.2577725023694
 10
227.60129436211525
 20
175.09554954476943
 10
227.51810467091525
 20
174.9733679775694
 10
227.46628303731524
 20
174.94620299356941
 10
227.40462837171523
 20
174.9279250239694
 10
227.26925790131526
 20
174.84217733996937
 10
227.11093187411524
 20
174.7297722911694
 10
226.94316774131522
 20
174.59729387916943
 10
226.79466973011523
 20
174.4705713271694
 10
226.7093489077152
 20
174.38522074316944
 10
226.71015481171526
 20
174.36367083676944
 10
226.73416774131522
 20
174.36007938076943
 10
226.81436572291526
 20
174.3957306007694
 10
226.88177390771523
 20
174.41247919196945
 10
226.92643135571524
 20
174.40906262716942
 10
226.94316774131522
 20
174.3868345575694
 10
226.87989541571523
 20
174.28153935436944
 10
226.40835680531524
 20
174.04100944716942
 10
225.9408963701152
 20
173.8281280663694
 10
225.70105582851525
 20
173.7795208527694
 10
225.57068363491527
 20
173.9079734231694
 10
225.55975995731524
 20
175.4008781463694
 10
225.59328991091525
 20
176.85184961116943
 10
225.70187627891522
 20
177.91772085276943
 10
225.78792040851525
 20
178.4611208527694
 10
227.94407643251523
 20
178.4611208527694
 10
228.77730626291523
 20
178.4501068871694
 10
229.49453022531526
 20
178.41635221676938
 10
230.0952162893152
 20
178.36982781356943
  0
LWPOLYLINE
  8
0
 90
20
 70
1
 10
249.31147383331523
 20
176.4965208527694
 10
249.26436774131523
 20
174.53192085276942
 10
247.75956774131527
 20
174.40304259116942
 10
247.11721577171525
 20
174.3570107591694
 10
246.43136872851522
 20
174.3253228479694
 10
245.80130696211526
 20
174.3107634063694
 10
245.35116259491522
 20
174.31944259116943
 10
244.4475572813152
 20
174.3647208527694
 10
245.93636259491527
 20
175.63843055596942
 10
246.5676445869152
 20
176.18271872236943
 10
247.23340622851524
 20
176.76497081916943
 10
247.83858713011523
 20
177.3011748655694
 10
248.2611677413152
 20
177.68484736796944
 10
248.59097826851524
 20
177.98105086236944
 10
248.88998771331524
 20
178.23109561996944
 10
249.14607825571528
 20
178.43112049116942
 10
249.22787383331527
 20
178.45933766476944
 10
249.2793216077152
 20
178.41153167356936
 10
249.30634764851527
 20
177.88349584876943
 10
249.32014198291517
 20
177.24970719436942
  0
LWPOLYLINE
  8
0
 90
38
 70
1
 10
269.9892667053152
 20
178.13950496476943
 10
270.06899234691525
 20
178.06489363676945
 10
270.3041648317153
 20
177.94824321276943
 10
270.5975966517153
 20
177.82369242156943
 10
270.9272461653152
 20
177.70524041756943
 10
271.49497827971516
 20
177.47694419996938
 10
271.68062813091535
 20
177.2548604655694
 10
271.57716811491525
 20
177.0933629887694
 10
271.1014287717153
 20
177.06528358796945
 10
270.5693217941153
 20
177.09064649036938
 10
270.68306260371526
 20
175.43920908076942
 10
270.7266579973153
 20
174.22691327516944
 10
270.5900830181152
 20
173.6731833247694
 10
270.21197175491517
 20
173.2654151287694
 10
269.23426524051524
 20
172.7016983223694
 10
268.92614055331524
 20
172.5288508079694
 10
268.6311429053153
 20
172.3410648095694
 10
268.38517849651527
 20
172.1643245447694
 10
268.25239243651527
 20
172.03696379036944
 10
268.0164474877153
 20
171.86474327596943
 10
267.67378546691515
 20
171.7814368791694
 10
267.3465369453152
 20
171.80106799836943
 10
267.15876148051524
 20
171.93385873996942
 10
267.0644799085152
 20
172.0251860551694
 10
266.5739535645153
 20
172.30252855356943
 10
265.9859641669152
 20
172.6187019143694
 10
265.3074264389152
 20
172.96318791996939
 10
263.9619056733152
 20
173.6687485119694
 10
263.8096212509152
 20
174.00234628636943
 10
264.0571116941153
 20
174.37818797676942
 10
265.87386208451517
 20
175.6382827511694
 10
266.62985136691526
 20
176.15539640316942
 10
267.4274466973153
 20
176.7050797791694
 10
268.15303366931533
 20
177.2085927143694
 10
268.65956774131524
 20
177.56472386556942
 10
269.3717370805152
 20
178.06109568876946
 10
269.6742207741152
 20
178.22793704476942
 10
269.8524395885152
 20
178.24111959436942
  0
LWPOLYLINE
  8
0
 90
12
 70
1
 10
242.18902101891524
 20
177.58889413036937
 10
242.1070413541152
 20
177.5173708191694
 10
242.04510328451522
 20
177.4920749639694
 10
242.00683070291524
 20
177.5100421087694
 10
241.99116774131522
 20
177.5638141303694
 10
242.0204738885152
 20
177.7170206607694
 10
242.10398243011525
 20
177.84401023116942
 10
242.2084550093152
 20
177.90053971516943
 10
242.30048774131524
 20
177.8731341303694
 10
242.3188180445152
 20
177.82538766236942
 10
242.30337896371523
 20
177.75400413036942
 10
242.25843694131524
 20
177.67097812796942
  0
LWPOLYLINE
  8
0
 90
212
 70
1
 10
273.0664563021152
 20
177.4602039687694
 10
273.1491893701152
 20
177.4405255319694
 10
273.2026117765152
 20
177.38813859516938
 10
273.21929449091533
 20
177.3072124575694
 10
273.1971038741152
 20
177.20712085276944
 10
273.16467911251516
 20
177.03656414556943
 10
273.2281081045153
 20
176.9727077903694
 10
273.3860062669153
 20
177.0186003447694
 10
273.66010893091527
 20
177.20833204956944
 10
273.8596631341152
 20
177.32436801356943
 10
274.03314985411527
 20
177.3489629663694
 10
274.2466490389153
 20
177.28540840716937
 10
274.6215089309152
 20
177.0886262127694
 10
274.86764538851526
 20
176.94088678796942
 10
275.07524542291515
 20
176.7956113895694
 10
275.2330675093152
 20
176.66639471516942
 10
275.2639677413153
 20
176.5981806263694
 10
275.2317344237153
 20
176.5282442103694
 10
275.0501655901153
 20
176.3815211943694
 10
274.8150038061152
 20
176.21509783836945
 10
274.53613075891525
 20
176.04227623996942
 10
273.9424993645152
 20
175.65893261996945
 10
273.51882710451514
 20
175.2989847943694
 10
273.3757487141152
 20
175.06191659596942
 10
273.4577277101152
 20
174.94992085276942
 10
273.5906376653152
 20
174.9756512607694
 10
273.80258122131517
 20
175.07158978476946
 10
274.04184943731525
 20
175.20556313196943
 10
274.2778417037153
 20
175.36411270556943
 10
274.5336197493152
 20
175.5429038455694
 10
274.8334125261153
 20
175.73799999516942
 10
275.1294337725152
 20
175.91962617836944
 10
275.37135294451525
 20
176.05528958316938
 10
275.70139487651517
 20
176.20809165676945
 10
275.9139331629152
 20
176.24273332316943
 10
276.13924853891524
 20
176.18646049116944
 10
276.5417529445152
 20
175.9863028631694
 10
276.85355619891527
 20
175.8197081271694
 10
277.2674271949152
 20
175.5998163847694
 10
277.7071060125152
 20
175.36700727196938
 10
278.1063677413152
 20
175.15643659516942
 10
278.4969542981152
 20
174.9481729439694
 10
278.9101712077152
 20
174.7224972519694
 10
279.2867654653152
 20
174.51233303836943
 10
279.55136648771526
 20
174.35870733756946
 10
280.0767652341152
 20
174.0448726031694
 10
278.9232138109153
 20
173.3269967279694
 10
278.47535607091527
 20
173.05184939836943
 10
278.08525288931526
 20
172.8199968367694
 10
277.74647642931524
 20
172.62406334956938
 10
277.6904615869152
 20
172.60912085276942
 10
277.63564506691523
 20
172.5944426991694
 10
277.36457139811523
 20
172.43643284716939
 10
277.0501966077152
 20
172.24654564636938
 10
276.6922660501152
 20
172.02124699036943
 10
276.3125531781152
 20
171.78365879996943
 10
275.9315856373152
 20
171.55588942956942
 10
275.59726438851516
 20
171.3650762751694
 10
275.3932193605153
 20
171.2625763215694
 10
275.2021592517152
 20
171.16949708476943
 10
274.9283478501152
 20
171.02181367196943
 10
274.6282929037153
 20
170.85190536636946
 10
274.3443677413153
 20
170.6828007911694
 10
274.06646763091516
 20
170.52604761436942
 10
273.78453499091523
 20
170.3931515367694
 10
273.53498063091524
 20
170.2977896855694
 10
273.3777201693152
 20
170.27107129276942
 10
273.25666385811525
 20
170.2512796615694
 10
273.13909467011524
 20
170.19545626316943
 10
273.0426518709152
 20
170.1136162103694
 10
272.9836316085152
 20
170.0175208527694
 10
272.9291934621153
 20
169.9216438583694
 10
272.8463079077153
 20
169.8403933527694
 10
272.7487431965152
 20
169.78543688636938
 10
272.65129368611514
 20
169.7667208527694
 10
272.5519245525153
 20
169.74058414876941
 10
272.49482006771524
 20
169.6710958287694
 10
272.48247401971526
 20
169.54863620796942
 10
272.51706836851525
 20
169.3608323191694
 10
272.54304539651514
 20
169.1830711311694
 10
272.53696215891523
 20
168.9846644215694
 10
272.50227936131523
 20
168.79638167196936
 10
272.4417380805152
 20
168.65023231916936
 10
272.35518566291523
 20
168.5474285631694
 10
272.2985045285152
 20
168.56239613996942
 10
272.26766181331527
 20
168.7189235967694
 10
272.2594521261152
 20
169.13972085276936
 10
272.2686947749152
 20
169.5284998103694
 10
272.3102096989152
 20
169.7606014999694
 10
272.38779317411525
 20
169.88657482876943
 10
272.5051677413152
 20
169.9339208527694
 10
272.6010768381152
 20
169.9455265391694
 10
272.6822952413153
 20
169.9797261287694
 10
272.7366787133152
 20
170.03037953596942
 10
272.75596774131526
 20
170.08985357916941
 10
272.77956902451524
 20
170.1572176231694
 10
272.85419774131526
 20
170.23115814476938
 10
272.9623931957152
 20
170.29980812396943
 10
273.0903677413153
 20
170.35192085276944
 10
273.21834813891513
 20
170.40376455676943
 10
273.32653774131524
 20
170.47163053516942
 10
273.40127179411525
 20
170.5444299167694
 10
273.4247677413152
 20
170.61040352556938
 10
273.3341381517153
 20
170.68039896316947
 10
272.9713322093153
 20
170.5600866919694
 10
272.59047585651524
 20
170.3753551031694
 10
272.3823280749152
 20
170.18812404156944
 10
272.33627015971524
 20
170.16873118236938
 10
272.29482044371525
 20
170.2002612567694
 10
272.2661474829153
 20
170.3064382727694
 10
272.25692807491527
 20
170.4690126847694
 10
272.27722314531525
 20
170.65753285836945
 10
272.33925668611516
 20
170.83966849996938
 10
272.43292864691523
 20
170.9918220047694
 10
272.54696774131526
 20
171.09092829996942
 10
272.7178760701152
 20
171.1948977743694
 10
272.7291490285152
 20
171.2340546767694
 10
272.6894819989152
 20
171.2602540807694
 10
272.46336774131527
 20
171.2664364679694
 10
272.26241975891526
 20
171.2985592663694
 10
272.1523117037152
 20
171.3888646551694
 10
272.0995970549152
 20
171.57039486556943
 10
272.0871677413152
 20
171.9542541303694
 10
272.1306863901153
 20
172.44763558156944
 10
272.29030203091526
 20
172.5744395599694
 10
272.4753718653153
 20
172.4353089287694
 10
272.6085573661152
 20
171.9270299575694
 10
272.71194699091524
 20
171.35512085276943
 10
272.7339573661152
 20
171.8848460663694
 10
272.74966530451525
 20
172.11010760396942
 10
272.7786927293152
 20
172.34893257276943
 10
272.81558875331524
 20
172.56679818556944
 10
272.8553400517153
 20
172.7208460663694
 10
272.9109437493152
 20
172.89696601916944
 10
272.90207897251526
 20
172.92232306956942
 10
272.8784648149152
 20
172.91840440316938
 10
272.7743003853153
 20
172.7763208527694
 10
272.6605147661153
 20
172.6594557439694
 10
272.5972404341153
 20
172.6798422727694
 10
272.56202125891514
 20
172.86618617116943
 10
272.50384853331525
 20
173.6596123695694
 10
272.5018334389153
 20
173.8441911375694
 10
272.5226555237153
 20
174.0140675079694
 10
272.56079250611515
 20
174.14849597356942
 10
272.61361934611523
 20
174.2128800119694
 10
272.72027421971524
 20
174.32263460636943
 10
272.75109269091524
 20
174.46080467356944
 10
272.6958678685153
 20
174.5709871327694
 10
272.57890009891526
 20
174.6155208527694
 10
272.5183273845152
 20
174.60419756716942
 10
272.4807498533153
 20
174.57198966396942
 10
272.47210243651523
 20
174.5238521151694
 10
272.49341960051527
 20
174.4673298207694
 10
272.50142229411523
 20
174.40402154716946
 10
272.46042535571524
 20
174.33712666636944
 10
272.37319260131517
 20
174.27628425836937
 10
272.2524872429152
 20
174.23218308476947
 10
272.0738820293152
 20
174.21449783916944
 10
271.97936303331517
 20
174.2762212239694
 10
271.93872473891525
 20
174.43959284556942
 10
271.94197811651526
 20
174.84017411676945
 10
271.96398849171516
 20
175.53512085276944
 10
272.06845873011525
 20
174.94992085276942
 10
272.12297278531526
 20
174.6947400455694
 10
272.1814453005152
 20
174.5618045087694
 10
272.2447875157153
 20
174.5355915615694
 10
272.31206444851523
 20
174.58172755916942
 10
272.3582273653152
 20
174.68328233116944
 10
272.3819816365153
 20
174.8088600647694
 10
272.38137118931525
 20
174.93797290796942
 10
272.35469894371516
 20
175.05021159276941
 10
272.32622010211526
 20
175.14179204876945
 10
272.3251638997152
 20
175.20394965196942
 10
272.34920675811526
 20
175.2277888607694
 10
272.38966598131526
 20
175.2204372439694
 10
272.45542741331525
 20
175.1988069143694
 10
272.5448785773152
 20
175.2015958103694
 10
272.6424732173152
 20
175.22623691036938
 10
272.73343453171515
 20
175.2703945975694
 10
272.78899776691526
 20
175.3429485295694
 10
272.77198901251523
 20
175.42106637596942
 10
272.6590146477152
 20
175.50934479916936
 10
272.4328514005152
 20
175.6140469439694
 10
272.13150165731525
 20
175.7914108647694
 10
271.93997221811526
 20
176.0249499727694
 10
271.9420826165153
 20
176.20127641756943
 10
272.0871677413152
 20
176.2875208527694
 10
272.1509503613153
 20
176.2658201319694
 10
272.20525274131523
 20
176.2044610759694
 10
272.2419541445152
 20
176.1129147287694
 10
272.2543677413152
 20
176.0047639167694
 10
272.26131389811525
 20
175.8523963959694
 10
272.2950220869153
 20
175.82640030716942
 10
272.3501444157152
 20
175.85920277356942
 10
272.4899517053152
 20
176.0441873359694
 10
272.58538612131525
 20
176.20538251516945
 10
272.63008754291513
 20
176.35881677196937
 10
272.6241654861152
 20
176.5082908967694
 10
272.56968286451524
 20
176.65758126876938
 10
272.49658436211524
 20
176.80740032716938
 10
272.4993125645152
 20
176.86859586156942
 10
272.5461401013152
 20
176.88902954076943
 10
272.67533637731526
 20
176.8484455863694
 10
272.8434549741152
 20
176.8604873303694
 10
272.88469569011534
 20
176.98364751916944
 10
272.71129323891523
 20
177.2233434327694
 10
272.42156774131513
 20
177.42419778316946
 10
272.0035677413151
 20
177.6412748807694
 10
272.42156774131513
 20
177.55188089916942
 10
272.5982414605152
 20
177.5174896983694
 10
272.7834286693152
 20
177.48807587436943
 10
272.9511242501152
 20
177.46704060956944
  0
LWPOLYLINE
  8
0
 90
12
 70
1
 10
235.30316774131524
 20
176.89319365676943
 10
235.28959946131525
 20
176.85769609356942
 10
235.21721640771523
 20
176.78120242796942
 10
235.12265895571522
 20
176.69309471596944
 10
235.0105677413152
 20
176.60059365676943
 10
234.82171417091524
 20
176.4534434447694
 10
234.80156774131524
 20
176.4547208527694
 10
234.80029033331527
 20
176.47486728236942
 10
234.94744054531526
 20
176.66372085276942
 10
235.09639484531525
 20
176.84041095756942
 10
235.20721350051525
 20
176.93450392796944
 10
235.27083209731524
 20
176.94076289276944
  0
LWPOLYLINE
  8
0
 90
12
 70
1
 10
272.0341844021152
 20
176.59057085276942
 10
271.99714124211516
 20
176.52090245836942
 10
271.96666920931517
 20
176.51801942876946
 10
271.9430401709152
 20
176.56680236956942
 10
271.9331676797151
 20
176.69158757516942
 10
271.9350065453152
 20
176.80798903836944
 10
271.95351892931524
 20
176.8882435335694
 10
271.98439140611515
 20
176.91876438876943
 10
272.02098446371514
 20
176.91103757516942
 10
272.0532941917153
 20
176.85637387596944
 10
272.0665312485153
 20
176.7752310471694
 10
272.0602732869153
 20
176.6820073495694
  0
LWPOLYLINE
  8
0
 90
88
 70
1
 10
281.0648463413153
 20
173.5289887071694
 10
281.49635743891525
 20
173.2528109239694
 10
282.39376097011524
 20
172.73722280476943
 10
283.3390499125152
 20
172.21119689116944
 10
284.0837677413152
 20
171.8191872951694
 10
284.29197053171526
 20
171.7064202583694
 10
284.4675440749153
 20
171.5951948055694
 10
284.6017672189152
 20
171.4956807095694
 10
284.62716774131525
 20
171.44311269516942
 10
284.5661698373152
 20
171.33836925196943
 10
283.38828897491527
 20
170.6736942431694
 10
281.88741733891527
 20
169.84857127196938
 10
279.77836774131526
 20
168.7219796783694
 10
279.1517252149152
 20
168.3845287799694
 10
278.5828877413153
 20
168.0668226967694
 10
278.1108242901153
 20
167.7936508351694
 10
277.93916774131526
 20
167.67365106076937
 10
277.8028661341152
 20
167.5800254143694
 10
277.5873015277152
 20
167.46612827276942
 10
277.3396489005153
 20
167.35277820956935
 10
277.09351277731525
 20
167.2573182119694
 10
276.70848645651523
 20
167.16162329836942
 10
276.4026828397153
 20
167.1777973903694
 10
276.0227128141152
 20
167.3226589687694
 10
275.2400489453152
 20
167.7383561231694
 10
274.74967074051517
 20
168.0030741855694
 10
274.31851009411525
 20
168.22620877196943
 10
273.94796680451515
 20
168.41101091916943
 10
273.8703039093152
 20
168.42912085276942
 10
273.8276232669152
 20
168.4062729727694
 10
273.7918140429152
 20
168.33378943196942
 10
273.7672597197152
 20
168.2289055407694
 10
273.7591677413152
 20
168.10458849516942
 10
273.7467820669153
 20
167.97278256156946
 10
273.71005274131517
 20
167.84503273276943
 10
273.65609830451524
 20
167.7395920655694
 10
273.5919677413153
 20
167.6767208527694
 10
273.52646396451524
 20
167.67836860876946
 10
273.47178705651527
 20
167.7462782263694
 10
273.43586045811526
 20
167.8867732095694
 10
273.4247677413152
 20
168.0848532103694
 10
273.40993559651525
 20
168.2863875631694
 10
273.36492669411524
 20
168.4532417935694
 10
273.29767467411517
 20
168.56664870476942
 10
273.2157677413153
 20
168.60807250476944
 10
273.1696243869152
 20
168.6262110295694
 10
273.1663914077152
 20
168.65858312316936
 10
273.22474671571524
 20
168.7071431863694
 10
273.34116774131525
 20
168.76352085276937
 10
273.53378314451527
 20
168.84889300556944
 10
273.5631249053152
 20
168.8835552375694
 10
273.54541541571524
 20
168.9088052799694
 10
273.3829677413152
 20
168.91896920076942
 10
273.1940504677152
 20
168.9655295519694
 10
273.10039890531516
 20
169.0777222567694
 10
273.1253463157152
 20
169.22090197036943
 10
273.2656866389152
 20
169.35373869196943
 10
273.3331568549152
 20
169.41525976476942
 10
273.3571350069152
 20
169.48638564156943
 10
273.33582453091526
 20
169.5704950999694
 10
273.2671372661152
 20
169.6715902391694
 10
273.1861800293152
 20
169.82443963036943
 10
273.1964874077152
 20
169.96595704156942
 10
273.29596538851524
 20
170.06521749516943
 10
273.4625021061152
 20
170.10112085276944
 10
273.51076655971525
 20
170.08755190396943
 10
273.5375205661153
 20
170.0520058527694
 10
273.5369900405152
 20
169.9979345431694
 10
273.5083677413152
 20
169.9339208527694
 10
273.47630847891526
 20
169.8697735695694
 10
273.46661823571526
 20
169.8158358527694
 10
273.4799967437153
 20
169.78100792556938
 10
273.5113505893152
 20
169.7667208527694
 10
273.6371333101152
 20
169.7989036759694
 10
275.32478105651523
 20
170.7242836127694
 10
276.8358970365153
 20
171.56147925996942
 10
277.6221863029152
 20
172.02392085276944
 10
277.77602685571526
 20
172.11578320796943
 10
278.05336835091526
 20
172.27456836636944
 10
278.37735396451524
 20
172.45736411356944
 10
278.7101433269153
 20
172.64239766556938
 10
279.05984045491516
 20
172.8401991111694
 10
279.4347943133152
 20
173.0615219183694
 10
279.78001934291524
 20
173.27297892236942
 10
280.02916774131523
 20
173.4354958175694
 10
280.4268315397152
 20
173.69457756796942
 10
280.6038858061153
 20
173.75391283516942
 10
280.7686702677152
 20
173.7176444799694
  0
LWPOLYLINE
  8
0
 90
16
 70
1
 10
272.42156774131513
 20
173.0172532103694
 10
272.40931749891524
 20
172.9250195039694
 10
272.3724527413152
 20
172.8635114727694
 10
272.3178448869153
 20
172.84187278316944
 10
272.2543677413152
 20
172.8599208527694
 10
272.1904112333152
 20
172.91111799436942
 10
272.13628274131526
 20
172.9791177327694
 10
272.09942383571524
 20
173.05277635516939
 10
272.0871677413152
 20
173.12058849516941
 10
272.09996790451527
 20
173.1806189799694
 10
272.13628274131526
 20
173.2317044319694
 10
272.19054215091523
 20
173.26594632316943
 10
272.2543677413152
 20
173.2779208527694
 10
272.3181343101152
 20
173.2578538431694
 10
272.3724527413152
 20
173.2013497735694
 10
272.4091038173152
 20
173.1169233039694
  0
LWPOLYLINE
  8
0
 90
16
 70
1
 10
286.2155677413152
 20
173.11072085276942
 10
286.2417365477152
 20
173.04683373276941
 10
286.2365346213153
 20
172.9926358527694
 10
286.2011820205152
 20
172.9566106063694
 10
286.14183538371515
 20
172.94352085276938
 10
286.0742439477153
 20
172.95624861836941
 10
286.0167813205153
 20
172.9926358527694
 10
285.9783213077152
 20
173.04692468956944
 10
285.9647677413152
 20
173.11072085276942
 10
285.97017582531527
 20
173.1747332055694
 10
285.9864266621152
 20
173.22880585276937
 10
286.0103049957152
 20
173.26547114076942
 10
286.03850009891516
 20
173.2779208527694
 10
286.07373365331523
 20
173.2669627319694
 10
286.1209283613153
 20
173.22880585276937
 10
286.1705919445152
 20
173.1747206655694
  0
LWPOLYLINE
  8
0
 90
44
 70
1
 10
261.98450149731525
 20
172.79724793916944
 10
262.0039553845153
 20
172.7101041351694
 10
262.4839807325152
 20
172.4053841415694
 10
263.0829524949153
 20
172.05583381516942
 10
263.8118035453153
 20
171.66864793916938
 10
264.5471284125152
 20
171.28463769276942
 10
265.16677813331523
 20
170.9446318111694
 10
265.69645853731527
 20
170.6426294863694
 10
265.73153759891517
 20
170.58335039836942
 10
265.7017246685152
 20
170.52284590156944
 10
265.38793524531525
 20
170.29530007756938
 10
265.0090573701152
 20
170.03576103516946
 10
264.5589767061152
 20
169.7473503983694
 10
264.0146153061153
 20
169.40661351836945
 10
263.3426451941152
 20
168.9840732023694
 10
262.65723103171524
 20
168.55170955196942
 10
262.06769921411524
 20
168.1783208527694
 10
261.5102686261153
 20
167.82477478076942
 10
260.9241383253152
 20
167.4537725271694
 10
260.3921522333152
 20
167.11767059836944
 10
260.0236900821152
 20
166.88573092556936
 10
259.7248225901152
 20
166.6960824863694
 10
259.4282606189152
 20
166.5038238879694
 10
259.1712758909153
 20
166.3336835087694
 10
259.0180426085152
 20
166.22679054236937
 10
258.79473831411525
 20
166.1598745943694
 10
258.46424895491526
 20
166.2165925127694
 10
257.9461775813152
 20
166.4084312719694
 10
257.0116426085153
 20
166.8333598727694
 10
255.2937806517152
 20
167.64913602956943
 10
254.9206307141153
 20
167.91971194396945
 10
254.9218485989152
 20
168.1676625215694
 10
255.37247349891524
 20
168.54106526556942
 10
255.67021874451518
 20
168.7377855959694
 10
255.97763985411524
 20
168.9375136871694
 10
256.2528664365152
 20
169.1134485495694
 10
256.4354658909152
 20
169.22610506716939
 10
256.67229482611526
 20
169.37735987196942
 10
257.4214279053152
 20
169.88730582716937
 10
258.3099447565153
 20
170.49699226716942
 10
259.29636774131524
 20
171.1796023183694
 10
260.8383419861152
 20
172.2411720055694
 10
261.60616317651517
 20
172.73363770236944
 10
261.92560111731524
 20
172.87431393036942
  0
LWPOLYLINE
  8
0
 90
20
 70
1
 10
270.81226774131517
 20
172.4210208527694
 10
270.8871477597153
 20
171.8401533391694
 10
270.91400442691514
 20
171.02195311676945
 10
270.9112566621152
 20
170.1836738463694
 10
270.8276093445152
 20
170.10112085276944
 10
270.71827308451526
 20
170.12769829596942
 10
270.0052486845152
 20
170.4982991023694
 10
269.3003799661152
 20
170.8748666079694
 10
268.70940889091526
 20
171.2085909527694
 10
268.58393699491523
 20
171.28727727916942
 10
268.4730170165153
 20
171.3683572407694
 10
268.3866811229152
 20
171.44217269676943
 10
268.35643330531525
 20
171.4886583095694
 10
268.41072398131524
 20
171.6489019535694
 10
269.34259044211524
 20
172.2614640663694
 10
270.25126158131525
 20
172.82699883836943
 10
270.6032677413153
 20
172.9368264991694
 10
270.6497491741152
 20
172.91111364716943
 10
270.70776774131525
 20
172.78806999676942
 10
270.7646548661153
 20
172.62077703356942
  0
LWPOLYLINE
  8
0
 90
36
 70
1
 10
257.92979616131527
 20
172.38312513996942
 10
257.7013389301152
 20
172.2008829919694
 10
257.3995424285152
 20
171.9747464967694
 10
257.07895950211525
 20
171.74407955036938
 10
256.78836774131526
 20
171.54504734556943
 10
256.47722676611517
 20
171.33592144396943
 10
256.0904221061153
 20
171.07183606636943
 10
255.69429052851524
 20
170.79849901116938
 10
255.35154858611523
 20
170.55884305836943
 10
255.0040494693152
 20
170.3158807255694
 10
254.59270586851522
 20
170.03200689356942
 10
254.1842538245152
 20
169.7529245119694
 10
253.84674858611518
 20
169.52551261516942
 10
253.55043724771525
 20
169.3202543839694
 10
253.26935481971523
 20
169.1103841079694
 10
253.0353296613152
 20
168.9221133967694
 10
252.91578115971515
 20
168.8032142999694
 10
252.7996385221152
 20
168.7144336079694
 10
252.61983180931517
 20
168.6522564423694
 10
252.40052476531528
 20
168.62114587276943
 10
252.16338115971521
 20
168.6264225375694
 10
251.60516774131517
 20
168.67992085276938
 10
252.85916774131516
 20
169.6028193743694
 10
253.36991558771518
 20
169.97705811836943
 10
253.86759274131532
 20
170.33836695196942
 10
254.29496998611523
 20
170.64574927116945
 10
254.53116774131522
 20
170.8108259983694
 10
254.7633516933152
 20
170.97216747756937
 10
255.16699389491532
 20
171.25899038316945
 10
255.6341207661152
 20
171.59355239996938
 10
256.1087034197152
 20
171.9361274767694
 10
256.68790428371517
 20
172.33417399596942
 10
257.1348300509152
 20
172.5871223487694
 10
257.5045100869152
 20
172.72938814716943
 10
257.83533183971525
 20
172.7763208527694
 10
258.40242474851516
 20
172.7763208527694
  0
LWPOLYLINE
  8
0
 90
34
 70
1
 10
246.1711677413152
 20
172.2895839295694
 10
246.1428002549153
 20
172.2059573447694
 10
246.01154407491524
 20
172.0469347623694
 10
245.83588860371523
 20
171.8646773991694
 10
245.6277677413152
 20
171.67746422796938
 10
245.42372438531527
 20
171.4880806335694
 10
245.26036313011525
 20
171.2992566575694
 10
245.1510233589152
 20
171.13385037916942
 10
245.1401010189152
 20
171.0356013183694
 10
245.15454709891526
 20
170.97213871916938
 10
245.14475051651527
 20
170.94171918716944
 10
245.11934414211518
 20
170.9386365207694
 10
245.07766519491528
 20
170.97169012156942
 10
244.91016306451525
 20
170.99351691116937
 10
244.4394027701152
 20
170.69530852156942
 10
243.77919935811525
 20
170.20407575756943
 10
242.82716774131524
 20
169.42185162476943
 10
241.84234669971525
 20
168.64152136636943
 10
241.21796789411525
 20
168.3009849591694
 10
240.5006243837152
 20
168.13499649036942
 10
239.10696774131523
 20
168.03101464316944
 10
238.35437679891524
 20
168.00080996316944
 10
237.72263183011523
 20
167.99552560716938
 10
237.19578814131523
 20
168.00581058076938
 10
237.15313508691523
 20
168.0536067071694
 10
237.19339785011525
 20
168.1347726095694
 10
237.85451116451523
 20
168.73106599516942
 10
238.61952289331526
 20
169.40658007836942
 10
239.52567867571526
 20
170.1847208527694
 10
241.88745491891527
 20
172.19112085276942
 10
243.15151133011523
 20
172.28585971676944
 10
244.56526022931524
 20
172.3804745183694
 10
245.46762893171518
 20
172.4075875031694
 10
246.07408958211522
 20
172.39193290156942
  0
LWPOLYLINE
  8
0
 90
26
 70
1
 10
249.34796774131524
 20
171.60835511756943
 10
249.3294488365152
 20
171.1156314311694
 10
249.25865317971517
 20
170.8462127079694
 10
249.10188361731528
 20
170.64033717436942
 10
248.77907776691524
 20
170.3961551175694
 10
248.48994014451523
 20
170.19594967036943
 10
248.06747088851517
 20
169.88799636316944
 10
247.60098639971523
 20
169.5394958855694
 10
247.1554529069152
 20
169.1979520983694
 10
246.10071802131526
 20
168.3783833439694
 10
244.08774288131525
 20
168.29885667036945
 10
242.07476774131524
 20
168.21932999676943
 10
242.97714547251525
 20
168.9512254247694
 10
243.40951999091524
 20
169.30246631036943
 10
243.97491097091523
 20
169.76281656556938
 10
244.57085407251523
 20
170.2487332055694
 10
245.10662540531524
 20
170.68632085276943
 10
245.61031256291523
 20
171.09754406956944
 10
246.10901398371516
 20
171.50357271676944
 10
246.5414465205152
 20
171.8546763311694
 10
246.7958476741152
 20
172.0597058327694
 10
247.07767497811523
 20
172.24245108556943
 10
247.37744250771527
 20
172.35524554316942
 10
247.75733261171519
 20
172.4153888879694
 10
248.30296774131526
 20
172.43590583276944
 10
249.34796774131524
 20
172.44192085276944
  0
LWPOLYLINE
  8
0
 90
12
 70
1
 10
264.14959202051523
 20
172.13981185436938
 10
264.09838702051525
 20
172.11957580556935
 10
264.02291360931525
 20
172.13473783596942
 10
263.93559541571517
 20
172.1813082191694
 10
263.8497810189152
 20
172.25397333916942
 10
263.74497220051524
 20
172.36441495836942
 10
263.7457572045153
 20
172.3967220111694
 10
263.78338339091516
 20
172.40543614076938
 10
263.9433787429153
 20
172.34757106316943
 10
264.05165846611527
 20
172.29707933836943
 10
264.1276259533152
 20
172.23945017996942
 10
264.16063206931517
 20
172.1846528879694
  0
LWPOLYLINE
  8
0
 90
20
 70
1
 10
240.8108153285152
 20
171.8762381087694
 10
239.50326116851525
 20
170.70152969916938
 10
237.92760832931526
 20
169.3566135287694
 10
236.30523914131524
 20
168.0041855639694
 10
236.09987105971524
 20
167.93308342956942
 10
236.06010103491522
 20
167.96774699916944
 10
236.07328425331525
 20
168.03851473356943
 10
236.16004416611526
 20
168.1508524007694
 10
236.30636774131526
 20
168.2841868767694
 10
236.52298637651526
 20
168.4681331271694
 10
236.85116553331522
 20
168.7566146567694
 10
237.21806737411524
 20
169.08421396396943
 10
237.57401962131524
 20
169.40722413276944
 10
238.97816020531525
 20
170.6719317879694
 10
240.0123714581152
 20
171.55138673356944
 10
240.81189794851525
 20
172.1885621911694
 10
240.97261627331528
 20
172.17860559836936
 10
240.98588844211528
 20
172.1324359935694
 10
240.95769400771525
 20
172.05717843756938
 10
240.89733681411525
 20
171.9675411799694
  0
LWPOLYLINE
  8
0
 90
32
 70
1
 10
238.5552077413152
 20
171.9565119991694
 10
236.96805973491524
 20
170.49623786076944
 10
235.35671354131523
 20
169.11018497276942
 10
233.86435154931524
 20
167.88789010556937
 10
233.50576774131525
 20
167.76090103676944
 10
233.36174249731522
 20
167.77294528876945
 10
233.24007640771524
 20
167.8096062295694
 10
233.15762356691525
 20
167.86363490316938
 10
233.12956774131524
 20
167.9275208527694
 10
233.05261544611523
 20
168.05405346556938
 10
232.8681595701152
 20
168.0857708039694
 10
232.61587700771526
 20
168.0013338007694
 10
232.38114877331526
 20
167.8240160271694
 10
232.2691513581152
 20
167.72871035516943
 10
232.15648731651524
 20
167.6663071351694
 10
232.06008431091524
 20
167.6436624031694
 10
231.9964822669152
 20
167.6672728823694
 10
231.99003637251525
 20
167.74728711116944
 10
232.16877802131523
 20
167.9779828159694
 10
232.42132108131526
 20
168.2562842063694
 10
232.74305183571525
 20
168.56497770796943
 10
233.15552136131527
 20
168.9436153167694
 10
233.69567734691523
 20
169.4451496071694
 10
234.2652108741152
 20
169.9776727455694
 10
234.77762737651523
 20
170.46073210476936
 10
235.87678663331522
 20
171.4730953335694
 10
236.44031634291522
 20
171.8759953343694
 10
236.95947418211523
 20
172.05267206316944
 10
237.71461074451526
 20
172.1075208527694
 10
238.11439029171524
 20
172.0979476495694
 10
238.39594322051522
 20
172.0660483975694
 10
238.54568235731523
 20
172.01744385916942
  0
LWPOLYLINE
  8
0
 90
36
 70
1
 10
235.47036774131524
 20
171.86025094636943
 10
235.44990129091522
 20
171.8077033303694
 10
235.18795657491523
 20
171.5248596175694
 10
234.87747403331525
 20
171.20056418236942
 10
234.50896774131525
 20
170.8309322999694
 10
234.14385527491524
 20
170.45603612556943
 10
233.84347462291524
 20
170.1154320023694
 10
233.61130053571523
 20
169.8247598183694
 10
233.59351045571523
 20
169.7281742303694
 10
233.60006402691522
 20
169.67629039836942
 10
233.58263911171525
 20
169.64653047036938
 10
233.54532308131525
 20
169.6417226343694
 10
233.49198695011523
 20
169.66580411596942
 10
233.39151412931523
 20
169.66302859596942
 10
233.0502637781152
 20
169.41505728556942
 10
232.64647460771525
 20
169.0888236679694
 10
232.19532854531522
 20
168.68421538476943
 10
231.47013114931525
 20
168.03023231436944
 10
231.06632642931524
 20
167.75093073356942
 10
230.66670739411524
 20
167.60992043996941
 10
230.03965205091524
 20
167.5243780775694
 10
228.49967367251523
 20
167.4026431015694
 10
227.5132647325152
 20
167.3584329135694
 10
226.84180926211525
 20
167.36332334636938
 10
226.66930902211524
 20
167.46323069676941
 10
226.67815139411522
 20
167.58054423596946
 10
227.20153354131523
 20
168.1869634207694
 10
227.84351884131524
 20
168.8902126399694
 10
228.6254772933152
 20
169.6934551503694
 10
229.91748870851524
 20
170.97175415916942
 10
230.49932748691523
 20
171.47138404156942
 10
230.93845019731526
 20
171.70873413916942
 10
231.44720033811524
 20
171.81870592636943
 10
232.52317213171523
 20
171.87940671596945
 10
233.92311281891523
 20
171.9093639399694
 10
235.40811684051522
 20
171.9220798343694
  0
LWPOLYLINE
  8
0
 90
30
 70
1
 10
229.86916774131524
 20
171.60592085276943
 10
229.89442848451523
 20
171.54208288956943
 10
229.88723604211523
 20
171.48783585276942
 10
229.84882802851524
 20
171.45166514236945
 10
229.78556774131522
 20
171.4387208527694
 10
229.72257597731524
 20
171.4253893279694
 10
229.68465150611524
 20
171.38838897116943
 10
229.67821280131523
 20
171.3328210543694
 10
229.70452807491523
 20
171.26737813836945
 10
229.73505745731524
 20
171.2045893551694
 10
229.73547629331523
 20
171.1598631879694
 10
229.70939927971523
 20
171.1382714815694
 10
229.66117930131526
 20
171.14197813836938
 10
229.56044782211524
 20
171.12048106716946
 10
229.00120762851523
 20
170.62548647036942
 10
228.35851925251524
 20
170.03224465196942
 10
227.62404426291522
 20
169.3191934999694
 10
226.82726687491524
 20
168.55114341276942
 10
226.18375269811526
 20
167.9798696679694
 10
225.6688932365152
 20
167.56414124716937
 10
225.50366084611522
 20
167.5396818935694
 10
225.33526469731524
 20
167.76426108796943
 10
225.27138159011525
 20
168.83508345596937
 10
225.27476939651527
 20
169.98203265276942
 10
225.37736398531524
 20
170.9720148239694
 10
225.47987999011525
 20
171.59210879516942
 10
226.67132394931525
 20
171.6493926855694
 10
228.35612779091522
 20
171.72349305036943
 10
229.20289246131526
 20
171.73461619756944
 10
229.70605628291526
 20
171.7072918719694
  0
LWPOLYLINE
  8
0
 90
64
 70
1
 10
217.91436774131523
 20
171.09579649516942
 10
217.88265993331527
 20
170.99675808316942
 10
217.73018657491522
 20
170.7965904231694
 10
217.52751208531524
 20
170.5651102159694
 10
217.28736774131522
 20
170.32398457516945
 10
217.06133006131523
 20
170.10281776556943
 10
216.91259646531523
 20
169.9402682663694
 10
216.87288211811526
 20
169.8710882631694
 10
216.89201865971523
 20
169.8547755623694
 10
216.9357429645152
 20
169.8451919927694
 10
216.94292788291523
 20
169.7919563487694
 10
216.87283597091525
 20
169.65465053836942
 10
216.74002934531524
 20
169.4627530919694
 10
216.5845442133152
 20
169.26911793596938
 10
216.43475307731524
 20
169.1174962943694
 10
216.30694021411523
 20
169.0175892783694
 10
216.23951965651526
 20
169.01608113436936
 10
216.17590122691527
 20
169.01047023676938
 10
216.06516516851525
 20
168.8966020207694
 10
215.93833510691525
 20
168.7251947671694
 10
215.81008702211523
 20
168.50791552476943
 10
215.68023047331525
 20
168.28559185836943
 10
215.54849459651527
 20
168.09801185036937
 10
215.42946575251526
 20
167.95838262876939
 10
215.35847815011525
 20
167.9275208527694
 10
215.31136135731523
 20
167.9178026871694
 10
215.28257804451528
 20
167.8906846863694
 10
215.27692651731525
 20
167.8499980711694
 10
215.29535078691526
 20
167.8021208527694
 10
215.3075899941152
 20
167.73847483516943
 10
215.28045059171524
 20
167.6502268423694
 10
215.22168430611524
 20
167.55288032716942
 10
215.13801842931525
 20
167.46112865836943
 10
215.04834906931524
 20
167.38709266556938
 10
214.97328513091526
 20
167.3462891775694
 10
214.92590299171525
 20
167.34458290156942
 10
214.90476774131523
 20
167.37293182876937
 10
214.88186769491523
 20
167.38825687916938
 10
214.82831019091523
 20
167.3537462975694
 10
214.74458729891523
 20
167.2628404935694
 10
214.64448683251524
 20
167.12872385596944
 10
214.48440152691526
 20
166.9528692495694
 10
214.29630152691522
 20
166.8389814711694
 10
214.05393375731526
 20
166.7767118439694
 10
213.7248868325152
 20
166.75712085276942
 10
213.47220332451522
 20
166.7661702183694
 10
213.25945252691525
 20
166.7939570191694
 10
213.1019956053152
 20
166.83356067996937
 10
213.06628185251523
 20
166.8825208527694
 10
213.09365533491524
 20
166.96878033596937
 10
213.4403376797152
 20
167.4622346863694
 10
213.85119991171524
 20
168.03000676156944
 10
214.33866047651523
 20
168.67992085276938
 10
214.85100809251526
 20
169.3537779839694
 10
215.3388413461152
 20
169.99583718636944
 10
215.7518430693152
 20
170.5397889463694
 10
215.95778983011525
 20
170.81172085276938
 10
216.17599285251524
 20
171.05329341916942
 10
216.3885020461152
 20
171.18778023756943
 10
216.66508595811524
 20
171.25298639836942
 10
217.1098110389152
 20
171.2715208527694
 10
217.42227439891525
 20
171.25904221516942
 10
217.68118577251522
 20
171.2205912311694
 10
217.86683813171524
 20
171.16498669756942
  0
LWPOLYLINE
  8
0
 90
44
 70
1
 10
286.45740983411525
 20
170.51111130396941
 10
286.8452496293153
 20
170.27526717676943
 10
287.1719266613153
 20
170.05767359836943
 10
287.43550692771527
 20
169.8669477223694
 10
287.46847926931525
 20
169.80051130396942
 10
287.4023924661152
 20
169.6917654271694
 10
285.0238771621152
 20
168.43147870716942
 10
282.6482179685152
 20
167.1936232047694
 10
280.4099261149152
 20
166.06646747836942
 10
279.77053007411524
 20
165.79476497036936
 10
279.2919038557152
 20
165.70434053516942
 10
279.05478666771523
 20
165.8030886879694
 10
279.0111111853152
 20
166.0262966751694
 10
279.0180177157152
 20
166.1286917943694
 10
278.96355666291515
 20
166.20163296156943
 10
278.83337658211525
 20
166.2437315807694
 10
278.6105874309152
 20
166.2555208527694
 10
278.18959789491527
 20
166.3011627743694
 10
277.73770846131526
 20
166.4380808479694
 10
277.3652926989152
 20
166.61573703436943
 10
277.2703677413152
 20
166.77905849596942
 10
277.30702032211525
 20
166.8508637063694
 10
277.52822140771525
 20
167.00286455756947
 10
277.8117929421152
 20
167.1737554975694
 10
278.1481677413152
 20
167.3507295079694
 10
278.5671364981153
 20
167.56378778636946
 10
279.11191907491525
 20
167.85011343916943
 10
279.68410372531525
 20
168.1569653999694
 10
280.1963677413152
 20
168.43821034636937
 10
280.6934951413152
 20
168.71340666556938
 10
281.21942274131527
 20
169.0017541007694
 10
281.6991921061152
 20
169.26245484876938
 10
282.0355677413152
 20
169.44210606556942
 10
282.37197631491523
 20
169.62116388956943
 10
282.8517127413153
 20
169.87978483676937
 10
283.3776410101152
 20
170.16519005356943
 10
283.87476774131517
 20
170.43690192476942
 10
284.33766445251524
 20
170.6838071679694
 10
284.76012501411526
 20
170.8941437647694
 10
285.11731554451524
 20
171.05995717516942
 10
285.24520983411526
 20
171.0916972527694
 10
285.36991043651517
 20
171.0698035831694
 10
285.68381088051524
 20
170.92635735276946
 10
286.05513984291514
 20
170.7374081439694
  0
LWPOLYLINE
  8
0
 90
16
 70
1
 10
268.3631437101152
 20
170.10112085276944
 10
268.5180028453152
 20
169.97262664956943
 10
268.62767233491525
 20
169.86495085276943
 10
268.6811607853152
 20
169.79187676156937
 10
268.66668845491523
 20
169.7667208527694
 10
268.5968429957153
 20
169.7842383967694
 10
268.4559462309152
 20
169.86495085276943
 10
268.29167825011524
 20
169.97306320876942
 10
268.1199917725153
 20
170.10112085276944
 10
267.96513263731515
 20
170.22961505596942
 10
267.8554631477152
 20
170.3372908527694
 10
267.80197469731525
 20
170.41036494396943
 10
267.8164470277153
 20
170.4355208527694
 10
267.88629248691524
 20
170.4180033087694
 10
268.0271892517152
 20
170.3372908527694
 10
268.19145723251523
 20
170.2291784967694
  0
LWPOLYLINE
  8
0
 90
36
 70
1
 10
268.42233719171526
 20
169.31173637996937
 10
269.83894888931525
 20
168.5519217287694
 10
270.0002450573152
 20
168.27665819516943
 10
269.83924165651524
 20
167.9945434743694
 10
268.4087677413152
 20
167.1588215279694
 10
267.3033446709153
 20
166.5254635807694
 10
266.3415012565153
 20
165.96567346636937
 10
265.3889628565152
 20
165.4008479567694
 10
264.31236774131526
 20
164.7523843255694
 10
262.9747677413152
 20
163.9415888895694
 10
262.38956774131526
 20
164.2480355575694
 10
262.07860082131526
 20
164.4070439279694
 10
261.58916345091524
 20
164.6496777127694
 10
261.03400661571527
 20
164.9211252407694
 10
260.4865575333152
 20
165.1849989431694
 10
259.1687473253153
 20
165.81551566076942
 10
259.55893343811516
 20
166.13146932076938
 10
259.78087488531526
 20
166.2967935039694
 10
260.1729307957153
 20
166.5597221919694
 10
260.63152494931524
 20
166.8551706111694
 10
261.1012165013152
 20
167.1456719167694
 10
261.6008253165153
 20
167.44969585676944
 10
262.14984624611526
 20
167.7861552591694
 10
262.66574335091525
 20
168.1042382111694
 10
263.0531816989153
 20
168.34552085276943
 10
263.42687403331524
 20
168.57771734476944
 10
263.8942883213153
 20
168.86408713836943
 10
264.37508228771526
 20
169.15581485596942
 10
264.7933036605152
 20
169.4064785879694
 10
265.16026535891524
 20
169.63175534076944
 10
265.4848154397153
 20
169.8459524183694
 10
265.7490128413153
 20
170.03290693116944
 10
265.8270302005152
 20
170.11707858796944
 10
266.07395417011526
 20
170.25251343036942
 10
266.5299035541152
 20
170.1801613087694
 10
267.25052217811526
 20
169.89745637196938
  0
LWPOLYLINE
  8
0
 90
14
 70
1
 10
249.34796774131524
 20
169.34347328076944
 10
249.30159482131523
 20
168.79129093356937
 10
249.1344090333153
 20
168.54224753676942
 10
248.78570172931524
 20
168.44169078156938
 10
247.9290562077152
 20
168.46188837436938
 10
246.96558794371524
 20
168.51272085276935
 10
248.03137775891526
 20
169.3040202671694
 10
248.44887314931526
 20
169.60745215196943
 10
248.8209282613152
 20
169.8637276175694
 10
249.1396658013152
 20
170.0727583823694
 10
249.2225677413153
 20
170.09822026716944
 10
249.27174493971523
 20
170.0612408103694
 10
249.31113157491524
 20
169.87770988476944
 10
249.33893074851522
 20
169.6337214455694
  0
LWPOLYLINE
  8
0
 90
16
 70
1
 10
269.7463677413152
 20
169.33695532316943
 10
269.7242001981152
 20
169.3165744791694
 10
269.6481377413153
 20
169.3304840143694
 10
269.5402900629152
 20
169.3695925959694
 10
269.41196774131527
 20
169.4323208527694
 10
269.28387933251526
 20
169.50696411596942
 10
269.17579774131525
 20
169.58327269116938
 10
269.0957412109152
 20
169.6525118831694
 10
269.0775677413152
 20
169.6948863823694
 10
269.0997352845152
 20
169.7152672263694
 10
269.17579774131525
 20
169.7013576911694
 10
269.28364541971524
 20
169.66224910956942
 10
269.41196774131527
 20
169.59952085276942
 10
269.5400561501153
 20
169.52487758956943
 10
269.6481377413153
 20
169.44856901436944
 10
269.7281942717152
 20
169.3793298223694
  0
LWPOLYLINE
  8
0
 90
132
 70
1
 10
291.6495677413152
 20
169.58965321036942
 10
291.66519358451524
 20
169.53204929916944
 10
291.7064195869152
 20
169.4997355583694
 10
291.76902645651523
 20
169.4994401159694
 10
291.84310575411524
 20
169.53219860876936
 10
291.92188287011527
 20
169.56071908316937
 10
291.9666836085152
 20
169.5351012007694
 10
291.97630212291523
 20
169.45121144316943
 10
291.94235885091524
 20
169.29126625116942
 10
291.8762939509152
 20
169.0080296183694
 10
291.91179151411524
 20
168.95118629996944
 10
291.9930721157153
 20
168.9719455175694
 10
292.2432210389153
 20
169.2138600079694
 10
292.41155515651525
 20
169.3682822495694
 10
292.5107010781153
 20
169.40769162396944
 10
292.5991453637152
 20
169.37445711276945
 10
292.71496396771516
 20
169.24098469676937
 10
292.8044285077152
 20
169.1489606591694
 10
292.91639565971514
 20
169.08313585836942
 10
293.0329542909153
 20
169.05237674316942
 10
293.1358413125152
 20
169.06313673196945
 10
293.22861825171515
 20
169.0853280175694
 10
293.2749423493152
 20
169.06845720316937
 10
293.2837676669152
 20
169.0223006399694
 10
293.2444183173152
 20
168.9411581455694
 10
293.2182906421152
 20
168.8523435119694
 10
293.2445641157152
 20
168.7707666319694
 10
293.32671031171526
 20
168.70226729996944
 10
293.4603788533152
 20
168.65219073276938
 10
293.5969789125152
 20
168.60086250636942
 10
293.7266749493152
 20
168.52062740636939
 10
293.83092465091516
 20
168.42527625596946
 10
293.8899541093153
 20
168.32904463036937
 10
293.94346630211516
 20
168.2394662271694
 10
294.0286730941152
 20
168.1635534143694
 10
294.1313165053152
 20
168.11223873116938
 10
294.23592016931525
 20
168.0947208527694
 10
294.33381660531523
 20
168.08224539196942
 10
294.4167538245152
 20
168.04560585276943
 10
294.47224800611514
 20
167.9912852479694
 10
294.4919677413153
 20
167.9275208527694
 10
294.5112907109152
 20
167.86375846396948
 10
294.56564024131524
 20
167.80943585276935
 10
294.64688573091524
 20
167.77280968956939
 10
294.7427677413152
 20
167.7603208527694
 10
294.83860862051523
 20
167.77420547516942
 10
294.9198952413152
 20
167.8146300879694
 10
294.9742374149152
 20
167.87469969756938
 10
294.99356774131513
 20
167.9452030887694
 10
295.0330754293152
 20
167.97328717116943
 10
295.1409127413153
 20
167.91804295356937
 10
295.3024352981152
 20
167.78651507356943
 10
295.4951677413152
 20
167.59312085276946
 10
295.6877589005153
 20
167.3955489727694
 10
295.84942274131527
 20
167.24965510156937
 10
295.9673121173153
 20
167.16211018476943
 10
295.9967677413152
 20
167.17791125356942
 10
296.01532493491527
 20
167.20914856076942
 10
296.05816157491523
 20
167.2155442951694
 10
296.1254717805152
 20
167.1897669039694
 10
296.2057677413153
 20
167.1350483631694
 10
296.3183287877153
 20
167.0639649551694
 10
296.49290581891523
 20
166.98540051756936
 10
296.69258408451526
 20
166.91237625196942
 10
296.8897697325152
 20
166.8567747279694
 10
297.0900726573152
 20
166.7935983751694
 10
297.2205869709152
 20
166.7133458863694
 10
297.2806915253152
 20
166.6187397791694
 10
297.2765270749152
 20
166.5131571591694
 10
297.2852400341152
 20
166.33743079516938
 10
297.4229880885153
 20
166.19843342236942
 10
297.61445399171527
 20
166.1686910503694
 10
297.7585663469152
 20
166.2655505119694
 10
297.8822261293153
 20
166.3533412127694
 10
298.0206413117153
 20
166.31851579356942
 10
298.13208211811525
 20
166.15143734796936
 10
298.17036774131526
 20
165.9112532103694
 10
298.18925214531527
 20
165.7872620375694
 10
298.24404024131525
 20
165.68205227356938
 10
298.32552265331515
 20
165.61171992796943
 10
298.42116774131523
 20
165.58672085276942
 10
298.5905869869153
 20
165.54497452396942
 10
298.66512207171525
 20
165.4353393103694
 10
298.6188471309151
 20
165.30081069196942
 10
298.46296774131525
 20
165.19585423596942
 10
298.43994965171527
 20
165.1620522479694
 10
298.4627065749152
 20
165.12896420396936
 10
298.5753880053153
 20
165.1016813439694
 10
298.7555677413152
 20
165.0865691391694
 10
299.0501171261152
 20
165.06891097996942
 10
299.1112357485152
 20
165.04088943036942
 10
299.10482663811524
 20
165.00220804476942
 10
298.9227677413152
 20
164.9179208527694
 10
298.76289294051526
 20
164.84512331036942
 10
298.7226920413152
 20
164.80380601676944
 10
298.73844729731525
 20
164.7744610791694
 10
298.85310101891525
 20
164.76247250476942
 10
298.9541714125153
 20
164.7389284039694
 10
299.04006890771524
 20
164.6805003639694
 10
299.0976286781153
 20
164.59653436316938
 10
299.1178344637152
 20
164.49992085276943
 10
299.09224584131516
 20
164.3215075847694
 10
299.0161526197152
 20
164.2766707311694
 10
298.8585284981152
 20
164.3434149647694
 10
298.3734843077152
 20
164.66712085276941
 10
298.12859098211516
 20
164.82722739276943
 10
297.9016649685152
 20
164.9623333527694
 10
297.7091505541152
 20
165.06616839836943
 10
297.6311076133153
 20
165.08512085276942
 10
297.2943191613152
 20
165.1835784119694
 10
296.30761645091525
 20
165.83376186236939
 10
295.30547783651525
 20
166.52684231196938
 10
295.2889693445152
 20
166.67526207356943
 10
295.32417614691525
 20
166.72069332316943
 10
295.31806766211525
 20
166.7380231015694
 10
295.2864692029152
 20
166.73582809996944
 10
295.21586816691524
 20
166.6986797711694
 10
294.7914085621153
 20
166.6901303335694
 10
293.6106662389152
 20
167.34897658316942
 10
292.4841248053152
 20
168.0650344927694
 10
292.4494378277152
 20
168.35013055676941
 10
292.47743112051523
 20
168.39044097196944
 10
292.4684223845153
 20
168.40586701116942
 10
292.4265874397152
 20
168.39684523356942
 10
292.3459348413152
 20
168.3536631583694
 10
292.0404163005153
 20
168.32156911836938
 10
291.55537679171516
 20
168.53431289356942
 10
291.1290177949153
 20
168.83250473036946
 10
291.03373619971524
 20
169.0907330919694
 10
291.15172221731524
 20
169.4477499015694
 10
291.3731486885152
 20
169.7178829031694
 10
291.55294921491526
 20
169.74045222796943
  0
LWPOLYLINE
  8
0
 90
40
 70
1
 10
289.10802474611523
 20
168.9136916999694
 10
289.0403288101153
 20
168.8229323631694
 10
288.8174067349152
 20
168.67807345996937
 10
288.53176911011525
 20
168.52129854716947
 10
288.2049220357152
 20
168.37029169996936
 10
287.8528545133152
 20
168.2138712511694
 10
287.4910286973153
 20
168.04089181596942
 10
287.1693554597153
 20
167.87659641436937
 10
286.9565984757152
 20
167.75329795116943
 10
286.74900379171527
 20
167.63243208076938
 10
286.4483980885152
 20
167.47769901436942
 10
286.11543901811524
 20
167.3179116591694
 10
285.7975677413152
 20
167.17713812076937
 10
285.47886849011525
 20
167.0351903367694
 10
285.14339774131525
 20
166.87184362796944
 10
284.8393801549152
 20
166.71202032476938
 10
284.62716774131525
 20
166.5848635543694
 10
284.4185573173153
 20
166.46086418876942
 10
284.12859874291524
 20
166.31213611036947
 10
283.81254944451524
 20
166.1644550383694
 10
283.5168903533152
 20
166.0411084215694
 10
283.2109451181152
 20
165.9129332359694
 10
282.86296346211526
 20
165.74995219356936
 10
282.52769937251514
 20
165.5794429711694
 10
282.26289035331524
 20
165.42883088316938
 10
282.03178283491525
 20
165.2976860583694
 10
281.80188133011524
 20
165.18678497356942
 10
281.6011440197153
 20
165.10665637996937
 10
281.4823000989153
 20
165.0857458463694
 10
281.41284204211513
 20
165.20250311116942
 10
281.6154662045152
 20
165.4218295503694
 10
282.3409513517152
 20
165.84605106236944
 10
283.68151647651524
 20
166.5249278719694
 10
284.6216758901152
 20
166.9936657151694
 10
285.6279401645152
 20
167.5039328615694
 10
286.5538399261152
 20
167.9805772583694
 10
287.2187677413152
 20
168.33216240876942
 10
288.1090074213152
 20
168.78717931836945
 10
288.7089785381152
 20
169.02310554076942
 10
289.0225828709152
 20
169.0498674055694
  0
LWPOLYLINE
  8
0
 90
42
 70
1
 10
290.2205004797152
 20
168.40228274476937
 10
290.50519191971523
 20
168.24316418956943
 10
290.6309032461153
 20
168.08512089756942
 10
290.58881549491525
 20
167.9736533391694
 10
290.40185864131524
 20
167.9275208527694
 10
290.2851746101152
 20
167.8671767007694
 10
290.2220174853152
 20
167.70775534636942
 10
290.20778542131524
 20
167.39682838716942
 10
290.2449407725153
 20
166.79892085276938
 10
290.28258819331523
 20
166.3458021647694
 10
290.3232811621153
 20
165.9176546295694
 10
290.36197960211524
 20
165.5567041055694
 10
290.3886309477153
 20
165.38370828476945
 10
290.3415076341153
 20
165.2100376447694
 10
290.1167471949153
 20
165.0087469023694
 10
289.7035588765152
 20
164.7574692119694
 10
288.9989488165152
 20
164.40592117996943
 10
288.3566894757153
 20
164.0974982079694
 10
287.6200621205153
 20
163.74111692556943
 10
286.9050584069152
 20
163.39314379676938
 10
286.33511239731524
 20
163.1133431239694
 10
285.1170572205152
 20
162.51193927036937
 10
284.5795123973152
 20
162.83193783276937
 10
284.29570979251525
 20
162.99395964876942
 10
283.85606642131523
 20
163.23136458796938
 10
283.3590853213152
 20
163.4928219159694
 10
282.8715677413152
 20
163.7423286239694
 10
282.4246036853152
 20
163.9804974999694
 10
282.0515017341152
 20
164.20759957516935
 10
281.76130005091517
 20
164.4084219903694
 10
281.7233941389153
 20
164.4971682391694
 10
281.8268247277153
 20
164.64557378876944
 10
283.7715732389153
 20
165.67302547996943
 10
285.6361172477153
 20
166.63029731196946
 10
287.13516774131523
 20
167.3442473311694
 10
287.42312777411524
 20
167.4795691463694
 10
287.81859774131516
 20
167.6753294143694
 10
288.24501475651516
 20
167.8924284151694
 10
288.6399677413153
 20
168.0997794887694
 10
289.3411433461152
 20
168.46456892476942
 10
289.61717533091525
 20
168.5588356159694
 10
289.85157083731525
 20
168.54472209676942
  0
LWPOLYLINE
  8
0
 90
20
 70
1
 10
291.6285045541152
 20
167.48414123036937
 10
291.5440202333153
 20
167.39788910396942
 10
291.4450906685152
 20
167.3249380719694
 10
291.3470638165152
 20
167.27461705836942
 10
291.2668283821152
 20
167.2587208527694
 10
291.2073449757152
 20
167.2662346535694
 10
291.17453665731523
 20
167.28973611836938
 10
291.1711834613152
 20
167.32407498556938
 10
291.1978184213152
 20
167.36430481036942
 10
291.22730882291523
 20
167.42544399836942
 10
291.2267281373152
 20
167.5241879711694
 10
291.19966347331524
 20
167.64138965356943
 10
291.14796774131526
 20
167.7603208527694
 10
291.05348552931525
 20
168.01477718236941
 10
291.11053249731526
 20
168.15093717116937
 10
291.2723058541152
 20
168.1554157903694
 10
291.5100087437153
 20
167.98610606076943
 10
291.6501890565153
 20
167.83984351356943
 10
291.70965708051517
 20
167.7205541719694
 10
291.7014662869152
 20
167.6073858551694
  0
LWPOLYLINE
  8
0
 90
30
 70
1
 10
271.0839677413153
 20
166.6108208527694
 10
271.09122204771523
 20
166.00647912796944
 10
271.1129946645152
 20
165.4176814855694
 10
271.1444083677153
 20
164.91337401596945
 10
271.1827831085152
 20
164.6328443511694
 10
271.16668275171514
 20
164.3099243031694
 10
270.99756513491525
 20
164.0558978447694
 10
270.55751011731513
 20
163.75259069116942
 10
269.2417399165152
 20
163.02070797036944
 10
267.2018815245152
 20
161.90264792396943
 10
265.3836759925152
 20
162.7832844719694
 10
264.6896929973152
 20
163.13083425036945
 10
264.11224923811517
 20
163.44570111036938
 10
263.6384159749152
 20
163.72347113916945
 10
263.6086393269152
 20
163.80168144716941
 10
263.73974185011525
 20
163.96793325596946
 10
265.79665230131525
 20
165.19390401516944
 10
267.7523325157152
 20
166.33356496396942
 10
269.2741272253152
 20
167.16695898476942
 10
269.7093822653152
 20
167.40353979516945
 10
270.0935254357152
 20
167.6304785159694
 10
270.40587693891524
 20
167.83026378956941
 10
270.49619486771525
 20
167.92335790716942
 10
270.5544381517152
 20
167.9889553159694
 10
270.6417663773152
 20
168.0443829519694
 10
270.7430196877153
 20
168.08201315116943
 10
270.84303538371523
 20
168.0947208527694
 10
270.96312109891517
 20
168.0202864223694
 10
271.0353809261152
 20
167.79547498716943
 10
271.07426094531525
 20
167.3791249167694
  0
LWPOLYLINE
  8
0
 90
28
 70
1
 10
293.1125677413152
 20
166.80764902716942
 10
293.2856202429152
 20
166.6592098703694
 10
293.2867187469152
 20
166.47542964956938
 10
293.0831081045153
 20
166.2757263039694
 10
292.69456774131515
 20
166.0982799535694
 10
292.4407569709153
 20
166.0072515919694
 10
292.19662122851514
 20
165.9193181023694
 10
291.9888603477152
 20
165.8441625383694
 10
291.87989878291523
 20
165.80418836236944
 10
291.8088223973153
 20
165.80754506956941
 10
291.75547456211524
 20
165.8614862975694
 10
291.7281512397152
 20
165.96938062476943
 10
291.7314840373152
 20
166.1204179023694
 10
291.7442276869152
 20
166.2619145807694
 10
291.7376234541152
 20
166.3041800655694
 10
291.7241446261153
 20
166.30351477676942
 10
291.69726137411527
 20
166.20408478236942
 10
291.58251101091525
 20
166.00286142156938
 10
291.4206568965152
 20
165.98107827116942
 10
291.2611858837152
 20
166.16172031516942
 10
291.17728759891526
 20
166.4916569111694
 10
291.2158796997153
 20
166.92923653276938
 10
291.4341062973152
 20
167.20381437916944
 10
291.81432879491524
 20
167.2807436007694
 10
292.31685073571526
 20
167.14535005676942
 10
292.5568022981152
 20
167.04277436156943
 10
292.7926133197152
 20
166.94244967996937
 10
292.9960348589153
 20
166.8563207799694
  0
LWPOLYLINE
  8
0
 90
86
 70
1
 10
273.7591677413152
 20
166.86100555676938
 10
273.79007232051526
 20
166.6639713919694
 10
273.8795393685152
 20
166.5039935959694
 10
274.04018362371517
 20
166.36866291916942
 10
274.28779194291525
 20
166.24432714716943
 10
274.8164161445152
 20
166.02536369916942
 10
274.41319194291526
 20
165.85246869996945
 10
274.1197092941152
 20
165.7006403991694
 10
273.9199812029152
 20
165.5340530199694
 10
273.80397533491515
 20
165.34445139676944
 10
273.76172807491525
 20
165.1248233287694
 10
273.81025787491524
 20
165.0683903191694
 10
273.9338200125153
 20
165.07874601836943
 10
274.13982780131516
 20
165.1664434215694
 10
274.4246451429152
 20
165.3338233287694
 10
274.8946528701152
 20
165.6015777431694
 10
275.2487222781152
 20
165.72838840956945
 10
275.5028552429153
 20
165.72643534636939
 10
275.66996846611517
 20
165.60613594956948
 10
275.7436648757153
 20
165.5303709415694
 10
275.9561182245152
 20
165.39757819356942
 10
276.2202046053153
 20
165.25030358476945
 10
276.51583610851526
 20
165.10367955116942
 10
276.8049111981153
 20
164.95647616956944
 10
277.0487240773152
 20
164.8074329191694
 10
277.23243123171517
 20
164.6721545759694
 10
277.2703677413152
 20
164.59323015676938
 10
277.22230359331525
 20
164.50743783036944
 10
276.7914964077152
 20
164.25016468236942
 10
276.2650254077152
 20
163.9594440103694
 10
275.64016774131517
 20
163.64409912556937
 10
275.0090890645152
 20
163.3308074567694
 10
274.4629851061152
 20
163.0461971087694
 10
274.0035293709152
 20
162.7966069679694
 10
273.9219548317153
 20
162.72275907516942
 10
273.8134212989152
 20
162.6683219319694
 10
273.6713432661153
 20
162.7174059999694
 10
273.5369714813152
 20
162.8629129703694
 10
273.45973026451514
 20
163.0574331159694
 10
273.45649611491524
 20
163.14762363836945
 10
273.4911384501153
 20
163.20112345836938
 10
273.5619628653153
 20
163.2159882071694
 10
273.6687302645152
 20
163.1880806879694
 10
273.7849630229152
 20
163.1639714511694
 10
273.8649916309152
 20
163.19353174236943
 10
273.91210625011513
 20
163.27869221996943
 10
273.92636774131523
 20
163.4282360671694
 10
273.9147655661152
 20
163.55111402236943
 10
273.8786926677153
 20
163.6382041551694
 10
273.8254301045152
 20
163.67600205596938
 10
273.76406954371527
 20
163.66695034956936
 10
273.6185072301152
 20
163.7024049423694
 10
273.50415045571526
 20
163.9857335351694
 10
273.4429286709152
 20
164.4475599991694
 10
273.45571545811526
 20
164.9967235503694
 10
273.46453609411526
 20
165.2703491927694
 10
273.43920947411516
 20
165.4857457631694
 10
273.3837901981152
 20
165.63602294956945
 10
273.2993677413152
 20
165.70843676796937
 10
273.21979124211515
 20
165.71634750156937
 10
273.1517615749152
 20
165.68537386876943
 10
273.1062261597152
 20
165.6186704319694
 10
273.0903677413153
 20
165.52692177276938
 10
273.0779650125153
 20
165.42176718476935
 10
273.04125274131525
 20
165.3165681215694
 10
272.9871943061152
 20
165.2269318671694
 10
272.9231677413152
 20
165.16872085276935
 10
272.8599691509152
 20
165.1603942927694
 10
272.80508274131523
 20
165.2014669727694
 10
272.7679028117152
 20
165.2946013855694
 10
272.75596774131526
 20
165.42530647436936
 10
272.7792302773152
 20
165.5787639719694
 10
272.84675968211525
 20
165.71124890476938
 10
272.95349999491526
 20
165.8117560015694
 10
273.0903677413153
 20
165.8726748199694
 10
273.2536069405153
 20
165.95026832716943
 10
273.3558104485153
 20
166.0759829975694
 10
273.4095266253152
 20
166.2786528055694
 10
273.4247677413152
 20
166.60942155596945
 10
273.43687636531524
 20
166.85824842876943
 10
273.47388274131526
 20
167.06798912476938
 10
273.5272954501153
 20
167.21743566156943
 10
273.5919677413153
 20
167.2587208527694
 10
273.65594631971527
 20
167.2293508351694
 10
273.71005274131517
 20
167.14189202636945
 10
273.7469236853152
 20
167.01328931036937
  0
LWPOLYLINE
  8
0
 90
110
 70
1
 10
295.75269570211526
 20
165.2105208527694
 10
296.35464111651527
 20
164.86473954876942
 10
296.86279084211526
 20
164.5526853271694
 10
297.2859416053152
 20
164.2778316007694
 10
297.3281458949151
 20
164.20373625196942
 10
297.30630188371515
 20
164.1439888367694
 10
297.22203124451516
 20
164.0675132287694
 10
297.10176495331524
 20
163.9893908679694
 10
296.95816774131515
 20
163.92112528156937
 10
296.3103964853152
 20
163.64799103996938
 10
294.9170314397153
 20
163.03941497516942
 10
293.52645345091526
 20
162.4272788879694
 10
292.8701730525152
 20
162.12867272956944
 10
292.6526150877153
 20
162.0406701863694
 10
292.44131157331526
 20
161.98330654156945
 10
292.2628085189152
 20
161.9600237743694
 10
292.1614881613152
 20
161.98554250716938
 10
292.09867663891526
 20
162.0099145823694
 10
292.0629667317153
 20
161.99198204796943
 10
292.05645395731517
 20
161.93419287916942
 10
292.08737141091524
 20
161.8334048863694
 10
292.14482718291526
 20
161.73421014236942
 10
292.2338855941153
 20
161.6501443231694
 10
292.3397201845152
 20
161.59330535196938
 10
292.44631670531527
 20
161.5739208527694
 10
292.7420072301152
 20
161.6317009927694
 10
293.75890692931523
 20
162.05410420476937
 10
295.0845611581152
 20
162.63496352556945
 10
296.84747983651533
 20
163.4421942575694
 10
297.94899193171517
 20
163.95311549036938
 10
298.6030798365152
 20
163.54427119516942
 10
298.92695626851526
 20
163.34873480796944
 10
299.3739420605152
 20
163.09197228876937
 10
299.85825776051524
 20
162.8217530119694
 10
300.30878535011516
 20
162.57865156876943
 10
300.7027543629152
 20
162.3572699071694
 10
301.0127102245152
 20
162.1533733527694
 10
301.22902656211517
 20
161.9827332127694
 10
301.2283853501152
 20
161.91275098396943
 10
301.1239890141152
 20
161.84790814876936
 10
300.6194404421152
 20
161.62418200876942
 10
300.0230489101153
 20
161.36742985596936
 10
299.3407677413153
 20
161.08362775276942
 10
298.5889985869153
 20
160.7740255191694
 10
297.7816277413152
 20
160.4390195863694
 10
297.0365303685152
 20
160.12777595036937
 10
296.4983677413152
 20
159.90027861436937
 10
296.02119750051526
 20
159.70097671596943
 10
295.4852402413152
 20
159.48503657836937
 10
294.97280367491527
 20
159.28486891836945
 10
294.5755677413152
 20
159.1373517023694
 10
294.2313166517153
 20
159.0064881079694
 10
293.8882630485152
 20
158.8610550399694
 10
293.59105133811534
 20
158.7218872903694
 10
293.40976473811526
 20
158.61744831836938
 10
293.25447021411526
 20
158.53301900636944
 10
293.0596578029153
 20
158.4618421335694
 10
292.8578176413152
 20
158.41310015676942
 10
292.6810389205152
 20
158.39712085276943
 10
292.46546411491516
 20
158.37993453196947
 10
292.36808499571526
 20
158.3171057879694
 10
292.33776160371525
 20
158.19395044796943
 10
292.3772065917152
 20
157.93732085276943
 10
292.40850158291516
 20
157.7718637455694
 10
292.4176629725152
 20
157.6739808527694
 10
292.40335299331525
 20
157.66447218876945
 10
292.3813991317151
 20
157.68652085276943
 10
292.2615383005152
 20
157.8565150991694
 10
292.12529822291526
 20
157.88233445756939
 10
292.0107235869152
 20
157.7636343287694
 10
291.9605711109152
 20
157.5193208527694
 10
291.94012321971525
 20
157.5179463015694
 10
291.90377377251525
 20
157.74309765436942
 10
291.8544266989152
 20
158.1941898783694
 10
291.8000728213153
 20
158.8093950887694
 10
291.74280113651525
 20
159.62799441756943
 10
291.7373644613152
 20
160.1386171983694
 10
291.7722437189152
 20
160.4654470511694
 10
291.8652692845152
 20
160.6042347551694
 10
291.9461149989152
 20
160.66143588156942
 10
291.9684616133153
 20
160.70053576876938
 10
291.95079325491525
 20
160.72654088636943
 10
291.8828179277152
 20
160.73536051916943
 10
291.8019302461152
 20
160.79346853836944
 10
291.71252389171525
 20
161.08475551676938
 10
291.6293773381152
 20
161.4742370487694
 10
291.56373528691523
 20
161.95012085276937
 10
291.4706448477152
 20
163.0072207823694
 10
291.40050260851524
 20
164.3205481911694
 10
291.34648547171525
 20
165.69200986956938
 10
291.4061278853152
 20
165.7539208527694
 10
291.6475421133153
 20
165.6977261031694
 10
291.80974266611526
 20
165.54332308956944
 10
291.8927268685152
 20
165.27294029116942
 10
291.89860060451514
 20
164.86652858876943
 10
291.8717673453152
 20
164.4113693919694
 10
291.88018352451525
 20
164.37006614316937
 10
291.89373307811525
 20
164.37193109196943
 10
291.96202023331523
 20
164.73845338876936
 10
292.0519412293152
 20
165.04793741196937
 10
292.1931917893152
 20
165.2746465671694
 10
292.42657473251523
 20
165.4715661999694
 10
292.8199677413152
 20
165.69514336476942
 10
293.1304347333152
 20
165.8423918903694
 10
293.44110554211517
 20
165.96755563676942
 10
293.7131710413152
 20
166.05816516236936
 10
293.87791754851526
 20
166.0836108287694
 10
294.0689624421152
 20
166.04599835276937
 10
294.55467309171524
 20
165.8290836063694
 10
295.12936490611514
 20
165.54639572396943
  0
LWPOLYLINE
  8
0
 90
24
 70
1
 10
248.13629809971516
 20
165.5449208527694
 10
248.01458185011523
 20
165.3600417935694
 10
247.63465094931522
 20
165.0437318303694
 10
247.05673635491524
 20
164.61726147836941
 10
246.1711677413152
 20
164.0111225207694
 10
245.67246648771527
 20
163.72408141916938
 10
245.17029048371526
 20
163.5303880775694
 10
244.78440726291518
 20
163.46232162636937
 10
244.66636774131524
 20
163.57284166236943
 10
244.69657944371528
 20
163.65280790476942
 10
244.80927542051523
 20
163.7640443927694
 10
244.96658420291524
 20
163.88201904076942
 10
245.1528617229152
 20
163.99050926876942
 10
245.3433075389152
 20
164.09627697916937
 10
245.5131643469153
 20
164.20605431276942
 10
245.64701914931527
 20
164.30673479596945
 10
245.6962617229152
 20
164.3710029647694
 10
245.86683080291525
 20
164.58026897996942
 10
246.54369218371528
 20
165.04593318556942
 10
247.22585631251522
 20
165.47813565516947
 10
247.59236774131523
 20
165.6308920831694
 10
247.9598479269153
 20
165.71777538956943
 10
248.10038939171528
 20
165.72204918876938
 10
248.15104447091522
 20
165.66733148396943
  0
LWPOLYLINE
  8
0
 90
28
 70
1
 10
246.33722526371528
 20
165.4613208527694
 10
246.30770292691523
 20
165.39297902316937
 10
246.15257276051523
 20
165.25280171996945
 10
245.95008051891523
 20
165.0931250511694
 10
245.71022526371524
 20
164.92756177196944
 10
245.45835785891526
 20
164.75779976636943
 10
245.21909833731522
 20
164.58540787196938
 10
245.01929868451523
 20
164.43156481116938
 10
244.9171677413152
 20
164.33622302396938
 10
244.40327737091525
 20
163.8857743527694
 10
243.84514955891524
 20
163.60613586396943
 10
243.09099964371524
 20
163.4392901607694
 10
241.90075300371524
 20
163.3367457319694
 10
240.69394787891528
 20
163.27295759436942
 10
240.36847334931522
 20
163.28717343996942
 10
240.32872121491528
 20
163.3725648207694
 10
240.4779380189152
 20
163.53221941916942
 10
240.68035803011526
 20
163.6846188751694
 10
240.96102881171524
 20
163.9050538503694
 10
241.26471300131522
 20
164.1490021615694
 10
241.54736092291526
 20
164.3817087807694
 10
242.21084128771525
 20
164.89148519516937
 10
242.70942884531524
 20
165.1583350575694
 10
243.28501852371522
 20
165.3091793863694
 10
244.24301132211522
 20
165.4208801887694
 10
245.56044248771525
 20
165.5333760271694
 10
246.03815646291525
 20
165.55780695676938
 10
246.27188450691528
 20
165.53980001836942
  0
LWPOLYLINE
  8
0
 90
38
 70
1
 10
241.72479373011527
 20
165.11032023356938
 10
241.72896202611523
 20
165.04013686316938
 10
241.66733996451524
 20
164.9461126119694
 10
241.55533770051522
 20
164.84441254316943
 10
241.40596774131524
 20
164.75072085276943
 10
241.25785696531523
 20
164.6551202399694
 10
241.14928547811522
 20
164.54774038716943
 10
241.09398407811523
 20
164.44575892076944
 10
241.10310801491525
 20
164.3652875671694
 10
241.13150743651522
 20
164.3076487111694
 10
241.12305547651528
 20
164.2797018999694
 10
241.08961096211524
 20
164.2761132863694
 10
241.02535483171525
 20
164.3096143143694
 10
240.94850937731525
 20
164.34022278236938
 10
240.86794940771523
 20
164.3415256047694
 10
240.79624401571522
 20
164.3135677583694
 10
240.74435199091528
 20
164.2607452655694
 10
240.66767992291523
 20
164.1721593615694
 10
240.45086081491525
 20
163.99637932636938
 10
240.18324601251524
 20
163.79505614716942
 10
239.88498779731526
 20
163.58690385116938
 10
239.39277574291526
 20
163.29685833276943
 10
238.96510823891524
 20
163.13947882476938
 10
238.40411846451522
 20
163.0507902599694
 10
237.33955690051525
 20
162.9803679607694
 10
235.55396774131526
 20
162.88664333196942
 10
236.05556774131523
 20
163.33419609916942
 10
236.27809990611524
 20
163.53043539516943
 10
236.53261024131524
 20
163.7504689231694
 10
236.77931434291523
 20
163.96031428636942
 10
236.97516774131523
 20
164.12281696956939
 10
237.15781518211526
 20
164.2730319575694
 10
237.36130042451526
 20
164.44266170796942
 10
237.55449734931526
 20
164.6055404239694
 10
237.70268353251527
 20
164.73270304636938
 10
238.24511912291524
 20
164.98045616076942
 10
239.79664416611524
 20
165.1638876023694
 10
241.3885949925152
 20
165.2851017503694
  0
LWPOLYLINE
  8
0
 90
16
 70
1
 10
237.05785115091527
 20
164.74923795596942
 10
236.97223705971524
 20
164.64701839676945
 10
236.65376971491523
 20
164.3664419159694
 10
236.26717472371524
 20
164.03909240556945
 10
235.82865075651523
 20
163.68297680396938
 10
234.70370207011524
 20
162.78539854876942
 10
232.78803498931524
 20
162.67224461116942
 10
230.87236774131526
 20
162.55909067356941
 10
232.04276774131523
 20
163.64387641516936
 10
232.79077957731525
 20
164.31523089676938
 10
233.19030648531523
 20
164.58887325916942
 10
233.58447814451523
 20
164.7206786911694
 10
234.21636774131522
 20
164.79107557596944
 10
235.65378212851522
 20
164.87028657596943
 10
236.5008609677152
 20
164.88436849436943
 10
237.00652242291525
 20
164.85392923276945
  0
LWPOLYLINE
  8
0
 90
16
 70
1
 10
272.9231677413152
 20
164.75072085276943
 10
272.90961417491525
 20
164.68692468956942
 10
272.8711541621152
 20
164.63263585276943
 10
272.8136915349152
 20
164.5962486183694
 10
272.7461000989152
 20
164.58352085276937
 10
272.6867534621151
 20
164.59661060636938
 10
272.6514008613152
 20
164.63263585276943
 10
272.64619893491516
 20
164.6868337327694
 10
272.67236774131527
 20
164.75072085276943
 10
272.7173435381152
 20
164.81472066556938
 10
272.76700712131526
 20
164.8688058527694
 10
272.81420182931527
 20
164.90696273196943
 10
272.8494353837153
 20
164.9179208527694
 10
272.8776304869152
 20
164.9054711407694
 10
272.9015088205152
 20
164.8688058527694
 10
272.91775965731523
 20
164.81473320556938
  0
LWPOLYLINE
  8
0
 90
20
 70
1
 10
230.11996774131524
 20
164.4361656535694
 10
230.09004462611523
 20
164.3555620447694
 10
229.94566207571523
 20
164.19914661196947
 10
229.75387414531525
 20
164.0203163471694
 10
229.52658647811523
 20
163.83621643996943
 10
229.09257858291522
 20
163.56957791836942
 10
228.72037800691524
 20
163.48627653756938
 10
228.52962721811525
 20
163.60170874236942
 10
228.51422007251523
 20
163.8462051351694
 10
228.55286283491523
 20
163.9573314383694
 10
228.58551431971523
 20
164.0736770567694
 10
228.60847305331524
 20
164.17899282556942
 10
228.61516774131522
 20
164.2511668791694
 10
228.6810089277152
 20
164.3546880903694
 10
228.9258385501152
 20
164.4448296231694
 10
229.28387812211523
 20
164.51691288716944
 10
229.74376774131522
 20
164.5607512223694
 10
229.88785919651522
 20
164.5587259287694
 10
230.00945907491527
 20
164.5335466119694
 10
230.09222457971526
 20
164.49087750636943
  0
LWPOLYLINE
  8
0
 90
20
 70
1
 10
232.18826919411524
 20
164.37452085276942
 10
232.1166973949152
 20
164.2772246647694
 10
231.99872776291522
 20
164.1542096055694
 10
231.85971400451524
 20
164.02810903756938
 10
231.7186015517152
 20
163.91801435836945
 10
231.54408905971522
 20
163.7850142823694
 10
231.28972469011524
 20
163.5757338879694
 10
231.00956855011523
 20
163.33679923596938
 10
230.74254897971522
 20
163.1003665647694
 10
230.49423089651523
 20
162.8880645319694
 10
230.27109564131524
 20
162.72321803916935
 10
230.08717079251525
 20
162.60872717036943
 10
230.0242744997152
 20
162.61708081676943
 10
230.02237828451524
 20
162.68110554236938
 10
230.2721556893152
 20
162.9542658671694
 10
230.59269681571524
 20
163.27666642476936
 10
230.99009326131522
 20
163.64297721356945
 10
231.65611941331525
 20
164.21839434156936
 10
232.06739513091526
 20
164.5135045151694
 10
232.17842178291522
 20
164.4955229911694
  0
LWPOLYLINE
  8
0
 90
28
 70
1
 10
290.55658284611525
 20
162.87535565996942
 10
290.6213833797152
 20
161.92486897116942
 10
290.6065554149152
 20
161.51703556716942
 10
290.5145246893153
 20
161.26440840556938
 10
290.3154182477153
 20
161.04149385436943
 10
289.7510294645152
 20
160.71316856476943
 10
289.1791168485153
 20
160.6235321431694
 10
288.5157470029153
 20
160.7790517183694
 10
287.6530057037153
 20
161.20723737516943
 10
287.18164716771525
 20
161.4724386455694
 10
286.7287968357153
 20
161.7138042183694
 10
286.3416948941152
 20
161.9087124351694
 10
286.14276919571523
 20
161.9884925839694
 10
285.87776321491526
 20
162.14150248716942
 10
285.81778640131523
 20
162.34534319676942
 10
285.97532792611526
 20
162.5612997199694
 10
286.34096774131524
 20
162.73787044396937
 10
286.64201853091527
 20
162.8544767271694
 10
287.16677890771524
 20
163.08628397756945
 10
287.7732039445153
 20
163.36586578556938
 10
288.38916774131525
 20
163.66180844796946
 10
288.9853088077153
 20
163.9448277207694
 10
289.5315488669153
 20
164.18502958156938
 10
289.9925196013152
 20
164.3722203479694
 10
290.16500161651516
 20
164.40769216236941
 10
290.30821293091526
 20
164.3355498767694
 10
290.40713112611525
 20
164.11868579196943
 10
290.4821549365152
 20
163.6976288743694
  0
LWPOLYLINE
  8
0
 90
70
 70
1
 10
300.9709677413153
 20
164.30106554556937
 10
300.76715110851524
 20
164.20845012156946
 10
300.6857701869152
 20
164.0728639631694
 10
300.7467420077153
 20
163.9591997311694
 10
300.92916774131527
 20
163.9147208527694
 10
301.0248282117152
 20
163.89178418956942
 10
301.10629524131525
 20
163.82708046476944
 10
301.16099505571526
 20
163.73031597276938
 10
301.17996774131524
 20
163.6163705103694
 10
301.21654825891517
 20
163.48008528876943
 10
301.33438229171526
 20
163.3144455991694
 10
301.5044939125153
 20
163.1483561415694
 10
301.7056341749153
 20
163.00750117676944
 10
302.2313006085153
 20
162.6969823527694
 10
302.12133718131525
 20
163.1804516863694
 10
302.0620776557152
 20
163.45106154236944
 10
302.06764625171525
 20
163.51315393756943
 10
302.09594652371527
 20
163.51606940396942
 10
302.19486221091523
 20
163.36116529196943
 10
302.2590815573152
 20
163.22973689596944
 10
302.30068409411524
 20
163.08540885276943
 10
302.31540087091525
 20
162.95004958476943
 10
302.29744242051527
 20
162.84756601676938
 10
302.32410329651526
 20
162.6478275591694
 10
302.54144590771523
 20
162.44015111436943
 10
302.82788709571525
 20
162.3124902359694
 10
303.05180284051517
 20
162.34649035596942
 10
303.1223480317152
 20
162.38386908636943
 10
303.1544235125152
 20
162.3780003663694
 10
303.16036964611527
 20
162.34601149516942
 10
303.12307568611527
 20
162.2755796655694
 10
303.1290480701153
 20
162.17499983676942
 10
303.2652945013153
 20
162.04224671516943
 10
303.5065176197153
 20
161.8901605919694
 10
303.8496417813152
 20
161.7275562511694
 10
304.17206942531527
 20
161.57700669596937
 10
304.44396956371526
 20
161.4239651919694
 10
304.6497959405152
 20
161.28426089756942
 10
304.6911677413152
 20
161.2024158287694
 10
304.6497064885153
 20
161.1641863847694
 10
304.51645778611527
 20
161.19028981596944
 10
304.32467871731524
 20
161.26710483996942
 10
304.09641058931527
 20
161.3902055055694
 10
303.8529155573152
 20
161.52454752876935
 10
303.6131104621152
 20
161.6380395447694
 10
303.40512352691525
 20
161.72040243196938
 10
303.2863244157152
 20
161.74112085276943
 10
303.1837104317152
 20
161.7629367743694
 10
303.0494342853152
 20
161.83483946236942
 10
302.90864202051523
 20
161.9380727551694
 10
302.7822665757152
 20
162.06016269676937
 10
302.6122619629152
 20
162.20870401276943
 10
302.31223343411517
 20
162.40050632236944
 10
301.9556038597152
 20
162.5974276271694
 10
301.5876030133152
 20
162.7707626967694
 10
301.22053380531514
 20
162.9452639863694
 10
300.94972999731533
 20
163.11242218636943
 10
300.78069564611513
 20
163.2610639895694
 10
300.7582430269151
 20
163.3709882919694
 10
300.7574673861152
 20
163.4708021775694
 10
300.6881845549153
 20
163.5996988311694
 10
300.56831720291524
 20
163.7352099167694
 10
300.41221610611524
 20
163.8565548151694
 10
300.1777359965152
 20
164.07406094796943
 10
300.1798281701153
 20
164.25490062236935
 10
300.3981042589152
 20
164.37615707196943
 10
300.8455677413152
 20
164.3943651519694
 10
301.03095742931515
 20
164.38380413116946
 10
301.0874661805152
 20
164.3627526479694
 10
301.08372558211516
 20
164.33662112716942
  0
LWPOLYLINE
  8
0
 90
18
 70
1
 10
249.2936327573152
 20
162.1326525911694
 10
249.23398967491525
 20
162.11795337036938
 10
248.95949124851526
 20
162.2078026375694
 10
248.6317043429152
 20
162.32998570956943
 10
248.25625005491526
 20
162.4886031663694
 10
247.89053399651522
 20
162.65714411036942
 10
247.59378125011523
 20
162.80949424236942
 10
247.36240437251527
 20
162.94099603916942
 10
247.3576665933152
 20
162.9810324135694
 10
247.41052704051523
 20
163.0241377439694
 10
247.67547182611526
 20
163.2047393255694
 10
247.9874964533152
 20
163.41456395596936
 10
248.3447677413152
 20
163.65105748796938
 10
249.26436774131523
 20
164.2559019831694
 10
249.31464929571527
 20
163.22992633356944
 10
249.32875378611527
 20
162.8315888863694
 10
249.3292167629152
 20
162.48438721836942
 10
249.32051149491525
 20
162.19397620076938
  0
LWPOLYLINE
  8
0
 90
36
 70
1
 10
258.09905907491526
 20
163.3295208527694
 10
258.7208635021152
 20
163.04123394396942
 10
259.27407195571527
 20
162.7981383527694
 10
259.7446665549153
 20
162.6014954359694
 10
259.8682368853151
 20
162.5771208527694
 10
260.0197468373152
 20
162.4839458103694
 10
260.0092931589152
 20
162.3023963719694
 10
259.7536251309153
 20
162.03263589196945
 10
259.33816774131515
 20
161.77352956316946
 10
258.9803739533153
 20
161.5815682463694
 10
258.4679440749152
 20
161.29419441676936
 10
257.9057730325152
 20
160.9718475303694
 10
257.3735677413153
 20
160.65939537276944
 10
255.72575522771518
 20
159.69448835276938
 10
255.20823879091523
 20
159.48896728316942
 10
254.7664704749153
 20
159.51682380636942
 10
253.98654249971526
 20
159.85581127276942
 10
253.53489366691528
 20
160.07512901756945
 10
253.0406377597152
 20
160.30535004156943
 10
252.5773416077152
 20
160.5131731207694
 10
252.2321677413152
 20
160.65791765916939
 10
251.7532092965153
 20
160.8694371959694
 10
251.56440571891522
 20
161.03272020156942
 10
251.58024206691522
 20
161.17515269836943
 10
251.79102642531524
 20
161.30714472556943
 10
252.06406201891517
 20
161.44095789516945
 10
252.68445862211522
 20
161.8246275551694
 10
253.62233776211525
 20
162.42587658156938
 10
255.19996774131522
 20
163.45741948956942
 10
255.5664393765153
 20
163.68932722716943
 10
255.9068405189152
 20
163.88671853116944
 10
256.1956104685152
 20
164.03944285676943
 10
256.31499009811523
 20
164.07141350316945
 10
256.44750195011517
 20
164.04973501996943
 10
256.91967207491524
 20
163.8578168407694
 10
257.4761904197153
 20
163.61703329116938
  0
LWPOLYLINE
  8
0
 90
78
 70
1
 10
278.8751976493153
 20
163.78932085276938
 10
278.77112869091525
 20
163.71144427596943
 10
278.0946891557153
 20
163.3531375183694
 10
277.3046783517152
 20
162.9431335239694
 10
276.3907357309152
 20
162.48053493036946
 10
274.98216083571526
 20
161.7526181935694
 10
274.21846530531514
 20
161.28402564716941
 10
274.0418609741152
 20
161.04229323756942
 10
274.1427616597152
 20
160.90512085276941
 10
274.25035218451524
 20
160.9219953455694
 10
274.37191343971523
 20
160.9733710567694
 10
274.48803400691526
 20
161.04855303836942
 10
274.5798483757152
 20
161.13746213996941
 10
274.7116613317152
 20
161.2491509039694
 10
275.0076942821152
 20
161.4106278151694
 10
275.37129124771525
 20
161.58192287756938
 10
275.7655677413152
 20
161.74112085276943
 10
276.1598442349152
 20
161.9003188279694
 10
276.5234412005152
 20
162.0716138903694
 10
276.8194741509152
 20
162.23309080156938
 10
276.95128710691523
 20
162.34477956556935
 10
277.03899822051517
 20
162.4338368063694
 10
277.1428504877153
 20
162.5094927999694
 10
277.2466097917152
 20
162.5619623335694
 10
277.33264054531526
 20
162.57923877516942
 10
277.4508880637152
 20
162.60235333916944
 10
277.7507714629153
 20
162.7252638983694
 10
278.10599154131523
 20
162.88476968876944
 10
278.4913248413152
 20
163.07337112156938
 10
278.99418151651525
 20
163.3124427103694
 10
279.33622640211524
 20
163.4299182663694
 10
279.5980895245152
 20
163.4575698023694
 10
279.82892484131526
 20
163.4055492007694
 10
280.38852685571527
 20
163.13321651596937
 10
281.5015647157152
 20
162.5227291879694
 10
282.67548862291517
 20
161.86518325276938
 10
282.8809095397153
 20
161.7070376343694
 10
282.8735728037152
 20
161.6361434967694
 10
282.5752557341151
 20
161.44612236876944
 10
282.1760575413152
 20
161.2246582775694
 10
281.67951751491523
 20
160.9840725255694
 10
281.11446093491514
 20
160.72346741596942
 10
280.50455295491525
 20
160.4408146455694
 10
279.93942096771536
 20
160.1777883127694
 10
279.52756774131524
 20
159.9846549239694
 10
276.6338836557152
 20
158.62768981996942
 10
275.7624549789153
 20
158.2672477511694
 10
275.2379163093152
 20
158.16736849036943
 10
274.72434579251524
 20
158.24246921276938
 10
274.3460073045152
 20
158.38941711276942
 10
274.18009875731525
 20
158.52984922876942
 10
274.1028167437152
 20
158.7464934455694
 10
274.07378547331524
 20
159.21808288476944
 10
274.05949672851517
 20
159.7000296951694
 10
274.0367326157152
 20
159.78230914956936
 10
274.00552122451523
 20
159.7786911087694
 10
273.92636774131523
 20
159.4839208527694
 10
273.7987322773152
 20
158.98232085276942
 10
273.7789500093153
 20
159.4322532103694
 10
273.75905421251525
 20
159.61205975596943
 10
273.71586377731523
 20
159.7803726391694
 10
273.65770743731525
 20
159.9153167495694
 10
273.5919677413153
 20
159.9855208527694
 10
273.46496596531523
 20
160.13011257036942
 10
273.42957607891526
 20
160.3315753615694
 10
273.4974646293152
 20
160.4854256119694
 10
273.6335883357152
 20
160.52892085276937
 10
273.7207513677152
 20
160.5504505279694
 10
273.78776362291524
 20
160.64001070636942
 10
273.82962749331523
 20
160.80094003756943
 10
273.8425883357153
 20
161.0290688879694
 10
273.92317555891526
 20
161.38071623676944
 10
274.14782180051526
 20
161.65393274076942
 10
274.6567033605153
 20
161.97653577756944
 10
276.09996774131525
 20
162.72644031756937
 10
277.41755590771515
 20
163.37713523276943
 10
278.3726456125152
 20
163.78662826396942
 10
278.82170351411526
 20
163.89790437836945
  0
LWPOLYLINE
  8
0
 90
16
 70
1
 10
300.5111677413152
 20
163.5803208527694
 10
300.5057596573153
 20
163.5163084999694
 10
300.4895088205152
 20
163.4622358527694
 10
300.4656304869152
 20
163.42557056476937
 10
300.4374353837153
 20
163.41312085276945
 10
300.40220182931523
 20
163.4240789735694
 10
300.3550071213152
 20
163.4622358527694
 10
300.3053435381152
 20
163.51632103996945
 10
300.26036774131524
 20
163.5803208527694
 10
300.2341989349152
 20
163.64420797276938
 10
300.23940086131523
 20
163.6984058527694
 10
300.2747534621152
 20
163.7344310991694
 10
300.3341000989152
 20
163.74752085276938
 10
300.40169153491524
 20
163.7347930871694
 10
300.4591541621153
 20
163.6984058527694
 10
300.4976141749152
 20
163.6441170159694
  0
LWPOLYLINE
  8
0
 90
36
 70
1
 10
216.91499996531525
 20
163.2530815271694
 10
216.82676785651526
 20
163.11540403116942
 10
216.70596334851524
 20
162.97224387996943
 10
216.57331991011523
 20
162.84501822316938
 10
216.44931736771525
 20
162.7565659119694
 10
216.34590383331522
 20
162.6910186631694
 10
216.28109443811525
 20
162.6355209703694
 10
216.26694296451524
 20
162.60106171916937
 10
216.28464944451522
 20
162.58220523756944
 10
216.30016694211523
 20
162.54981893196936
 10
216.18923057811523
 20
162.4122333959694
 10
216.01501904611524
 20
162.2285106919694
 10
215.78304944451523
 20
162.01071730956943
 10
215.42192804211524
 20
161.7188362695694
 10
215.10779351811522
 20
161.5428880311694
 10
214.75808251251524
 20
161.4410498551694
 10
214.28294559091523
 20
161.3837173095694
 10
213.94801657011521
 20
161.36951450556938
 10
213.6651352373152
 20
161.3777572983694
 10
213.44710560131523
 20
161.4018845927694
 10
213.40514559091525
 20
161.44852085276938
 10
213.40309170611525
 20
161.5338615719694
 10
213.40148875971522
 20
161.8041052599694
 10
213.40034477731524
 20
162.12559223676942
 10
213.39996774131527
 20
162.48292739516938
 10
213.41085747731523
 20
163.07247609996944
 10
213.46985650531522
 20
163.2836960143694
 10
213.60981711731523
 20
163.39342887276942
 10
213.94336774131523
 20
163.4593690415694
 10
214.23600084691523
 20
163.4871543375694
 10
214.70951325331524
 20
163.51485553196943
 10
215.25024407251527
 20
163.53836686156941
 10
215.78845050611523
 20
163.55356266636943
 10
216.61546233571522
 20
163.56428068796941
 10
216.88102559411521
 20
163.53019713516937
 10
216.95799243571525
 20
163.43204438156943
  0
LWPOLYLINE
  8
0
 90
14
 70
1
 10
271.25116774131516
 20
162.5052506015694
 10
271.25116774131516
 20
161.4301801831694
 10
270.5016597997153
 20
161.0558578391694
 10
269.75215169091524
 20
160.6815353279694
 10
268.7290336565153
 20
161.18094249996938
 10
267.7059157893152
 20
161.68034983916942
 10
268.18274176531526
 20
161.99745818236937
 10
268.7908844477152
 20
162.36908726876936
 10
269.8177922373152
 20
162.9310782367694
 10
270.9127773461152
 20
163.5120674719694
 10
271.12576774131526
 20
163.57212119756937
 10
271.17548917571526
 20
163.53283053516938
 10
271.21433157491526
 20
163.2621103271694
 10
271.2421501437152
 20
162.91687509836942
  0
LWPOLYLINE
  8
0
 90
12
 70
1
 10
301.84876774131527
 20
163.3196532103694
 10
301.8362927821152
 20
163.2275738295694
 10
301.79885151891517
 20
163.1664065519694
 10
301.74337154931516
 20
163.14523702556943
 10
301.67884037491524
 20
163.16400639596944
 10
301.6212772605153
 20
163.2159303559694
 10
301.5870865325152
 20
163.2838986607694
 10
301.58143182851524
 20
163.35724311436945
 10
301.6051080173152
 20
163.4246740383694
 10
301.7038287493152
 20
163.5533439687694
 10
301.7806869109152
 20
163.5692654215694
 10
301.8345293237152
 20
163.49999178636943
  0
LWPOLYLINE
  8
0
 90
12
 70
1
 10
208.04154882931525
 20
162.8182586991694
 10
207.85786809251525
 20
162.63599799196942
 10
207.76567986451522
 20
162.6556234263694
 10
207.75882516611523
 20
162.8078774183694
 10
207.89683622611523
 20
163.1057554207694
 10
207.99035971331523
 20
163.2606194047694
 10
208.06950818051524
 20
163.3370814695694
 10
208.13098293891522
 20
163.3381540575694
 10
208.17699002531523
 20
163.2816540007694
 10
208.18933206051526
 20
163.1815015351694
 10
208.16665338691524
 20
163.05718382076938
 10
208.11537264531523
 20
162.92947311676943
  0
LWPOLYLINE
  8
0
 90
12
 70
1
 10
276.26716774131523
 20
163.3338145487694
 10
276.2121830181152
 20
163.23972508956942
 10
275.77602359331524
 20
163.00234389276943
 10
275.34534866291517
 20
162.7886355407694
 10
275.1468708933153
 20
162.7452011607694
 10
275.1295797381152
 20
162.79898438476943
 10
275.5160795925151
 20
163.06665703836939
 10
275.9444209125152
 20
163.33586642716944
 10
276.1417677413152
 20
163.40089869996945
 10
276.18972588451527
 20
163.3996761335694
 10
276.2303315749152
 20
163.38623442396943
 10
276.25737968611526
 20
163.36307204076945
  0
LWPOLYLINE
  8
0
 90
12
 70
1
 10
282.51076418611524
 20
162.83643601436944
 10
282.5383085469153
 20
162.7342458823694
 10
282.5202111533153
 20
162.6778252455694
 10
282.46410786211527
 20
162.6594778879694
 10
282.36241297651526
 20
162.68675589916944
 10
282.27703664371523
 20
162.7333237743694
 10
282.2191515021152
 20
162.79612660236944
 10
282.19745496131526
 20
162.8647623695694
 10
282.21359578051516
 20
162.9290409047694
 10
282.3019763629152
 20
163.04713777596942
 10
282.36981809731526
 20
163.06581735996943
 10
282.4337859749153
 20
163.01137586956938
  0
LWPOLYLINE
  8
0
 90
16
 70
1
 10
228.02160774131525
 20
162.5553452263694
 10
228.07607063331523
 20
162.4649201223694
 10
228.04195681731522
 20
162.40992653756942
 10
227.84310886691523
 20
162.3839026935694
 10
226.98234788451524
 20
162.33862760876943
 10
226.42432607731524
 20
162.3155650439694
 10
226.26877055411524
 20
162.3436446119694
 10
226.24347904611525
 20
162.41978247596944
 10
226.3696485005152
 20
162.59002785676944
 10
226.53076409251526
 20
162.7248818463694
 10
226.71321808291526
 20
162.8004659439694
 10
226.94234712371525
 20
162.8222318727694
 10
227.2500683573152
 20
162.7933126263694
 10
227.49627988771525
 20
162.7472037151694
 10
227.72944647411524
 20
162.6852357167694
 10
227.92242169171524
 20
162.61740451596938
  0
LWPOLYLINE
  8
0
 90
12
 70
1
 10
273.1784808037152
 20
162.75162314556945
 10
273.1222133221153
 20
162.6976476415694
 10
273.03658802851527
 20
162.66636251516945
 10
272.93542935331527
 20
162.6618741983694
 10
272.83421316131523
 20
162.68591170636938
 10
272.6273145309152
 20
162.7787429855694
 10
272.6026231037152
 20
162.84845150796937
 10
272.6762135085153
 20
162.9009854135694
 10
272.93303538371526
 20
162.91152085276943
 10
273.0580573445152
 20
162.9001071119694
 10
273.1471453501152
 20
162.8645508615694
 10
273.18643751731526
 20
162.81206159836938
  0
LWPOLYLINE
  8
0
 90
12
 70
1
 10
274.59516774131515
 20
162.51140941356937
 10
274.58032556451525
 20
162.48012746396938
 10
274.5189442709152
 20
162.43575091196936
 10
274.4350800949153
 20
162.3890529551694
 10
274.3356837077153
 20
162.3461245223694
 10
274.2387443245152
 20
162.31681352636934
 10
274.1792530597153
 20
162.3220263207694
 10
274.1592959005152
 20
162.35542552396942
 10
274.17835135011524
 20
162.4118359615694
 10
274.27717156611516
 20
162.5108981159694
 10
274.4235805805153
 20
162.57198196076945
 10
274.5464867925152
 20
162.5725287047694
  0
LWPOLYLINE
  8
0
 90
16
 70
1
 10
273.92636774131523
 20
162.06565321036945
 10
273.91579719011526
 20
162.00557875196935
 10
273.8854385189152
 20
161.95453727356937
 10
273.84018667491523
 20
161.9203950335694
 10
273.78703446371526
 20
161.9083208527694
 10
273.7338743941153
 20
161.9269706751694
 10
273.6886302413152
 20
161.97983279436937
 10
273.65802979891527
 20
162.05864017356942
 10
273.6477010189152
 20
162.1517658919694
 10
273.6577870245153
 20
162.23882960716944
 10
273.6886302413152
 20
162.29840346876944
 10
273.7342377197152
 20
162.3215085023694
 10
273.78703446371526
 20
162.30909824956942
 10
273.8403401645152
 20
162.26450768156943
 10
273.8854385189152
 20
162.20206483516944
 10
273.91607474211526
 20
162.1322156975694
  0
LWPOLYLINE
  8
0
 90
28
 70
1
 10
262.7018672453152
 20
161.1230749143694
 10
264.2681669165152
 20
160.37367832796937
 10
263.7463766805152
 20
160.0563588111694
 10
263.1899424373152
 20
159.73386094316942
 10
262.31901703251526
 20
159.26030556636942
 10
261.27969380691525
 20
158.71119702396942
 10
260.15145245091526
 20
158.1301377319694
 10
259.13451697091523
 20
157.61235477836942
 10
258.0450422725153
 20
158.06625027756945
 10
257.02775115811517
 20
158.5015110023694
 10
256.3013649701152
 20
158.84185964396943
 10
255.7718059533152
 20
159.1168665255694
 10
255.70156774131524
 20
159.23466160076936
 10
255.75331263011526
 20
159.3331930623694
 10
256.0580120581152
 20
159.5315474383694
 10
256.6081373437152
 20
159.8561973375694
 10
257.93468492211525
 20
160.60527825036942
 10
258.36621257251517
 20
160.8481039807694
 10
258.8542782341152
 20
161.1230127159694
 10
259.32318528371525
 20
161.38734220556938
 10
259.69028492211527
 20
161.59453611116942
 10
260.01209208691523
 20
161.7565127831694
 10
260.3369058421153
 20
161.88070810716943
 10
260.62214753731524
 20
161.9557743863694
 10
260.80116774131517
 20
161.95281143516937
 10
261.0079294349153
 20
161.88519491916944
 10
261.49743819971525
 20
161.67593609356942
 10
262.0776046437153
 20
161.4159322351694
  0
LWPOLYLINE
  8
0
 90
40
 70
1
 10
247.65851390051526
 20
161.07643347116937
 10
248.30619888131525
 20
160.78278562876943
 10
248.85169072051522
 20
160.5203281103694
 10
249.31593807331524
 20
160.28635679036944
 10
249.34796774131524
 20
160.2340950863694
 10
249.29047802771524
 20
160.1235837447694
 10
248.34169360211524
 20
159.46275617516943
 10
247.34420181011524
 20
158.79124937436944
 10
246.3643011301152
 20
158.16945163516942
 10
246.06008357251523
 20
157.97718099836936
 10
245.79004570771522
 20
157.7952545239694
 10
245.56939588051523
 20
157.63715722636942
 10
245.50236774131525
 20
157.56748214396936
 10
245.25154316291525
 20
157.32824536156943
 10
244.9276516829153
 20
157.2190905135694
 10
244.53383080931525
 20
157.25030039996938
 10
244.07961395171523
 20
157.42138629516938
 10
243.7509935541152
 20
157.5777311695694
 10
243.30140261891526
 20
157.77938072316942
 10
242.81631495651524
 20
157.98939395516942
 10
242.36736774131526
 20
158.1759100695694
 10
241.96716985971526
 20
158.3461937391694
 10
241.63081846851523
 20
158.5069528607694
 10
241.35922179811521
 20
158.6507930143694
 10
241.32741283411522
 20
158.7075009007694
 10
241.36173882691526
 20
158.7732484551694
 10
241.79434023571528
 20
159.1027550127694
 10
242.3048429669152
 20
159.4775562175694
 10
242.90986837251523
 20
159.90192085276942
 10
243.56020263731526
 20
160.3512944279694
 10
244.20984185171525
 20
160.80280498636938
 10
244.7762500765153
 20
161.1987307407694
 10
245.12022311251525
 20
161.44261568316944
 10
245.37057016771524
 20
161.6139150927694
 10
245.59894948371524
 20
161.75263474636938
 10
245.7915321157153
 20
161.85550822476938
 10
245.8611139005152
 20
161.86061568316939
 10
245.94120320211525
 20
161.82995404556942
 10
246.43362776771528
 20
161.61545550636944
 10
247.00322382771526
 20
161.3658101895694
  0
LWPOLYLINE
  8
0
 90
28
 70
1
 10
240.98796774131523
 20
161.57875226396936
 10
240.94374752131523
 20
161.4805575431694
 10
240.53300885011524
 20
161.12361630796937
 10
240.03277320211524
 20
160.71331670396944
 10
239.43917140211525
 20
160.25736013036936
 10
237.89037523011524
 20
159.0983365855694
 10
236.13697140211525
 20
158.97887803756942
 10
234.38356774131523
 20
158.8594196567694
 10
235.05236774131527
 20
159.37700715356942
 10
235.36259530291522
 20
159.6140173335694
 10
235.74572524131526
 20
159.90091781996938
 10
236.13690268291523
 20
160.18971101036942
 10
236.47356774131524
 20
160.43370780956943
 10
236.77734305491526
 20
160.6555372327694
 10
237.06792277731523
 20
160.8762561135694
 10
237.31274571171525
 20
161.06970634636934
 10
237.44034255251523
 20
161.18320287676943
 10
237.71394077411526
 20
161.35193258956937
 10
238.17702324451523
 20
161.47348230796942
 10
238.84751781651522
 20
161.56335448156938
 10
239.81756774131526
 20
161.6259881031694
 10
240.23716801251527
 20
161.6477483471694
 10
240.59739890771525
 20
161.6712588407694
 10
240.90988667891523
 20
161.69494522876943
 10
240.94616774131524
 20
161.7089047567694
 10
240.96199790291524
 20
161.7075352215694
 10
240.97568890771524
 20
161.68396169356942
 10
240.98503070611525
 20
161.6388534743694
  0
LWPOLYLINE
  8
0
 90
26
 70
1
 10
242.49276774131525
 20
161.39613659116938
 10
242.26819088771526
 20
161.22053345356943
 10
241.90893443411522
 20
160.9510210983694
 10
241.4990536661153
 20
160.6490406767694
 10
241.09222881251526
 20
160.35485445036937
 10
240.69389888931525
 20
160.06914375916938
 10
240.3095286613152
 20
159.7926085023694
 10
239.9819203253153
 20
159.55618619756942
 10
239.80745347891525
 20
159.4290471503694
 10
239.66345615731524
 20
159.3479884231694
 10
239.48025177331522
 20
159.2883267815694
 10
239.28838442291521
 20
159.2570859631694
 10
239.11799240771524
 20
159.2618471503694
 10
238.98099374371526
 20
159.3284907295694
 10
238.9746476677153
 20
159.43056432316942
 10
239.16759362531525
 20
159.6142803391694
 10
239.73396774131524
 20
160.02064706476938
 10
240.15115197251527
 20
160.3171266063694
 10
240.5750700165152
 20
160.62583649356938
 10
240.94895596851524
 20
160.90453247596943
 10
241.18854587731525
 20
161.0923743191694
 10
241.64707398691522
 20
161.45113970636942
 10
241.93151395811526
 20
161.62589547436943
 10
242.18321867731524
 20
161.70821054236944
 10
242.49276774131525
 20
161.7348426599694
 10
242.91076774131525
 20
161.7336851343694
  0
LWPOLYLINE
  8
0
 90
68
 70
1
 10
302.7040193165152
 20
161.2631620967694
 10
302.89707311811526
 20
161.1233377527694
 10
303.15210963171523
 20
160.9582678807694
 10
303.4233871173152
 20
160.79560251196935
 10
303.66948863011527
 20
160.6616085991694
 10
304.2362096861152
 20
160.37081385756937
 10
303.5022886301153
 20
160.0351591887694
 10
303.1407418709153
 20
159.87864477356942
 10
302.64612631651516
 20
159.6812695207694
 10
302.1123583741153
 20
159.4786127543694
 10
301.61830594931524
 20
159.3017735071694
 10
301.1641715213152
 20
159.1386628847694
 10
300.7509853765153
 20
158.9774784063694
 10
300.40969105171524
 20
158.83349078236938
 10
300.2807059493152
 20
158.7563054103694
 10
300.15819867651527
 20
158.68266752076943
 10
299.87812463171525
 20
158.56472029356942
 10
299.53941237651526
 20
158.43610353276944
 10
299.1735677413152
 20
158.31156227196936
 10
298.75547410931523
 20
158.16898180316937
 10
298.2558713133152
 20
157.9842030639694
 10
297.75708462051523
 20
157.78907614956938
 10
297.3408479117152
 20
157.6142195599694
 10
296.66874303651525
 20
157.36562542956938
 10
296.01772091091533
 20
157.21831269916942
 10
295.47817905091523
 20
157.1790951031694
 10
295.2066628037152
 20
157.29229251276945
 10
295.1806802581153
 20
157.35024286236938
 10
295.19429652451515
 20
157.42260117036943
 10
295.2475075901153
 20
157.49929296796938
 10
295.3328098533152
 20
157.56765168476943
 10
295.4190964229152
 20
157.62778583356942
 10
295.4690149861152
 20
157.67826000236943
 10
295.47385893731524
 20
157.7091769543694
 10
295.45109900451524
 20
157.7257605191694
 10
295.3816909405153
 20
157.7143543023694
 10
295.26416338531527
 20
157.66713518316942
 10
295.12948696211527
 20
157.6011590663694
 10
294.9940019597152
 20
157.5225894455694
 10
294.8097841765152
 20
157.42828045276943
 10
294.6721762357152
 20
157.41072579036944
 10
294.5406279573152
 20
157.46397815436939
 10
294.3752420773152
 20
157.60618944556944
 10
294.2259881549153
 20
157.76412706716945
 10
294.1888219357152
 20
157.8440187383694
 10
294.2183332373152
 20
157.89287942716942
 10
294.33073912211523
 20
157.91753122796945
 10
294.3506827381152
 20
157.93944579756942
 10
294.33174683651526
 20
157.96751750716942
 10
294.20069781731524
 20
158.0100628847694
 10
293.99036774131525
 20
158.05678926556945
 10
293.40516774131515
 20
158.17403676076938
 10
294.0739677413153
 20
158.47732535516937
 10
294.88341755171524
 20
158.82519833116942
 10
296.33462292931523
 20
159.4082554959694
 10
297.90293552131527
 20
160.0228972423694
 10
299.2571677413152
 20
160.5356529935694
 10
299.7116873981152
 20
160.70894459116943
 10
300.10832024131525
 20
160.87072881596941
 10
300.4396471053152
 20
161.0140499807694
 10
300.5111677413152
 20
161.06727592716942
 10
300.7139958877152
 20
161.2244867303694
 10
301.09870268931525
 20
161.38821649436943
 10
301.5197873621152
 20
161.51609740796943
 10
301.8680193165152
 20
161.56260475676936
 10
302.06440574851524
 20
161.54451605756938
 10
302.2939606477153
 20
161.47931140156936
 10
302.51932735411526
 20
161.3813255135694
  0
LWPOLYLINE
  8
0
 90
20
 70
1
 10
236.85490211891525
 20
161.3040530303694
 10
236.8559905909152
 20
161.23302730636937
 10
236.62950648691523
 20
161.0038489415694
 10
236.32493563571524
 20
160.73086099996942
 10
235.94342586531525
 20
160.42625303036942
 10
234.49987607411524
 20
159.34694191836942
 10
233.79764510291523
 20
158.92164113036944
 10
233.15022145571527
 20
158.7041818135694
 10
232.1434166237152
 20
158.55445237436942
 10
230.96633882291522
 20
158.43403794396937
 10
230.54835838531523
 20
158.41039954236942
 10
230.35342926851524
 20
158.4385667231694
 10
230.28716774131522
 20
158.5285159759694
 10
230.36172957811524
 20
158.68988420716937
 10
231.37407658851524
 20
159.54412790076938
 10
232.34773435491522
 20
160.3344898247694
 10
233.05100179891525
 20
160.84080402876938
 10
233.68983404131524
 20
161.0968684879694
 10
235.0608098365152
 20
161.30596847356938
 10
236.46696635091524
 20
161.4470966431694
  0
LWPOLYLINE
  8
0
 90
16
 70
1
 10
264.2287677413152
 20
161.2447684247694
 10
264.2082880821153
 20
161.1911677831694
 10
264.1550952413152
 20
161.1586602575694
 10
264.07400173651524
 20
161.1540590807694
 10
263.97796774131524
 20
161.17905698556942
 10
263.88190164371525
 20
161.2207098495694
 10
263.8008402413152
 20
161.26632986796943
 10
263.74173270051523
 20
161.30985704396937
 10
263.7271677413152
 20
161.3410094135694
 10
263.7432329861153
 20
161.36641378156943
 10
263.8008402413152
 20
161.38741811436938
 10
263.8818571685152
 20
161.40196083596942
 10
263.97796774131524
 20
161.4067208527694
 10
264.0738622917152
 20
161.39464399676945
 10
264.1550952413152
 20
161.3591472695694
 10
264.2094571445153
 20
161.30653277356942
  0
LWPOLYLINE
  8
0
 90
66
 70
1
 10
284.8142585221153
 20
160.7381652991694
 10
285.3173912445153
 20
160.46797294156943
 10
285.8086357125153
 20
160.2089669327694
 10
286.23111750851524
 20
159.9903519295694
 10
286.4663677413152
 20
159.87546128556937
 10
286.88436774131526
 20
159.68131265836936
 10
286.3827677413152
 20
159.5605989399694
 10
286.2006966389152
 20
159.51261755596937
 10
286.07762774131527
 20
159.46894224076937
 10
286.03953189011514
 20
159.43890241996945
 10
286.0483677413152
 20
159.41808902956944
 10
286.0691988549152
 20
159.31864883596938
 10
285.3913638685152
 20
158.93315318476945
 10
284.4684839061152
 20
158.47202979676945
 10
283.41154432131526
 20
158.0063012191694
 10
282.81140332931517
 20
157.75489177516943
 10
282.1450708669152
 20
157.47331911676937
 10
281.5138791629152
 20
157.2046377455694
 10
281.0323677413153
 20
156.9972605887694
 10
280.5699689517153
 20
156.8149478823694
 10
280.16778490131526
 20
156.6970646927694
 10
279.8301744941152
 20
156.6422742559694
 10
279.56936774131526
 20
156.6567146511694
 10
279.3849834269153
 20
156.68290368876944
 10
279.23839049251524
 20
156.6759846183694
 10
279.14372536371525
 20
156.63903174636943
 10
279.1095677413152
 20
156.5764533007694
 10
279.13321283091534
 20
156.5172444367694
 10
279.19551907491524
 20
156.47941643996944
 10
279.2901382237153
 20
156.47020154636942
 10
279.4021677413152
 20
156.49219286076942
 10
279.5896924061152
 20
156.54943762636938
 10
279.60261445811517
 20
156.53913058236944
 10
279.58931821251525
 20
156.51646528476942
 10
279.39540349811523
 20
156.39125171276942
 10
279.1732364981152
 20
156.32427306476944
 10
278.86887247331526
 20
156.3582161695694
 10
278.41286925091526
 20
156.50179565836942
 10
277.6398034981152
 20
156.81654163276943
 10
276.23140249091523
 20
157.4327052335694
 10
275.9607784229152
 20
157.69645988956944
 10
276.03978276371527
 20
157.9515779967694
 10
276.8804964661152
 20
158.3899185455694
 10
277.37896531171526
 20
158.6205299815694
 10
277.9328005981153
 20
158.86817374716946
 10
278.45799803571526
 20
159.0961126583694
 10
278.8587677413152
 20
159.26153164396942
 10
279.2216240109152
 20
159.41213002156942
 10
279.62109524131523
 20
159.58972651756943
 10
279.99669699971525
 20
159.76629289436937
 10
280.27996774131526
 20
159.9113134799694
 10
280.5673862133152
 20
160.05706155276943
 10
280.95787245011525
 20
160.23647952556942
 10
281.37824769331525
 20
160.41798549196943
 10
281.7659580757153
 20
160.5732798487694
 10
282.1363928525153
 20
160.7233167687694
 10
282.5045461853153
 20
160.8887235487694
 10
282.82276925091526
 20
161.04600039596943
 10
283.01536107891525
 20
161.16254297596942
 10
283.15675927651523
 20
161.25603870796942
 10
283.2933195421152
 20
161.33499355756942
 10
283.4107071509152
 20
161.39329285356945
 10
283.4720615253152
 20
161.4067208527694
 10
283.5477237053152
 20
161.38926801516942
 10
283.9109180533152
 20
161.2103327487694
 10
284.33348946851515
 20
160.9943725471694
  0
LWPOLYLINE
  8
0
 90
12
 70
1
 10
285.9508344637152
 20
160.9660727767694
 10
285.94267510371526
 20
160.91405033596942
 10
285.84620521811524
 20
160.9103062263694
 10
285.58880449651514
 20
161.02148051596942
 10
285.3697246773152
 20
161.1651446079694
 10
285.1529498773152
 20
161.3398592447694
 10
285.1538853613152
 20
161.35795229116943
 10
285.18086709411534
 20
161.35981339436944
 10
285.46316774131515
 20
161.22609669916937
 10
285.6283345893153
 20
161.14540631356942
 10
285.7788448525153
 20
161.0675974527694
 10
285.9032264373152
 20
160.99965907676943
  0
LWPOLYLINE
  8
0
 90
26
 70
1
 10
232.19112095731523
 20
160.6088029935694
 10
231.98510246771522
 20
160.44075528956938
 10
231.58785850851524
 20
160.1176961311694
 10
231.12050959571525
 20
159.7379638639694
 10
230.63351016851522
 20
159.3426139463694
 10
229.42914633091524
 20
158.3653072071694
 10
227.65909373011525
 20
158.2116106135694
 10
226.97650357571524
 20
158.15674042236935
 10
226.39250323571522
 20
158.11955330316937
 10
225.88521475731523
 20
158.0938389463694
 10
225.83290189011524
 20
158.11405325916942
 10
225.83343392051523
 20
158.15592047356944
 10
226.11191421491523
 20
158.4173072431694
 10
226.44962026051525
 20
158.7194312895694
 10
226.86156511251525
 20
159.06757312316944
 10
227.27736325571524
 20
159.41843045196939
 10
227.62770694611524
 20
159.72939068396937
 10
227.92039572931523
 20
160.0004780631694
 10
227.94636774131524
 20
160.0604177583694
 10
228.15482099731526
 20
160.36076547196944
 10
228.96657382051524
 20
160.5948352727694
 10
230.19004075971526
 20
160.77243210316942
 10
231.87556774131522
 20
160.87371099516943
 10
232.32562917731522
 20
160.88638575836939
 10
232.41013155571525
 20
160.85659439676942
 10
232.41119143651522
 20
160.79796287436943
  0
LWPOLYLINE
  8
0
 90
24
 70
1
 10
251.42123837811528
 20
160.19708118636942
 10
251.48756611651524
 20
160.14214595436937
 10
251.49461928131524
 20
160.10058939756937
 10
251.45604323171523
 20
160.0698797735694
 10
251.35436774131523
 20
160.0550146903694
 10
251.30147017571522
 20
160.03480957356942
 10
251.3000277413152
 20
160.0021122759694
 10
251.37470829011525
 20
159.95501604876938
 10
251.52156774131527
 20
159.90192085276942
 10
251.7814926813152
 20
159.81696703436938
 10
251.81348339171518
 20
159.78715259916936
 10
251.7990995101152
 20
159.76392701436941
 10
251.58384054531527
 20
159.7513873487694
 10
251.27549833091527
 20
159.80618999116945
 10
251.02976750051525
 20
159.98805276236936
 10
250.90752039091518
 20
160.24974968796943
 10
250.9371283341153
 20
160.52679156076937
 10
251.0076333973152
 20
160.68401891676945
 10
251.05279445171522
 20
160.71924243916942
 10
251.09522412691524
 20
160.69819931596936
 10
251.14810463811523
 20
160.5707208527694
 10
251.19572353251522
 20
160.4656958447694
 10
251.26513443891525
 20
160.35750925196942
 10
251.34430146531528
 20
160.26219154156936
  0
LWPOLYLINE
  8
0
 90
18
 70
1
 10
225.77276774131525
 20
160.5184024679694
 10
225.75972831491524
 20
160.48487836636937
 10
225.62542274131522
 20
160.34028715036942
 10
225.46341396691525
 20
160.1734877615694
 10
225.27116774131522
 20
159.9855208527694
 10
224.76956774131526
 20
159.50495762236943
 10
224.76956774131526
 20
159.9431333119694
 10
224.79151608531527
 20
160.16726307276943
 10
224.86187518291524
 20
160.3073263455694
 10
224.99678953171522
 20
160.39523609276938
 10
225.22936774131526
 20
160.4509631839694
 10
225.40857387171522
 20
160.47946978076942
 10
225.56638024131524
 20
160.5075152399694
 10
225.69919673171523
 20
160.53338241756938
 10
225.73096774131523
 20
160.54566894236945
 10
225.74689571491524
 20
160.5511449095694
 10
225.76048890771526
 20
160.54799335676938
 10
225.76960180931525
 20
160.53648447916942
  0
LWPOLYLINE
  8
0
 90
24
 70
1
 10
227.27756774131524
 20
159.9226023223694
 10
226.94089432291523
 20
159.6314725119694
 10
226.54972524131523
 20
159.28923818876936
 10
226.16657774691524
 20
158.95097386236938
 10
225.85636774131524
 20
158.6735613071694
 10
225.58456775571526
 20
158.44233775196943
 10
225.32099451171524
 20
158.24649538876935
 10
225.09293839331525
 20
158.1006886287694
 10
224.97298660531524
 20
158.0666003943694
 10
224.94662033571527
 20
158.1146815967694
 10
225.08093192851527
 20
158.2912086815694
 10
225.31761974691523
 20
158.5397061703694
 10
225.64178660531525
 20
158.8366724311694
 10
226.01301691971526
 20
159.16818020556937
 10
226.39797218051524
 20
159.52428995516942
 10
226.74265916051522
 20
159.85370405116942
 10
226.97554251011522
 20
160.09067243116937
 10
227.1701641461152
 20
160.27430885996938
 10
227.38233960851522
 20
160.42938953516938
 10
227.58130961491526
 20
160.5378167287694
 10
227.72794251011524
 20
160.56964140956944
 10
227.79832451411525
 20
160.51789267516938
 10
227.78307420211522
 20
160.4175633119694
 10
227.61810247651522
 20
160.22727951276943
  0
LWPOLYLINE
  8
0
 90
12
 70
1
 10
290.7199792133152
 20
160.1329914199694
 10
290.7893621973153
 20
159.76108076876943
 10
290.72023352451527
 20
159.62922617996938
 10
290.5503171933152
 20
159.6266362519694
 10
290.1563434989153
 20
159.8380795455694
 10
289.7914373573152
 20
160.07405626236942
 10
289.66933353811527
 20
160.23477141036943
 10
289.7123330309153
 20
160.3588652439694
 10
289.93576774131526
 20
160.45546554556944
 10
290.3085908029153
 20
160.5347362359694
 10
290.50315575811527
 20
160.51258374076937
 10
290.62627214051525
 20
160.39545261676943
  0
LWPOLYLINE
  8
0
 90
28
 70
1
 10
265.78728324931524
 20
159.6671916151694
 10
266.41585125091524
 20
159.3565661175694
 10
266.5802730557152
 20
159.22732302556938
 10
266.5805032901152
 20
159.1091850231694
 10
266.40258025251524
 20
158.94693079916942
 10
265.74266693251525
 20
158.5515175127694
 10
263.86445549411525
 20
157.6131534927694
 10
261.85110465571523
 20
156.6258921671694
 10
261.5566836805152
 20
156.5579208527694
 10
261.22916128531523
 20
156.62131824396943
 10
260.5222131005153
 20
156.9231217679694
 10
259.7953758069153
 20
157.2619749727694
 10
259.71436774131524
 20
157.39077281116943
 10
259.7472785533152
 20
157.45661232556938
 10
259.9476639077152
 20
157.5995699975694
 10
260.2042318061152
 20
157.76094742476937
 10
260.5085677413153
 20
157.92902739836944
 10
262.36451114931526
 20
158.90360810876942
 10
263.5008520077153
 20
159.5121731383694
 10
264.27475493091526
 20
159.93853280396942
 10
264.47329774131526
 20
160.0856146311694
 10
264.54151249891527
 20
160.1410543055694
 10
264.61335382451523
 20
160.1797552535694
 10
264.6781250981153
 20
160.19744150236943
 10
264.7240977413152
 20
160.1885936127694
 10
264.7898496429153
 20
160.1534531887694
 10
265.07347986451526
 20
160.01401992556941
 10
265.4078297045152
 20
159.85084844236943
  0
LWPOLYLINE
  8
0
 90
30
 70
1
 10
218.41596774131523
 20
159.7608756143694
 10
218.38398622691525
 20
159.67172658076942
 10
218.12127774131525
 20
159.3591635695694
 10
217.79720234131523
 20
158.9957286207694
 10
217.41276774131524
 20
158.5914090919694
 10
217.02786397811525
 20
158.2050015319694
 10
216.70425774131525
 20
157.89875734316942
 10
216.44056010051526
 20
157.66353219036938
 10
216.40956774131524
 20
157.6776112663694
 10
216.38954169571522
 20
157.69326570076942
 10
216.34528703251522
 20
157.67065507756936
 10
216.27491890611523
 20
157.6002036855694
 10
216.19074005971527
 20
157.49296996556944
 10
216.00894801411522
 20
157.3410816399694
 10
215.71558725411526
 20
157.2370242183694
 10
215.25977313491524
 20
157.16209704956947
 10
214.5187400597152
 20
157.1030450191694
 10
213.06556774131522
 20
157.0123848319694
 10
213.06556774131522
 20
157.67689565036937
 10
213.09396766451525
 20
158.03279422636942
 10
213.17974042851526
 20
158.3293520175694
 10
213.34222990291525
 20
158.6169380239694
 10
213.60896774131524
 20
158.94854427916943
 10
213.98702583491524
 20
159.3159838351694
 10
214.30960412611523
 20
159.4963157231694
 10
214.77514744611523
 20
159.59655011676944
 10
215.90796774131522
 20
159.70513949436938
 10
217.56448418531525
 20
159.84343797116944
 10
218.09379825411523
 20
159.87095574716943
 10
218.34264736451524
 20
159.8498041111694
  0
LWPOLYLINE
  8
0
 90
20
 70
1
 10
249.34796774131524
 20
157.82559563916942
 10
249.33132114211526
 20
156.53323929036944
 10
249.2546320197153
 20
155.9462057751694
 10
249.08833439811522
 20
155.66399090156943
 10
248.8065580901153
 20
155.55472085276938
 10
248.34592610291526
 20
155.64425661996938
 10
246.92630346771523
 20
156.23393540636943
 10
245.4391883789152
 20
156.87674834636942
 10
245.33631021891517
 20
157.0359250871694
 10
245.39211154691526
 20
157.14748310076936
 10
245.73978990211518
 20
157.40204359596936
 10
246.34972597171526
 20
157.8138841151694
 10
247.73922033731526
 20
158.7158943407694
 10
248.2545487949152
 20
159.0422319567694
 10
248.71234339811522
 20
159.3173555439694
 10
249.10401424691526
 20
159.54174513356946
 10
249.20222033731523
 20
159.5675208527694
 10
249.2605734717152
 20
159.5152573095694
 10
249.30515450931517
 20
159.0558303327694
 10
249.33748547171518
 20
158.4934945983694
  0
LWPOLYLINE
  8
0
 90
82
 70
1
 10
252.9352741717152
 20
158.6917717279694
 10
253.59658060211524
 20
158.3553208527694
 10
252.9352741717152
 20
157.99677148796943
 10
252.16337881891525
 20
157.5660266679694
 10
251.62577463971522
 20
157.2338890511694
 10
251.25590600211524
 20
156.9723432743694
 10
251.18822494691517
 20
156.83796262796938
 10
251.25997615171525
 20
156.79174119116936
 10
251.81072643091528
 20
157.0575764839694
 10
252.52588714531527
 20
157.43890634716942
 10
253.44436774131526
 20
157.9712370383694
 10
253.79196734531524
 20
158.1264685279694
 10
254.08297309331522
 20
158.1424347903694
 10
254.48694484611525
 20
158.01793282156942
 10
255.53436774131524
 20
157.56042229116943
 10
256.1520883085152
 20
157.28053868716944
 10
256.69304401171524
 20
157.02638749756943
 10
257.1488159965153
 20
156.80537100076938
 10
257.2482782605152
 20
156.7380136447694
 10
257.24156635091526
 20
156.6250922823694
 10
256.78257793971517
 20
156.31867403836938
 10
255.98521752531525
 20
155.84136920156942
 10
254.3639677413152
 20
154.92515633916943
 10
254.0950014613152
 20
154.77275470956943
 10
253.76762202211518
 20
154.58428553196944
 10
253.4366932613152
 20
154.39162615516943
 10
253.15562471091516
 20
154.2256049151694
 10
252.7889858757152
 20
154.0277066607694
 10
252.53716277891516
 20
153.9505057391694
 10
252.28737082771525
 20
153.9577329591694
 10
251.93695373651525
 20
154.05078360476938
 10
251.62960067731518
 20
154.13873297836943
 10
251.41501720051525
 20
154.1636512959694
 10
251.24779496291526
 20
154.1323641631694
 10
251.09709676691523
 20
154.04455038876938
 10
250.9913007997152
 20
153.9668380023694
 10
250.91607685091526
 20
153.94038913596938
 10
250.87128798371523
 20
153.9608708015694
 10
250.8527677413152
 20
154.0195804063694
 10
250.8650943941152
 20
154.0952442583694
 10
250.90188274131523
 20
154.17551012316937
 10
250.9560060501152
 20
154.24801573436943
 10
251.01996774131524
 20
154.30072085276942
 10
251.08392608851517
 20
154.3526466519694
 10
251.13805274131525
 20
154.4228164791694
 10
251.17487302371524
 20
154.4996577535694
 10
251.18716774131525
 20
154.57125613756938
 10
251.17584111171527
 20
154.6280123447694
 10
251.1440326493152
 20
154.6626822679694
 10
251.09637513171523
 20
154.66960518396945
 10
251.04032501011523
 20
154.6477023183694
 10
250.92060863971528
 20
154.68613892316944
 10
250.8027558805152
 20
155.0409177607694
 10
250.71486619731525
 20
155.53031868156944
 10
250.68556774131525
 20
156.0632875751694
 10
250.6981632517152
 20
156.24616224076942
 10
250.73592152611525
 20
156.40972614236946
 10
250.79101225411523
 20
156.5332956367694
 10
250.8569848597152
 20
156.58719322556942
 10
250.92795239811525
 20
156.6592234871694
 10
250.99993417171527
 20
156.92182479756937
 10
251.06191404131522
 20
157.25814341756939
 10
251.1029073013152
 20
157.6461265031694
 10
251.12458795811517
 20
158.0286658911694
 10
251.11881805331524
 20
158.2742161455694
 10
251.08609667891523
 20
158.33625503676944
 10
251.0443277781152
 20
158.3257456807694
 10
250.9589808725152
 20
158.13015478636942
 10
250.91443461251524
 20
158.0976733439694
 10
250.87124651811516
 20
158.1221022671694
 10
250.79900491571522
 20
158.29605798316945
 10
250.77058007971522
 20
158.4344634679694
 10
250.77911028931516
 20
158.6095780471694
 10
250.81983719971527
 20
158.79171619676936
 10
250.88888929491526
 20
158.9526331551694
 10
250.96391427571524
 20
159.1004961407694
 10
251.02217427971527
 20
159.2436945807694
 10
251.0594695773152
 20
159.3659605839694
 10
251.05879375491526
 20
159.4322087351694
 10
251.11446115571522
 20
159.48453815516945
 10
251.60635536291528
 20
159.3022787855694
 10
252.22505756131517
 20
159.03700077036945
  0
LWPOLYLINE
  8
0
 90
18
 70
1
 10
208.35164865011524
 20
158.7620841767694
 10
207.77813191731525
 20
157.9963718799694
 10
207.22058679731524
 20
157.3172268815694
 10
206.73279935651524
 20
156.7783135263694
 10
206.44651383171524
 20
156.5566223775694
 10
206.28004967891522
 20
156.4864918423694
 10
206.06684693971525
 20
156.4363779895694
 10
205.84327579411524
 20
156.4116526207694
 10
205.64419192451524
 20
156.4187955719694
 10
205.19092426131525
 20
156.47432085276944
 10
206.15334200771525
 20
157.77012085276942
 10
206.78058595251525
 20
158.59312941276943
 10
207.08460705011524
 20
158.8943141295694
 10
207.38192710611523
 20
159.0253071367694
 10
207.84294465651524
 20
159.0659208527694
 10
208.28707517411524
 20
159.0593900207694
 10
208.42475985971527
 20
159.01921436876938
 10
208.45124818531522
 20
158.9356208895694
  0
LWPOLYLINE
  8
0
 90
40
 70
1
 10
289.14428724931525
 20
158.4420918007694
 10
289.58940976451527
 20
158.17308823516942
 10
289.7843611189152
 20
158.00857112636942
 10
289.82645087651525
 20
157.8796794887694
 10
289.7608641685153
 20
157.7566184495694
 10
289.63076601571527
 20
157.67813075676938
 10
289.5147833885153
 20
157.6691900711694
 10
289.3920746397152
 20
157.7320039343694
 10
289.2348379205153
 20
157.8848354351694
 10
288.96726659011523
 20
158.0912033727694
 10
288.7160166549153
 20
158.1124478047694
 10
288.5653524005153
 20
157.95468039276938
 10
288.5613227133153
 20
157.66908891516937
 10
288.5711279901152
 20
157.4839413327694
 10
288.51840347651523
 20
157.27318723756946
 10
288.40612382771525
 20
157.0452591943694
 10
288.2371184021152
 20
156.8087208527694
 10
287.9680571525152
 20
156.4921726295694
 10
287.84905322131516
 20
156.41872033196938
 10
287.74298488531525
 20
156.4478749959694
 10
287.58234230211525
 20
156.63562521356943
 10
287.4812148933152
 20
156.8064191775694
 10
287.4314145405152
 20
156.9769844119694
 10
287.43265533171524
 20
157.15457003996943
 10
287.4832186181153
 20
157.3462252135694
 10
287.5473177477152
 20
157.54520090476942
 10
287.54206014371516
 20
157.6522856495694
 10
287.4785341757152
 20
157.7102042311694
 10
287.34002937411526
 20
157.7288510439694
 10
287.20231927411527
 20
157.76522540396942
 10
287.1116544053153
 20
157.86291267276943
 10
287.06145695251524
 20
158.0454651439694
 10
287.04476771731527
 20
158.35585104396938
 10
287.0543884053153
 20
158.75359141996944
 10
287.12048457171517
 20
158.89767100396944
 10
287.2666680333152
 20
158.95949989196941
 10
287.66577042051523
 20
158.9577845871694
 10
287.96869017171525
 20
158.9144013703694
 10
288.35820965811524
 20
158.79794473116942
 10
288.7690792469152
 20
158.63420811196943
  0
LWPOLYLINE
  8
0
 90
36
 70
1
 10
286.67970256851527
 20
158.5038273911694
 10
286.6609696477153
 20
158.4394858215694
 10
286.6747833773152
 20
158.36626442716943
 10
286.7192293173152
 20
158.29525826556943
 10
286.7879023701152
 20
158.23787204876942
 10
286.8699049413152
 20
158.15197973676942
 10
286.89817812691524
 20
158.0381253983694
 10
286.8697940877152
 20
157.87559596316942
 10
286.77546854211533
 20
157.62956551036942
 10
286.5758931045152
 20
157.18022504076941
 10
286.4912384069153
 20
157.0889508951694
 10
286.40067419251517
 20
157.10394371916945
 10
286.21915769251524
 20
157.3225266199694
 10
286.0572871925153
 20
157.56438426236943
 10
285.9791803813153
 20
157.75859191116945
 10
286.01076981171525
 20
157.8334453447694
 10
286.09815087251525
 20
157.83282085276937
 10
286.16669551571533
 20
157.8135124295694
 10
286.26368004291515
 20
157.8251082511694
 10
286.37158139251517
 20
157.8626484967694
 10
286.4743508725152
 20
157.9223255207694
 10
286.6119828901153
 20
158.02150906236938
 10
286.6180519157153
 20
158.04474969516946
 10
286.59684309731523
 20
158.05437422876943
 10
286.43679223491523
 20
158.0048316983694
 10
286.2056927421153
 20
158.00645554476944
 10
285.9776525077152
 20
158.1424102119694
 10
285.84462634851525
 20
158.3469379463694
 10
285.8657490589153
 20
158.53937294076937
 10
285.93088064851526
 20
158.59804225036942
 10
286.05260943811527
 20
158.6430820847694
 10
286.2043350781153
 20
158.6697708831694
 10
286.3656989621152
 20
158.67209713676937
 10
286.5139772725152
 20
158.6525517911694
 10
286.6241667541152
 20
158.6126951567694
 10
286.67971761651523
 20
158.56041790316942
  0
LWPOLYLINE
  8
0
 90
234
 70
1
 10
305.5277390637152
 20
158.3553208527694
 10
305.5356981181152
 20
158.11804499196944
 10
305.57483612691516
 20
157.54936468636942
 10
305.62635379091523
 20
156.87173719516943
 10
305.68726725891526
 20
156.13992085276942
 10
305.7544520645153
 20
155.33497223356943
 10
305.8249260285152
 20
154.4357871863694
 10
305.88834498851514
 20
153.57992599996942
 10
305.93267689811523
 20
152.92132085276944
 10
306.0191296645153
 20
151.54192085276944
 10
305.5960810605152
 20
151.54192085276944
 10
305.4401837805152
 20
151.55242586156942
 10
305.3242183749153
 20
151.5854707679694
 10
305.26596121331517
 20
151.6341137623694
 10
305.2646592269153
 20
151.6901759223694
 10
305.2817955549152
 20
151.7616913751694
 10
305.25915817971526
 20
151.8531521159694
 10
305.2018968613153
 20
151.9499241319694
 10
305.1172652373152
 20
152.0368004159694
 10
304.9808878885152
 20
152.2383560031694
 10
304.9782386045153
 20
152.4764962879694
 10
305.1047245685152
 20
152.63149520236942
 10
305.2979435637152
 20
152.64357740876943
 10
305.39431296211524
 20
152.62954280796941
 10
305.46742835171517
 20
152.6643222471694
 10
305.5127594485152
 20
152.75002796396944
 10
305.5271677413152
 20
152.88476842476942
 10
305.3865234485152
 20
153.1307151103694
 10
305.04054685491525
 20
153.2148284143694
 10
304.5449048597153
 20
153.0979422383694
 10
304.03140339651526
 20
152.80258711676942
 10
303.7459120717152
 20
152.6109949775694
 10
303.5299224429152
 20
152.5156985015694
 10
303.34778529651516
 20
152.49883253596943
 10
303.1739116757152
 20
152.55178711676942
 10
302.92519833171525
 20
152.67324504236942
 10
302.7792464421152
 20
152.70539459276944
 10
302.73215138531526
 20
152.65979447116942
 10
302.7600368341152
 20
152.55860051676945
 10
302.77869100371515
 20
152.4820299391694
 10
302.75616715731525
 20
152.37906901516945
 10
302.6988397949153
 20
152.26709851916942
 10
302.6134530957153
 20
152.16329189756942
 10
302.50714114931526
 20
152.03746068876941
 10
302.46684461171515
 20
151.93308358076945
 10
302.48516103731527
 20
151.8352490087694
 10
302.56175636051523
 20
151.7318122335694
 10
302.63544156771525
 20
151.64019616396942
 10
302.6310487221153
 20
151.58372085276937
 10
302.5637781429153
 20
151.5496658911694
 10
302.3936753837153
 20
151.54192085276944
 10
302.1540821309152
 20
151.4992586023694
 10
301.9542186077153
 20
151.37697186636944
 10
301.81791148291524
 20
151.18860133676944
 10
301.7601279989152
 20
150.9567208527694
 10
301.74184902611523
 20
150.8958274487694
 10
301.69833957331525
 20
150.8493983495694
 10
301.6357965741152
 20
150.82489535676942
 10
301.5640520573153
 20
150.8261593887694
 10
301.4549008877152
 20
150.80743549676941
 10
301.21948362211526
 20
150.65709159756943
 10
300.94376864851523
 20
150.45069757676941
 10
300.6521262029152
 20
150.19915938876943
 10
300.3648505197153
 20
149.9448938343694
 10
300.10252358451527
 20
149.73046468316946
 10
299.87824150451536
 20
149.5609166935694
 10
299.8006419781153
 20
149.53552085276942
 10
299.7527926821153
 20
149.5226360863694
 10
299.7120258109152
 20
149.48640585276942
 10
299.6846001621152
 20
149.43220964476942
 10
299.6751677413152
 20
149.36832085276941
 10
299.7004946957152
 20
149.30447018236939
 10
299.7733977413152
 20
149.2502358527694
 10
299.88158985171515
 20
149.21344232236942
 10
300.0095677413152
 20
149.2011208527694
 10
300.13770263171523
 20
149.1942427463694
 10
300.2457377413152
 20
149.17326516556938
 10
300.3218555413152
 20
149.1428745591694
 10
300.3439677413153
 20
149.10629303836942
 10
300.2366467429153
 20
148.8653983007694
 10
299.6756965949152
 20
148.39231208716942
 10
299.08659230771525
 20
147.9607025087694
 10
298.77397997251524
 20
147.86580396876943
 10
298.3754395445152
 20
147.89680234716943
 10
298.0130233453152
 20
147.98409780156942
 10
297.74539199011525
 20
148.10450938956942
 10
297.66876774131526
 20
148.2369224263694
 10
297.6982656669153
 20
148.29316048076942
 10
297.7792765749152
 20
148.32716427916944
 10
297.9008216117153
 20
148.33352222636944
 10
298.04496774131525
 20
148.30933758236944
 10
298.2901807533152
 20
148.2492607831694
 10
298.3195435813152
 20
148.2628222079694
 10
298.31259508371517
 20
148.2936575663694
 10
298.1138765461153
 20
148.44441177436943
 10
297.9201363885153
 20
148.6827272847694
 10
297.8768446301152
 20
148.97005212476938
 10
297.99656434451526
 20
149.18689096236938
 10
298.2267699861153
 20
149.2601325879694
 10
298.4142819437152
 20
149.3043646791694
 10
298.4505207045152
 20
149.42927043596939
 10
298.2937260621152
 20
149.5875983023694
 10
298.02211116691524
 20
149.6738286927694
 10
297.8324816213152
 20
149.71167039996942
 10
297.7613764773152
 20
149.76455341916943
 10
297.7603214453152
 20
149.84089777516942
 10
297.8466804125153
 20
149.9664286927694
 10
297.9452989853152
 20
150.0575030343694
 10
298.0783335045153
 20
150.13444011436943
 10
298.22336512531524
 20
150.1868466135694
 10
298.3580405453152
 20
150.20432085276943
 10
298.4781585301153
 20
150.21667509356942
 10
298.5797515909153
 20
150.2534358527694
 10
298.6480444309152
 20
150.30770178316942
 10
298.67196774131526
 20
150.3715208527694
 10
298.6813988245152
 20
150.4339183879694
 10
298.70880390771526
 20
150.48378963356944
 10
298.7496117429152
 20
150.5133624647694
 10
298.79736774131527
 20
150.51892086156943
 10
298.8702458741152
 20
150.51250188636942
 10
299.00871907491523
 20
150.51150537436942
 10
299.1715397725152
 20
150.51437335596938
 10
299.3407677413153
 20
150.52148119516943
 10
299.5597362053153
 20
150.53850165356943
 10
299.6257258653152
 20
150.57214463436944
 10
299.62263517331525
 20
150.6215617647694
 10
299.5079677413152
 20
150.7084811863694
 10
299.3717535797152
 20
150.80807052236938
 10
299.3407677413153
 20
150.87312085276943
 10
299.3717535797152
 20
150.9381711831694
 10
299.5079677413152
 20
151.03776051916938
 10
299.6187780365152
 20
151.1164381511694
 10
299.6490024461153
 20
151.1641968247694
 10
299.6294290109152
 20
151.1948639799694
 10
299.5438849765153
 20
151.2049605191694
 10
299.45237407571517
 20
151.22552394556942
 10
299.41388965171524
 20
151.2790433279694
 10
299.42822588131514
 20
151.37537226396944
 10
299.5079677413152
 20
151.54192085276944
 10
299.5945987429153
 20
151.66982784956946
 10
299.7063065677153
 20
151.77809085276945
 10
299.8250222461153
 20
151.85206431276941
 10
299.9318505061152
 20
151.87632085276942
 10
300.0254552525152
 20
151.88946243836943
 10
300.1048232533152
 20
151.92780674876943
 10
300.1578883533153
 20
151.98475456716938
 10
300.1767677413152
 20
152.0515922655694
 10
300.2101179549153
 20
152.1334513791694
 10
300.3322956765152
 20
152.2407722103694
 10
300.50348640611526
 20
152.3514124631694
 10
300.70622459891524
 20
152.44948362316939
 10
301.0425739837153
 20
152.6084956719694
 10
301.0528771821152
 20
152.69576504316942
 10
300.89748668531524
 20
152.77588995836942
 10
300.1349677413152
 20
152.95076594316942
 10
299.9145740645153
 20
152.98790273516943
 10
299.7785306141152
 20
152.9755260895694
 10
299.70353154931524
 20
152.91596727596942
 10
299.6751677413152
 20
152.81037362076938
 10
299.5815981069153
 20
152.60448755356944
 10
299.3257311109153
 20
152.4642783151694
 10
299.01096523971523
 20
152.4359435999694
 10
298.75920450851527
 20
152.54210255836944
 10
298.63720836611526
 20
152.62198620396944
 10
298.5436850461152
 20
152.63072357436937
 10
298.46063479971525
 20
152.57311932876942
 10
298.3718213365152
 20
152.43051645516942
 10
298.3182023029152
 20
152.2970321679694
 10
298.2860803405151
 20
152.14702317036944
 10
298.27844732611516
 20
152.0036192415694
 10
298.2993754157152
 20
151.89147753276941
 10
298.32266370051525
 20
151.78607665916942
 10
298.29435490131516
 20
151.73702552956945
 10
298.2190603941153
 20
151.73169201676941
 10
298.06778218131524
 20
151.78504704156938
 10
297.54569265731527
 20
151.98684824556943
 10
297.31196544931527
 20
152.0237524623694
 10
297.2221626637152
 20
151.94450099996942
 10
297.2360884173152
 20
151.7553712151694
 10
297.26625363811524
 20
151.5776242391694
 10
297.2224811797152
 20
151.46265785356943
 10
297.0927045525152
 20
151.38224518716942
 10
296.81902172771527
 20
151.3134515831694
 10
296.55991021571526
 20
151.2476923247694
 10
296.42555398051525
 20
151.1693534399694
 10
296.3762314853152
 20
151.06328894956945
 10
296.3969932109153
 20
150.91548013676942
 10
296.4289441277152
 20
150.79586492236942
 10
296.4032317773153
 20
150.77435029516943
 10
296.33530376771523
 20
150.82077003116945
 10
296.1792954669153
 20
150.99852085276945
 10
295.9575534893153
 20
151.23198438636942
 10
295.7701182765153
 20
151.3622661247694
 10
295.71391081971524
 20
151.3306407463694
 10
295.7414279269152
 20
151.21486628316944
 10
295.7135451533153
 20
151.0051086999694
 10
295.3933991205153
 20
150.79061066236943
 10
294.89298540451523
 20
150.62959488876942
 10
294.3449521253152
 20
150.57829391596943
 10
293.97342720451525
 20
150.5954421151694
 10
293.74790199251527
 20
150.64779243516938
 10
293.6109725493152
 20
150.74447901196942
 10
293.5312514221152
 20
150.89592091356943
 10
293.4836754981152
 20
151.0150544247694
 10
293.4090680157152
 20
151.1159883831694
 10
293.3199397149152
 20
151.1842387543694
 10
293.2297341445152
 20
151.2075208527694
 10
293.13899855011516
 20
151.2293499831694
 10
293.04831612531524
 20
151.2934721863694
 10
292.9714195077152
 20
151.3882571975694
 10
292.92112206931523
 20
151.50012085276944
 10
292.84708908611526
 20
151.91684896236944
 10
292.8020500877153
 20
152.9100609359694
 10
292.7719920421153
 20
153.97501424956943
 10
292.83537003811523
 20
154.1011348815694
 10
293.06345491491527
 20
154.2280652631694
 10
293.6585285765152
 20
154.47232941516938
 10
294.39631462771524
 20
154.7558464423694
 10
295.2443677413153
 20
155.06154238236942
 10
295.8532349013152
 20
155.2790451711694
 10
296.5819677413153
 20
155.5466119871694
 10
297.3106012645152
 20
155.81949542876941
 10
297.9195677413152
 20
156.0536060263694
 10
298.5285138197152
 20
156.28924015036938
 10
299.2571677413152
 20
156.5668632103694
 10
299.9858821893152
 20
156.8413032839694
 10
300.5947677413152
 20
157.06699051276942
 10
301.2150449637153
 20
157.2957597391694
 10
301.9814827413153
 20
157.58068224956943
 10
302.7637506805153
 20
157.8730834487694
 10
303.43716774131525
 20
158.1265512919694
 10
304.6496043293152
 20
158.56903154556943
 10
305.1743926285152
 20
158.68844678876943
 10
305.42165985971525
 20
158.6041263239694
  0
LWPOLYLINE
  8
0
 90
12
 70
1
 10
268.06749231011526
 20
158.43892085276937
 10
267.9307611661152
 20
158.2318342895694
 10
265.63921076211517
 20
157.10880405596944
 10
263.33027640691523
 20
155.9922292471694
 10
263.14875673011517
 20
156.04533597996942
 10
263.19079097731526
 20
156.20232440716944
 10
265.33139154931524
 20
157.3484951207694
 10
267.3895345989152
 20
158.4305190527694
 10
267.86536774131525
 20
158.55633772156938
 10
267.9448042941153
 20
158.55009129676944
 10
268.0109542989153
 20
158.5251395391694
 10
268.05382304131524
 20
158.4860752655694
  0
LWPOLYLINE
  8
0
 90
68
 70
1
 10
285.6616578837152
 20
157.93732085276943
 10
285.6537610277153
 20
157.79323792476941
 10
285.67356570051527
 20
157.67162951916941
 10
285.7162083885152
 20
157.5899389431694
 10
285.77565149971525
 20
157.56112085276942
 10
285.8767496485152
 20
157.47749008796944
 10
285.8982751437152
 20
157.1984864575694
 10
285.8530503861152
 20
156.8686284455694
 10
285.74257064531525
 20
156.60420131116942
 10
285.7093363013152
 20
156.52424794316943
 10
285.70501652211516
 20
156.44160332396945
 10
285.7298721397152
 20
156.3692028815694
 10
285.77994837251526
 20
156.31801025436943
 10
285.8974857925152
 20
156.1406266039694
 10
285.86926962211527
 20
155.88524064236938
 10
285.6955493237152
 20
155.61091510076938
 10
285.4177428453152
 20
155.39306637516938
 10
285.15905819491525
 20
155.26379485916942
 10
284.99847112211523
 20
155.2374563447694
 10
284.8496786717152
 20
155.29185085196943
 10
284.63859385491526
 20
155.4607803687694
 10
284.40792072211525
 20
155.66449350476944
 10
284.3386310357152
 20
155.68741495276942
 10
284.29952797171524
 20
155.6479729743694
 10
284.29276774131523
 20
155.4357281239694
 10
284.2538806997152
 20
155.25814032236943
 10
284.14689777971523
 20
155.1562966287694
 10
283.9266131173151
 20
155.10850033516942
 10
283.45119446371524
 20
155.0977075751694
 10
283.1344688413152
 20
155.10404629436943
 10
282.8831351389153
 20
155.12400930556942
 10
282.7096176541152
 20
155.15226543676937
 10
282.6991591269152
 20
155.1872456831694
 10
282.71360554131525
 20
155.3305439415694
 10
282.5111965653152
 20
155.5787854471694
 10
282.2579898885152
 20
155.78833185676945
 10
282.09682196291527
 20
155.79171046716942
 10
282.04159296051523
 20
155.7712543831694
 10
281.99451863651524
 20
155.78049703196942
 10
281.96298872931527
 20
155.81847015836942
 10
281.9519677413153
 20
155.87925321036937
 10
281.9326350741152
 20
155.94677592716937
 10
281.8782952413152
 20
156.0043072735694
 10
281.79702651091515
 20
156.04305436876942
 10
281.7011677413152
 20
156.05632085276943
 10
281.6054803517153
 20
156.07710397996942
 10
281.5240402413153
 20
156.1360072023694
 10
281.4694384061152
 20
156.22403231756942
 10
281.4503677413153
 20
156.3275936567694
 10
281.4395263261152
 20
156.44535512476943
 10
281.4012820013153
 20
156.4971744175694
 10
281.33833571571523
 20
156.4978769919694
 10
281.24136774131523
 20
156.43714878156942
 10
280.99426336291515
 20
156.27922988636942
 10
280.72607506451527
 20
156.1704626079694
 10
280.51481953651523
 20
156.1341477711694
 10
280.44716774131524
 20
156.19858497916942
 10
280.48584143571526
 20
156.2680846687694
 10
280.75413657491526
 20
156.4275058559694
 10
281.09166388371517
 20
156.6060650895694
 10
281.4921677413152
 20
156.79285290396945
 10
281.9820033821152
 20
157.00994137116936
 10
282.5985615749152
 20
157.28375227116942
 10
283.23490153411524
 20
157.56673676636944
 10
283.79116774131523
 20
157.81453351996942
 10
284.7466373245153
 20
158.2083468695694
 10
285.30155523091526
 20
158.3289455543694
 10
285.5738614981152
 20
158.2195629799694
  0
LWPOLYLINE
  8
0
 90
34
 70
1
 10
270.0824623133152
 20
157.61339325756944
 10
270.7982829661152
 20
157.2683638519694
 10
271.1664391413152
 20
157.0398885631694
 10
271.35284172691524
 20
156.8367515983694
 10
271.41836774131525
 20
156.60847628076942
 10
271.35440872531524
 20
156.38144225596938
 10
271.17278036851513
 20
156.1804146863694
 10
270.81458145491524
 20
155.95640631276942
 10
270.1225677413152
 20
155.62237365116943
 10
269.5531569389152
 20
155.3573825511694
 10
268.91244536851525
 20
155.05472279596938
 10
268.2993724597152
 20
154.7615583287694
 10
267.82263610291534
 20
154.5292875999694
 10
266.8185042973152
 20
154.03391496396938
 10
265.53459439091523
 20
154.6271179919694
 10
265.03122942771523
 20
154.8543947911694
 10
264.5815127581152
 20
155.04606752076938
 10
264.1999208925152
 20
155.19996174476938
 10
264.0929988333153
 20
155.2203208527694
 10
264.0187382909153
 20
155.2367158159694
 10
263.92361269331525
 20
155.29023151996938
 10
263.8250173613153
 20
155.36724417436938
 10
263.7377958093153
 20
155.45831483756942
 10
263.74382888691525
 20
155.6378864671694
 10
264.0437968893152
 20
155.8885145855694
 10
264.6810054525152
 20
156.26423271516944
 10
266.01632300531526
 20
156.95486853356942
 10
266.9745813173153
 20
157.43787606076938
 10
267.8023636045152
 20
157.84614869916936
 10
268.52615468131523
 20
158.19710935756936
 10
268.61946231331524
 20
158.22167454876939
 10
268.7086188709152
 20
158.20735169516945
 10
269.1016452101152
 20
158.04639360556945
 10
269.5613308453153
 20
157.84904961916942
  0
LWPOLYLINE
  8
0
 90
12
 70
1
 10
265.38523446371516
 20
157.83456892876941
 10
265.3376264373153
 20
157.80098262876936
 10
265.21324485251523
 20
157.7330442527694
 10
265.06273458931514
 20
157.65523539196937
 10
264.8975677413153
 20
157.5745450063694
 10
264.6152670941152
 20
157.4408283111694
 10
264.58828536131534
 20
157.4426894143694
 10
264.58734987731526
 20
157.46078246076945
 10
264.8041246773152
 20
157.6354970975694
 10
265.0232044965153
 20
157.77916118956944
 10
265.2806052181152
 20
157.89033547916944
 10
265.3770751037153
 20
157.88659136956943
  0
LWPOLYLINE
  8
0
 90
12
 70
1
 10
264.06156774131523
 20
157.1610094135694
 10
264.0467255645153
 20
157.12972746396937
 10
263.9853442709152
 20
157.08535091196944
 10
263.90148009491526
 20
157.03865295516937
 10
263.80208370771527
 20
156.99572452236941
 10
263.7051443245153
 20
156.96641352636942
 10
263.6456530597152
 20
156.97162632076942
 10
263.6256959005152
 20
157.0050255239694
 10
263.64475135011526
 20
157.06143596156943
 10
263.7435715661153
 20
157.1604981159694
 10
263.88998058051527
 20
157.2215819607694
 10
264.01288679251525
 20
157.2221287047694
  0
LWPOLYLINE
  8
0
 90
20
 70
1
 10
290.9807677413153
 20
156.20563229196944
 10
290.96125282611524
 20
155.9284240551694
 10
290.88839759971523
 20
155.79827172956942
 10
290.73723458771525
 20
155.73649082796942
 10
290.39556774131523
 20
155.72192085276941
 10
289.92807319731526
 20
155.73513500316943
 10
289.8359612125152
 20
155.8154998503694
 10
289.8925100917152
 20
155.92091827996938
 10
290.3246354821153
 20
156.08579085596944
 10
290.5578176181152
 20
156.1790819351694
 10
290.67759083651526
 20
156.2652033111694
 10
290.70510560291524
 20
156.3523601567694
 10
290.65903548211526
 20
156.44493311196945
 10
290.51342718851527
 20
156.6219897191694
 10
290.4874615301153
 20
156.75492559036942
 10
290.56328806771523
 20
156.81653795436944
 10
290.72996774131525
 20
156.7855847199694
 10
290.8283472181153
 20
156.71328275836936
 10
290.9089780805152
 20
156.5784332831694
 10
290.9626942573152
 20
156.4021578343694
  0
LWPOLYLINE
  8
0
 90
12
 70
1
 10
292.5997844021153
 20
156.5265708527694
 10
292.56274124211524
 20
156.45690245836943
 10
292.53226920931525
 20
156.4540194287694
 10
292.5086401709152
 20
156.50280236956942
 10
292.49876767971523
 20
156.62758757516937
 10
292.50060654531524
 20
156.74398903836942
 10
292.51911892931525
 20
156.82424353356942
 10
292.54999140611517
 20
156.8547643887694
 10
292.5865844637152
 20
156.8470375751694
 10
292.6188941917152
 20
156.79237387596942
 10
292.63213124851524
 20
156.7112310471694
 10
292.62587328691524
 20
156.6180073495694
  0
LWPOLYLINE
  8
0
 90
20
 70
1
 10
235.6375677413152
 20
156.40198812636942
 10
235.61525640611524
 20
156.3350872263694
 10
235.54581523651524
 20
156.26273945196942
 10
235.44473782051526
 20
156.1963690775694
 10
235.32521874611524
 20
156.14691951036943
 10
235.18419256851524
 20
156.08554139356943
 10
235.01685997891522
 20
155.9799288447694
 10
234.85137377891525
 20
155.85131827036943
 10
234.71410475251523
 20
155.7176524039694
 10
234.43404709331523
 20
155.51145551196942
 10
234.05762755971523
 20
155.3976329415694
 10
233.74536684611525
 20
155.4079643967694
 10
233.6311677413152
 20
155.55042715676944
 10
233.74564657171527
 20
155.75588870316943
 10
234.3526285517152
 20
156.1029972407694
 10
235.00768554771525
 20
156.40762243196946
 10
235.5121677413152
 20
156.5412543567694
 10
235.55994698051524
 20
156.5354598735694
 10
235.60073157491524
 20
156.50721979356942
 10
235.62808817011523
 20
156.4602850815694
  0
LWPOLYLINE
  8
0
 90
36
 70
1
 10
238.40472774131524
 20
156.4015779847694
 10
238.53060576611523
 20
156.33479613116944
 10
238.95894357491522
 20
156.25653683356944
 10
239.48033788131525
 20
156.18389478716938
 10
240.06836774131526
 20
156.12736630636942
 10
241.10451082291522
 20
156.02610898316942
 10
241.78689314771523
 20
155.9030867343694
 10
242.20818280771522
 20
155.7571589215694
 10
242.32556774131527
 20
155.57481979756943
 10
242.28594953411528
 20
155.4897862247694
 10
242.04960481011526
 20
155.30077214236945
 10
241.7460906629152
 20
155.0856853935694
 10
241.38611926211524
 20
154.8600814303694
 10
240.98395260051524
 20
154.6199481215694
 10
240.55226911971522
 20
154.36087406236942
 10
240.15405907891522
 20
154.1207972671694
 10
239.86670564771524
 20
153.9461371375694
 10
239.49044612451524
 20
153.7370660775694
 10
239.26046937971523
 20
153.67751445356944
 10
239.00796193331524
 20
153.71245156236944
 10
238.50715412691525
 20
153.8901450343694
 10
238.14544852771525
 20
154.03387734396938
 10
237.69773157011525
 20
154.2216872519694
 10
237.24052735011526
 20
154.4204686567694
 10
236.84641170291525
 20
154.5995000631694
 10
236.25856175011523
 20
154.8802240143694
 10
236.12411422371525
 20
154.9921598999694
 10
236.1328887125152
 20
155.1012906711694
 10
236.34481170291525
 20
155.2773554479694
 10
236.53595624771526
 20
155.4133661271694
 10
236.80933309651525
 20
155.6108179575694
 10
237.10928538211525
 20
155.8291375183694
 10
237.3931677413152
 20
156.03748175996944
 10
237.90109442211525
 20
156.4040074007694
 10
238.10544559331524
 20
156.5104484255694
 10
238.24957383251524
 20
156.5059957223694
  0
LWPOLYLINE
  8
0
 90
22
 70
1
 10
233.79836774131525
 20
156.2320298279694
 10
233.76869057731523
 20
156.14756389916937
 10
233.63874407491522
 20
155.99888297116942
 10
233.46307706691522
 20
155.8306170711694
 10
233.25496774131526
 20
155.6611806039694
 10
232.90124577491522
 20
155.44451582156938
 10
232.51467235251528
 20
155.3041146375694
 10
231.98628524051523
 20
155.20821473676943
 10
231.13161568851524
 20
155.12689634796942
 10
229.55166363571524
 20
155.0047702911694
 10
230.18004938931523
 20
155.55650036236938
 10
230.58569314211525
 20
155.86867864636937
 10
230.9385769349152
 20
156.03957393356941
 10
231.40081655011522
 20
156.1398815607694
 10
232.26160144211522
 20
156.2248469159694
 10
232.82167947491524
 20
156.27132767996937
 10
233.30017895571524
 20
156.3144422063694
 10
233.72114976531523
 20
156.3545832479694
 10
233.75656774131522
 20
156.36609229276945
 10
233.7724846797152
 20
156.3630213303694
 10
233.78608890771523
 20
156.33687074876943
 10
233.79540378691524
 20
156.2911947183694
  0
LWPOLYLINE
  8
0
 90
22
 70
1
 10
259.03388648051526
 20
155.9648251671694
 10
259.94180538691523
 20
155.5421964023694
 10
258.14614125731526
 20
154.6338810647694
 10
257.39749222211526
 20
154.25283293356944
 10
256.63295550851524
 20
153.85903864476938
 10
255.95520980691518
 20
153.5059522055694
 10
255.51644156051523
 20
153.27162658876938
 10
254.6824061605153
 20
152.81768761756942
 10
253.73385882451524
 20
153.28289871116942
 10
252.7853116557153
 20
153.74810997196943
 10
253.28203961491528
 20
153.98813242716943
 10
253.5788670997152
 20
154.13942635676943
 10
254.19767630611523
 20
154.47385160396942
 10
254.92896529971523
 20
154.87485522236938
 10
255.70156774131524
 20
155.3045914919694
 10
256.4564789181152
 20
155.7172464423694
 10
257.1332177413153
 20
156.06576882316938
 10
257.70812123091525
 20
156.3453792223694
 10
257.8751677413152
 20
156.3842411839694
 10
258.0222350221153
 20
156.36264312396946
 10
258.3189964629152
 20
156.26236308476942
 10
258.6678820021152
 20
156.1264125975694
  0
LWPOLYLINE
  8
0
 90
36
 70
1
 10
289.1840176477152
 20
155.96854085276942
 10
289.16645044531526
 20
155.90236927916942
 10
289.10154791971524
 20
155.83825359676942
 10
289.00101139571524
 20
155.7857018007694
 10
288.87887764771517
 20
155.7539314599694
 10
288.43212877811527
 20
155.67060767436942
 10
288.25057181571526
 20
155.58627884956942
 10
288.2141610061153
 20
155.47215849596938
 10
288.30277332771516
 20
155.30728775916947
 10
288.3881586893152
 20
155.2151441735694
 10
288.47760885011525
 20
155.1395789695694
 10
288.55896402291523
 20
155.0882993983694
 10
288.61420422771516
 20
155.0782663951694
 10
288.82163957011517
 20
155.0871505671694
 10
288.99095465011527
 20
155.0532216743694
 10
289.1013206949153
 20
154.9829406591694
 10
289.14156774131516
 20
154.8859208527694
 10
289.06506120131525
 20
154.76368494556942
 10
288.8766221197152
 20
154.7306052615694
 10
288.5653910237152
 20
154.80565933516945
 10
288.14643012531525
 20
154.99055979596943
 10
287.88762442211527
 20
155.13089945036944
 10
287.7707116613152
 20
155.2342767023694
 10
287.75860955811515
 20
155.3223103447694
 10
287.8281418517152
 20
155.40599946236944
 10
287.9500421885153
 20
155.48709096076942
 10
287.9671778477153
 20
155.52294666636942
 10
287.9435815805152
 20
155.5466905711694
 10
287.8179010189153
 20
155.55216051916943
 10
287.71774637971515
 20
155.6044830839694
 10
287.7292592701152
 20
155.69261570876938
 10
287.9609300853152
 20
155.8375981727694
 10
288.3593676853153
 20
156.00109318796942
 10
288.7477467005153
 20
156.12852985116942
 10
288.98385450211515
 20
156.15724026476943
 10
289.1187131733152
 20
156.10045730556942
  0
LWPOLYLINE
  8
0
 90
32
 70
1
 10
230.03636774131522
 20
155.88912085276942
 10
230.06483170211524
 20
155.8251148535694
 10
230.0649739893152
 20
155.77103585276942
 10
230.03764631971524
 20
155.7354553583694
 10
229.98864150451524
 20
155.72192085276941
 10
229.90420266211527
 20
155.70003537596943
 10
229.74531266931524
 20
155.6045081639694
 10
229.56159046691525
 20
155.47527226156942
 10
229.37241670851523
 20
155.3222178831694
 10
229.05798139171523
 20
155.1103547503694
 10
228.70021803411524
 20
154.97482694476943
 10
228.19083554291524
 20
154.88315185356942
 10
227.32860303331523
 20
154.80415871516945
 10
226.7172143301152
 20
154.7651407559694
 10
226.18791046051524
 20
154.74634062076942
 10
225.73995490851522
 20
154.74148529996944
 10
225.66222229091522
 20
154.7735330255694
 10
225.65997896851525
 20
154.82387761436942
 10
225.74773455731525
 20
154.91175325276942
 10
225.89025650611524
 20
155.0150181463694
 10
226.07652382691523
 20
155.12087430556943
 10
226.27290056131525
 20
155.23205060156943
 10
226.44780012131525
 20
155.3514212023694
 10
226.58350716531527
 20
155.4633049215694
 10
226.63546172291524
 20
155.54115474636944
 10
226.70949888611526
 20
155.6111575407694
 10
227.04401408691524
 20
155.70035656716942
 10
227.46170209171527
 20
155.78620005676942
 10
227.94636774131524
 20
155.8574971463694
 10
229.09367675251525
 20
155.9934320839694
 10
229.60566505571526
 20
156.02611165836942
 10
229.88745089411526
 20
155.99601498956943
  0
LWPOLYLINE
  8
0
 90
28
 70
1
 10
275.0825612589152
 20
155.16191354556943
 10
275.34436235011526
 20
155.05224572796942
 10
275.5649345965152
 20
154.94890977436944
 10
275.74408688851526
 20
154.8563655775694
 10
275.7655677413152
 20
154.82055635356943
 10
275.7217720421153
 20
154.74636570076945
 10
275.1024610685152
 20
154.4081878167694
 10
274.5018758261152
 20
154.0897086007694
 10
274.33921898451524
 20
154.04992085276942
 10
274.30810557251516
 20
154.0762321135694
 10
274.2838127501152
 20
154.2463808527694
 10
274.2664147541152
 20
154.4623017623694
 10
274.26076774131525
 20
154.71872085276937
 10
274.2498111253152
 20
154.9750536679694
 10
274.21625090851524
 20
155.1910608527694
 10
274.1680630325152
 20
155.34744518636938
 10
274.1092210053152
 20
155.3875208527694
 10
274.05886855811525
 20
155.4158100895694
 10
274.0301425949153
 20
155.4944079671694
 10
274.0273307925152
 20
155.61194204316942
 10
274.0528284581153
 20
155.75139169196942
 10
274.1192413013152
 20
155.99541423996942
 10
274.1519946109152
 20
156.0230751391694
 10
274.18703922931525
 20
156.00190678316937
 10
274.27376887891523
 20
155.7752303991694
 10
274.36876556531524
 20
155.62570460956942
 10
274.5632383933152
 20
155.45480547676942
 10
274.81190960291525
 20
155.29157647676942
  0
LWPOLYLINE
  8
0
 90
16
 70
1
 10
279.94556774131524
 20
155.88912085276942
 10
279.94015965731523
 20
155.82510849996942
 10
279.9239088205153
 20
155.77103585276942
 10
279.9000304869152
 20
155.7343705647694
 10
279.8718353837152
 20
155.72192085276941
 10
279.83660182931527
 20
155.73287897356943
 10
279.7894071213152
 20
155.77103585276942
 10
279.73974353811525
 20
155.82512103996942
 10
279.6947677413152
 20
155.88912085276942
 10
279.6685989349153
 20
155.95300797276943
 10
279.67380086131527
 20
156.0072058527694
 10
279.7091534621153
 20
156.04323109916942
 10
279.7685000989152
 20
156.05632085276943
 10
279.83609153491517
 20
156.04359308716943
 10
279.89355416211515
 20
156.0072058527694
 10
279.9320141749152
 20
155.9529170159694
  0
LWPOLYLINE
  8
0
 90
26
 70
1
 10
271.5509538301152
 20
154.20157476396943
 10
271.5019677413153
 20
152.79592085276943
 10
271.0003677413153
 20
152.74580265276944
 10
270.32437630211524
 20
152.70435995916938
 10
269.8609012461152
 20
152.7461086287694
 10
269.38083092131524
 20
152.8942035207694
 10
268.61208009891527
 20
153.23625843836942
 10
268.1548765477153
 20
153.4582629199694
 10
267.7684885501153
 20
153.65920153916937
 10
267.44434543411523
 20
153.83750880236946
 10
267.41317249891523
 20
153.88566240236938
 10
267.43926355731526
 20
153.93389692716943
 10
267.8130003669153
 20
154.13124041196943
 10
268.2566921517153
 20
154.35317517116937
 10
268.7849677413152
 20
154.6001464583694
 10
269.3559946989152
 20
154.8637954439694
 10
269.9310715749152
 20
155.1366912583694
 10
270.43511837971516
 20
155.38225589196938
 10
270.74956774131516
 20
155.5448904959694
 10
270.98337570691524
 20
155.6569434215694
 10
271.2018124749152
 20
155.73125713356941
 10
271.3799015421152
 20
155.7642503751694
 10
271.46735383011526
 20
155.73446018396945
 10
271.51802579651525
 20
155.6289101679694
 10
271.5466031189152
 20
155.2316919575694
 10
271.5600969949153
 20
154.7493890111694
  0
LWPOLYLINE
  8
0
 90
12
 70
1
 10
281.4503677413153
 20
155.45718757516943
 10
281.43544781651525
 20
155.36100025756943
 10
281.3920436997153
 20
155.28966103356942
 10
281.3273523477152
 20
155.2544602503694
 10
281.2518177413152
 20
155.25863757516942
 10
281.0740513701153
 20
155.36696662236943
 10
280.9917426557152
 20
155.52903241196944
 10
281.03907814611523
 20
155.66390696716945
 10
281.18563446371513
 20
155.72192085276941
 10
281.28666673571513
 20
155.70171055276938
 10
281.3726023525153
 20
155.6441554639694
 10
281.4301574413152
 20
155.55821984716943
  0
LWPOLYLINE
  8
0
 90
20
 70
1
 10
226.1071677413152
 20
155.4328502775694
 10
226.0050214157152
 20
155.3882132279694
 10
225.90548274131524
 20
155.3331054455694
 10
225.82184729491522
 20
155.27617183916942
 10
225.77276774131525
 20
155.22735846796942
 10
225.60728973411523
 20
155.0651734647694
 10
225.25389782051525
 20
154.82190582476943
 10
224.88609343411525
 20
154.5936370279694
 10
224.73236473811522
 20
154.55152085276944
 10
224.63634094211523
 20
154.6316449319694
 10
224.60536312931524
 20
154.9391247287694
 10
224.6252059237152
 20
155.2660259759694
 10
224.71383446371522
 20
155.44325413036944
 10
224.79648811171526
 20
155.48627184796942
 10
225.01766813011523
 20
155.5181000399694
 10
225.28999496291522
 20
155.53844209356942
 10
225.59163446371525
 20
155.5415209143694
 10
225.87034833651524
 20
155.53006269836942
 10
226.05918485251524
 20
155.50415388796938
 10
226.11676518851525
 20
155.4694849679694
  0
LWPOLYLINE
  8
0
 90
26
 70
1
 10
243.68683540291522
 20
155.0737406255694
 10
244.4057536029153
 20
154.80056107276943
 10
245.18902507651526
 20
154.4527449447694
 10
245.93329715011524
 20
154.0939267223694
 10
246.00396774131528
 20
153.98035261116942
 10
245.95104175171525
 20
153.8833537047694
 10
245.1548868493152
 20
153.3752324031694
 10
244.35392394371522
 20
152.8849277663694
 10
243.65257829651526
 20
152.4921186199694
 10
242.91076774131525
 20
152.0995203127694
 10
241.50258777251526
 20
152.65206063516942
 10
240.57055043331525
 20
153.0374348991694
 10
240.04100111411523
 20
153.31874906636943
 10
239.86299481091524
 20
153.51549581436942
 10
239.91936461891524
 20
153.65888653436943
 10
240.04039902691525
 20
153.71778490796942
 10
240.41331822851527
 20
153.94928166796944
 10
240.8536658461152
 20
154.23053096156943
 10
241.34056461891527
 20
154.55090171116944
 10
241.82136911891527
 20
154.86689867596942
 10
242.24249776531525
 20
155.13428525036943
 10
242.60675082371526
 20
155.3589241351694
 10
242.67559258131524
 20
155.38083602956942
 10
242.74480451971525
 20
155.37332791356943
 10
243.01357534291526
 20
155.29338424316938
 10
243.3301904461152
 20
155.19348073836943
  0
LWPOLYLINE
  8
0
 90
16
 70
1
 10
260.21596774131524
 20
155.05312085276944
 10
260.10767113091526
 20
154.99108329916942
 10
259.9897252413153
 20
154.93865222156944
 10
259.8794504877153
 20
154.9021111631694
 10
259.79796774131523
 20
154.8910415199694
 10
259.75913169571515
 20
154.9063814511694
 10
259.7535552413152
 20
154.93865222156944
 10
259.79559584211523
 20
154.9905280279694
 10
259.8815677413153
 20
155.05312085276944
 10
259.98986435171525
 20
155.11515840636937
 10
260.10781024131524
 20
155.1675894839694
 10
260.2180849949153
 20
155.2041305423694
 10
260.2995677413153
 20
155.21520018556942
 10
260.33840378691525
 20
155.1998602543694
 10
260.3439802413152
 20
155.1675894839694
 10
260.30193964051523
 20
155.11571367756943
  0
LWPOLYLINE
  8
0
 90
12
 70
1
 10
290.5627677413152
 20
155.05312085276944
 10
290.49718788851527
 20
154.9897622519694
 10
290.3821770277152
 20
154.93848786396939
 10
290.2409008861152
 20
154.9055469559694
 10
290.09310009891516
 20
154.8976725047694
 10
289.8478462901153
 20
154.90715207596944
 10
289.82378821651525
 20
154.92769276316938
 10
289.8380532189152
 20
154.95546769276945
 10
290.0611677413152
 20
155.05312085276944
 10
290.3626134573152
 20
155.17211692556947
 10
290.5303821045152
 20
155.2014417991694
 10
290.58467729491525
 20
155.15347897436942
  0
LWPOLYLINE
  8
0
 90
12
 70
1
 10
292.09983583651524
 20
154.5965030031694
 10
292.07035329331524
 20
154.53201831036938
 10
292.04358005891515
 20
154.5349518343694
 10
292.0233527045153
 20
154.6237166423694
 10
292.0165632141152
 20
154.80232085276944
 10
292.01953201731527
 20
154.98291574636937
 10
292.0366489501152
 20
155.0961168343694
 10
292.06374387731523
 20
155.1176615575694
 10
292.09364040771516
 20
155.09810300316943
 10
292.12013625731527
 20
154.99812626476944
 10
292.1298102821152
 20
154.8658581903694
 10
292.12322761811527
 20
154.72484605756938
  0
LWPOLYLINE
  8
0
 90
12
 70
1
 10
219.43786655331525
 20
154.4872132247694
 10
219.10943843571522
 20
154.1821299055694
 10
218.84404956691523
 20
154.02089978156943
 10
218.54058842211523
 20
153.94413491756944
 10
218.08336714771522
 20
153.9213054295694
 10
217.27736717491524
 20
153.9213054295694
 10
217.69902768451524
 20
154.3945474735694
 10
218.02477993331524
 20
154.70011266316942
 10
218.34862142051523
 20
154.8811817359694
 10
218.76490327331524
 20
154.98076990156943
 10
219.41016686371523
 20
155.03035122236943
 10
219.98636598611526
 20
155.05312085276944
  0
LWPOLYLINE
  8
0
 90
12
 70
1
 10
260.5503677413153
 20
154.61778037356942
 10
259.1783934277152
 20
153.85947704316942
 10
257.83628120131516
 20
153.1747530823694
 10
256.6156457941152
 20
152.5894000943694
 10
256.36557779571524
 20
152.5745841679694
 10
256.35410168931526
 20
152.7088527903694
 10
258.47269606611525
 20
153.8350626663694
 10
260.55790913011526
 20
154.9188029063694
 10
261.0519677413153
 20
155.04369679196938
 10
261.0757047909152
 20
155.0054474511694
 10
261.0080777413152
 20
154.9208098079694
 10
260.82275158931526
 20
154.78339431436942
  0
LWPOLYLINE
  8
0
 90
24
 70
1
 10
217.57996774131527
 20
154.7999640015694
 10
217.56022526691524
 20
154.7478091383694
 10
217.42034390771525
 20
154.5940439927694
 10
217.24478641571523
 20
154.41532073596943
 10
217.03656774131522
 20
154.2196651351694
 10
216.58278175811523
 20
153.90269556796943
 10
216.07787353891524
 20
153.7242659143694
 10
215.75464818371526
 20
153.75531863276942
 10
215.67244146131526
 20
153.9458319975694
 10
215.6701160437152
 20
154.05533679516944
 10
215.59151883491523
 20
154.14864726956944
 10
215.4209960693152
 20
154.22655962716942
 10
215.14381592211524
 20
154.2918940303694
 10
214.72347579091524
 20
154.41989649836944
 10
214.70955321411526
 20
154.55986931596942
 10
215.04972880371523
 20
154.6895519767694
 10
215.82436774131526
 20
154.7615253903694
 10
216.23603253331527
 20
154.78726198476943
 10
216.64338657491524
 20
154.81401047356945
 10
216.99632454051522
 20
154.8382937655694
 10
217.20376774131523
 20
154.8543060079694
 10
217.34797824291522
 20
154.8602237175694
 10
217.46945907491525
 20
154.85138418796942
 10
217.55696704051525
 20
154.83136365996938
  0
LWPOLYLINE
  8
0
 90
12
 70
1
 10
259.13901080531525
 20
154.62980339116945
 10
259.0017566597152
 20
154.5362832479694
 10
258.85778609011527
 20
154.4581717551694
 10
258.72703067411527
 20
154.40405630476943
 10
258.63741080531526
 20
154.39024558476945
 10
258.61361958291525
 20
154.4164812711694
 10
258.63516163091526
 20
154.4646216623694
 10
258.7293117837153
 20
154.54267747756944
 10
258.87836774131523
 20
154.63512085276943
 10
259.24021612931523
 20
154.83532763756938
 10
259.3665954197153
 20
154.86565370476944
 10
259.3813852629152
 20
154.8240643767694
  0
LWPOLYLINE
  8
0
 90
12
 70
1
 10
282.78796774131524
 20
154.6252532103694
 10
282.77549278211524
 20
154.53317382956942
 10
282.7380515189152
 20
154.4720065519694
 10
282.68257154931524
 20
154.45083702556943
 10
282.6180403749152
 20
154.46960639596938
 10
282.5604772605152
 20
154.52153035596942
 10
282.5262865325152
 20
154.5894986607694
 10
282.52063182851526
 20
154.6628431143694
 10
282.5443080173152
 20
154.73027403836943
 10
282.64302874931525
 20
154.85894396876938
 10
282.71988691091525
 20
154.8748654215694
 10
282.7737293237153
 20
154.8055917863694
  0
LWPOLYLINE
  8
0
 90
48
 70
1
 10
262.4396708933153
 20
154.4288430359694
 10
262.70766423651526
 20
154.2942171071694
 10
263.0840117069152
 20
154.1250872847694
 10
263.49530230531525
 20
153.9521424599694
 10
263.88175885491523
 20
153.8018430359694
 10
264.23360400131526
 20
153.65908834476943
 10
264.5402342549153
 20
153.5088445983694
 10
264.7795250429153
 20
153.36826384156942
 10
264.8497301493153
 20
153.27780713676944
 10
264.8216004213153
 20
153.1841440375694
 10
264.60845570051526
 20
153.03297651116944
 10
264.30934409651513
 20
152.86753495356942
 10
263.94273903571525
 20
152.70681612716945
 10
263.52323540611525
 20
152.53271394396944
 10
263.0626492317152
 20
152.3267660127694
 10
262.6305465805153
 20
152.12150761436942
 10
262.30596774131527
 20
151.9523711039694
 10
261.9927685341152
 20
151.78934742556942
 10
261.6003315749153
 20
151.60456667996942
 10
261.19568817971526
 20
151.4277157287694
 10
260.8429677413152
 20
151.2884466559694
 10
260.5386470213152
 20
151.1654822583694
 10
260.2820639077152
 20
151.0386799519694
 10
260.08713311891523
 20
150.9213645735694
 10
260.04876774131526
 20
150.8504053951694
 10
259.9689359277152
 20
150.7443012783694
 10
259.72338951891527
 20
150.7093426007694
 10
259.4557573277152
 20
150.7427347815694
 10
259.3113657485153
 20
150.84885361196945
 10
259.2288707733152
 20
150.9229270575694
 10
258.87887419011525
 20
151.08478401436943
 10
258.4522378085153
 20
151.2648662727694
 10
257.9631025685152
 20
151.4513069799694
 10
257.4745122333152
 20
151.6368275855694
 10
257.04963864131525
 20
151.8140958679694
 10
256.6992257301152
 20
151.9729681375694
 10
256.62269561491524
 20
152.04104880076943
 10
256.6415286885152
 20
152.1195899975694
 10
257.2159471309152
 20
152.4632087367694
 10
257.91245467891525
 20
152.8549431215694
 10
258.7552911525152
 20
153.29532518236942
 10
259.6148213757153
 20
153.73689737276942
 10
260.36493575171517
 20
154.13315485196944
 10
260.9999014941152
 20
154.4767321255694
 10
261.12720774131515
 20
154.56905060236943
 10
261.3515776013153
 20
154.6879134167694
 10
261.6541087797153
 20
154.70490896236942
 10
262.0219524581152
 20
154.6184005183694
  0
LWPOLYLINE
  8
0
 90
16
 70
1
 10
284.71076774131524
 20
154.55152085276944
 10
284.7369365477152
 20
154.4876337327694
 10
284.73173462131524
 20
154.43343585276938
 10
284.69638202051516
 20
154.3974106063694
 10
284.6370353837152
 20
154.3843208527694
 10
284.56944394771523
 20
154.3970486183694
 10
284.51198132051525
 20
154.43343585276938
 10
284.4735213077152
 20
154.48772468956943
 10
284.45996774131527
 20
154.55152085276944
 10
284.46537582531516
 20
154.61553320556942
 10
284.48162666211516
 20
154.66960585276942
 10
284.50550499571517
 20
154.70627114076945
 10
284.53370009891523
 20
154.71872085276937
 10
284.5689336533152
 20
154.7077627319694
 10
284.61612836131525
 20
154.66960585276942
 10
284.6657919445152
 20
154.6155206655694
  0
LWPOLYLINE
  8
0
 90
56
 70
1
 10
276.6763914133152
 20
154.39852131596942
 10
276.7616339861152
 20
154.31969320396942
 10
277.08306979971525
 20
154.16058367756943
 10
277.4778955453153
 20
153.98388554716942
 10
277.9280437581152
 20
153.80337157836942
 10
278.95806380851525
 20
153.3835603007694
 10
279.2691529517152
 20
153.12244021516943
 10
279.21979718371523
 20
152.8864227015694
 10
278.7054697525152
 20
152.62514344156943
 10
278.37964727971524
 20
152.5207327263694
 10
278.02267243731524
 20
152.4445192879694
 10
277.6879280053152
 20
152.40448475276943
 10
277.4372774821152
 20
152.41362858636938
 10
277.2333841045152
 20
152.4324265479694
 10
277.0475356197153
 20
152.42619216156942
 10
276.9012155557153
 20
152.39912816636942
 10
276.83513861731524
 20
152.35004342956938
 10
276.78983410531526
 20
152.29673588956942
 10
276.72521113811524
 20
152.25164689836942
 10
276.65217232611525
 20
152.2210292343694
 10
276.58183245651526
 20
152.2107208527694
 10
276.5260831277153
 20
152.22350061756939
 10
276.49321227651524
 20
152.25839592636942
 10
276.48911303411523
 20
152.3109823327694
 10
276.51493824451524
 20
152.37301905036944
 10
276.51701570451525
 20
152.44385450076942
 10
276.45129005331523
 20
152.52139684476938
 10
276.3256676773152
 20
152.5944654183694
 10
276.1574084653152
 20
152.65022678556943
 10
275.95949566451526
 20
152.68669277116945
 10
275.8030320781152
 20
152.68447419436944
 10
275.69391685651533
 20
152.64559701756946
 10
275.63553462931526
 20
152.57302134956942
 10
275.58927206131517
 20
152.50863329836943
 10
275.52184030131525
 20
152.49393992956942
 10
275.42880737891517
 20
152.5377354615694
 10
275.30676291571524
 20
152.64563982076942
 10
275.15701959891527
 20
152.7572280975694
 10
274.98093258451513
 20
152.8219905095694
 10
274.77249136691523
 20
152.83980767596938
 10
274.5259987733152
 20
152.8115806375694
 10
274.32227811331524
 20
152.7780562015694
 10
274.21120497971526
 20
152.77872316236943
 10
274.19363744291525
 20
152.80909270156943
 10
274.2318078653152
 20
152.8557577199694
 10
274.3125642949152
 20
152.9323624063694
 10
274.3724319269153
 20
153.0432156719694
 10
274.4033329949152
 20
153.16991030156944
 10
274.39900786531524
 20
153.2931465663694
 10
274.3969334149152
 20
153.4157593423694
 10
274.4340907725153
 20
153.54060557596938
 10
274.5034152365152
 20
153.64861426796944
 10
274.59516774131515
 20
153.7221207383694
 10
275.58614023811526
 20
154.23651287596942
 10
276.1411593005152
 20
154.46446064876943
 10
276.4789140013152
 20
154.51264584956942
  0
LWPOLYLINE
  8
0
 90
12
 70
1
 10
288.35249593251524
 20
154.26544717036944
 10
288.1951184309153
 20
154.0695387631694
 10
287.91731830611525
 20
153.9532026751694
 10
287.63214482851527
 20
153.95051593836945
 10
287.4512538237152
 20
154.0738284463694
 10
287.3242069037152
 20
154.31813690636943
 10
287.3481532877152
 20
154.44340649036943
 10
287.49149618851527
 20
154.50603191916946
 10
287.86634203571526
 20
154.5001399583694
 10
288.10533721411525
 20
154.4742826455694
 10
288.2648266189152
 20
154.42417631676938
 10
288.3441061709152
 20
154.3530066335694
  0
LWPOLYLINE
  8
0
 90
44
 70
1
 10
235.26120238051527
 20
153.8139270815694
 10
235.8988302813152
 20
153.56454493756942
 10
236.79967529011523
 20
153.1642161383694
 10
237.7632744717152
 20
152.7197572399694
 10
237.81116774131522
 20
152.6447374423694
 10
237.79735902771523
 20
152.61838036876944
 10
237.55331390771525
 20
152.45036276076942
 10
237.26988716851525
 20
152.26072452076943
 10
236.9333677413152
 20
152.04383903436943
 10
236.54488205251522
 20
151.79582809756943
 10
236.10222055411523
 20
151.5108674655694
 10
235.67464467571523
 20
151.23376740716944
 10
235.3365856709152
 20
151.01248004636938
 10
235.05394443731524
 20
150.83096220876942
 10
234.79981013491525
 20
150.67788759916942
 10
234.58354228531522
 20
150.55541376636944
 10
234.51889925411524
 20
150.5387208527694
 10
234.4535481309152
 20
150.55101757676942
 10
234.24734973411523
 20
150.63361705196942
 10
234.00349054051526
 20
150.7380127191694
 10
233.73308132451524
 20
150.86177165116942
 10
233.41311101891523
 20
151.0059243015694
 10
233.01550239651525
 20
151.1732267951694
 10
232.60788033331525
 20
151.33637888316943
 10
232.25514250611525
 20
151.46839833116945
 10
231.95899368611524
 20
151.58860810876942
 10
231.72560572691523
 20
151.7155702583694
 10
231.5740176925152
 20
151.83212638156942
 10
231.56298483331523
 20
151.9116217887694
 10
231.64313315651526
 20
152.0019602831694
 10
231.9040241781152
 20
152.2044786079694
 10
232.22440295331523
 20
152.4379143863694
 10
232.58541517411524
 20
152.68439510876942
 10
232.97726241891525
 20
152.9460054247694
 10
233.39080603731523
 20
153.2250926551694
 10
233.76706422291525
 20
153.48153297996947
 10
234.02997267971523
 20
153.6640824415694
 10
234.23110709011524
 20
153.80529103436942
 10
234.40388789171524
 20
153.9257979263694
 10
234.55603688211522
 20
154.0313959287694
 10
234.57154618691524
 20
154.04028244156942
 10
234.58829695171522
 20
154.04128748076943
 10
234.78270390291524
 20
153.97776636156942
 10
235.00327966051523
 20
153.9037046199694
  0
LWPOLYLINE
  8
0
 90
12
 70
1
 10
208.45404945411525
 20
153.37403341196938
 10
208.12956173891524
 20
153.09660881836945
 10
207.8235962725152
 20
152.93542985756937
 10
207.42070279251521
 20
152.83837176236943
 10
206.72990930451522
 20
152.7634467671694
 10
205.51445676291524
 20
152.66154756316942
 10
205.56981216851526
 20
153.14673420796942
 10
205.72209525331525
 20
153.48762691836941
 10
206.04989503331524
 20
153.6986625783694
 10
206.67062670531524
 20
153.8117715391694
 10
207.87915231811522
 20
153.86071047756943
 10
208.96273689491522
 20
153.8827208527694
  0
LWPOLYLINE
  8
0
 90
22
 70
1
 10
231.76761238611522
 20
153.58924054476944
 10
231.54521665651524
 20
153.4396360039694
 10
231.2277670581152
 20
153.2203428375694
 10
230.8798751885152
 20
152.9767324375694
 10
230.55102137971525
 20
152.74306742796944
 10
230.2141846069152
 20
152.5239974735694
 10
229.88896254931527
 20
152.35790132796944
 10
229.60491332451522
 20
152.2553824807694
 10
229.40497673491527
 20
152.24146742796944
 10
229.21004745091523
 20
152.28423835836944
 10
229.18352050211521
 20
152.3453064863694
 10
229.26370828451522
 20
152.43715814076944
 10
229.61836774131524
 20
152.67170212076942
 10
229.88352721171523
 20
152.84631275916945
 10
230.19855224291524
 20
153.0606680079694
 10
230.51181833011526
 20
153.27896900956938
 10
230.77169377891522
 20
153.46590212076944
 10
231.0211600245152
 20
153.62537647756946
 10
231.30073581331524
 20
153.7600218015694
 10
231.56814211731526
 20
153.85318597596938
 10
231.77489377891527
 20
153.88184054476943
 10
232.20996774131524
 20
153.88096040396942
  0
LWPOLYLINE
  8
0
 90
32
 70
1
 10
248.38437006451522
 20
153.08268356636938
 10
249.17517021971526
 20
152.64323815996943
 10
249.30663322611522
 20
152.3091095255694
 10
249.03681573091524
 20
151.96168347516942
 10
247.9622632981152
 20
151.4207421511694
 10
247.60746055091525
 20
151.24681385596944
 10
247.26113016211525
 20
151.05773757516943
 10
246.9666359533153
 20
150.8798051743694
 10
246.79770091891527
 20
150.7512698399694
 10
246.60018705731525
 20
150.62066908396937
 10
246.4132240173152
 20
150.5929983199694
 10
246.15583516691524
 20
150.6670092327694
 10
245.62675668291524
 20
150.9151094543694
 10
245.24533970851527
 20
151.09398904316944
 10
244.82402730931526
 20
151.27587037356938
 10
244.42607743171524
 20
151.4349633471694
 10
244.1252965029152
 20
151.5393366095694
 10
243.87975995891523
 20
151.62395251676946
 10
243.65866822211524
 20
151.71766243196944
 10
243.4823299061152
 20
151.80828349436942
 10
243.41397269411524
 20
151.87372406956942
 10
243.42678472851526
 20
151.9562376039694
 10
243.68066639171525
 20
152.16127245596937
 10
244.0218149181152
 20
152.39956689916943
 10
244.44354849411525
 20
152.65572582636943
 10
244.9069352685152
 20
152.92208244876943
 10
245.3762083189152
 20
153.19167221756942
 10
245.7897611333152
 20
153.4291224679694
 10
246.05109038611528
 20
153.5789799823694
 10
246.44390755811526
 20
153.7348635519694
 10
246.80594504931526
 20
153.73952274716942
 10
247.30658431811526
 20
153.5770426359694
  0
LWPOLYLINE
  8
0
 90
16
 70
1
 10
285.46316774131515
 20
153.71552085276937
 10
285.44961417491527
 20
153.65172468956942
 10
285.4111541621152
 20
153.59743585276942
 10
285.35369153491524
 20
153.56104861836943
 10
285.2861000989152
 20
153.5483208527694
 10
285.22675346211514
 20
153.56141060636944
 10
285.19140086131523
 20
153.59743585276942
 10
285.1861989349152
 20
153.65163373276943
 10
285.21236774131523
 20
153.71552085276937
 10
285.2573435381152
 20
153.7795206655694
 10
285.3070071213152
 20
153.83360585276938
 10
285.35420182931523
 20
153.8717627319694
 10
285.38943538371524
 20
153.8827208527694
 10
285.41763048691524
 20
153.8702711407694
 10
285.4415088205152
 20
153.83360585276938
 10
285.45775965731525
 20
153.7795332055694
  0
LWPOLYLINE
  8
0
 90
24
 70
1
 10
230.28661430931524
 20
153.4640540591694
 10
230.15038108691525
 20
153.33272765516944
 10
229.85529181331526
 20
153.11397788876943
 10
229.49670733651524
 20
152.86866622876943
 10
229.11134912371523
 20
152.62542918636942
 10
228.58064311491523
 20
152.33438548396944
 10
228.09015639731524
 20
152.1316803967694
 10
227.56444599011525
 20
151.98997839676943
 10
226.92445237651526
 20
151.8850411687694
 10
226.44678923011526
 20
151.8325995575694
 10
226.02163691571525
 20
151.80213521596943
 10
225.66784673171523
 20
151.78981073676945
 10
225.56469352771524
 20
151.8179825991694
 10
225.55529805811523
 20
151.8866466231694
 10
225.78078197171521
 20
152.1169691375694
 10
226.09533282371524
 20
152.3976914167694
 10
226.49610704371523
 20
152.71480243516942
 10
227.24262628531523
 20
153.2282167871694
 10
227.81460879091523
 20
153.48824070956942
 10
228.49412012451523
 20
153.61831578876942
 10
229.6806405453152
 20
153.6874140311694
 10
230.14559816371525
 20
153.69686384076942
 10
230.31703768691523
 20
153.66681800076944
 10
230.3545934821152
 20
153.59273034316942
  0
LWPOLYLINE
  8
0
 90
12
 70
1
 10
232.6856646157152
 20
153.29030985116938
 10
232.64198177651525
 20
153.1970639159694
 10
232.59233207091523
 20
153.1314976063694
 10
232.54528065331525
 20
153.10275341836942
 10
232.50696944851524
 20
153.11198586796942
 10
232.48456414691523
 20
153.1555932999694
 10
232.48306469731523
 20
153.22064747596943
 10
232.50123649491525
 20
153.2958751031694
 10
232.53749264451523
 20
153.3699968695694
 10
232.64815847891524
 20
153.52688146556943
 10
232.71580074371525
 20
153.5406729575694
 10
232.7444564829152
 20
153.4755579207694
  0
LWPOLYLINE
  8
0
 90
12
 70
1
 10
256.7800077413152
 20
153.41287748316944
 10
256.54370582051524
 20
153.25679293916943
 10
256.1539751605152
 20
153.0810426655694
 10
255.76191975171525
 20
152.93211695676942
 10
255.70156774131524
 20
152.97477686636944
 10
255.7255049293152
 20
153.0199481199694
 10
255.8611914077152
 20
153.10636727916943
 10
256.0367375301153
 20
153.20215749676942
 10
256.24496774131524
 20
153.29904772316942
 10
256.66202874611525
 20
153.4763484423694
 10
256.83213852771524
 20
153.5293015183694
 10
256.8535005013152
 20
153.49921070156938
  0
LWPOLYLINE
  8
0
 90
20
 70
1
 10
226.6087677413152
 20
153.24610685276943
 10
226.57659762531523
 20
153.1689529143694
 10
226.37935011331524
 20
152.98167486956942
 10
226.12701321091524
 20
152.7658460871694
 10
225.82777135811523
 20
152.5355068527694
 10
225.51305430931524
 20
152.3033120327694
 10
225.21327624611527
 20
152.0816213855694
 10
224.95948821491524
 20
151.8934963055694
 10
224.83259093891525
 20
151.7986347167694
 10
224.6459982469152
 20
151.70751673596942
 10
224.54208394851523
 20
151.76029207836945
 10
224.51415603091527
 20
151.97404122716944
 10
224.57987215171522
 20
152.45437806876944
 10
224.65426043491524
 20
152.7897525103694
 10
224.75293819651526
 20
153.0028878679694
 10
224.89621020451523
 20
153.1403269367694
 10
225.10564308531525
 20
153.2319115727694
 10
225.57154354451524
 20
153.32598715436944
 10
226.07960013971524
 20
153.36070790636944
 10
226.51835668211524
 20
153.3444174431694
  0
LWPOLYLINE
  8
0
 90
30
 70
1
 10
266.9845354021152
 20
152.3887236447694
 10
267.53052900851526
 20
152.13024197516944
 10
267.99039956691524
 20
151.89861713996942
 10
268.37982709331516
 20
151.6925949719694
 10
268.4087677413152
 20
151.6442721655694
 10
268.34292304371525
 20
151.5391663999694
 10
267.0447768933152
 20
150.91343227116943
 10
265.85560033331524
 20
150.35840468156943
 10
265.23196774131526
 20
150.1221168055694
 10
265.0179937085152
 20
150.04614246316942
 10
264.7006594781152
 20
149.9128298903694
 10
264.34861001331524
 20
149.75389759596942
 10
264.0102375085153
 20
149.58982122636942
 10
263.20650727571524
 20
149.18582890796938
 10
261.7112375085153
 20
149.8177947479694
 10
261.1380254141152
 20
150.06756630076939
 10
260.65520331171524
 20
150.2947038223694
 10
260.2506926733152
 20
150.4972279991694
 10
260.21596774131524
 20
150.55387318556942
 10
260.2497693949152
 20
150.6114461647694
 10
260.62116640771524
 20
150.81510144956943
 10
261.0665935613152
 20
151.04450720636942
 10
261.5953677413153
 20
151.29696014556941
 10
263.7247799581153
 20
152.28200239276944
 10
264.6960226877153
 20
152.72557931116944
 10
265.2921251309153
 20
152.99174164716945
 10
265.4379354021153
 20
153.0318432295694
 10
265.5249507965152
 20
153.02033217836942
 10
265.9427257453152
 20
152.84906386796942
 10
266.4298706365152
 20
152.6398083863694
  0
LWPOLYLINE
  8
0
 90
32
 70
1
 10
220.10463423731522
 20
152.2525208527694
 10
220.12130073331522
 20
151.79272085276938
 10
220.25516774131523
 20
152.2107208527694
 10
220.38903474931524
 20
152.6287208527694
 10
220.40754144851525
 20
152.2107208527694
 10
220.42155899491524
 20
152.0082682375694
 10
220.44990156851523
 20
151.7384343567694
 10
220.48621941491524
 20
151.45129778396944
 10
220.5257583693152
 20
151.1899158631694
 10
220.56794878131524
 20
150.85530034236942
 10
220.54466166691526
 20
150.6783932119694
 10
220.45462664051524
 20
150.57027082396942
 10
220.27311833331524
 20
150.4949689599694
 10
220.08963923971524
 20
150.46521622156942
 10
219.98835265651525
 20
150.50141201196942
 10
219.93487858531523
 20
150.60573126876943
 10
219.92076774131527
 20
150.82465241516942
 10
219.88616369491524
 20
151.07272772396942
 10
219.77879420851522
 20
151.1786076255694
 10
219.54182398931525
 20
151.1997850103694
 10
218.7921677413152
 20
151.1287800191694
 10
218.30802760131522
 20
151.0865090167694
 10
217.99486802051524
 20
151.0829295991694
 10
217.84339468531527
 20
151.1142190727694
 10
217.83076774131527
 20
151.1743971951694
 10
218.39494250851521
 20
151.6897082639694
 10
219.0293658541152
 20
152.2018126039694
 10
219.6269866405152
 20
152.6419692791694
 10
219.84733684531523
 20
152.71232085276944
 10
219.94685629171525
 20
152.6793535271694
 10
220.02729219891523
 20
152.58775384316942
 10
220.08171663491527
 20
152.4419893847694
  0
LWPOLYLINE
  8
0
 90
16
 70
1
 10
250.39209010851522
 20
152.2943208527694
 10
250.41230291651522
 20
152.13411365836942
 10
250.40621934451516
 20
151.9991083527694
 10
250.3772522789152
 20
151.90699285676942
 10
250.32798178291523
 20
151.87632085276942
 10
250.27268172051527
 20
151.9057993831694
 10
250.22627184931525
 20
151.9991083527694
 10
250.19445519411522
 20
152.1342012711694
 10
250.18396774131526
 20
152.2943208527694
 10
250.18858764451522
 20
152.45456850956944
 10
250.20279947731524
 20
152.5895333527694
 10
250.2228666541152
 20
152.69239679916944
 10
250.24807606691527
 20
152.71232085276944
 10
250.27699130051514
 20
152.6931933399694
 10
250.31682486131524
 20
152.5895333527694
 10
250.35682996931527
 20
152.4545318927694
  0
LWPOLYLINE
  8
0
 90
24
 70
1
 10
280.58941765571524
 20
152.5287645127694
 10
280.9787821477153
 20
152.38150913196938
 10
281.0818188133152
 20
152.2818087751694
 10
281.0661282637152
 20
152.16062606076946
 10
280.85783384771526
 20
151.9287012687694
 10
280.70079091331525
 20
151.79246386636942
 10
280.59047787091527
 20
151.7585414943694
 10
280.47382460451524
 20
151.80026775916946
 10
280.2846159013152
 20
151.95571426796943
 10
280.1287826589152
 20
152.0686719127694
 10
279.96132734451527
 20
152.13729045836948
 10
279.79012507811524
 20
152.15817206636942
 10
279.62314996211524
 20
152.13092381676944
 10
279.46274931731523
 20
152.0933541439694
 10
279.35813177571526
 20
152.10548935276944
 10
279.29819525731523
 20
152.16457298396944
 10
279.2767677413152
 20
152.2707938063694
 10
279.3177384293152
 20
152.41315541036937
 10
279.4307474045153
 20
152.52519863836943
 10
279.63518551971526
 20
152.61506512716943
 10
279.9624176557152
 20
152.6929254855694
 10
280.0266356645153
 20
152.69195271596942
 10
280.18803449331523
 20
152.6527036863694
 10
280.38041882611515
 20
152.5976512471694
  0
LWPOLYLINE
  8
0
 90
16
 70
1
 10
218.90363446371526
 20
152.4850794999694
 10
218.85241692371523
 20
152.44055096316941
 10
218.59147206371523
 20
152.2116581759694
 10
218.28686961171525
 20
151.9443145719694
 10
217.93878379011522
 20
151.63859689596939
 10
217.58920621011524
 20
151.34346063916945
 10
217.28055501011522
 20
151.10917765836942
 10
217.02240640291527
 20
150.9336494263694
 10
216.95507195331524
 20
150.94068319596943
 10
216.95717633251522
 20
151.10608228476943
 10
217.69231393571525
 20
151.78483753996943
 10
218.43607136771524
 20
152.4255725183694
 10
218.73643446371523
 20
152.5384821767694
 10
218.82283773891524
 20
152.5369342391694
 10
218.88325696371524
 20
152.5255335399694
 10
218.90703514451522
 20
152.50689157596943
  0
LWPOLYLINE
  8
0
 90
12
 70
1
 10
231.45756774131522
 20
152.46740361756943
 10
231.43873550371524
 20
152.4277917639694
 10
231.34705907491522
 20
152.35896321516944
 10
231.22549614771523
 20
152.2828733375694
 10
231.08136774131526
 20
152.20737986236938
 10
230.82133947171525
 20
152.0819649815694
 10
230.80320061251524
 20
152.0869533935694
 10
230.80600004211524
 20
152.1051636471694
 10
231.02972467731522
 20
152.28509709756943
 10
231.25440669971522
 20
152.45918623916944
 10
231.37157059491526
 20
152.5267183191694
 10
231.42985684931523
 20
152.52063374396943
  0
LWPOLYLINE
  8
0
 90
32
 70
1
 10
239.53194014851522
 20
152.0641391207694
 10
239.9569383045152
 20
151.87153057276936
 10
240.3755559413152
 20
151.6905218591694
 10
240.73791094531526
 20
151.5413269583694
 10
240.94616774131524
 20
151.4676718471694
 10
241.0902331133152
 20
151.4145738087694
 10
241.21185907491525
 20
151.3504544479694
 10
241.29818711011524
 20
151.28514378716943
 10
241.32236774131528
 20
151.2308051247694
 10
241.26347187571525
 20
151.12448197596942
 10
239.90690002611527
 20
150.27874826076942
 10
238.66895841571522
 20
149.5224070223694
 10
238.09537981891526
 20
149.2261914895694
 10
237.90673942851524
 20
149.22113385676943
 10
236.63351677891524
 20
149.7043634255694
 10
235.42871270371523
 20
150.1781764575694
 10
235.08185312691523
 20
150.38358550316943
 10
235.07384708931522
 20
150.45608258716942
 10
235.20886794451525
 20
150.6045821031694
 10
235.42464104931526
 20
150.78484978636942
 10
235.70763039331524
 20
150.97739546716943
 10
236.05734741811526
 20
151.19954925836942
 10
236.48050202691522
 20
151.4719031775694
 10
236.90662192771524
 20
151.74875126556938
 10
237.26654500771522
 20
151.9854838935694
 10
237.5869338149152
 20
152.18853792716942
 10
237.8917542957152
 20
152.36256236236943
 10
238.1520248381152
 20
152.49511149996943
 10
238.27794014851526
 20
152.52888389356943
 10
238.41229404291522
 20
152.51236871356943
 10
238.73539115571526
 20
152.3990627911694
 10
239.11862124691524
 20
152.2471640991694
  0
LWPOLYLINE
  8
0
 90
12
 70
1
 10
216.91116774131524
 20
152.22210616956943
 10
216.82967228771525
 20
152.0448298615694
 10
216.43029385331525
 20
151.72770212316937
 10
216.00635373891524
 20
151.44444943916943
 10
215.75675707731523
 20
151.3747208527694
 10
215.63587515571524
 20
151.46254750156942
 10
215.5780565597152
 20
151.75192906876939
 10
215.58779562531524
 20
152.0717911959694
 10
215.68503446371523
 20
152.2664541303694
 10
215.89790464211524
 20
152.36464651036943
 10
216.36209865811526
 20
152.3745900615694
 10
216.8134059013152
 20
152.33465283676944
  0
LWPOLYLINE
  8
0
 90
12
 70
1
 10
278.7787505029152
 20
151.7970377895694
 10
278.6040418853153
 20
151.67828666476942
 10
278.3714046541152
 20
151.65379721516942
 10
278.1800853853152
 20
151.72608580076943
 10
278.1063677413152
 20
151.86865874556946
 10
278.12981386291517
 20
151.92722004396938
 10
278.21687657491526
 20
152.00615800636942
 10
278.33851373891525
 20
152.08859429436941
 10
278.4825677413152
 20
152.1629494719694
 10
278.75011449331527
 20
152.2442329159694
 10
278.9021206949152
 20
152.18649440876942
 10
278.9228573405152
 20
152.02919448796942
  0
LWPOLYLINE
  8
0
 90
16
 70
1
 10
274.76236774131524
 20
152.0435208527694
 10
274.7496033589153
 20
151.9797109791694
 10
274.7132527413152
 20
151.9254358527694
 10
274.6589776149152
 20
151.88908523516943
 10
274.59516774131515
 20
151.87632085276942
 10
274.53135786771526
 20
151.88908523516943
 10
274.4770827413152
 20
151.9254358527694
 10
274.4407321237152
 20
151.9797109791694
 10
274.42796774131523
 20
152.0435208527694
 10
274.4407321237152
 20
152.1073307263694
 10
274.4770827413152
 20
152.1616058527694
 10
274.53135786771526
 20
152.19795647036943
 10
274.59516774131515
 20
152.2107208527694
 10
274.6589776149152
 20
152.19795647036943
 10
274.7132527413152
 20
152.1616058527694
 10
274.7496033589153
 20
152.1073307263694
  0
LWPOLYLINE
  8
0
 90
20
 70
1
 10
275.21220228691516
 20
151.2557950039694
 10
274.84688015171525
 20
151.0701015135694
 10
274.68253810131523
 20
151.06219613036941
 10
274.6609137909153
 20
151.1485932191694
 10
274.89136170531515
 20
151.36819470236944
 10
275.03222854131525
 20
151.50241266316942
 10
275.1168987885153
 20
151.6257739935694
 10
275.13851289971524
 20
151.7242146655694
 10
275.1003617053152
 20
151.7904996007694
 10
275.03529682851524
 20
151.8456266111694
 10
274.9808305925153
 20
151.92354398476942
 10
274.9445047205152
 20
152.01119189676942
 10
274.93328560051526
 20
152.09518849516942
 10
274.96534101731527
 20
152.12971863916937
 10
275.0301218213153
 20
152.1131996135694
 10
275.13403210691524
 20
152.02392300636942
 10
275.2577201461152
 20
151.8768702719694
 10
275.45934027251525
 20
151.60123154156943
 10
275.49071117251526
 20
151.4867257919694
 10
275.43750378531524
 20
151.39457250876941
  0
LWPOLYLINE
  8
0
 90
20
 70
1
 10
251.99178931731524
 20
151.45844792476944
 10
251.75203538531525
 20
151.30746950156944
 10
251.26159046771522
 20
151.13438941196944
 10
250.7616878821152
 20
150.99019930876943
 10
250.68556774131525
 20
151.0488525671694
 10
250.7062045685152
 20
151.10938097356942
 10
250.7645647253152
 20
151.16091201356943
 10
250.85163211891523
 20
151.19574194716944
 10
250.9544935589152
 20
151.2075208527694
 10
251.07551074531517
 20
151.23076014796942
 10
251.14203611411523
 20
151.29649114956945
 10
251.15826337571528
 20
151.41568619036937
 10
251.12172883811525
 20
151.6126882527694
 10
251.06491444531528
 20
151.87247709196942
 10
251.09920549331528
 20
151.93263765836943
 10
251.18860465811525
 20
151.92866364876943
 10
251.5320245965152
 20
151.76244327356943
 10
251.72467176771522
 20
151.6609975159694
 10
251.87827489651522
 20
151.5677870271694
 10
251.99022165011527
 20
151.48870878396943
  0
LWPOLYLINE
  8
0
 90
16
 70
1
 10
249.34796774131524
 20
150.8790036175694
 10
249.2783560277153
 20
150.1970332735694
 10
249.04374098771518
 20
149.86665359756944
 10
248.62245634371527
 20
149.7967566407694
 10
247.90185076131522
 20
150.0136402879694
 10
247.5936775861152
 20
150.1441925559694
 10
247.32656521971518
 20
150.2779443631694
 10
247.11699807731526
 20
150.4011261207694
 10
247.06124072291527
 20
150.47431942556943
 10
247.11503080211523
 20
150.61188556636944
 10
248.01194727971523
 20
151.13085380076942
 10
248.87892208291527
 20
151.6054623703694
 10
249.2225677413153
 20
151.70157344476942
 10
249.27187702771528
 20
151.6649417639694
 10
249.31113157491524
 20
151.46305679276944
 10
249.33894161651529
 20
151.19672892876943
  0
LWPOLYLINE
  8
0
 90
12
 70
1
 10
304.83070199331524
 20
151.5625575127694
 10
304.9166215589152
 20
151.4896362423694
 10
304.92089987251535
 20
151.43016721516943
 10
304.8522299965151
 20
151.37657493356943
 10
304.6708036173152
 20
151.32094949996943
 10
304.38923279811524
 20
151.2626578951694
 10
304.24510472611524
 20
151.2863646815694
 10
304.20351355891523
 20
151.3744762391694
 10
304.26629264451526
 20
151.53079686956937
 10
304.3707785997152
 20
151.65182659596942
 10
304.4860494565153
 20
151.6976166567694
 10
304.6302243445153
 20
151.6707447743694
  0
LWPOLYLINE
  8
0
 90
16
 70
1
 10
206.37756774131523
 20
151.17649705996942
 10
206.30704411891523
 20
150.95916899516942
 10
206.02161432371523
 20
150.60431090476942
 10
205.70376779251524
 20
150.2795120303694
 10
205.51242244051522
 20
150.20432085276943
 10
205.45915619891525
 20
150.23664061276943
 10
205.41492126531523
 20
150.3482497895694
 10
205.38438001171525
 20
150.50654388156943
 10
205.37436774131524
 20
150.6942919255694
 10
205.40199202371522
 20
150.9932589015694
 10
205.49653793891525
 20
151.14539852876942
 10
205.70376495011524
 20
151.2408377935694
 10
206.25216774131522
 20
151.35195122236942
 10
206.2998891293152
 20
151.34495105996945
 10
206.34073140771525
 20
151.3098041151694
 10
206.36825302931527
 20
151.2506208327694
  0
LWPOLYLINE
  8
0
 90
38
 70
1
 10
270.42004178851516
 20
150.8313208527694
 10
270.8379001701153
 20
150.6042694391694
 10
271.1981539717152
 20
150.3713454599694
 10
271.47367281971526
 20
150.15875584316942
 10
271.5496341205153
 20
150.0285194159694
 10
271.5137065189152
 20
149.88963791276942
 10
271.3515400749153
 20
149.74010543516943
 10
271.0655150477152
 20
149.5760787239694
 10
270.63003412051523
 20
149.38990152396943
 10
270.2390058213153
 20
149.23367034556944
 10
269.8639452893152
 20
149.07783141836939
 10
269.54614758051525
 20
148.94058128556938
 10
269.3803610893152
 20
148.8600519135694
 10
269.2014356877152
 20
148.77798948476942
 10
268.7902367149153
 20
148.6217934183694
 10
268.2979251765152
 20
148.4434132559694
 10
267.76799781811525
 20
148.2604862567694
 10
266.4380410317152
 20
147.8115535879694
 10
265.08260447011526
 20
148.35793091836942
 10
264.5630600645152
 20
148.5772638783694
 10
264.1253272877152
 20
148.78409445836942
 10
263.77025785651523
 20
148.9692701303694
 10
263.7271677413152
 20
149.04144736076938
 10
263.7515744269153
 20
149.1020341199694
 10
263.8337440309152
 20
149.1721278711694
 10
263.9510781357153
 20
149.2395939071694
 10
264.08998053891526
 20
149.2937387847694
 10
264.29843279171524
 20
149.36975358956943
 10
264.6939547581153
 20
149.53649813676944
 10
265.15675700131527
 20
149.73960567436941
 10
265.63658053891527
 20
149.9584505775694
 10
266.9379717069153
 20
150.55060057996945
 10
267.96934373651527
 20
150.99131587036942
 10
268.7683724725153
 20
151.3059951319694
 10
269.08244178851515
 20
151.36785461756938
 10
269.23707068931526
 20
151.34324695756945
 10
269.58082720131523
 20
151.2130800855694
 10
269.9870283989153
 20
151.0389147007694
  0
LWPOLYLINE
  8
0
 90
12
 70
1
 10
292.8837640717153
 20
151.1152368191694
 10
292.9130750677152
 20
151.0182974359694
 10
292.9078622733153
 20
150.95880617116939
 10
292.87446307011527
 20
150.9388490119694
 10
292.81805263251516
 20
150.95790446156943
 10
292.75482846051517
 20
151.0086484911694
 10
292.7013201133152
 20
151.07626550876944
 10
292.6648912461153
 20
151.1496612927694
 10
292.6527677413152
 20
151.21738849516942
 10
292.6724426669152
 20
151.34098875436945
 10
292.7265835317152
 20
151.3651249103694
 10
292.8023660957152
 20
151.29445983676942
  0
LWPOLYLINE
  8
0
 90
34
 70
1
 10
242.32556774131527
 20
150.9130585791694
 10
242.54968947651523
 20
150.81318734396945
 10
242.90793620931524
 20
150.6629960983694
 10
243.31620399891523
 20
150.4963893239694
 10
243.72111993011524
 20
150.33574306236943
 10
244.09752190771525
 20
150.1771551999694
 10
244.41905035011519
 20
150.01668366236942
 10
244.66956109411518
 20
149.8696625287694
 10
244.72431993011526
 20
149.78632085276942
 10
244.68275718691524
 20
149.69266126476944
 10
244.2430048013152
 20
149.41045709196942
 10
243.69966164931523
 20
149.0900291599694
 10
243.0497843421152
 20
148.7415761671694
 10
241.34960094291523
 20
147.86403148156938
 10
239.99946027411522
 20
148.3796013759694
 10
239.4758597637152
 20
148.58731878476942
 10
239.02047752211524
 20
148.7848950119694
 10
238.64477510931525
 20
148.96134317836942
 10
238.56269529171524
 20
149.03533235516943
 10
238.57840423331524
 20
149.12028032156942
 10
238.94548330611522
 20
149.3905494239694
 10
239.4141699861152
 20
149.70322797036943
 10
239.98744611811523
 20
150.0477596215694
 10
240.5731289917153
 20
150.3926136343694
 10
241.08144708771525
 20
150.70682456876943
 10
241.50549922611523
 20
150.98044068076942
 10
241.58934785251523
 20
151.06650069436938
 10
241.6324806037152
 20
151.1185542343694
 10
241.68672463091525
 20
151.1545525615694
 10
241.7433758365152
 20
151.16943720716944
 10
241.79372092691523
 20
151.16056373596945
 10
241.86119682771528
 20
151.12935334796938
 10
241.99691273331527
 20
151.06623936076943
 10
242.15718396531528
 20
150.99159542876941
  0
LWPOLYLINE
  8
0
 90
12
 70
1
 10
252.11661080531528
 20
150.95140339116944
 10
251.97935665971525
 20
150.85788324796943
 10
251.83538609011518
 20
150.77977175516943
 10
251.70463067411524
 20
150.72565630476942
 10
251.61501080531525
 20
150.71184558476938
 10
251.59121958291527
 20
150.7380812711694
 10
251.6127616309152
 20
150.78622166236943
 10
251.7069117837152
 20
150.86427747756943
 10
251.85596774131523
 20
150.9567208527694
 10
252.21781612931522
 20
151.15692763756942
 10
252.34419541971528
 20
151.18725370476938
 10
252.35898526291527
 20
151.14566437676942
  0
LWPOLYLINE
  8
0
 90
12
 70
1
 10
214.33177350851525
 20
150.7859309015694
 10
214.10412318451526
 20
150.63768201836945
 10
213.95787852771525
 20
150.61596658396942
 10
213.90886669011522
 20
150.69306083196943
 10
213.97829264451522
 20
150.86199686956942
 10
214.04115566451523
 20
150.92990030076936
 10
214.1391813461152
 20
150.98637611356943
 10
214.25491150131523
 20
151.02380199436942
 10
214.37123538371523
 20
151.03500339116943
 10
214.52362079491525
 20
151.0246655823694
 10
214.55067191571524
 20
150.98897072316942
 10
214.51726936851523
 20
150.93112604396944
  0
LWPOLYLINE
  8
0
 90
20
 70
1
 10
253.26880774131521
 20
150.8820598663694
 10
252.94582315411526
 20
150.6559681807694
 10
252.1311088845152
 20
150.29405542076944
 10
251.2673642181152
 20
149.9405859263694
 10
251.16582917571526
 20
149.99742924476942
 10
251.11469774371517
 20
150.35687496876938
 10
251.10640010931525
 20
150.61658990556938
 10
251.13766634211527
 20
150.7585062559694
 10
251.2029039365152
 20
150.7797953303694
 10
251.24816832051522
 20
150.7290937695694
 10
251.27189349891523
 20
150.6479586319694
 10
251.27141029091524
 20
150.5499230855694
 10
251.24557688771523
 20
150.4497662727694
 10
251.24180201331524
 20
150.2911655359694
 10
251.33906074851524
 20
150.2334372279694
 10
251.61079887011522
 20
150.32361052876942
 10
252.19036774131527
 20
150.6223208527694
 10
252.71482197491525
 20
150.8777594823694
 10
253.12864097171524
 20
151.0174719695694
 10
253.26491014211524
 20
150.98474858876938
  0
LWPOLYLINE
  8
0
 90
12
 70
1
 10
276.1771111461152
 20
150.9360624567694
 10
276.3245626525152
 20
150.86573362236945
 10
276.36179591891516
 20
150.79899992236938
 10
276.3284961997153
 20
150.70915951676943
 10
276.16487210611524
 20
150.51806245676943
 10
275.9152565509153
 20
150.29769770556942
 10
275.68746293651515
 20
150.2188746095694
 10
275.4702045941153
 20
150.2761108479694
 10
275.2533918397152
 20
150.46786400076942
 10
275.18108268851523
 20
150.73585935036942
 10
275.3396379469152
 20
150.95165853836943
 10
275.72156454691515
 20
151.03262145996942
  0
LWPOLYLINE
  8
0
 90
16
 70
1
 10
304.6075677413153
 20
150.87312085276943
 10
304.6337365477152
 20
150.8092337327694
 10
304.6285346213153
 20
150.75503585276942
 10
304.5931820205152
 20
150.71901060636938
 10
304.5338353837152
 20
150.7059208527694
 10
304.46624394771527
 20
150.7186486183694
 10
304.4087813205153
 20
150.75503585276942
 10
304.3703213077152
 20
150.80932468956942
 10
304.3567677413152
 20
150.87312085276943
 10
304.36217582531526
 20
150.9371332055694
 10
304.3784266621153
 20
150.9912058527694
 10
304.4023049957152
 20
151.02787114076943
 10
304.4305000989152
 20
151.0403208527694
 10
304.4657336533153
 20
151.0293627319694
 10
304.5129283613152
 20
150.9912058527694
 10
304.56259194451513
 20
150.93712066556944
  0
LWPOLYLINE
  8
0
 90
20
 70
1
 10
202.03036774131522
 20
150.69886400956938
 10
202.0184607605152
 20
150.61771917436943
 10
201.98071820291523
 20
150.51647422396945
 10
201.92603845251523
 20
150.4127841407694
 10
201.86134810371522
 20
150.3226640095694
 10
201.7737884733152
 20
150.21495460556946
 10
201.64071767171524
 20
150.0449754071694
 10
201.49198608211523
 20
149.8517679487694
 10
201.34761272771524
 20
149.6609208527694
 10
201.16323760931522
 20
149.45413040076943
 10
200.96810902291523
 20
149.31162600796944
 10
200.75401276691522
 20
149.2291306983694
 10
200.51343236531523
 20
149.2011208527694
 10
200.14967973651522
 20
149.22535247996942
 10
200.05551336531525
 20
149.3258431911694
 10
200.1068185181152
 20
149.5096787551694
 10
200.45954614611523
 20
149.9914292727694
 10
200.9109217741152
 20
150.4561138535694
 10
201.44844887411523
 20
150.78708541756941
 10
201.86139809651522
 20
150.87134752956942
  0
LWPOLYLINE
  8
0
 90
12
 70
1
 10
215.19388446371525
 20
150.77210413036943
 10
215.13922076451524
 20
150.73979440236943
 10
215.05807793571523
 20
150.7265573455694
 10
214.96485423811524
 20
150.73281530716943
 10
214.87341774131522
 20
150.7589041919694
 10
214.80374934691525
 20
150.79594735196943
 10
214.80086631731524
 20
150.8264193847694
 10
214.84964925811522
 20
150.8500484231694
 10
214.97443446371526
 20
150.85992091436944
 10
215.09083592691525
 20
150.85808204876943
 10
215.17109042211524
 20
150.83956966476939
 10
215.20161127731524
 20
150.8086971879694
  0
LWPOLYLINE
  8
0
 90
18
 70
1
 10
255.7052809189152
 20
149.99602493196943
 10
256.95244093411526
 20
149.4303597439694
 10
255.7000044213152
 20
148.8342778663694
 10
254.23826828611521
 20
148.1626493439694
 10
253.5635562613152
 20
147.95645412396942
 10
253.00130462851524
 20
147.97191009196945
 10
252.2169741101152
 20
148.21490201916941
 10
251.64149194131522
 20
148.4527614079694
 10
251.3665036189152
 20
148.6203173767694
 10
251.2338969645152
 20
148.8014234007694
 10
251.18716774131525
 20
149.04855804236945
 10
251.24412040851524
 20
149.30335596156937
 10
251.40470697971517
 20
149.51511927596937
 10
251.7324037645152
 20
149.7436748207694
 10
252.39936774131525
 20
150.09678650716938
 10
253.32005253491516
 20
150.5090811415694
 10
253.91181563651526
 20
150.6115212375694
 10
254.54716560451521
 20
150.48265200476942
  0
LWPOLYLINE
  8
0
 90
12
 70
1
 10
292.98716774131526
 20
150.47559365676943
 10
292.97461269331524
 20
150.4403920375694
 10
292.91237082131516
 20
150.3689341015694
 10
292.8300729749152
 20
150.2866895919694
 10
292.7325401989152
 20
150.20114421996942
 10
292.5887946805152
 20
150.08606045996942
 10
292.5450235597152
 20
150.08039355036942
 10
292.5298219029153
 20
150.1137459375694
 10
292.5832287597152
 20
150.2642714159694
 10
292.6767184725152
 20
150.41737796076941
 10
292.81892441331524
 20
150.52806636716943
 10
292.93334238291527
 20
150.54297809916943
  0
LWPOLYLINE
  8
0
 90
12
 70
1
 10
277.10316774131513
 20
150.1305884951694
 10
277.06054979891525
 20
149.93157083676942
 10
276.94212655331523
 20
149.8008358191694
 10
276.75882719971526
 20
149.7564723087694
 10
276.5330562037153
 20
149.8036668495694
 10
276.31952892931525
 20
149.95359492236943
 10
276.2747783509152
 20
150.14860596716937
 10
276.4124364517153
 20
150.31180487116941
 10
276.68516774131524
 20
150.3715208527694
 10
276.8559210757152
 20
150.3551820687694
 10
276.9888477509152
 20
150.30562766716943
 10
277.0727654309152
 20
150.22823179036942
  0
LWPOLYLINE
  8
0
 90
400
 70
1
 10
304.7476619461152
 20
149.50122980476942
 10
304.7794306149152
 20
149.1299244175694
 10
304.77611754691526
 20
148.83377442716943
 10
304.7429532597152
 20
148.61772377036942
 10
304.67386488211514
 20
148.52162707516942
 10
304.65177023811526
 20
148.4714032047694
 10
304.68797840131526
 20
148.4152957335694
 10
304.80035669811525
 20
148.35881289836942
 10
304.9702813893153
 20
148.3131492407694
 10
305.22899028371535
 20
148.2111136015694
 10
305.4587859509153
 20
148.0234591895694
 10
305.69628870211517
 20
147.71249109916943
 10
305.9890629245152
 20
147.21080198156943
 10
306.39305123011525
 20
146.2885486847694
 10
306.6171473837153
 20
145.34361872076943
 10
306.7814681997153
 20
143.7863354767694
 10
307.1060617525153
 20
139.16912085276937
 10
307.31515070291516
 20
135.9884080383694
 10
307.37992649091524
 20
134.50636328956944
 10
307.3765012317152
 20
133.6339635151694
 10
307.2464052525153
 20
133.3722605703694
 10
307.15704019651525
 20
133.2645006719694
 10
307.0911934925153
 20
133.10352134796938
 10
307.0564540141153
 20
132.91662669276937
 10
307.0600538301152
 20
132.73014619196942
 10
307.06182464531526
 20
132.48060470636943
 10
306.9900570549152
 20
132.32097702716942
 10
306.81707126611525
 20
132.19674107356943
 10
306.44676774131517
 20
132.0524058407694
 10
305.6487965453152
 20
131.8483267039694
 10
303.67133719331525
 20
131.52950874076942
 10
301.6857918821152
 20
131.24134606156937
 10
300.88736774131524
 20
131.20144411596942
 10
300.74327494851525
 20
131.21628395196942
 10
300.6216765749153
 20
131.2497339839694
 10
300.5375835021152
 20
131.29512343356942
 10
300.5111677413152
 20
131.3465494719694
 10
300.4849721829152
 20
131.39695809836942
 10
300.4031147413152
 20
131.43933042396944
 10
300.28422333571524
 20
131.4683456431694
 10
300.14332774131526
 20
131.4779208527694
 10
299.9605841605153
 20
131.48528450796942
 10
299.8940337117152
 20
131.5197208527694
 10
299.8914977893152
 20
131.57753359676943
 10
299.9758331349152
 20
131.6782662463694
 10
300.0909408045153
 20
131.7542853983694
 10
300.28038760051527
 20
131.81513817276942
 10
300.5040742813152
 20
131.85411918076943
 10
300.7312783485152
 20
131.8628767823694
 10
301.0286136197152
 20
131.8679765495694
 10
301.1803081605152
 20
131.9166911055694
 10
301.2552161013152
 20
132.0195625775694
 10
301.27497295491514
 20
132.2028592559694
 10
301.2884649917153
 20
132.3442730031694
 10
301.3378125669153
 20
132.4606848327694
 10
301.4164096085152
 20
132.53806699916942
 10
301.51436774131525
 20
132.56857681916938
 10
301.6391577957152
 20
132.5851296191694
 10
301.8142827413152
 20
132.6310024439694
 10
302.00473440931523
 20
132.69416341436937
 10
302.1831677413152
 20
132.7670465631694
 10
302.36538715011517
 20
132.8462373319694
 10
302.5674445045152
 20
132.9283592839694
 10
302.75881527091525
 20
133.0015537591694
 10
302.90436521171523
 20
133.05153736316942
 10
303.0202879813153
 20
133.1046058071694
 10
303.0911593797152
 20
133.1763667095694
 10
303.1113583101153
 20
133.26037517916942
 10
303.0827533997153
 20
133.34950465036943
 10
303.0196726853153
 20
133.43799708956942
 10
302.97176102371515
 20
133.4623887271694
 10
302.93082293971526
 20
133.44052264556942
 10
302.8941536389152
 20
133.36007837836942
 10
302.8541635789153
 20
133.2930901999694
 10
302.78924132371515
 20
133.2478925287694
 10
302.70922709491526
 20
133.23162948636943
 10
302.62658381331516
 20
133.2469038751694
 10
302.50293774131524
 20
133.25507427036945
 10
302.24766781651516
 20
133.18316021276942
 10
301.9440643845152
 20
133.0694714023694
 10
301.6228149989152
 20
132.92009508956943
 10
301.22268884611526
 20
132.7258503223694
 10
301.01496307731514
 20
132.65670810636942
 10
300.93488196851524
 20
132.6856743359694
 10
300.9216241789153
 20
132.7725541311694
 10
300.9646263469153
 20
132.8975190767694
 10
300.95203601971525
 20
132.93530293276942
 10
300.9123883853152
 20
132.9356181047694
 10
300.8075952837152
 20
132.8558787527694
 10
300.41517270371526
 20
132.7134698311694
 10
299.37143004771525
 20
132.7357855135694
 10
298.33220296211516
 20
132.8251263255694
 10
297.9421063013153
 20
133.00856662876942
 10
297.8214368909153
 20
133.11667463756942
 10
297.6470004749152
 20
133.2602715151694
 10
297.45374135171517
 20
133.41206654316943
 10
297.26929483891524
 20
133.5495410583694
 10
297.10237556771517
 20
133.6841462543694
 10
296.96174966691524
 20
133.8272443743694
 10
296.86205833891523
 20
133.9592852239694
 10
296.8353280749152
 20
134.0511410583694
 10
296.8484893901152
 20
134.10262110236937
 10
296.87957956131527
 20
134.11564414316942
 10
296.9265734621153
 20
134.0847273583694
 10
296.9835157629152
 20
134.00681566956942
 10
297.1860019853152
 20
133.83831301436942
 10
297.5561471717152
 20
133.73480484476943
 10
297.89562787811525
 20
133.72155357596944
 10
298.00316774131517
 20
133.83869138796942
 10
297.98489294851527
 20
133.9061194695694
 10
297.92949524131524
 20
133.97835505276942
 10
297.84829673491527
 20
134.0441375519694
 10
297.75236774131525
 20
134.09265698556942
 10
297.65648556371525
 20
134.1458061871694
 10
297.5752402413152
 20
134.22495197916942
 10
297.5202449845152
 20
134.3169728399694
 10
297.5015677413151
 20
134.4078759687694
 10
297.48596430291525
 20
134.49789176716942
 10
297.4401739077153
 20
134.58730230156942
 10
297.3724697789152
 20
134.66259095676944
 10
297.2925677413152
 20
134.7111874695694
 10
297.2870600061152
 20
134.74381654956943
 10
297.3496073525152
 20
134.7746254903694
 10
297.52592025411525
 20
134.79795273276943
 10
297.7802344637152
 20
134.80872091436942
 10
298.0677290117153
 20
134.7998788767694
 10
298.30568972371526
 20
134.7604797015694
 10
298.4781391349153
 20
134.6972292791694
 10
298.5543875181153
 20
134.6129208527694
 10
298.6079257941153
 20
134.5321446935694
 10
298.67879986771516
 20
134.51114337036938
 10
298.7768018069152
 20
134.55490529516942
 10
298.9213647661152
 20
134.6793362039694
 10
299.09637317331527
 20
134.8542377703694
 10
299.1238183845152
 20
134.92919720876938
 10
299.08340597731524
 20
134.98613566396938
 10
298.89919789171523
 20
135.05366807836938
 10
298.76459169251524
 20
135.1157977591694
 10
298.61740118531526
 20
135.22230649996942
 10
298.48079577571525
 20
135.3528574303694
 10
298.3775370685152
 20
135.4888525599694
 10
298.26718590451515
 20
135.6881591399694
 10
298.27841455491523
 20
135.7728283839694
 10
298.3695226709152
 20
135.8172089487694
 10
298.67055088851527
 20
135.8251208527694
 10
298.86322648371527
 20
135.81211503356943
 10
299.0258065805152
 20
135.77269612876944
 10
299.1378080085152
 20
135.7151423775694
 10
299.1735677413152
 20
135.6466535791694
 10
299.2010890285152
 20
135.5843215863694
 10
299.27216875811524
 20
135.5490119559694
 10
299.3851376053152
 20
135.54730250316942
 10
299.52884199251525
 20
135.58094615276943
 10
299.6872073117152
 20
135.61308567116942
 10
299.8281246421152
 20
135.6037915247694
 10
299.9435036773153
 20
135.55371061036942
 10
300.0278816589152
 20
135.4668132591694
 10
300.1049362805153
 20
135.3537718471694
 10
300.1430528645152
 20
135.3414966919694
 10
300.16850187491525
 20
135.37405972796938
 10
300.1742074077152
 20
135.5146322919694
 10
300.1550267253151
 20
135.6273836119694
 10
300.0968116981152
 20
135.73904077516937
 10
300.0100150013152
 20
135.8327108967694
 10
299.90713700851524
 20
135.89281076956942
 10
299.7703478461152
 20
135.9596919399694
 10
299.7267621501152
 20
136.0279745807694
 10
299.7487173493152
 20
136.11804689276943
 10
299.86533700851527
 20
136.27640435356943
 10
299.9942363373152
 20
136.43951480876942
 10
300.00684639411526
 20
136.48962030156943
 10
299.97734278371524
 20
136.5080525967694
 10
299.8353633989152
 20
136.4602257055694
 10
299.71356488691526
 20
136.4401411399694
 10
299.5600080725153
 20
136.4604189887694
 10
299.40058922611524
 20
136.5144319455694
 10
299.26000663011524
 20
136.59612068236942
 10
299.14328079891527
 20
136.6862620479694
 10
299.05740119411524
 20
136.76420500316942
 10
299.0081758421152
 20
136.8219032151694
 10
299.0162108053152
 20
136.8422541303694
 10
299.3833524109152
 20
136.8932665159694
 10
299.7328007453152
 20
136.9042704495694
 10
300.0469071797153
 20
136.87595278876944
 10
300.30677276371523
 20
136.8081053695694
 10
300.53769469011525
 20
136.72761595836943
 10
300.5982180805152
 20
136.74331252716942
 10
300.60750737811526
 20
136.8035826095694
 10
300.50028318851525
 20
137.0158588935694
 10
300.41243981971525
 20
137.2952233415694
 10
300.4698449301152
 20
137.5151393279694
 10
300.6607239613153
 20
137.63638256876942
 10
300.9512877997152
 20
137.6362809111694
 10
301.08951304291526
 20
137.63364416716942
 10
301.2499208773153
 20
137.67512698876942
 10
301.40671468371517
 20
137.7511093567694
 10
301.53478269411534
 20
137.85193580556944
 10
301.6853130213152
 20
137.9661454439694
 10
301.8608914133152
 20
138.0354533551694
 10
302.0622545533152
 20
138.0585297975694
 10
302.28910281891524
 20
138.03590379196942
 10
302.5761195093153
 20
137.9861514255694
 10
302.65270597091524
 20
138.0048381991694
 10
302.6619554749152
 20
138.06052231996944
 10
302.5404228109153
 20
138.2207278423694
 10
302.44300941571515
 20
138.3200424687694
 10
302.3388590309152
 20
138.3905115839694
 10
302.24386635731526
 20
138.4238559455694
 10
302.1743407517152
 20
138.4112654511694
 10
302.0148642213152
 20
138.4228223151694
 10
301.6237290813152
 20
138.77594670876942
 10
301.2613197373152
 20
139.15882300476937
 10
301.17996774131524
 20
139.3764124031694
 10
301.1663187037152
 20
139.4248836831694
 10
301.1279541621152
 20
139.46618275196943
 10
301.07057262691535
 20
139.4939887807694
 10
301.00290009891523
 20
139.5035208527694
 10
300.94355346211523
 20
139.4904310991694
 10
300.9082008613152
 20
139.4544058527694
 10
300.9029989349152
 20
139.40020797276938
 10
300.92916774131527
 20
139.3363208527694
 10
300.91822216051526
 20
139.2336704191694
 10
300.7958675413152
 20
139.17496666636941
 10
300.5520392797152
 20
139.18953463516942
 10
300.2600236437152
 20
139.2759889063694
 10
300.12303869011527
 20
139.3371178951694
 10
300.0825100789152
 20
139.3893658887694
 10
300.1011291365152
 20
139.44584220316938
 10
300.2045486901152
 20
139.52205029116942
 10
300.21507710691526
 20
139.5625748895694
 10
300.1708512021152
 20
139.5910324967694
 10
300.00812012371523
 20
139.5889246063694
 10
299.75876774131524
 20
139.5565272655694
 10
299.49621525331526
 20
139.50674045596938
 10
299.26057393971524
 20
139.44364385756938
 10
299.0726357893152
 20
139.3767325911694
 10
299.0019548317153
 20
139.3192918671694
 10
298.9511982621152
 20
139.2793344111694
 10
298.87380556211525
 20
139.26648425516942
 10
298.7817532677152
 20
139.28236474396942
 10
298.68929451011513
 20
139.3256123615694
 10
298.5883433301152
 20
139.4037435839694
 10
298.56862961411525
 20
139.46963693676943
 10
298.6143354061153
 20
139.53786256236938
 10
298.75898213251526
 20
139.6291699807694
 10
298.9263775893152
 20
139.7952300111694
 10
298.9270485629153
 20
139.9782210479694
 10
298.7530135941152
 20
140.12358288876942
 10
298.4531000989152
 20
140.17488118636942
 10
298.29590835651516
 20
140.18658217676943
 10
298.12649462851516
 20
140.21968292796942
 10
297.9703301629152
 20
140.2674375887694
 10
297.8556759397152
 20
140.3238022135694
 10
297.7559429789153
 20
140.4026274831694
 10
297.74528464771527
 20
140.46334014396942
 10
297.8044492037153
 20
140.5190685727694
 10
297.9810759397153
 20
140.5833091535694
 10
298.25676248931524
 20
140.70722909916938
 10
298.31487870131525
 20
140.84634685596941
 10
298.19819834851523
 20
140.99960103836938
 10
297.83489147491525
 20
141.1759666079694
 10
297.5777321901152
 20
141.30451999996944
 10
297.4371725005152
 20
141.4364255847694
 10
297.3734509085152
 20
141.6075524439694
 10
297.3685233573152
 20
141.86068254316942
 10
297.4245472285153
 20
142.14082547436942
 10
297.5437551437152
 20
142.3394617495694
 10
297.7513718981152
 20
142.48738442556942
 10
298.0867677413152
 20
142.6128615047694
 10
298.5969586445152
 20
142.7695822447694
 10
298.92119505811525
 20
142.88800264796942
 10
299.0408462205153
 20
142.96001401596942
 10
299.02769493731523
 20
143.0003495111694
 10
298.9236997141152
 20
143.01874803196944
 10
298.88728773411526
 20
143.0607817775694
 10
298.90274470531523
 20
143.1288552511694
 10
298.9916663469152
 20
143.24780668156941
 10
299.07206730931523
 20
143.37529317036942
 10
299.08842515411516
 20
143.4877386815694
 10
299.04116774611526
 20
143.60403999196942
 10
298.91952105171526
 20
143.74648185196938
 10
298.7994400181152
 20
143.91850657516943
 10
298.79583200931523
 20
144.07178449996943
 10
298.9186810389152
 20
144.26616302716943
 10
299.2899498093152
 20
144.6570682671694
 10
299.6542137357153
 20
145.0077615727694
 10
299.8750215669152
 20
145.1554023495694
 10
300.06237267811525
 20
145.1850342023694
 10
300.27411977411526
 20
145.11835852076942
 10
300.41356507571527
 20
145.01809603756942
 10
300.5192687485153
 20
144.88432817916942
 10
300.5817768029152
 20
144.7294805807694
 10
300.5952333933153
 20
144.56764084556943
 10
300.5961215597152
 20
144.43115765916943
 10
300.6241753789152
 20
144.33623805196945
 10
300.6735716093152
 20
144.2957452215694
 10
300.7352951613152
 20
144.3039039127694
 10
300.7933244293153
 20
144.32139804876942
 10
300.82560004851524
 20
144.2972124015694
 10
300.8253915501152
 20
144.2255479735694
 10
300.78655399971524
 20
144.10529973996938
 10
300.7268649373152
 20
143.93936862076941
 10
300.7389158773152
 20
143.89909699596944
 10
300.7794832789152
 20
143.89874019116942
 10
300.91401106131525
 20
144.0053418951694
 10
301.0306626557153
 20
144.1451863031694
 10
301.0739828381153
 20
144.3036310423694
 10
301.04827165811525
 20
144.5335654855694
 10
300.9342021333153
 20
144.9485913319694
 10
300.7918764773152
 20
145.4585812607694
 10
300.8059359909152
 20
145.63135955436942
 10
300.9209863109152
 20
145.7086704935694
 10
301.26356774131517
 20
145.6974515407694
 10
301.47539024451515
 20
145.6815618559694
 10
301.5000243221152
 20
145.70764355116938
 10
301.4733483981153
 20
145.75402650316943
 10
301.23709312611527
 20
145.92774429356945
 10
300.96648912211515
 20
146.2356270423694
 10
300.95336241731525
 20
146.54768327036942
 10
301.2014198357153
 20
146.7885651335694
 10
301.65926844451525
 20
146.88892041276938
 10
301.9102450077153
 20
146.90260272316942
 10
302.16198734691517
 20
146.9200543903694
 10
302.3821511237152
 20
146.9385353407694
 10
302.51756774131525
 20
146.95474721996942
 10
302.6295208485152
 20
146.97030049836945
 10
302.7589876541153
 20
146.98625973836943
 10
302.88543649971524
 20
147.00028480876944
 10
302.9872353837152
 20
147.00974765996943
 10
303.06470633331526
 20
147.02671561756938
 10
303.1167964901152
 20
147.06277363516944
 10
303.1355357645152
 20
147.11154353436942
 10
303.12094873491526
 20
147.1653035175694
 10
303.1192145365153
 20
147.21623982716943
 10
303.16390425411527
 20
147.25897514396942
 10
303.2580390245152
 20
147.2857151055694
 10
303.3867589477153
 20
147.2907035175694
 10
303.52593388691525
 20
147.3001026655694
 10
303.65415187571523
 20
147.33789738956938
 10
303.75301255411523
 20
147.39675028476944
 10
303.8041891301153
 20
147.4687516207694
 10
303.7821479901152
 20
147.5489932415694
 10
303.67001765091527
 20
147.6080365775694
 10
303.4612990485153
 20
147.64263677836942
 10
303.1522433917153
 20
147.64953461436943
 10
302.5563211901152
 20
147.6931152943694
 10
302.0534248885152
 20
147.8412996383694
 10
301.82842869731525
 20
148.0325433327694
 10
301.86797902131525
 20
148.21333234556943
 10
302.1434204557153
 20
148.3348564823694
 10
302.4150845077152
 20
148.35307793836944
 10
302.6089214741153
 20
148.2674258927694
 10
302.6847677413152
 20
148.10445321036943
 10
302.6964227517152
 20
148.0118118703694
 10
302.7317377325152
 20
147.9493857439694
 10
302.78400762931517
 20
147.92649171676942
 10
302.8446654485152
 20
147.94260779036944
 10
302.8990803541152
 20
147.9977025311694
 10
302.9317156205152
 20
148.0798370231694
 10
302.9381441261153
 20
148.17585078716942
 10
302.9164689869153
 20
148.2709996255694
 10
302.91414975571524
 20
148.37747425756942
 10
302.9793998901152
 20
148.4712403519694
 10
303.12092933971525
 20
148.55023198556938
 10
303.34177127971526
 20
148.6133299215694
 10
303.5384110197152
 20
148.66774449276943
 10
303.7043575213152
 20
148.7381798335694
 10
303.8222841829152
 20
148.81327871676942
 10
303.8551677413152
 20
148.8800057287694
 10
303.8736085637152
 20
148.93870563596943
 10
303.9255305173152
 20
148.9887083007694
 10
304.00311232051524
 20
149.02244625116938
 10
304.0947004677153
 20
149.03392085276943
 10
304.2732775917152
 20
149.1157486999694
 10
304.43338630531525
 20
149.36591267116938
 10
304.51550407731526
 20
149.64784547836942
 10
304.4556341045152
 20
149.82678776716938
 10
304.4185322573152
 20
149.83731852476942
 10
304.38580971251525
 20
149.8118553023694
 10
304.36356860131525
 20
149.7413157959694
 10
304.3567677413152
 20
149.63711993276945
 10
304.34402292131523
 20
149.53283645676942
 10
304.30508488371515
 20
149.4640232903694
 10
304.2468591557153
 20
149.43971023676943
 10
304.17816904851514
 20
149.45896565756942
 10
304.1166218925152
 20
149.5184825039694
 10
304.07789971011533
 20
149.60432699676943
 10
304.0674237941152
 20
149.7028307031694
 10
304.0876247309152
 20
149.7988113615694
 10
304.0996178197152
 20
149.89905311196944
 10
304.0659017725152
 20
150.0097918455694
 10
303.9925974469152
 20
150.1139619599694
 10
303.89002342371526
 20
150.19481452956944
 10
303.7590259021153
 20
150.28317855916941
 10
303.7596651077153
 20
150.33023482556942
 10
303.84244733251523
 20
150.35920874636943
 10
304.1244782861153
 20
150.36643646796944
 10
304.43792361171523
 20
150.3433190615694
 10
304.5873348693152
 20
150.2513428431694
 10
304.6711254773152
 20
150.0486885847694
  0
LWPOLYLINE
  8
0
 90
76
 70
1
 10
220.39362973971524
 20
147.50346401276943
 10
220.34806556611522
 20
146.4475164255694
 10
220.30405233971524
 20
145.3965766455694
 10
220.2669127053152
 20
144.4822375935694
 10
220.24643672451523
 20
143.93432085276942
 10
220.18100551251524
 20
143.01543362636943
 10
220.05060054771522
 20
142.2991454823694
 10
219.87567657651522
 20
141.8121793279694
 10
219.6635231845152
 20
141.6771208527694
 10
219.57009717491525
 20
141.6890311775694
 10
219.49094720291524
 20
141.7240102535694
 10
219.43798710451523
 20
141.77586950716943
 10
219.41916774131522
 20
141.83674451916937
 10
219.38264975651524
 20
141.90542593196943
 10
219.24672267731526
 20
141.9818296439694
 10
219.0570083613152
 20
142.05269385276944
 10
218.83212101731525
 20
142.10649881276942
 10
218.60180318451523
 20
142.1575882775694
 10
218.39537906771523
 20
142.2201021839694
 10
218.23130019011523
 20
142.28494251116942
 10
218.16970320851527
 20
142.33858227756943
 10
218.17516981251526
 20
142.4128831151694
 10
218.33561526691526
 20
142.58890826556942
 10
218.5598257853152
 20
142.7964362367694
 10
218.84034993251524
 20
143.01950293996939
 10
219.21975532371522
 20
143.32682389676944
 10
219.43749353011526
 20
143.5690868319694
 10
219.55119086771523
 20
143.80769310316944
 10
219.59239379651524
 20
144.0907958087694
 10
219.60111929571525
 20
144.3515239775694
 10
219.62485718131524
 20
144.73109004796945
 10
219.65723964131524
 20
145.1505828095694
 10
219.69444548691524
 20
145.55108549676936
 10
219.7904711221152
 20
146.4990503079694
 10
219.06141943171525
 20
146.41849251196942
 10
218.33236774131524
 20
146.33793454876943
 10
218.9112519285152
 20
146.84992770076943
 10
219.14108254051524
 20
147.0460736991694
 10
219.35264103491525
 20
147.2115229479694
 10
219.53322522771526
 20
147.34081636716942
 10
219.6009519285152
 20
147.36192085276943
 10
219.64948641011523
 20
147.38896628876938
 10
219.70647285171523
 20
147.4969871863694
 10
219.76095697811522
 20
147.64555675916938
 10
219.80455855811527
 20
147.82172085276937
 10
219.84506275811526
 20
148.01614719916944
 10
219.89003955811523
 20
148.22012701916944
 10
219.93286566451525
 20
148.40484840876937
 10
219.96525531411524
 20
148.53232085276943
 10
219.98751732531525
 20
148.62241406476943
 10
219.99261324691525
 20
148.6726121863694
 10
219.98197982851525
 20
148.6781891423694
 10
219.96303121971522
 20
148.6577208527694
 10
219.89557889411526
 20
148.6083920039694
 10
219.66600577011525
 20
148.56915701916938
 10
219.37825657651524
 20
148.54143258396942
 10
219.05036165971524
 20
148.53232085276943
 10
218.57174747971524
 20
148.53925062396942
 10
218.39180165651524
 20
148.5762371031694
 10
218.35132303811525
 20
148.65427653276942
 10
218.41596774131523
 20
148.78312085276943
 10
218.52744700371522
 20
148.87944744796943
 10
218.6920229669152
 20
148.9610004183694
 10
218.87996195331522
 20
149.01697780796943
 10
219.06344054531527
 20
149.03648118636943
 10
219.41642231731524
 20
149.0699810439694
 10
219.65757253651526
 20
149.1707849207694
 10
219.8549753773152
 20
149.37172905756944
 10
220.07163363891524
 20
149.7388144839694
 10
220.16853740851525
 20
149.90842350156942
 10
220.26628269571523
 20
150.04137876796943
 10
220.35255655811523
 20
150.12721205836942
 10
220.4057671221152
 20
150.1311576439694
 10
220.44447241731524
 20
150.0620058975694
 10
220.44353459251522
 20
149.33380057356942
 10
220.42947491171526
 20
148.49160865596943
  0
LWPOLYLINE
  8
0
 90
12
 70
1
 10
226.26839636051523
 20
149.63706525836943
 10
225.99270061491524
 20
149.4374127415694
 10
225.64918403491524
 20
149.2962399295694
 10
225.36486678851523
 20
149.25167327116944
 10
225.27116774131522
 20
149.3431203015694
 10
225.30127594691524
 20
149.4176316439694
 10
225.40623407491523
 20
149.50865281596944
 10
225.55492052051525
 20
149.59923324876942
 10
225.73096774131523
 20
149.67558746956942
 10
226.16219961491524
 20
149.82367767996942
 10
226.35143590611523
 20
149.8464815863694
 10
226.38447964211525
 20
149.78392470956936
  0
LWPOLYLINE
  8
0
 90
12
 70
1
 10
227.77916774131523
 20
149.7683217727694
 10
227.73413576531524
 20
149.6809134583694
 10
227.6075347677152
 20
149.62316776156942
 10
227.46608791491525
 20
149.61612646796942
 10
227.38007588771524
 20
149.6721267639694
 10
227.3669465077152
 20
149.72597352396943
 10
227.38958037171523
 20
149.77245713036942
 10
227.44880528691522
 20
149.80388554716941
 10
227.53572270211527
 20
149.81418757516943
 10
227.62904153651525
 20
149.81087751676944
 10
227.70765579971524
 20
149.8007144319694
 10
227.76596512771525
 20
149.7862359151694
  0
LWPOLYLINE
  8
0
 90
28
 70
1
 10
229.21201756851522
 20
149.69829155756943
 10
229.45835098771525
 20
149.63127010636944
 10
229.85993094451524
 20
149.57399725116943
 10
230.32174319651523
 20
149.5328011775694
 10
230.78377297571527
 20
149.5161733047694
 10
231.74395575971522
 20
149.4799382223694
 10
232.13483508371522
 20
149.34765493276942
 10
232.18199150291522
 20
149.12541503356937
 10
231.88186215251523
 20
148.7863767383694
 10
231.65390836051523
 20
148.6099078391694
 10
231.37692500771524
 20
148.41550439916944
 10
231.09644500131523
 20
148.23331542076943
 10
230.85846255331523
 20
148.09513950156943
 10
230.50400674611524
 20
147.9449933999694
 10
230.21331516691524
 20
147.91545751996944
 10
229.8261120693152
 20
147.9979320967694
 10
228.94089373971525
 20
148.29693150956942
 10
228.40475924851523
 20
148.4953574471694
 10
227.94460996771525
 20
148.6894177927694
 10
227.57216661731525
 20
148.86585258316939
 10
227.50046707731522
 20
148.95032085276938
 10
227.54363310131524
 20
149.10552040716942
 10
227.95475616531522
 20
149.4529660199694
 10
228.38719438691527
 20
149.7680816735694
 10
228.64608302131526
 20
149.85952903836943
 10
228.71476761091526
 20
149.85450735356943
 10
228.85956381411523
 20
149.8164521319694
 10
229.03078229891526
 20
149.76324976076938
  0
LWPOLYLINE
  8
0
 90
16
 70
1
 10
303.60436774131523
 20
149.48172759676942
 10
303.7209273757153
 20
149.44490146236942
 10
303.7211395525152
 20
149.42361523036942
 10
303.65302695411526
 20
149.4121219023694
 10
303.4500620381153
 20
149.42193537196943
 10
303.2570398373152
 20
149.45198472316937
 10
303.0808600269152
 20
149.5167850895694
 10
302.9460697405152
 20
149.60440942636941
 10
302.87947180691515
 20
149.7027208527694
 10
302.84449105891525
 20
149.8280247127694
 10
302.8628810525152
 20
149.86282739276945
 10
302.9103621741152
 20
149.85675084316938
 10
303.0337775101152
 20
149.76251291036945
 10
303.1482807517152
 20
149.68282455436943
 10
303.29881676371525
 20
149.6012414879694
 10
303.4590928445152
 20
149.5299957287694
  0
LWPOLYLINE
  8
0
 90
16
 70
1
 10
224.76956774131526
 20
149.4617884951694
 10
224.75860962051524
 20
149.42655494076942
 10
224.7204527413152
 20
149.37936023276941
 10
224.66636755411525
 20
149.32969664956943
 10
224.60236774131525
 20
149.2847208527694
 10
224.53848062131522
 20
149.2585520463694
 10
224.4842827413152
 20
149.2637539727694
 10
224.44825749491525
 20
149.29910657356945
 10
224.4351677413152
 20
149.35845321036942
 10
224.44789550691524
 20
149.4260446463694
 10
224.4842827413152
 20
149.48350727356942
 10
224.53857157811524
 20
149.52196728636943
 10
224.60236774131525
 20
149.53552085276942
 10
224.66638009411523
 20
149.5301127687694
 10
224.7204527413152
 20
149.51386193196942
 10
224.75711802931522
 20
149.4899835983694
  0
LWPOLYLINE
  8
0
 90
32
 70
1
 10
246.32827404451518
 20
149.30228153436943
 10
246.55258404691517
 20
149.2103805559694
 10
246.7509327381152
 20
149.1060544439694
 10
246.90342749811526
 20
149.0038738423694
 10
246.95951574131522
 20
148.9260770199694
 10
246.9315503709152
 20
148.83558888156938
 10
246.66638906131527
 20
148.64756813436944
 10
246.31299948851523
 20
148.4348313815694
 10
245.88280943811526
 20
148.21444656636942
 10
245.4038157141152
 20
147.98310212556942
 10
244.90134025491528
 20
147.73717383196941
 10
244.4463265221152
 20
147.51173740316943
 10
244.13243677891523
 20
147.3525143479694
 10
243.74292381331526
 20
147.17387184876944
 10
243.48209398691526
 20
147.11899129116938
 10
243.19394685731524
 20
147.1522405159694
 10
242.66943677891527
 20
147.3068625615694
 10
242.34545618131523
 20
147.42244608236942
 10
242.0723242805152
 20
147.54407973516942
 10
241.86496083411527
 20
147.65838267116942
 10
241.82396774131524
 20
147.7309698759694
 10
241.86355618691522
 20
147.80937714556939
 10
242.08182157491524
 20
147.96044334876942
 10
242.36541635011528
 20
148.12890921996942
 10
242.70176774131525
 20
148.3000417639694
 10
243.08665210931525
 20
148.48935362956942
 10
243.51817390771524
 20
148.7132028287694
 10
243.92969139651527
 20
148.9359137303694
 10
244.24836774131523
 20
149.1195397927694
 10
244.77842334211525
 20
149.38202924636943
 10
245.2489707909152
 20
149.4938485935694
 10
245.73854125251523
 20
149.46688859676942
  0
LWPOLYLINE
  8
0
 90
12
 70
1
 10
293.10542178051526
 20
148.65967023756943
 10
293.07802589331527
 20
148.5857516191694
 10
293.0530758077152
 20
148.58906217916942
 10
293.03479198611524
 20
148.71140910716943
 10
293.0293327389152
 20
148.95032085276938
 10
293.03282487811526
 20
149.1908255127694
 10
293.04930093331524
 20
149.3372821791694
 10
293.07474359011525
 20
149.35431300396942
 10
293.1020475173152
 20
149.3284702375694
 10
293.12610809891527
 20
149.1901221023694
 10
293.1344254629152
 20
149.0121169695694
 10
293.1277175661152
 20
148.82571321356937
  0
LWPOLYLINE
  8
0
 90
32
 70
1
 10
258.6388385261152
 20
148.72317563996938
 10
258.93208107571525
 20
148.58614119516943
 10
259.2508938557153
 20
148.45255357836942
 10
259.5484033493152
 20
148.34051670396943
 10
259.7674385261152
 20
148.27424280396946
 10
259.93924287971527
 20
148.2219227471694
 10
260.0842123021152
 20
148.15765457836943
 10
260.1881403109152
 20
148.0913208207694
 10
260.21596774131524
 20
148.03542853596943
 10
260.1439312933152
 20
147.91953235116938
 10
259.4311697317152
 20
147.57604569996943
 10
258.6081041565152
 20
147.21147278796943
 10
257.70796774131526
 20
146.8559666303694
 10
257.47114181571527
 20
146.76256051756943
 10
257.2434555437152
 20
146.6629257031694
 10
257.05143269731525
 20
146.57020393996942
 10
256.94841994131525
 20
146.5061843975694
 10
256.6693086341153
 20
146.4627533615694
 10
255.44484635331526
 20
146.9073191007694
 10
254.24042516611516
 20
147.38207363596942
 10
254.02015705651525
 20
147.6127208527694
 10
254.04757066691525
 20
147.69904855356944
 10
254.29504138051522
 20
147.8587006439694
 10
254.63039274851525
 20
148.0363456279694
 10
255.03994797811515
 20
148.21530747916944
 10
255.49481842051517
 20
148.40735757916943
 10
255.96881871651527
 20
148.62441277356942
 10
256.3949947965153
 20
148.83399479676942
 10
256.68599937411517
 20
148.9966125135694
 10
257.09573802211526
 20
149.1988363991694
 10
257.40961856931517
 20
149.2350248327694
 10
257.7997894669153
 20
149.1215038911694
  0
LWPOLYLINE
  8
0
 90
16
 70
1
 10
271.0839677413153
 20
149.03392085276943
 10
271.07120335891534
 20
148.97011097916942
 10
271.03485274131526
 20
148.91583585276942
 10
270.98057761491526
 20
148.87948523516943
 10
270.9167677413152
 20
148.8667208527694
 10
270.8529578677152
 20
148.87948523516943
 10
270.7986827413152
 20
148.91583585276942
 10
270.7623321237152
 20
148.97011097916942
 10
270.74956774131516
 20
149.03392085276943
 10
270.7623321237152
 20
149.0977307263694
 10
270.7986827413152
 20
149.1520058527694
 10
270.8529578677152
 20
149.1883564703694
 10
270.9167677413152
 20
149.2011208527694
 10
270.98057761491526
 20
149.1883564703694
 10
271.03485274131526
 20
149.1520058527694
 10
271.07120335891534
 20
149.0977307263694
  0
LWPOLYLINE
  8
0
 90
30
 70
1
 10
233.37231622531525
 20
148.87974840796943
 10
233.45736501331524
 20
148.80309356156943
 10
233.75832451171522
 20
148.66480277596943
 10
234.13002415651522
 20
148.5140514103694
 10
234.55258386771524
 20
148.36451642476942
 10
234.96842180451523
 20
148.2156209791694
 10
235.31885377651525
 20
148.06681130716942
 10
235.59406999251524
 20
147.9301622583694
 10
235.6375677413152
 20
147.85807197196942
 10
235.59781309891522
 20
147.77811676476944
 10
235.33059890771523
 20
147.5838233423694
 10
234.99303297571524
 20
147.36297471436941
 10
234.5925677413152
 20
147.1286174967694
 10
233.54756774131522
 20
146.5445481031694
 10
232.2174768605152
 20
147.0143068695694
 10
231.70355505651526
 20
147.2071459863694
 10
231.26076899411524
 20
147.3980678207694
 10
230.90463984931523
 20
147.57222668476942
 10
230.82838611571523
 20
147.66106589676943
 10
230.84889938211523
 20
147.7554691903694
 10
231.02286011411525
 20
147.9230564255694
 10
231.26950987571524
 20
148.1128690551694
 10
231.5732768293152
 20
148.3043948159694
 10
231.88528055651526
 20
148.4926116887694
 10
232.15739638291524
 20
148.67239649836944
 10
232.37649208611523
 20
148.83036789436943
 10
232.43290101891523
 20
148.90232207996942
 10
232.56592650931526
 20
149.00729876716943
 10
232.88816321091522
 20
149.0302100159694
 10
233.21517932451522
 20
148.9909808831694
  0
LWPOLYLINE
  8
0
 90
20
 70
1
 10
217.75729287171524
 20
148.62812076796942
 10
217.61238263811526
 20
148.5255214975694
 10
217.2999876629152
 20
148.4273465063694
 10
216.90009458691523
 20
148.3433624479694
 10
216.44102006771524
 20
148.2851684879694
 10
215.98410945091524
 20
148.23917477756942
 10
215.53593854531522
 20
148.18728225116942
 10
215.15025278771523
 20
148.1367453823694
 10
214.93020354291525
 20
148.09847581036942
 10
214.75406185411526
 20
148.0720485127694
 10
214.64925821891524
 20
148.08807061996941
 10
214.60377045571522
 20
148.14271559276938
 10
214.60845272451522
 20
148.23242825756944
 10
214.70579656451523
 20
148.3335523223694
 10
215.04088342211526
 20
148.44116090476945
 10
215.5002647533152
 20
148.5450337375694
 10
216.08781692291524
 20
148.63704690716938
 10
217.46183258131524
 20
148.8184779679694
 10
217.76019997811522
 20
148.8370466983694
 10
217.81920151411524
 20
148.76915480396943
  0
LWPOLYLINE
  8
0
 90
36
 70
1
 10
270.8954485709153
 20
148.62694551916945
 10
271.34897689891517
 20
148.3577060343694
 10
271.58364427251524
 20
148.11593918156944
 10
271.6201487141153
 20
147.89447124476942
 10
271.4906255621152
 20
147.68690765996942
 10
271.33721755571526
 20
147.5907290367694
 10
271.1802249485152
 20
147.55183530716943
 10
270.99554117891523
 20
147.5686618135694
 10
270.7532023349153
 20
147.64376872236943
 10
270.4828895933152
 20
147.72954850876943
 10
270.3272564893152
 20
147.7263645191694
 10
270.2078681653152
 20
147.64306063036943
 10
270.0770901773153
 20
147.4386490999694
 10
269.82846193811525
 20
147.1378337279694
 10
269.4938781853152
 20
146.9753399063694
 10
269.0378712845151
 20
146.9497511167694
 10
268.41538317651526
 20
147.06107471596943
 10
267.96100246291525
 20
147.19648648476942
 10
267.6546118069152
 20
147.34751673996942
 10
267.47477683731523
 20
147.5201748167694
 10
267.4081280749152
 20
147.7199950351694
 10
267.4758113037152
 20
147.82106793676942
 10
267.8528608469153
 20
147.95072300956943
 10
268.2782238333152
 20
148.0566376887694
 10
268.65956774131524
 20
148.1010816223694
 10
268.7961662957151
 20
148.1182388503694
 10
268.93011840851517
 20
148.1584721863694
 10
269.0424045781153
 20
148.21414493756942
 10
269.11100841011523
 20
148.27786268396943
 10
269.24113264611526
 20
148.3898664527694
 10
269.6205532525152
 20
148.57255168076938
 10
270.0326962365153
 20
148.74392883836938
 10
270.38167089331534
 20
148.8540006111694
 10
270.4165242349152
 20
148.8514123551694
 10
270.55326056211516
 20
148.79255026396942
 10
270.7141373925153
 20
148.71790516156943
  0
LWPOLYLINE
  8
0
 90
16
 70
1
 10
248.25280774131522
 20
148.37418125356942
 10
247.85722875971524
 20
148.0898919295694
 10
246.49466747171522
 20
147.4248229975694
 10
245.03501732371524
 20
146.7349904079694
 10
244.87509654291526
 20
146.7630586063694
 10
244.8430045093152
 20
146.8033621663694
 10
244.82686970931525
 20
146.84402888476941
 10
244.8287918405152
 20
146.87845285676943
 10
244.84750101891518
 20
146.90212085276943
 10
244.9022456429153
 20
146.9325646287694
 10
245.35480270611518
 20
147.1649383527694
 10
245.87388196131525
 20
147.43068987836944
 10
246.47665535011524
 20
147.73812085276944
 10
247.45555199411524
 20
148.2219190687694
 10
248.05565720531524
 20
148.4724221215694
 10
248.23295575091527
 20
148.4697796927694
  0
LWPOLYLINE
  8
0
 90
12
 70
1
 10
297.3295256293152
 20
148.3716516847694
 10
297.4166908349153
 20
148.30502800236945
 10
297.4748491813152
 20
148.2334113935694
 10
297.4962695077152
 20
148.16850836636942
 10
297.47885663091523
 20
148.11947629756943
 10
297.3379513389153
 20
148.0713733591694
 10
297.10642013571527
 20
148.13231240876942
 10
296.8986694541152
 20
148.25054471196938
 10
296.83276774131525
 20
148.3830094135694
 10
296.87128945091524
 20
148.4830727615694
 10
296.9639062125152
 20
148.52294026396942
 10
297.11859145971516
 20
148.4868369351694
  0
LWPOLYLINE
  8
0
 90
12
 70
1
 10
214.15236774131526
 20
148.19792085276939
 10
214.09223810691523
 20
148.13404677436944
 10
213.99633452771525
 20
148.08058791836942
 10
213.8821141885152
 20
148.0447046247694
 10
213.76630009891522
 20
148.03328118636944
 10
213.60704962291527
 20
148.0385782495694
 10
213.57791134451523
 20
148.06404899596942
 10
213.59346010851527
 20
148.10271984796944
 10
213.73436774131525
 20
148.19792085276939
 10
213.9549314605152
 20
148.32064097116944
 10
214.11520051891526
 20
148.3566267583694
 10
214.17468459411523
 20
148.30509237436942
  0
LWPOLYLINE
  8
0
 90
64
 70
1
 10
227.30059552851523
 20
147.7156423175694
 10
227.73230592851525
 20
147.52269351756942
 10
228.1497941293152
 20
147.3417525199694
 10
228.50692480211524
 20
147.1918262863694
 10
228.69767676131525
 20
147.1200683935694
 10
228.89220794211522
 20
147.0420319735694
 10
228.92588837571526
 20
146.9764551303694
 10
228.87624736451522
 20
146.8913421375694
 10
228.6140767613152
 20
146.67705995516943
 10
228.40896098451526
 20
146.52659466876938
 10
228.13069403731524
 20
146.34421441356938
 10
227.83072168771523
 20
146.16137820396943
 10
227.55396522531527
 20
146.0069698399694
 10
227.31401148931525
 20
145.8696760679694
 10
227.12736094611523
 20
145.7389208191694
 10
227.0045996965152
 20
145.6283716903694
 10
227.00491620611524
 20
145.5724391103694
 10
227.08049461891522
 20
145.5587748575694
 10
227.39515565571526
 20
145.7089294863694
 10
227.77190607811525
 20
145.91120369916942
 10
228.20117519091525
 20
146.1693031495694
 10
228.63988642211524
 20
146.4339759007694
 10
229.04633775091526
 20
146.6573343679694
 10
229.39064201011524
 20
146.82869029116944
 10
229.53068672371523
 20
146.8603208527694
 10
229.66340757571524
 20
146.83915366716943
 10
229.92862389411525
 20
146.7459187671694
 10
230.2400221901152
 20
146.61998573356942
 10
230.56603025491526
 20
146.47086707596944
 10
230.90504296851523
 20
146.3096647071694
 10
231.25554583331524
 20
146.14735547436942
 10
231.56964858931525
 20
146.00560281276944
 10
231.77876663251527
 20
145.9164430783694
 10
231.97666271331525
 20
145.7997844615694
 10
231.99081870131525
 20
145.6883802719694
 10
231.82872114371523
 20
145.53609936076938
 10
231.19356663251523
 20
145.1299381239694
 10
230.7896721261152
 20
144.88561461596942
 10
230.39475676131525
 20
144.6654623759694
 10
230.05338201331523
 20
144.4911017015694
 10
229.86442511331524
 20
144.42153713836942
 10
229.65688660851524
 20
144.41498607516945
 10
229.20882120611526
 20
144.51255596956943
 10
228.6760362325152
 20
144.6610992919694
 10
228.10882511331525
 20
144.8533710991694
 10
227.47823750291522
 20
145.08290894396941
 10
226.75236829731523
 20
145.3444980255694
 10
226.04581671091523
 20
145.5970867311694
 10
225.48016774131523
 20
145.79690494316944
 10
224.63009083891527
 20
146.14322111996938
 10
224.29201444531523
 20
146.45735146396942
 10
224.31996577091522
 20
146.7806559047694
 10
224.72776774131526
 20
147.14189869436942
 10
224.93783882451524
 20
147.28018647036942
 10
225.19133609491524
 20
147.4588217799694
 10
225.44582218611524
 20
147.6467109407694
 10
225.66019616131524
 20
147.8145531559694
 10
225.84508475091525
 20
147.9614689535694
 10
226.00926495171524
 20
148.08530663676942
 10
226.15048508131522
 20
148.18697928476942
 10
226.18482394851523
 20
148.19792085276939
 10
226.22341019731525
 20
148.1899952383694
 10
226.5340316821152
 20
148.05625145676942
 10
226.88908656691524
 20
147.90050432236944
  0
LWPOLYLINE
  8
0
 90
22
 70
1
 10
249.31300538531525
 20
147.02089137276943
 10
249.36164302931525
 20
145.9274620599694
 10
248.6195204789153
 20
145.5860515311694
 10
248.20928625011527
 20
145.41286008636942
 10
247.94251313251522
 20
145.34632903276943
 10
247.72184558211524
 20
145.3591918959694
 10
247.48408283491523
 20
145.4479498487694
 10
247.27045691251527
 20
145.5458053207694
 10
246.9238927781153
 20
145.67985725196942
 10
246.52628783411518
 20
145.8218946551694
 10
246.1293677413152
 20
145.95192425596943
 10
245.76086211811523
 20
146.07513811596942
 10
245.45037890771522
 20
146.19667646476938
 10
245.20263181251522
 20
146.3081714439694
 10
245.16796774131524
 20
146.3629122223694
 10
245.30243616771523
 20
146.5805297103694
 10
246.8549078973153
 20
147.34379821196944
 10
248.36259995571524
 20
148.0507027575694
 10
248.84636774131525
 20
148.1400594535694
 10
249.08451170451525
 20
148.08496103436943
 10
249.21065189891522
 20
147.9590478975694
 10
249.27311781891524
 20
147.69721955276944
  0
LWPOLYLINE
  8
0
 90
12
 70
1
 10
286.8994523581153
 20
147.40487202476942
 10
286.8424316405152
 20
147.38946788876942
 10
286.7557131933152
 20
147.4273804887694
 10
286.65436775571516
 20
147.50888045676942
 10
286.5535576925153
 20
147.6249266199694
 10
286.32905022691523
 20
147.9486161223694
 10
286.31340431971523
 20
148.09889130236942
 10
286.4024232717152
 20
148.12184485276944
 10
286.6503798685153
 20
147.8839938239694
 10
286.7775353013152
 20
147.73213676476942
 10
286.8684198709152
 20
147.58774669036939
 10
286.9159412877152
 20
147.4689367111694
  0
LWPOLYLINE
  8
0
 90
62
 70
1
 10
198.0963005493152
 20
146.90212085276943
 10
198.0569908261152
 20
146.40296431356944
 10
198.01195266371522
 20
145.83491468636942
 10
197.96824507891523
 20
145.2866414751694
 10
197.93346597411522
 20
144.85392085276942
 10
197.89737669011524
 20
144.3752080247694
 10
197.84773517731523
 20
143.6487049639694
 10
197.7947543461152
 20
142.83418414476944
 10
197.74597056931526
 20
142.04241121996938
 10
197.6938514869152
 20
141.33017031916944
 10
197.63005816611525
 20
140.7644624951694
 10
197.56379429811525
 20
140.35862813436944
 10
197.51031236851526
 20
140.3486715415694
 10
197.44490138771522
 20
140.4254012935694
 10
197.38159144211522
 20
140.4403128583694
 10
197.31522257251527
 20
140.3964935839694
 10
197.23805208131523
 20
140.2791910799694
 10
197.14290541651522
 20
140.1688195175694
 10
196.97406769251523
 20
140.05852319516939
 10
196.76685271971525
 20
139.9648122767694
 10
196.54971760371524
 20
139.90383075836942
 10
196.24433750451524
 20
139.8540181999694
 10
196.10365475571524
 20
139.8756351535694
 10
196.03274439971523
 20
139.96265472796938
 10
196.01116774131523
 20
140.15142085276943
 10
196.03263806051524
 20
140.3162548055694
 10
196.09749510771522
 20
140.4257132887694
 10
196.21248439971524
 20
140.48800665836941
 10
196.38736774131524
 20
140.5090039687694
 10
196.9261983325152
 20
140.54693980956944
 10
197.26335930611523
 20
140.6663346543694
 10
197.4492857061152
 20
140.87837685836942
 10
197.51596774131522
 20
141.1950215559694
 10
197.49757691171524
 20
141.4544086135694
 10
197.43212914691523
 20
141.59378402556942
 10
197.30168087731522
 20
141.6691250143694
 10
197.05616774131522
 20
141.70217276316941
 10
196.59636774131525
 20
141.7272246735694
 10
197.03577368851523
 20
141.7949107447694
 10
197.2642019941152
 20
141.8589921511694
 10
197.40979758051523
 20
141.96925804316942
 10
197.50534134531523
 20
142.1567793639694
 10
197.57733365251522
 20
142.4804586671694
 10
197.66718191651523
 20
143.12341857596942
 10
197.67603248131522
 20
143.53302195916942
 10
197.60977446531524
 20
143.72359651916943
 10
197.48755394051523
 20
143.7495601711694
 10
197.40605430691525
 20
143.71324466556942
 10
197.36871236051525
 20
143.73280706556943
 10
197.36831910611522
 20
143.80196198876942
 10
197.42136765331526
 20
143.9486925287694
 10
197.61465018451523
 20
144.48973684796943
 10
197.73782692611522
 20
144.9856266335694
 10
197.8046582709152
 20
145.50362778316938
 10
197.82648205091522
 20
146.1130851591694
 10
197.8496114957152
 20
146.78104180236937
 10
197.91902842131523
 20
147.4145005711694
 10
198.01297024291523
 20
147.94770003356942
 10
198.11447987091523
 20
148.0307208527694
 10
198.14076906131524
 20
148.0044050775694
 10
198.13815589251524
 20
147.6991945191694
 10
198.1251907029152
 20
147.3348884583694
  0
LWPOLYLINE
  8
0
 90
34
 70
1
 10
261.0046240581152
 20
147.6767845359694
 10
261.13590849491516
 20
147.5847810639694
 10
261.4690463021153
 20
147.4370655487694
 10
261.87625253891525
 20
147.2771787095694
 10
262.3234105469152
 20
147.12294506956943
 10
262.7609838149152
 20
146.9708112943694
 10
263.13840119811516
 20
146.8172375927694
 10
263.4404854509153
 20
146.67549897596945
 10
263.5081594837153
 20
146.59774562556942
 10
263.47874699731517
 20
146.5176228839694
 10
263.2137207853152
 20
146.36882842716943
 10
262.86086157091523
 20
146.2048896631694
 10
262.4318129949153
 20
146.0404601671694
 10
261.9521416093153
 20
145.86391836876942
 10
261.4444170733152
 20
145.6634773367694
 10
260.98175143251524
 20
145.46941130636944
 10
260.65593297251525
 20
145.3176784767694
 10
260.0090982037152
 20
144.99408661916942
 10
258.85706144531525
 20
145.5092037359694
 10
258.3976545325153
 20
145.70647666236945
 10
257.9701951925152
 20
145.8730051871694
 10
257.6094453085152
 20
145.99937895996942
 10
257.4556962141153
 20
146.02432085276942
 10
257.28643681171525
 20
146.1099090279694
 10
257.3060891653152
 20
146.25467580396943
 10
257.7269330701152
 20
146.5127143935694
 10
258.50216774131525
 20
146.8474155207694
 10
259.02891562451526
 20
147.06353673596942
 10
259.5401139077152
 20
147.28298472956942
 10
259.9761268653152
 20
147.4786212695694
 10
260.21596774131524
 20
147.60013186316942
 10
260.5676590637152
 20
147.78750454316943
 10
260.72661426451515
 20
147.8338806399694
 10
260.8502183693152
 20
147.8030599951694
  0
LWPOLYLINE
  8
0
 90
22
 70
1
 10
237.51459557091525
 20
147.2392585855694
 10
238.07410880211523
 20
147.0494640135694
 10
238.54620084451523
 20
146.86173921036942
 10
238.92228163091522
 20
146.68947405356943
 10
238.9775955709152
 20
146.6036073231694
 10
238.93242498611522
 20
146.51211882716942
 10
238.65687286531522
 20
146.3218069383694
 10
238.3019589301152
 20
146.1080504327694
 10
237.88019559251524
 20
145.88738254796942
 10
236.77882344371523
 20
145.3442713023694
 10
235.37219559251525
 20
145.80235900716943
 10
234.83298411971523
 20
145.9869996391694
 10
234.37876458691522
 20
146.1626888847694
 10
234.00702247331523
 20
146.32205004716943
 10
233.96556774131523
 20
146.38574187756944
 10
234.02766381491526
 20
146.5012108663694
 10
234.88056656451525
 20
147.05936242076942
 10
235.69919732691523
 20
147.5792982415694
 10
235.97196774131524
 20
147.68587336076942
 10
236.03490265731523
 20
147.6830801175694
 10
236.4595996861152
 20
147.56124849996942
 10
236.94933366931525
 20
147.4153904095694
  0
LWPOLYLINE
  8
0
 90
12
 70
1
 10
245.08436774131525
 20
147.36192085276943
 10
244.88006522531526
 20
147.2347169319694
 10
244.68099774131525
 20
147.12724194236944
 10
244.50921830051524
 20
147.0484800415694
 10
244.4155677413153
 20
147.0295028415694
 10
244.3931181317152
 20
147.09529102556942
 10
244.75282518931527
 20
147.35039308156942
 10
245.1856444597153
 20
147.6133222711694
 10
245.41876774131524
 20
147.68299701916942
 10
245.43614099171523
 20
147.6570632959694
 10
245.38950774131524
 20
147.59326813596942
 10
245.2658661837153
 20
147.4889642615694
  0
LWPOLYLINE
  8
0
 90
16
 70
1
 10
299.6751677413152
 20
147.5291208527694
 10
299.66161417491526
 20
147.4653246895694
 10
299.6231541621152
 20
147.4110358527694
 10
299.56569153491523
 20
147.3746486183694
 10
299.4981000989152
 20
147.36192085276943
 10
299.4387534621152
 20
147.37501060636941
 10
299.4034008613153
 20
147.4110358527694
 10
299.3981989349152
 20
147.46523373276943
 10
299.4243677413152
 20
147.5291208527694
 10
299.46934353811525
 20
147.59312066556942
 10
299.51900712131527
 20
147.64720585276942
 10
299.5662018293153
 20
147.6853627319694
 10
299.6014353837152
 20
147.69632085276942
 10
299.6296304869152
 20
147.6838711407694
 10
299.6535088205152
 20
147.64720585276942
 10
299.66975965731524
 20
147.59313320556942
  0
LWPOLYLINE
  8
0
 90
14
 70
1
 10
218.99280774131523
 20
147.22729642876942
 10
218.30654721251523
 20
146.6932494295694
 10
217.75486579651525
 20
146.38098069036943
 10
217.16949709171524
 20
146.1999049295694
 10
216.3822144901152
 20
146.09080993916942
 10
215.15556774131522
 20
145.98507884556943
 10
215.6844977517152
 20
146.5304145199694
 10
216.00884368131523
 20
146.8213487063694
 10
216.31063951411525
 20
146.99785355356943
 10
216.68705068771524
 20
147.1095195783694
 10
217.27289775171522
 20
147.19595863436945
 10
218.28143745091523
 20
147.30422983036942
 10
218.77978574531522
 20
147.3339492959694
 10
218.97816068691523
 20
147.3034692375694
  0
LWPOLYLINE
  8
0
 90
12
 70
1
 10
251.52156774131527
 20
147.00963229196944
 10
251.4730371053152
 20
146.8963407487694
 10
251.36382641251527
 20
146.8668053703694
 10
251.2274169613153
 20
146.9463042887694
 10
251.1299712965153
 20
147.10260569116943
 10
251.1023868077152
 20
147.2049504831694
 10
251.12059789731524
 20
147.2612906967694
 10
251.1769381109152
 20
147.2795017863694
 10
251.2792829029152
 20
147.2519172975694
 10
251.3719583517152
 20
147.2052761887694
 10
251.45039655331522
 20
147.14239444236944
 10
251.50395205091525
 20
147.07359448476942
  0
LWPOLYLINE
  8
0
 90
20
 70
1
 10
291.4823677413153
 20
147.09869973196942
 10
291.4464511749153
 20
147.00518176236943
 10
291.3227440749152
 20
146.89044561116944
 10
291.14700400051527
 20
146.7757564431694
 10
290.9389677413153
 20
146.67855739836943
 10
290.7231739037153
 20
146.5920432695694
 10
290.52424252051514
 20
146.50947823756943
 10
290.3582716077152
 20
146.4382162599694
 10
290.2902093365152
 20
146.40414808956945
 10
290.2447586917153
 20
146.4143524727694
 10
290.19468496691525
 20
146.50568547276941
 10
290.1480751245152
 20
146.6503815231694
 10
290.1129704813152
 20
146.83396829356943
 10
290.0875901901153
 20
147.13506171916939
 10
290.14725417251526
 20
147.2568187655694
 10
290.3014174213153
 20
147.3102318087694
 10
290.7617288861153
 20
147.3140436343694
 10
291.0662756605152
 20
147.29705327196942
 10
291.2921367773152
 20
147.25262973676942
 10
291.4353937373153
 20
147.1858480503694
  0
LWPOLYLINE
  8
0
 90
40
 70
1
 10
298.38599070051526
 20
147.11112085276943
 10
298.34817758451527
 20
147.04316074076942
 10
298.26097141491516
 20
146.9773411231694
 10
298.1428713669152
 20
146.9232955623694
 10
298.0097907005152
 20
146.89049192556942
 10
297.87938105411524
 20
146.85425416796943
 10
297.7689432805153
 20
146.7903849383694
 10
297.69441003491517
 20
146.70988064636944
 10
297.66876774131526
 20
146.62473003356942
 10
297.6384893261152
 20
146.52929143756938
 10
297.54033657251523
 20
146.4162527007694
 10
297.3988716621153
 20
146.30508208956942
 10
297.2315549565152
 20
146.2131896383694
 10
296.8797795325153
 20
146.10971072876941
 10
296.5231424341153
 20
146.1128372015694
 10
296.2595703605153
 20
146.21352972316942
 10
296.1639677413153
 20
146.38787651996944
 10
296.18435326691525
 20
146.4460437279694
 10
296.2376402413152
 20
146.48236709196942
 10
296.31877253651527
 20
146.4895043583694
 10
296.4147677413152
 20
146.4654569855694
 10
296.5108017365153
 20
146.44045908076941
 10
296.59189524131517
 20
146.4450602575694
 10
296.64508808211525
 20
146.47756778316938
 10
296.66556774131516
 20
146.5311684247694
 10
296.6908010637152
 20
146.5930334279694
 10
296.7637977413153
 20
146.64554726956942
 10
296.8719771445152
 20
146.6812011647694
 10
296.99996774131523
 20
146.69312085276945
 10
297.2673589973153
 20
146.73802458636942
 10
297.32613949491525
 20
146.86120417036943
 10
297.1864676373153
 20
146.99152068636943
 10
296.87456774131516
 20
147.03927250476943
 10
296.59449386371523
 20
147.04889804156943
 10
296.5464016261152
 20
147.0735538551694
 10
296.5544508013153
 20
147.10851136236943
 10
296.7491677413152
 20
147.19870656636942
 10
297.1584196701152
 20
147.30143207276942
 10
297.7489961533152
 20
147.3080826199694
 10
298.29130768131523
 20
147.2493506103694
  0
LWPOLYLINE
  8
0
 90
58
 70
1
 10
202.46054357971525
 20
145.24918232156938
 10
202.40949641651525
 20
144.3637777311694
 10
202.34051905971523
 20
143.30472406956943
 10
202.26570709171523
 20
142.2460422607694
 10
202.19659831571522
 20
141.36178232156942
 10
202.13478748531523
 20
140.5784785783694
 10
202.08215861011524
 20
139.8307188799694
 10
202.04301391331524
 20
139.1966367895694
 10
202.03301418291522
 20
138.8765208527694
 10
202.0181357237152
 20
138.6683740743694
 10
201.97524758611524
 20
138.4927445191694
 10
201.91331637171524
 20
138.3715745119694
 10
201.84007825731524
 20
138.3331208527694
 10
201.75820192211523
 20
138.39403064236942
 10
201.72143932371526
 20
138.5974286063694
 10
201.72130656691525
 20
138.93546888476942
 10
201.76544870451522
 20
139.4617208527694
 10
201.81526193171524
 20
139.9608807359694
 10
201.86938607651524
 20
140.52892701916943
 10
201.91961663491526
 20
141.07720992796942
 10
201.95686210691525
 20
141.5099208527694
 10
201.99251700531522
 20
141.93234479756939
 10
202.03748310451522
 20
142.4458119847694
 10
202.08408893411524
 20
142.9645389495694
 10
202.12493957251522
 20
143.4045797551694
 10
202.21726356691522
 20
144.3796386575694
 10
201.63118376051526
 20
144.32914509356942
 10
201.39946027731523
 20
144.31708980636944
 10
201.18799859171523
 20
144.3227500279694
 10
201.0165903349152
 20
144.3421759927694
 10
200.94547415571523
 20
144.37828099356943
 10
200.94409592611524
 20
144.4980339807694
 10
201.32019176051523
 20
144.87172029596937
 10
201.72250806611524
 20
145.22048511676945
 10
202.00940203171524
 20
145.38132833996943
 10
202.1542920341152
 20
145.54744622156943
 10
202.22394120051524
 20
146.0252688767694
 10
202.22471667411526
 20
146.48106878396942
 10
202.1008646117152
 20
146.57728653196943
 10
201.98694941251526
 20
146.5589089111694
 10
201.71457442611523
 20
146.5201698415694
 10
201.38978608531522
 20
146.47525022396943
 10
201.03902623411523
 20
146.4281123639694
 10
200.5091487013152
 20
146.3654431287694
 10
200.30529127171525
 20
146.37918546396943
 10
200.22263979731525
 20
146.46100695756942
 10
200.2175987173152
 20
146.6275466847694
 10
200.3001241229152
 20
146.7895608095694
 10
200.46440046371524
 20
146.9004837975694
 10
200.75658564051523
 20
146.97767067436942
 10
201.27943709491524
 20
147.0412131951694
 10
201.67343503331523
 20
147.08052877036943
 10
202.02838441491522
 20
147.11818254476944
 10
202.32628983811523
 20
147.1515779023694
 10
202.4223594469152
 20
147.1666131951694
 10
202.47618931971525
 20
147.1242784895694
 10
202.49181767091525
 20
146.6149623767694
 10
202.48991928211524
 20
145.99328401836942
  0
LWPOLYLINE
  8
0
 90
12
 70
1
 10
197.48191395011523
 20
146.7007247743694
 10
197.39848650051522
 20
146.5805984295694
 10
197.31664026131523
 20
146.49106199356942
 10
197.2474154485152
 20
146.4403271599694
 10
197.20587093011522
 20
146.44588421916941
 10
197.19405089331522
 20
146.5359958231694
 10
197.34071722851522
 20
146.7635755887694
 10
197.5111351597152
 20
146.9777821967694
 10
197.62145739811524
 20
147.02752085276938
 10
197.63514439011524
 20
147.0091530967694
 10
197.60709090531526
 20
146.9315244775694
 10
197.55564145891523
 20
146.82613213116943
  0
LWPOLYLINE
  8
0
 90
16
 70
1
 10
215.15559148371526
 20
146.45683381276942
 10
214.64714313891523
 20
146.1087929679694
 10
214.07924850611522
 20
145.87116849516943
 10
213.41723665891524
 20
145.73462578556942
 10
212.62423147011523
 20
145.6899208527694
 10
212.35579989571522
 20
145.75074035436938
 10
212.24397937811526
 20
145.9131539199694
 10
212.31027785651523
 20
146.15588568396942
 10
212.56338672131523
 20
146.4417950087694
 10
212.90368754371522
 20
146.6336458063694
 10
213.56333969731526
 20
146.79708531116944
 10
214.41121139891524
 20
146.9252671847694
 10
215.40636774131525
 20
147.00215644556937
 10
215.62766981571522
 20
146.99564918876942
 10
215.66207221891523
 20
146.9350196263694
 10
215.57312399251524
 20
146.81595851276938
  0
LWPOLYLINE
  8
0
 90
12
 70
1
 10
283.45676774131516
 20
146.9319779239694
 10
283.3985062325153
 20
146.7737893351694
 10
283.21620606611526
 20
146.6067264391694
 10
282.9982401333153
 20
146.48892283676943
 10
282.8282748125152
 20
146.48461843996938
 10
282.6707543549153
 20
146.5782066335694
 10
282.63054141731527
 20
146.7028962007694
 10
282.7156587573153
 20
146.82661734556942
 10
282.91336774131526
 20
146.9122655455694
 10
283.2112865405153
 20
146.98597215436942
 10
283.35614995811534
 20
147.00533257676938
 10
283.4276097333153
 20
146.98560966476938
  0
LWPOLYLINE
  8
0
 90
20
 70
1
 10
253.73231222451525
 20
146.25813400156937
 10
254.57160522851524
 20
145.8693523687694
 10
254.6603976245152
 20
145.61371844956943
 10
254.38780745171516
 20
145.3497889023694
 10
253.0903622037152
 20
144.83692513996942
 10
252.5430592541152
 20
144.62239600316943
 10
252.06741220531524
 20
144.41860628956937
 10
251.67451293811524
 20
144.23654471756942
 10
251.59027858131523
 20
144.16102967356943
 10
251.43385328371528
 20
144.05427748956942
 10
251.29912670051522
 20
144.12550953836939
 10
251.20282368051522
 20
144.48458140316941
 10
251.15300710931524
 20
145.1465208527694
 10
251.1357074269152
 20
145.82299884396943
 10
251.17567207251525
 20
146.14701973676944
 10
251.29005342531522
 20
146.3636522495694
 10
251.52156774131527
 20
146.5732643687694
 10
251.87932374211528
 20
146.7516181135694
 10
252.23184220291526
 20
146.7805519063694
 10
252.72820081731524
 20
146.65332658396943
  0
LWPOLYLINE
  8
0
 90
12
 70
1
 10
279.05187086691524
 20
146.1151318543694
 10
279.00074177571526
 20
146.01646111516942
 10
278.9295618933152
 20
145.9329116095694
 10
278.8500723381153
 20
145.8760865159694
 10
278.77453254851525
 20
145.8571208527694
 10
278.70960260211524
 20
145.88168821756943
 10
278.6837834109153
 20
145.94080495436938
 10
278.7063019069152
 20
146.04557782476937
 10
278.7828316877152
 20
146.2058408639694
 10
278.9293975357151
 20
146.42293919596938
 10
279.05350909251524
 20
146.45791342316943
 10
279.1150336765152
 20
146.3578938815694
  0
LWPOLYLINE
  8
0
 90
18
 70
1
 10
240.4431420269152
 20
146.0836151559694
 10
240.93760760291525
 20
145.87220530236942
 10
240.97154803251524
 20
145.74301638316942
 10
240.79661754051523
 20
145.5867327039694
 10
239.65746053251524
 20
144.9683297935694
 10
238.78210449491525
 20
144.49753856716939
 10
237.96223611811524
 20
144.79235915036938
 10
237.6479950877153
 20
144.91247512876942
 10
237.38320412611526
 20
145.0294994119694
 10
237.17249032611528
 20
145.13565686556942
 10
237.14236774131524
 20
145.18564197436942
 10
237.22540561491525
 20
145.3217805615694
 10
238.19744154131527
 20
145.81399579276942
 10
239.13226794371528
 20
146.26467754076944
 10
239.47757774371527
 20
146.34868350236943
 10
239.61537294851527
 20
146.3363560135694
 10
239.8623614573152
 20
146.27496000636944
 10
240.14937196131524
 20
146.18819691676944
  0
LWPOLYLINE
  8
0
 90
36
 70
1
 10
264.9501956133153
 20
146.0527097407694
 10
265.2605621181152
 20
145.9243865831694
 10
265.5266706157153
 20
145.7915662471694
 10
265.73227210851525
 20
145.6684376591694
 10
265.7821988645152
 20
145.59304584156942
 10
265.7438184389153
 20
145.5144068327694
 10
265.4095042125153
 20
145.34523805276942
 10
264.98485483571517
 20
145.1582198367694
 10
264.47557099251526
 20
144.9655949031694
 10
263.9332449181152
 20
144.76861173436944
 10
263.4065007133152
 20
144.56831833996938
 10
262.9567601341152
 20
144.3894949303694
 10
262.70890218531525
 20
144.27811498476942
 10
262.4618193757152
 20
144.1781367415694
 10
262.26579877731524
 20
144.1516332007694
 10
262.0628542597152
 20
144.19346881436942
 10
261.78930218531525
 20
144.3161447919694
 10
261.59689477891516
 20
144.4216777535694
 10
261.4211297917153
 20
144.53040256316945
 10
261.27904423491526
 20
144.6293856319694
 10
261.2191677413152
 20
144.6916828471694
 10
261.16481787651526
 20
144.74352755436942
 10
261.06226224531525
 20
144.79750523196938
 10
260.9360790805152
 20
144.84514184956942
 10
260.8024170597153
 20
144.8784280255694
 10
260.78371908371525
 20
144.95312128156942
 10
261.0219006669152
 20
145.1114687103694
 10
261.4995166629153
 20
145.34373074476946
 10
262.2236170597152
 20
145.6463938439694
 10
262.90210797171517
 20
145.9168012207694
 10
263.4871847453152
 20
146.1452101311694
 10
263.9989931413152
 20
146.3418249583694
 10
264.06156774131523
 20
146.3548085399694
 10
264.1200225333152
 20
146.34676187276938
 10
264.35708722051527
 20
146.2675684287694
 10
264.63566967411526
 20
146.16959457916943
  0
LWPOLYLINE
  8
0
 90
16
 70
1
 10
291.3756316085152
 20
145.7735208527694
 10
291.33528507811525
 20
145.6774241575694
 10
291.2936134877153
 20
145.59639335276944
 10
291.25509612531533
 20
145.5351175623694
 10
291.2315677413152
 20
145.5227208527694
 10
291.2080393573153
 20
145.5351175623694
 10
291.1695219949152
 20
145.59639335276944
 10
291.12785040451524
 20
145.6774241575694
 10
291.0875038741152
 20
145.7735208527694
 10
291.06497317251524
 20
145.87562922396938
 10
291.0834303805152
 20
145.95563592876942
 10
291.14104984131524
 20
146.0062981975694
 10
291.2315677413152
 20
146.02432085276942
 10
291.3220856413152
 20
146.0062981975694
 10
291.3797051021152
 20
145.95563592876942
 10
291.39816231011525
 20
145.87562922396938
  0
LWPOLYLINE
  8
0
 90
16
 70
1
 10
275.2639677413153
 20
145.60632085276941
 10
275.24318461411525
 20
145.5106334631694
 10
275.1842813917152
 20
145.42919335276937
 10
275.0962562765152
 20
145.3745915175694
 10
274.9926949373152
 20
145.35552085276942
 10
274.8568882421152
 20
145.3651743119694
 10
274.8138890837153
 20
145.40389348476938
 10
274.82617611011517
 20
145.47072817356943
 10
274.92956774131517
 20
145.60632085276941
 10
275.0138958973153
 20
145.7023862815694
 10
275.0951141333153
 20
145.78344835276943
 10
275.1657236965153
 20
145.8446557583694
 10
275.20084054531526
 20
145.8571208527694
 10
275.22527398291527
 20
145.84133215676943
 10
275.2454240909152
 20
145.78344835276943
 10
275.25939749651525
 20
145.7024357727694
  0
LWPOLYLINE
  8
0
 90
28
 70
1
 10
233.27097011891524
 20
145.45001309676937
 10
233.49693590291523
 20
145.33787305996944
 10
233.82332668851524
 20
145.1948839543694
 10
234.18419244211526
 20
145.0476529847694
 10
234.52812802531525
 20
144.91838029836944
 10
235.02405175251522
 20
144.73302722716943
 10
235.16981136211524
 20
144.63541904396942
 10
235.17484190851525
 20
144.5350266463694
 10
235.02972802531522
 20
144.39236575436942
 10
234.37735275011525
 20
143.97312847436942
 10
233.56300749091523
 20
143.57818869836942
 10
232.78606437011524
 20
143.2789493535694
 10
232.40819119971525
 20
143.26781985276938
 10
231.66131632371523
 20
143.5007854647694
 10
230.89539669891522
 20
143.78976341116942
 10
230.19750323011522
 20
144.08465605756942
 10
230.11996774131524
 20
144.2030998687694
 10
230.15967322691523
 20
144.28037218476942
 10
230.41107982851526
 20
144.4520404375694
 10
230.73121348851524
 20
144.64560202556942
 10
231.1109877229152
 20
144.8477724071694
 10
231.49826254931523
 20
145.0518487015694
 10
231.84192944211523
 20
145.25129873916939
 10
232.11986717251523
 20
145.42836587996942
 10
232.20765536531525
 20
145.5189792511694
 10
232.36324081731524
 20
145.6458139943694
 10
232.5989720845152
 20
145.67974338876942
 10
232.90653681891524
 20
145.6145855487694
  0
LWPOLYLINE
  8
0
 90
12
 70
1
 10
241.23876774131523
 20
145.35552085276942
 10
241.1845001389152
 20
145.29174090796943
 10
241.10729202771523
 20
145.23818791836942
 10
241.02013267411527
 20
145.2022792103694
 10
240.93630009891524
 20
145.19088118636938
 10
240.87554229411523
 20
145.20432339756942
 10
240.86075378851527
 20
145.2372576175694
 10
240.89532021491522
 20
145.2882151615694
 10
240.98796774131523
 20
145.35552085276942
 10
241.20217518531524
 20
145.4890787079694
 10
241.28193226051522
 20
145.51120812956944
 10
241.30339957011523
 20
145.4782632087694
  0
LWPOLYLINE
  8
0
 90
12
 70
1
 10
242.21719020611528
 20
145.3474633175694
 10
241.88493287411524
 20
145.1077010255694
 10
241.00444964851525
 20
144.68400686236942
 10
240.07042965171527
 20
144.26186448236945
 10
239.98479131651524
 20
144.31762066636944
 10
240.05936619491524
 20
144.4431000863694
 10
241.00555651251526
 20
144.9513889223694
 10
241.9132033845152
 20
145.41958319836937
 10
242.23360774131524
 20
145.50957692636942
 10
242.27863921571526
 20
145.4993904335694
 10
242.29480511491525
 20
145.4676590503694
 10
242.27447526691526
 20
145.41447139276943
  0
LWPOLYLINE
  8
0
 90
12
 70
1
 10
249.34796774131524
 20
145.1883208527694
 10
249.32705770931523
 20
145.0439180711694
 10
249.26560117571523
 20
144.93879173996942
 10
249.1634449853152
 20
144.87561154156944
 10
249.02343538371522
 20
144.85392085276942
 10
248.75082882531524
 20
144.89520336876944
 10
248.60967005811526
 20
145.0193130863694
 10
248.62598643731528
 20
145.1820386471694
 10
248.80105119091525
 20
145.34016035596937
 10
249.08505443571525
 20
145.4870743143694
 10
249.2373371861152
 20
145.4990347991694
 10
249.32231257331523
 20
145.41051126076943
  0
LWPOLYLINE
  8
0
 90
24
 70
1
 10
257.0009571909152
 20
144.9262908647694
 10
257.6930376173152
 20
144.6591189751694
 10
257.9554973093152
 20
144.5157533351694
 10
258.00344458451525
 20
144.39612374156943
 10
257.92055719091525
 20
144.26929033596943
 10
257.5122148301152
 20
144.0492997783694
 10
256.2745506045152
 20
143.55494605916942
 10
255.04919965571523
 20
143.0890071439694
 10
254.41630769491522
 20
142.8985170199694
 10
253.99848292051513
 20
142.9136312311694
 10
252.92072158531525
 20
143.27526292796944
 10
251.82352943651526
 20
143.6855869431694
 10
251.69082797971524
 20
143.87579834476944
 10
251.7261024981152
 20
143.9343741895694
 10
252.11912917171526
 20
144.12908644796943
 10
252.59107742211526
 20
144.34722743916942
 10
253.1517677413152
 20
144.5854449703694
 10
253.73037170131528
 20
144.82763015756942
 10
254.2586840749152
 20
145.05826550316942
 10
254.6980784853152
 20
145.2580552911694
 10
254.86556774131526
 20
145.3511326887694
 10
255.13581042611526
 20
145.4464497303694
 10
255.4766695293152
 20
145.4295058495694
 10
256.0019850101152
 20
145.28656238956938
  0
LWPOLYLINE
  8
0
 90
16
 70
1
 10
295.9967677413152
 20
145.4489884951694
 10
295.9858096205152
 20
145.4137549407694
 10
295.9476527413152
 20
145.36656023276942
 10
295.8935675541152
 20
145.3168966495694
 10
295.8295677413152
 20
145.27192085276943
 10
295.76568062131525
 20
145.24575204636943
 10
295.7114827413153
 20
145.2509539727694
 10
295.67545749491535
 20
145.28630657356942
 10
295.6623677413153
 20
145.34565321036942
 10
295.6750955069152
 20
145.4132446463694
 10
295.7114827413153
 20
145.47070727356942
 10
295.7657715781153
 20
145.5091672863694
 10
295.8295677413152
 20
145.5227208527694
 10
295.8935800941152
 20
145.51731276876941
 10
295.9476527413152
 20
145.50106193196942
 10
295.9843180293152
 20
145.4771835983694
  0
LWPOLYLINE
  8
0
 90
10
 70
1
 10
200.91083566611522
 20
144.6859472183694
 10
200.48300179811525
 20
144.31675289836943
 10
200.22648272211524
 20
144.20904683836943
 10
200.07845889011523
 20
144.29590874316938
 10
200.02396774131523
 20
144.57525413036942
 10
200.05839606051524
 20
144.90245917996938
 10
200.17127495411523
 20
145.07851074796943
 10
200.39633668771523
 20
145.1656473623694
 10
200.84603446371523
 20
145.1875472183694
 10
201.44516774131523
 20
145.18677341676943
  0
LWPOLYLINE
  8
0
 90
32
 70
1
 10
244.1511476293152
 20
144.67183085676942
 10
244.66307373411524
 20
144.46283269596944
 10
245.0787347733152
 20
144.2623185975694
 10
245.38995215891518
 20
144.0849774159694
 10
245.40956522051522
 20
144.00303085676944
 10
245.3617242845152
 20
143.9447660039694
 10
245.2961882381152
 20
143.8954619007694
 10
245.22382157011526
 20
143.8619434839694
 10
245.15578738851525
 20
143.8507208527694
 10
245.05139004931524
 20
143.83113705116938
 10
244.74009307651522
 20
143.70642925916943
 10
244.37152609091524
 20
143.54768372716939
 10
243.96484018051524
 20
143.3595156767694
 10
243.44149063731524
 20
143.1252390495694
 10
243.08702396211527
 20
143.0090183295694
 10
242.82700639331526
 20
142.98133770076944
 10
242.62068644211524
 20
143.0357435775694
 10
242.44306018451525
 20
143.11850406636944
 10
242.12921909651524
 20
143.23966671676942
 10
241.76243881011527
 20
143.37088644716943
 10
241.3869295133153
 20
143.49483113836942
 10
241.03321005491523
 20
143.6180117255694
 10
240.73311698691526
 20
143.74708310316942
 10
240.5021636269152
 20
143.8683311927694
 10
240.45437084451527
 20
143.94400340476938
 10
240.54026817251523
 20
144.1102801263694
 10
241.39937237011526
 20
144.6161109551694
 10
242.23925843251521
 20
145.0770186551694
 10
242.60388250771527
 20
145.1775518351694
 10
242.73376564131524
 20
145.1617286959694
 10
243.13871150131524
 20
145.0334384767694
 10
243.61883967731526
 20
144.86890548396943
  0
LWPOLYLINE
  8
0
 90
12
 70
1
 10
298.67196774131526
 20
145.0489875751694
 10
298.6404144261152
 20
144.90580251116938
 10
298.5523756005152
 20
144.79859086156944
 10
298.43232683651524
 20
144.75573850476943
 10
298.3115193189152
 20
144.78641970476943
 10
298.2421630869153
 20
144.8896555055694
 10
298.26313197331524
 20
145.0274470319694
 10
298.3684216589153
 20
145.1449138935694
 10
298.51463538371524
 20
145.1883208527694
 10
298.5747098421152
 20
145.17775030156938
 10
298.6257513205153
 20
145.1473916303694
 10
298.6598935605152
 20
145.1021397863694
  0
LWPOLYLINE
  8
0
 90
12
 70
1
 10
291.72602746531527
 20
144.6751676671694
 10
291.60430887491526
 20
144.5457005271694
 10
291.47583991891526
 20
144.52528156156941
 10
291.40282100371525
 20
144.61192242796943
 10
291.4215353653152
 20
144.76936045596943
 10
291.4695458421153
 20
144.85788416156942
 10
291.5340148181152
 20
144.9181407007694
 10
291.6042391525152
 20
144.94110478476938
 10
291.66981515971514
 20
144.9250072703694
 10
291.72062372851525
 20
144.8771681735694
 10
291.74919553331523
 20
144.81276223196943
 10
291.75111900211516
 20
144.74175673916943
  0
LWPOLYLINE
  8
0
 90
16
 70
1
 10
197.51596774131522
 20
144.65569705996938
 10
197.42023805011524
 20
144.37159232476944
 10
197.1085725685152
 20
144.0384306079694
 10
196.72678875731523
 20
143.76907926636937
 10
196.40002244051524
 20
143.68352085276942
 10
196.25143899011522
 20
143.69262706636943
 10
196.12702781091522
 20
143.7203570191694
 10
196.04175965651524
 20
143.76073498316944
 10
196.01673031811524
 20
143.8089208527694
 10
196.0961488133152
 20
144.02665203676938
 10
196.36524868611522
 20
144.3329132799694
 10
196.68163957411522
 20
144.60750149276942
 10
196.94303604131522
 20
144.7329784047694
 10
197.29200334131525
 20
144.81661468716942
 10
197.42825947011522
 20
144.8225238695694
 10
197.49275503091525
 20
144.77280327116938
  0
LWPOLYLINE
  8
0
 90
36
 70
1
 10
281.9519677413153
 20
144.52476842476943
 10
281.9724474005152
 20
144.47116778316942
 10
282.0256402413153
 20
144.43866025756944
 10
282.1067337461152
 20
144.43405908076937
 10
282.2027677413152
 20
144.45905698556942
 10
282.2987236541152
 20
144.48218843676943
 10
282.3798952413152
 20
144.47265736796942
 10
282.4332935709153
 20
144.4327298407694
 10
282.45356774131517
 20
144.3702094135694
 10
282.4317899413153
 20
144.29962325836942
 10
282.3705079645153
 20
144.2394906143694
 10
282.27891814531523
 20
144.1989327431694
 10
282.1708108053152
 20
144.18512085276944
 10
282.01981215091524
 20
144.17758932876941
 10
281.9930634949152
 20
144.14251561756942
 10
282.0269335333152
 20
144.08450541036945
 10
282.2126108053153
 20
143.9387172095694
 10
282.4074397693152
 20
143.78398079916943
 10
282.40750246931526
 20
143.73744753436944
 10
282.3397450037152
 20
143.7162002599694
 10
281.9870511501153
 20
143.7503672455694
 10
281.60020920451524
 20
143.8156546655694
 10
281.3493734237152
 20
143.92302130956938
 10
281.3067584909153
 20
144.0351947863694
 10
281.3991749469152
 20
144.1352136591694
 10
281.4681956085152
 20
144.1809816495694
 10
281.51309432611527
 20
144.2562183055694
 10
281.52677078451524
 20
144.34965267516938
 10
281.5066863861152
 20
144.44672331036938
 10
281.4875759277153
 20
144.54533803756942
 10
281.51201722371525
 20
144.6219116247694
 10
281.57900339571523
 20
144.6702392799694
 10
281.6832791805152
 20
144.68672085276938
 10
281.7860414709152
 20
144.67468562956944
 10
281.8730404797152
 20
144.6391472695694
 10
281.9313282389152
 20
144.5865446447694
  0
LWPOLYLINE
  8
0
 90
12
 70
1
 10
217.70188446371526
 20
144.41850413036943
 10
217.64722076451523
 20
144.38619440236943
 10
217.56607793571524
 20
144.3729573455694
 10
217.47285423811522
 20
144.3792153071694
 10
217.38141774131523
 20
144.4053041919694
 10
217.31174934691524
 20
144.4423473519694
 10
217.30886631731522
 20
144.47281938476942
 10
217.35764925811523
 20
144.4964484231694
 10
217.4824344637152
 20
144.50632091436938
 10
217.59883592691523
 20
144.50448204876943
 10
217.67909042211522
 20
144.4859696647694
 10
217.70961127731528
 20
144.45509718796941
  0
LWPOLYLINE
  8
0
 90
24
 70
1
 10
236.51536774131523
 20
144.19249838556942
 10
236.75560805811523
 20
144.09113505756937
 10
236.95818657491523
 20
143.9864150223694
 10
237.11128091411524
 20
143.88963029916943
 10
237.14236774131524
 20
143.83042360876942
 10
237.10553525331528
 20
143.7637818687694
 10
236.77698758771524
 20
143.56242257436944
 10
236.37528407011524
 20
143.33455037596943
 10
235.8985204597152
 20
143.08704003596944
 10
235.10767231811525
 20
142.7055336095694
 10
234.72029466371524
 20
142.5780369215694
 10
234.38244733411526
 20
142.57048767436942
 10
233.89212045971524
 20
142.6774782855694
 10
233.59986188211525
 20
142.76728792636942
 10
233.35356758771525
 20
142.86068534476942
 10
233.16232723731525
 20
142.94856783836943
 10
233.12956774131524
 20
143.0013512063694
 10
233.20576897411524
 20
143.13109656716944
 10
234.41858945331524
 20
143.80191065836942
 10
235.62927127731524
 20
144.4598821175694
 10
235.80476774131526
 20
144.46882297036942
 10
235.86211667251524
 20
144.44578347916942
 10
236.04799140771524
 20
144.37339239996942
 10
236.26909886131523
 20
144.28762314716943
  0
LWPOLYLINE
  8
0
 90
12
 70
1
 10
216.53496774131523
 20
144.2370655455694
 10
216.40166486611525
 20
144.21328886956942
 10
216.24236774131523
 20
144.2055241015694
 10
216.08307061651524
 20
144.21328886956942
 10
215.94976774131524
 20
144.2370655455694
 10
215.90643953331522
 20
144.2652076463694
 10
215.91502140771524
 20
144.29106863756942
 10
216.03303618371524
 20
144.3088968391694
 10
216.24236774131523
 20
144.3135299511694
 10
216.45169929891523
 20
144.3088968391694
 10
216.56971407491523
 20
144.29106863756942
 10
216.57829594931525
 20
144.2652076463694
  0
LWPOLYLINE
  8
0
 90
16
 70
1
 10
225.68916774131523
 20
143.86584041436942
 10
227.37718734051526
 20
143.24973332716945
 10
227.60791381011524
 20
143.11002083996942
 10
227.59654738691523
 20
142.9665976831694
 10
227.04697837571524
 20
142.6340818599694
 10
226.2635102749152
 20
142.1961930855694
 10
225.26573892451523
 20
142.5551963983694
 10
224.26796774131523
 20
142.91419971116943
 10
224.26796774131523
 20
143.63326036556944
 10
224.27097215811523
 20
143.9089196615694
 10
224.28024657491525
 20
144.1408543183694
 10
224.29289508771524
 20
144.33609208636938
 10
224.30976774131526
 20
144.3514950519694
 10
224.34189455251524
 20
144.3456942151694
 10
224.73220890771523
 20
144.20849340636943
 10
225.17338215891525
 20
144.05176012636943
  0
LWPOLYLINE
  8
0
 90
114
 70
1
 10
270.2479677413153
 20
144.18512085276944
 10
270.2676874765152
 20
144.12135645756945
 10
270.32318165811523
 20
144.0670358527694
 10
270.4061188773153
 20
144.0303963135694
 10
270.5040153133152
 20
144.0179208527694
 10
270.6091872901152
 20
143.9989347911694
 10
270.7134943413152
 20
143.9432719047694
 10
270.8011583045152
 20
143.8609424575694
 10
270.85757944291527
 20
143.76379674956942
 10
270.92845619171527
 20
143.6620296335694
 10
271.0471758829152
 20
143.58997930796943
 10
271.20650611331524
 20
143.5531160551694
 10
271.3957318709152
 20
143.55479674956942
 10
271.65538360611515
 20
143.5457804895694
 10
271.7876734165152
 20
143.4488105087694
 10
271.8578546133153
 20
143.2150692559694
 10
271.92072281651525
 20
142.5394214127694
 10
271.9433070221152
 20
142.1270410047694
 10
271.94085570291514
 20
141.7660664039694
 10
271.9201391213152
 20
141.4750036407694
 10
271.8708039189152
 20
141.3959359311694
 10
271.83331801331525
 20
141.3478978663694
 10
271.82704667571517
 20
141.2757868471694
 10
271.85379834131527
 20
141.1897435535694
 10
271.9103982165152
 20
141.1034514663694
 10
272.0130678781152
 20
140.91280835436942
 10
271.9651197669153
 20
140.79186690956942
 10
271.7878494781153
 20
140.7705609479694
 10
271.5217837837152
 20
140.8806280391694
 10
271.0424488045152
 20
141.0825832343694
 10
270.66963092611525
 20
141.09290950636938
 10
270.4306857405153
 20
140.91944569276941
 10
270.3303990133153
 20
140.59032085276942
 10
270.4435445909152
 20
140.3584254879694
 10
270.94102545171523
 20
140.04299951116943
 10
271.4809886557151
 20
139.7887645543694
 10
271.8049560445152
 20
139.7755010799694
 10
271.9626050789152
 20
139.78050253356938
 10
272.04973216291523
 20
139.6984807343694
 10
272.0787625973153
 20
139.4803780319694
 10
272.0567217917153
 20
138.93288514316941
 10
272.0349898045153
 20
138.5746882359694
 10
272.0120004733153
 20
138.2731316663694
 10
271.9888904237153
 20
138.0101325871694
 10
271.9764082749153
 20
137.9987208527694
 10
271.78509469091534
 20
138.0382027919694
 10
271.62464054211523
 20
138.1502303031694
 10
271.5355565493153
 20
138.3030094703694
 10
271.5409388845153
 20
138.45798648156943
 10
271.58222123331524
 20
138.5839986007694
 10
271.56763487251527
 20
138.6312526647694
 10
271.5192267941152
 20
138.6373081471694
 10
271.40498154211525
 20
138.5737221543694
 10
271.2927582397152
 20
138.52026781276942
 10
271.1513568653152
 20
138.48287470316944
 10
271.00436933891524
 20
138.4656306983694
 10
270.87496774131523
 20
138.4732038551694
 10
270.62839673091526
 20
138.4567102439694
 10
270.6027280197153
 20
138.3501272663694
 10
270.8890090301153
 20
138.1634324151694
 10
271.3512478093152
 20
138.0120129183694
 10
271.7981652165153
 20
137.88721467116943
 10
271.9798452381152
 20
137.78512335436943
 10
272.0446043061152
 20
137.6464242663694
 10
272.01977460451525
 20
137.4185671159694
 10
271.99287580291525
 20
137.23487066236942
 10
271.99598589011526
 20
137.0123353207694
 10
272.02562677171534
 20
136.7877532839694
 10
272.07971329651525
 20
136.5971273935694
 10
272.1619487773153
 20
136.3615148383694
 10
272.1595631677153
 20
136.26754024556942
 10
272.1023625429153
 20
136.23261734876942
 10
271.9545866685152
 20
136.26374848396944
 10
271.7750275789152
 20
136.3181053711694
 10
271.7619654133152
 20
136.3076027031694
 10
271.77553837491524
 20
136.2845389679694
 10
271.9617677413152
 20
136.1638371207694
 10
272.0737246941153
 20
136.0663157143694
 10
272.16841640771526
 20
135.92945331836938
 10
272.2327537973153
 20
135.7762514695694
 10
272.2543677413152
 20
135.6301210103694
 10
272.23413737731516
 20
135.45518182396938
 10
272.1686208933152
 20
135.36689621116943
 10
272.04334696211527
 20
135.3384600055694
 10
271.8051650445153
 20
135.3704080799694
 10
271.45994068371516
 20
135.40750173436942
 10
271.1695498973152
 20
135.3752229383694
 10
271.00941844451523
 20
135.28647418156942
 10
270.99421411251524
 20
135.1662774455694
 10
270.9784996533153
 20
135.12666709676944
 10
270.86546275571516
 20
135.10947977276942
 10
270.6825847461153
 20
135.1145596431694
 10
270.44985388291525
 20
135.1445282367694
 10
269.8299677413153
 20
135.2449821639694
 10
269.7898954189152
 20
136.6636515919694
 10
269.7713064573152
 20
137.30091917676938
 10
269.7484493813152
 20
138.0461083423694
 10
269.7250993997152
 20
138.7795956815694
 10
269.70507419011517
 20
139.3777137207694
 10
269.69782038531525
 20
139.8775412335694
 10
269.7137296325153
 20
140.30600477676944
 10
269.7445088117152
 20
140.65322132556943
 10
269.79737845491525
 20
140.7187911463694
 10
269.8382476525152
 20
140.7678011447694
 10
269.84199293251527
 20
140.8882978375694
 10
269.8149367957153
 20
141.04933635036943
 10
269.7567996837152
 20
141.2316828311694
 10
269.61081468851535
 20
141.89189393436942
 10
269.57832756131523
 20
142.94819581836938
 10
269.61671417331524
 20
144.0038327479694
 10
269.7881677413152
 20
144.2415874695694
 10
270.0099694093152
 20
144.3196431175694
 10
270.1448108589152
 20
144.3312029911694
 10
270.2189125613153
 20
144.2845254327694
  0
LWPOLYLINE
  8
0
 90
22
 70
1
 10
259.64057067731534
 20
143.84651878236943
 10
259.9388882485153
 20
143.7121931447694
 10
260.17922587571525
 20
143.5891312695694
 10
260.3610704221153
 20
143.48330771436943
 10
260.36503239331523
 20
143.4457893719694
 10
260.30746727251517
 20
143.4083265399694
 10
259.7602517685152
 20
143.1812380079694
 10
259.1316969757152
 20
142.92487108396944
 10
258.3981335605152
 20
142.63243209756942
 10
256.49669954691524
 20
141.8812023303694
 10
255.7647335605152
 20
142.2049856319694
 10
255.22658447651517
 20
142.46634782316943
 10
255.0715392477152
 20
142.64774644716942
 10
255.13072671011525
 20
142.81413218316942
 10
255.49256774131527
 20
142.99589898156938
 10
256.97855707251523
 20
143.5780403919694
 10
257.8630900493153
 20
143.91471130236943
 10
258.45550071651525
 20
144.1296728183694
 10
258.6555060253152
 20
144.17134491036938
 10
258.7729469709152
 20
144.15914399196942
 10
259.02536329331525
 20
144.0816098407694
 10
259.32381144771523
 20
143.97517065516945
  0
LWPOLYLINE
  8
0
 90
16
 70
1
 10
290.1447677413152
 20
143.8309855679694
 10
290.1315189805153
 20
143.77555960396938
 10
290.0956527413152
 20
143.7432552263694
 10
290.0415021789152
 20
143.7400637127694
 10
289.9775677413152
 20
143.76712085276944
 10
289.91360939411527
 20
143.81904665196942
 10
289.8594827413153
 20
143.88921647916942
 10
289.82266245891526
 20
143.96605775356943
 10
289.81036774131525
 20
144.03765613756943
 10
289.8236165021152
 20
144.0930821015694
 10
289.8594827413153
 20
144.12538647916944
 10
289.9136333037152
 20
144.12857799276944
 10
289.9775677413152
 20
144.1015208527694
 10
290.0415260885152
 20
144.04959505356942
 10
290.0956527413152
 20
143.97942522636941
 10
290.1324730237152
 20
143.9025839519694
  0
LWPOLYLINE
  8
0
 90
12
 70
1
 10
213.44176774131523
 20
143.9071874695694
 10
213.34646240371524
 20
143.8810484247694
 10
213.23276774131523
 20
143.87240000476942
 10
213.11907307891525
 20
143.8810484247694
 10
213.02376774131523
 20
143.9071874695694
 10
212.98875907091525
 20
143.93850101996938
 10
212.99894890771523
 20
143.9667479551694
 10
213.08371897331526
 20
143.9863051719694
 10
213.23276774131523
 20
143.99152080876942
 10
213.38181650931523
 20
143.9863051719694
 10
213.46658657491523
 20
143.9667479551694
 10
213.4767764117152
 20
143.93850101996938
  0
LWPOLYLINE
  8
0
 90
26
 70
1
 10
247.16008250771526
 20
143.5016848335694
 10
247.67836572371527
 20
143.29849904636944
 10
248.11485152291522
 20
143.1155947863694
 10
248.4864194141152
 20
142.95164916716942
 10
248.51196774131526
 20
142.9122635351694
 10
248.48728199891525
 20
142.8714047039694
 10
248.14189545411523
 20
142.6919290471694
 10
247.73511791811518
 20
142.4903309911694
 10
247.25214750931522
 20
142.26495960316942
 10
245.99232711011524
 20
141.69084111756942
 10
244.8649742549153
 20
142.1437809015694
 10
244.4290771669152
 20
142.32904886796942
 10
244.0527327061152
 20
142.5111079319694
 10
243.75098452531523
 20
142.67565262876943
 10
243.68298796371528
 20
142.7582124775694
 10
243.70883574611526
 20
142.8456796463694
 10
243.95648486211525
 20
143.02873538956942
 10
244.28747214291528
 20
143.2365302119694
 10
244.69076105091528
 20
143.4523658495694
 10
245.10002401491528
 20
143.6577503167694
 10
245.4491682125152
 20
143.83338940236942
 10
245.75840461251522
 20
143.9892219759694
 10
245.7806825077152
 20
144.00147422476942
 10
245.80372166451522
 20
144.0036996567694
 10
246.1972312117153
 20
143.86144522796943
 10
246.63978921331523
 20
143.6984257295694
  0
LWPOLYLINE
  8
0
 90
12
 70
1
 10
237.64396774131524
 20
143.60331902556942
 10
237.58422567651525
 20
143.50345213756944
 10
236.98238275571524
 20
143.1873687303694
 10
236.39423752771523
 20
142.8957575511694
 10
236.18762865491522
 20
142.85507611916944
 10
236.17949638131523
 20
142.88118824476942
 10
236.31537814931522
 20
142.9787608143694
 10
236.52830049411523
 20
143.11025876556943
 10
236.80796774131522
 20
143.2655208527694
 10
237.37469515091524
 20
143.5673344087694
 10
237.54206887171523
 20
143.64522135196944
 10
237.61205594931525
 20
143.64748373516943
  0
LWPOLYLINE
  8
0
 90
12
 70
1
 10
238.22720280691527
 20
143.3459413775694
 10
238.03338908131525
 20
143.1597905951694
 10
237.36605275011527
 20
142.79916845196936
 10
236.66970571411525
 20
142.4623948807694
 10
236.13916774131525
 20
142.2651821463694
 10
235.94858599171525
 20
142.2697373431694
 10
235.93340506771523
 20
142.35923816556942
 10
236.35795930771525
 20
142.6409459215694
 10
237.07674207571523
 20
143.01151596316942
 10
237.78428014211522
 20
143.3476842703694
 10
238.11663762691524
 20
143.47227669436938
 10
238.21821965251527
 20
143.44357046076942
  0
LWPOLYLINE
  8
0
 90
12
 70
1
 10
217.07836774131525
 20
142.93112085276942
 10
216.68964195331526
 20
142.6755989575694
 10
216.36729222451527
 20
142.5377204871694
 10
216.16061463251523
 20
142.5331163007694
 10
216.07516774131523
 20
142.64159449036939
 10
216.16453313171525
 20
142.8143856583694
 10
216.56158163411524
 20
143.06619337276942
 10
216.99879659251522
 20
143.2788013815694
 10
217.31985135731523
 20
143.34467182796942
 10
217.44152380051526
 20
143.3219162423694
 10
217.46187387971523
 20
143.2623896983694
 10
217.36508079651523
 20
143.1506755199694
  0
LWPOLYLINE
  8
0
 90
20
 70
1
 10
218.41596774131523
 20
143.15405413036942
 10
218.40819996371525
 20
143.0869052727694
 10
218.38353679331524
 20
143.04871930076945
 10
218.34754431811524
 20
143.0429774855694
 10
218.30556474531522
 20
143.0693905711694
 10
218.24577736931525
 20
143.08641888796942
 10
218.15900842771524
 20
143.0494451159694
 10
218.05915591891522
 20
142.96616797916943
 10
217.96168383651522
 20
142.84645729356942
 10
217.8585522013152
 20
142.7188964007694
 10
217.74189860051524
 20
142.6110383559694
 10
217.62918908051523
 20
142.53584333276942
 10
217.5413415317152
 20
142.51312085276942
 10
217.50486217011525
 20
142.54936730476942
 10
217.52472135011521
 20
142.63590835276938
 10
217.60927790131524
 20
142.7704765975694
 10
217.74716774131522
 20
142.93112085276942
 10
218.03467299011524
 20
143.20967354476943
 10
218.24062342931524
 20
143.3281830655694
 10
218.36149080451526
 20
143.2962139239694
  0
LWPOLYLINE
  8
0
 90
24
 70
1
 10
241.4191778789152
 20
142.3048439927694
 10
241.41885568451522
 20
142.2395587463694
 10
241.28534163571527
 20
142.1286984583694
 10
241.07320161971526
 20
142.0003778087694
 10
240.79825760531523
 20
141.87050704796937
 10
240.46420972851524
 20
141.72454830316943
 10
240.06882703971522
 20
141.5465139103694
 10
239.67650745491525
 20
141.3659073127694
 10
239.35232822371523
 20
141.21216390316937
 10
238.64503844931522
 20
140.8704387039694
 10
237.51750317891526
 20
141.29741199356943
 10
237.07615236131525
 20
141.4692930919694
 10
236.68311649171525
 20
141.63254048396936
 10
236.35722162131526
 20
141.7761783255694
 10
236.26038540051522
 20
141.8386954087694
 10
236.26427079411525
 20
141.91095490156943
 10
236.56934374691525
 20
142.1150955679694
 10
236.98044775011525
 20
142.35542801196942
 10
237.49412527491523
 20
142.6191117751694
 10
238.85744765731522
 20
143.28521801596943
 10
240.0794531013152
 20
142.8538906711694
 10
240.55616320771523
 20
142.6800881103694
 10
240.97707449411524
 20
142.51468567756942
 10
241.3262457781152
 20
142.36790196796943
  0
LWPOLYLINE
  8
0
 90
82
 70
1
 10
267.38897314131526
 20
139.7961208527694
 10
267.4055677413153
 20
139.00192085276942
 10
266.5361277413152
 20
139.00192085276942
 10
266.0966806629153
 20
138.99422463676942
 10
265.88962101891525
 20
138.96012085276942
 10
265.8345638981153
 20
138.8935876255694
 10
265.8673277413152
 20
138.80128085276942
 10
265.9451548269152
 20
138.66951605036942
 10
266.00902974131526
 20
138.3992693527694
 10
266.0532416013153
 20
138.06845495676941
 10
266.0679677413152
 20
137.7144808527694
 10
266.07898271011527
 20
137.3747749279694
 10
266.11283385491527
 20
137.0886303527694
 10
266.16087325731525
 20
136.8738674703694
 10
266.2207032693152
 20
136.82832085276942
 10
266.3048235957152
 20
136.79555299676943
 10
266.47520708371525
 20
136.6289288335694
 10
266.67027915651533
 20
136.40956176476942
 10
266.8726200821152
 20
136.1495395143694
 10
267.16705627251525
 20
135.6718855639694
 10
267.31818851971525
 20
135.2307987551694
 10
267.39824605331523
 20
134.5792666695694
 10
267.4738582405152
 20
133.0145395143694
 10
267.5196297421153
 20
131.9833823367694
 10
267.5727607189153
 20
130.9162278351694
 10
267.6252750621152
 20
129.95991322316942
 10
267.66723440371527
 20
129.32050882236942
 10
267.75855419491523
 20
128.08269695916943
 10
265.71691027411515
 20
128.19807967276938
 10
264.9242903141152
 20
128.2486200527694
 10
264.23350735971525
 20
128.3052120695694
 10
263.6462937701152
 20
128.3625695279694
 10
263.53401713091523
 20
128.4007591783694
 10
263.4793841965153
 20
128.4658061647694
 10
263.4342597589152
 20
128.60685909436938
 10
263.4031354789152
 20
128.7851320815694
 10
263.39276774131525
 20
128.9797884951694
 10
263.3773631037152
 20
129.21127455436942
 10
263.3259009501153
 20
129.3596689015694
 10
263.2346336597153
 20
129.4429505527694
 10
263.1001677413152
 20
129.4738039687694
 10
262.96138154211525
 20
129.4817516535694
 10
262.7830102413152
 20
129.5050315783694
 10
262.59678956931515
 20
129.5381207927694
 10
262.43136774131517
 20
129.57690467196937
 10
262.21945411411525
 20
129.6110651367694
 10
262.1152575821152
 20
129.5610912303694
 10
262.0653340029152
 20
129.4184860159694
 10
262.0551677413152
 20
129.0483550415694
 10
262.0551677413152
 20
128.41898765676942
 10
260.5921677413152
 20
128.52916677196941
 10
259.9556207885152
 20
128.5790060823694
 10
259.2519552413152
 20
128.6377589919694
 10
258.58760493491525
 20
128.69618502556943
 10
258.0841677413152
 20
128.74412277036942
 10
257.03916774131517
 20
128.84889982076942
 10
257.01235354291526
 20
131.45921033676942
 10
257.00099113251525
 20
132.60362912876943
 10
256.98901392771523
 20
133.88599477596938
 10
256.97818889811526
 20
135.1094242623694
 10
256.9705535429152
 20
136.0550619839694
 10
256.95556774131524
 20
138.0406031151694
 10
258.4603677413152
 20
138.82793604396943
 10
259.0732635853152
 20
139.1498788079694
 10
259.67047774131515
 20
139.46615299036938
 10
260.18235552531524
 20
139.7394602839694
 10
260.4667677413152
 20
139.8949731711694
 10
260.7929894877152
 20
140.0668291895694
 10
261.6314202413152
 20
140.48114644236938
 10
262.63399123491524
 20
140.97057879676942
 10
263.7271677413152
 20
141.4976801407694
 10
264.8083148765152
 20
142.0228175535694
 10
265.7738002413152
 20
142.5060479583694
 10
266.58005552851523
 20
142.9210279919694
 10
266.82036774131524
 20
143.07258860556942
 10
267.01357419651526
 20
143.1641046895694
 10
267.12444067091525
 20
143.1068507279694
 10
267.1865805509152
 20
142.8480697703694
 10
267.2635731413153
 20
141.9574077431694
 10
267.3064489061153
 20
141.37579083916938
 10
267.34529163971524
 20
140.7586063151694
 10
267.37523481891526
 20
140.1943507903694
  0
LWPOLYLINE
  8
0
 90
12
 70
1
 10
281.5722844637153
 20
143.2481041303694
 10
281.5176207645152
 20
143.2157944023694
 10
281.4364779357152
 20
143.20255734556943
 10
281.3432542381152
 20
143.20881530716943
 10
281.2518177413152
 20
143.23490419196943
 10
281.18214934691525
 20
143.27194735196943
 10
281.17926631731524
 20
143.30241938476942
 10
281.2280492581152
 20
143.32604842316942
 10
281.3528344637152
 20
143.3359209143694
 10
281.4692359269152
 20
143.3340820487694
 10
281.5494904221153
 20
143.3155696647694
 10
281.58001127731524
 20
143.28469718796939
  0
LWPOLYLINE
  8
0
 90
16
 70
1
 10
207.04636774131524
 20
143.1081884951694
 10
207.03540962051522
 20
143.0729549407694
 10
206.99725274131524
 20
143.02576023276941
 10
206.94316755411526
 20
142.97609664956943
 10
206.87916774131526
 20
142.93112085276942
 10
206.81528062131522
 20
142.9049520463694
 10
206.76108274131525
 20
142.9101539727694
 10
206.72505749491523
 20
142.9455065735694
 10
206.71196774131522
 20
143.00485321036942
 10
206.72469550691525
 20
143.07244464636943
 10
206.76108274131525
 20
143.12990727356942
 10
206.81537157811525
 20
143.1683672863694
 10
206.87916774131526
 20
143.18192085276942
 10
206.94318009411523
 20
143.1765127687694
 10
206.99725274131524
 20
143.16026193196942
 10
207.03391802931526
 20
143.13638359836943
  0
LWPOLYLINE
  8
0
 90
20
 70
1
 10
215.92960726691524
 20
142.7869549935694
 10
215.70039596371527
 20
142.59531169116943
 10
215.4257878541152
 20
142.4573688487694
 10
215.07101102291523
 20
142.35988038076943
 10
214.59083703411525
 20
142.2908426647694
 10
214.19990203251524
 20
142.2442707767694
 10
213.82549525251522
 20
142.1879835655694
 10
213.50885256131525
 20
142.13020058316943
 10
213.34434297651526
 20
142.0827197959694
 10
213.14034142051523
 20
142.0588744007694
 10
213.07678201251522
 20
142.1546014167694
 10
213.19842352371523
 20
142.35730667116945
 10
213.4787191085152
 20
142.57816867516942
 10
213.86243324371523
 20
142.75884867356942
 10
214.53079350771523
 20
142.94010601356942
 10
215.28124847011526
 20
143.08654077676943
 10
215.9789130421152
 20
143.1623746711694
 10
216.16228061331526
 20
143.16335329276941
 10
216.19801275811528
 20
143.1205062863694
 10
216.16014363011527
 20
143.0381117983694
  0
LWPOLYLINE
  8
0
 90
12
 70
1
 10
206.16508446371523
 20
142.9137041303694
 10
206.11042076451523
 20
142.8813944023694
 10
206.0292779357152
 20
142.8681573455694
 10
205.93605423811525
 20
142.8744153071694
 10
205.84461774131523
 20
142.9005041919694
 10
205.77494934691524
 20
142.93754735196939
 10
205.77206631731525
 20
142.96801938476943
 10
205.82084925811526
 20
142.9916484231694
 10
205.94563446371527
 20
143.00152091436942
 10
206.06203592691526
 20
142.9996820487694
 10
206.14229042211522
 20
142.98116966476942
 10
206.17281127731522
 20
142.95029718796943
  0
LWPOLYLINE
  8
0
 90
20
 70
1
 10
230.25549889091525
 20
142.1331486535694
 10
230.46693900771527
 20
142.00775601036943
 10
230.48391398771525
 20
141.9163128255694
 10
230.36853277891524
 20
141.8116849175694
 10
229.86690017491526
 20
141.5503396135694
 10
229.09197030931523
 20
141.1565090423694
 10
227.97576902531523
 20
141.5211077031694
 10
227.53799511731523
 20
141.6700967807694
 10
227.14620605811518
 20
141.8162285775694
 10
226.82315659731523
 20
141.9473463159694
 10
226.71915635811524
 20
142.0137850751694
 10
226.71072396051525
 20
142.09060845916937
 10
226.82882283811523
 20
142.22877300876942
 10
227.02707254691524
 20
142.39403231836937
 10
227.28966248771522
 20
142.5658039007694
 10
228.00058016771524
 20
142.98974401516944
 10
228.93487387091523
 20
142.6559355687694
 10
229.32090439491526
 20
142.5142713559694
 10
229.70820363251522
 20
142.36467099516943
 10
230.04652363651522
 20
142.22751516316941
  0
LWPOLYLINE
  8
0
 90
12
 70
1
 10
212.94797347331524
 20
142.4347751127694
 10
212.66888808211522
 20
142.1528948063694
 10
212.35762388051523
 20
142.0214607255694
 10
212.15393064131524
 20
142.08968718716943
 10
212.09278593571526
 20
142.2967899687694
 10
212.19012342211522
 20
142.4700895919694
 10
212.41704023971522
 20
142.62850256316943
 10
212.73625363091526
 20
142.7547589615694
 10
213.11517347331522
 20
142.8308543567694
 10
213.14213865331524
 20
142.80459476076942
 10
213.12100591091522
 20
142.7213809927694
 10
213.05404197651524
 20
142.59216916716943
  0
LWPOLYLINE
  8
0
 90
20
 70
1
 10
262.38956774131526
 20
142.77696445916942
 10
262.3649940229152
 20
142.73601433676941
 10
261.77291675251524
 20
142.4215029439694
 10
261.0951772373153
 20
142.0699475551694
 10
260.2903304429152
 20
141.6659617575694
 10
259.22808426451525
 20
141.15251463436937
 10
258.59165000451526
 20
140.8865611311694
 10
258.18201033891523
 20
140.7680629799694
 10
257.99272806771523
 20
140.8238805263694
 10
257.93807239411524
 20
141.0084758471694
 10
258.0586734197152
 20
141.1817276511694
 10
258.46236962691523
 20
141.38042211196944
 10
259.3799677413152
 20
141.70186862636942
 10
259.8570682597152
 20
141.8696850927694
 10
260.3930952413152
 20
142.0734223055694
 10
260.9051375501152
 20
142.2801233055694
 10
261.3027677413152
 20
142.45519842556942
 10
261.84185949891526
 20
142.6979671407694
 10
262.15469855731516
 20
142.8119022367694
 10
262.3296389141152
 20
142.8370387503694
  0
LWPOLYLINE
  8
0
 90
12
 70
1
 10
282.31980774131523
 20
142.6468808527694
 10
282.2106694461153
 20
142.5574970703694
 10
282.1191677413152
 20
142.5298408527694
 10
282.02766603651514
 20
142.5574970703694
 10
281.9185277413152
 20
142.6468808527694
 10
281.83720433651524
 20
142.7470023863694
 10
281.84328774131524
 20
142.8057208527694
 10
281.91868290291524
 20
142.8402175567694
 10
282.1191677413152
 20
142.84752085276938
 10
282.31965257971524
 20
142.8402175567694
 10
282.39504774131524
 20
142.8057208527694
 10
282.4011311461152
 20
142.7470023863694
  0
LWPOLYLINE
  8
0
 90
18
 70
1
 10
249.26436774131523
 20
141.6794106567694
 10
249.2527434957152
 20
141.1747667807694
 10
249.20475191251523
 20
140.9174287591694
 10
249.10528362931524
 20
140.77608272796942
 10
248.93653117731523
 20
140.6989649047694
 10
248.77531894371526
 20
140.6920254359694
 10
248.5557234797152
 20
140.72801774396942
 10
248.31916039251527
 20
140.7952232823694
 10
248.10053117731525
 20
140.8865265207694
 10
247.86575445491525
 20
141.0004236623694
 10
247.57770145891524
 20
141.1365229575694
 10
247.28485149491527
 20
141.2722744767694
 10
247.03427688051522
 20
141.38553558956943
 10
246.47618601971521
 20
141.63384748636938
 10
247.53587688051525
 20
142.1466716223694
 10
248.52847640051522
 20
142.58892147436939
 10
248.9679316717152
 20
142.61610485036937
 10
249.1995555037152
 20
142.3662134151694
  0
LWPOLYLINE
  8
0
 90
12
 70
1
 10
201.52876774131525
 20
142.2444322919694
 10
201.50786423011522
 20
142.21865038636938
 10
201.3937015749152
 20
142.19877565676939
 10
201.2452463669152
 20
142.18503281996942
 10
201.06896774131525
 20
142.1812811863694
 10
200.85205299491523
 20
142.18830626156938
 10
200.76709014771524
 20
142.2171342167694
 10
200.7616561477152
 20
142.2634854007694
 10
200.84480537651524
 20
142.33301184236942
 10
201.03030006611525
 20
142.4000704119694
 10
201.26662455891523
 20
142.40014464876938
 10
201.46395115651524
 20
142.3444824311694
  0
LWPOLYLINE
  8
0
 90
22
 70
1
 10
243.29437269491524
 20
141.6179002847694
 10
244.20262750611522
 20
141.30070499756943
 10
244.2883019565152
 20
141.1029491975694
 10
244.0735407461152
 20
140.8882608863694
 10
242.78294384291524
 20
140.37379384316938
 10
241.48471994451523
 20
139.87181095516942
 10
240.52574384291523
 20
140.20214297916937
 10
240.14120424131522
 20
140.3342058991694
 10
239.77886027251526
 20
140.4578250519694
 10
239.47324258211523
 20
140.5613912399694
 10
239.32980905891523
 20
140.6086792455694
 10
239.22443861571523
 20
140.65522153916945
 10
239.18624244451524
 20
140.7100917303694
 10
239.20225920131526
 20
140.7794013135694
 10
239.2848344325152
 20
140.87686754396938
 10
239.60546467651525
 20
141.10345430876941
 10
240.51899682131523
 20
141.5227136591694
 10
241.44510608451526
 20
141.91529056476944
 10
241.82396774131524
 20
141.99717057836938
 10
241.9811750333152
 20
141.9823452887694
 10
242.35935417971524
 20
141.8898323583694
 10
242.80898306931525
 20
141.7662071863694
  0
LWPOLYLINE
  8
0
 90
16
 70
1
 10
224.91171048051524
 20
141.5838739143694
 10
224.93661308131522
 20
141.47161098556938
 10
224.83250115251525
 20
141.33223992076938
 10
224.63711675011524
 20
141.2158397951694
 10
224.42530009891522
 20
141.1755208527694
 10
224.28365411091522
 20
141.1975765391694
 10
224.18181192211526
 20
141.2618430359694
 10
224.12116881651525
 20
141.3699901695694
 10
224.10076774131525
 20
141.5211881263694
 10
224.11722707651523
 20
141.6948392039694
 10
224.17407641411523
 20
141.7769624935694
 10
224.28014959891522
 20
141.79759363596943
 10
224.47696774131526
 20
141.75121720476938
 10
224.62531661011525
 20
141.7031542271694
 10
224.75985592931522
 20
141.65435941516944
 10
224.87044936611522
 20
141.6098009495694
  0
LWPOLYLINE
  8
0
 90
18
 70
1
 10
231.77193734851522
 20
141.6202419207694
 10
232.50430678851524
 20
141.40123951516938
 10
232.05074970211524
 20
141.0444713319694
 10
231.85231105731526
 20
140.90001019756937
 10
231.63110027411523
 20
140.76097955196943
 10
231.42027277811522
 20
140.64614508716937
 10
231.25906622931524
 20
140.5803861631694
 10
230.88984248211523
 20
140.5496078199694
 10
230.22216506291522
 20
140.6737076727694
 10
229.56352045651525
 20
140.8467563287694
 10
229.45116774131523
 20
140.9971097583694
 10
229.50912193651524
 20
141.0973272647694
 10
230.12269711411523
 20
141.44394038876942
 10
230.71527648611521
 20
141.76094172396938
 10
230.95596774131525
 20
141.8314103375694
 10
231.01413745731526
 20
141.8271094519694
 10
231.23014380611522
 20
141.7726112807694
 10
231.48526843411526
 20
141.7035804199694
  0
LWPOLYLINE
  8
0
 90
56
 70
1
 10
216.18199065091522
 20
140.4649208527694
 10
216.13709343811522
 20
139.8607046951694
 10
216.08004446371524
 20
138.7200320191694
 10
216.02315115251523
 20
137.3812156391694
 10
215.97442957411522
 20
135.99232085276944
 10
215.92563392611524
 20
134.6665052759694
 10
215.86826894371524
 20
133.52246335276936
 10
215.80812526451527
 20
132.5350161007694
 10
215.76501090531525
 20
132.3975208527694
 10
215.72494426771522
 20
132.2794050879694
 10
215.69256765971525
 20
131.9356308527694
 10
215.66914411011524
 20
131.5204087135694
 10
215.66049368371526
 20
131.0599208527694
 10
215.65716774131522
 20
129.8895208527694
 10
213.98953032371523
 20
129.08365330236938
 10
213.31649564931521
 20
128.7681968951694
 10
212.67332791091525
 20
128.4868227031694
 10
212.12535298451525
 20
128.26416396796944
 10
211.85063000851522
 20
128.1835332727694
 10
211.37936711091524
 20
128.0892807935694
 10
211.40727747251523
 20
129.7405561863694
 10
211.43945812211524
 20
130.9824467263694
 10
211.50570928291523
 20
131.47771854076944
 10
211.64367352691522
 20
131.67012862236942
 10
211.86720504611523
 20
131.69566959276938
 10
212.01546646931521
 20
131.6482698975694
 10
212.03340234771522
 20
131.66457005836938
 10
212.00941968131525
 20
131.7044094711694
 10
211.83898402691526
 20
131.8399014959694
 10
211.67833074291525
 20
132.0393898223694
 10
211.59519121171525
 20
132.3185359071694
 10
211.56849906931524
 20
132.7811644295694
 10
211.59307145011525
 20
133.7107145015694
 10
211.6321903981152
 20
134.4285688079694
 10
211.69187829011523
 20
134.9595766127694
 10
211.76684625571522
 20
135.3380289639694
 10
211.86348434451523
 20
135.47113939196942
 10
211.94346764131527
 20
135.54980431676938
 10
211.98494277171523
 20
135.6579499455694
 10
211.98461238451523
 20
135.79353961516938
 10
211.94219692131526
 20
135.9520654463694
 10
211.89522743171526
 20
136.1457517655694
 10
211.86635600451524
 20
136.4668279319694
 10
211.85566172531526
 20
136.8376939175694
 10
211.86745183331524
 20
137.2107881775694
 10
211.92333609251523
 20
138.11796538476938
 10
212.53625183331522
 20
138.1001430351694
 10
213.14916774131524
 20
138.08232085276944
 10
213.14916774131524
 20
139.6707208527694
 10
213.14916774131524
 20
141.2591208527694
 10
213.90156774131523
 20
141.35940841596943
 10
214.24830743571525
 20
141.39967552636944
 10
214.67196815891523
 20
141.4376133735694
 10
215.10148807171524
 20
141.4679543215694
 10
215.46764603971525
 20
141.48480841596944
 10
216.28132433811524
 20
141.5099208527694
  0
LWPOLYLINE
  8
0
 90
80
 70
1
 10
219.03017493491524
 20
141.19752069436942
 10
219.3546935821152
 20
141.14201681516943
 10
219.60505769171527
 20
141.1314290423694
 10
219.79246130371524
 20
141.16283020556943
 10
219.92056308851522
 20
141.23796804636942
 10
220.04868176051525
 20
141.1839296751694
 10
220.0328281909152
 20
139.3215308423694
 10
219.96336929811525
 20
137.0094290503694
 10
219.81262211251521
 20
134.1531208527694
 10
219.77501916691526
 20
133.5296246959694
 10
219.74183030131522
 20
132.97069933996943
 10
219.71430065411522
 20
132.50016476556942
 10
219.70702059891522
 20
132.3583753199694
 10
219.69074719011522
 20
132.2754782287694
 10
219.65116610131523
 20
132.2421024335694
 10
219.58831445091525
 20
132.2539435375694
 10
219.4941547677152
 20
132.32106898716938
 10
219.39395949891525
 20
132.37427654156943
 10
219.31328516451524
 20
132.35860237756938
 10
219.24652805651522
 20
132.26763621436942
 10
219.18737035571525
 20
132.0793063143694
 10
219.03457313091522
 20
131.6802654567694
 10
218.80630834691524
 20
131.39414679756942
 10
218.54224738051525
 20
131.26470523916942
 10
218.28234384211524
 20
131.3022346167694
 10
218.15224284691524
 20
131.36675391996943
 10
217.99555203571524
 20
131.4356744287694
 10
217.83795015171526
 20
131.49850785436942
 10
217.70536774131526
 20
131.54406801516942
 10
217.50936520051522
 20
131.64884941276944
 10
217.42010146771523
 20
131.8011696159694
 10
217.47010129011525
 20
131.92646294236943
 10
217.63012774131525
 20
131.97952085276938
 10
217.72789660371524
 20
131.96509550556942
 10
217.84257624131524
 20
131.92058285276943
 10
217.95533006931524
 20
131.8556717999694
 10
218.04812774131523
 20
131.77888085276936
 10
218.14964154931522
 20
131.6850187855694
 10
218.20561910611525
 20
131.6638532719694
 10
218.23869979331528
 20
131.68958418156942
 10
218.24876774131525
 20
131.7756953583694
 10
218.21619166371525
 20
131.8586280631694
 10
218.1137014077152
 20
131.94474308556937
 10
217.96496563811522
 20
132.0208150727694
 10
217.78896774131522
 20
132.07390040396942
 10
217.59949118371526
 20
132.11647253356944
 10
217.4103963437152
 20
132.16106962236938
 10
217.24568494851525
 20
132.20174235996942
 10
217.14589079251522
 20
132.2291675071694
 10
217.07489315811526
 20
132.2927856023694
 10
217.01645140771524
 20
132.4685708207694
 10
216.97598532931525
 20
132.7016797231694
 10
216.96261384371522
 20
132.9676024615694
 10
216.97552820451526
 20
133.3390969519694
 10
217.02722611011524
 20
133.5296347279694
 10
217.1322432597152
 20
133.63001826396942
 10
217.31309079251523
 20
133.67429048316941
 10
217.54959469091523
 20
133.69037880156938
 10
217.55983251411521
 20
133.70411110476942
 10
217.54405050611524
 20
133.7195389831694
 10
217.29207575891525
 20
133.7689024423694
 10
217.09443415651523
 20
133.8369588615694
 10
216.99558300851527
 20
133.9465945767694
 10
216.96398839491522
 20
134.1397301391694
 10
216.99387723411525
 20
134.5403328119694
 10
217.02811126691523
 20
134.91676471836942
 10
217.07292655171523
 20
135.52556683756941
 10
217.11911739091525
 20
136.2204823071694
 10
217.16005848451525
 20
136.9119208527694
 10
217.26074515411523
 20
138.6070727023694
 10
217.35581992291523
 20
139.9479357775694
 10
217.44376578531524
 20
140.99763359596938
 10
217.50526361731525
 20
141.30502778636938
 10
217.55992179891524
 20
141.3844849047694
 10
217.65903595251524
 20
141.43533159516943
 10
217.79420745491524
 20
141.4520077887694
 10
217.95249619651526
 20
141.4317804343694
 10
218.14556454451522
 20
141.3886078895694
 10
218.42576131411522
 20
141.3273454751694
 10
218.73516123571522
 20
141.2604790183694
  0
LWPOLYLINE
  8
0
 90
16
 70
1
 10
226.87393172611522
 20
140.8966377735694
 10
227.22097839971525
 20
140.73449975356942
 10
227.51325470051523
 20
140.5906741463694
 10
227.76369137491523
 20
140.4624364279694
 10
227.77916774131523
 20
140.4370263751694
 10
227.72879907571522
 20
140.3945236335694
 10
226.30955297491525
 20
140.6384874943694
 10
224.92317471571522
 20
140.88173239516942
 10
224.76983057971526
 20
140.9581767367694
 10
224.76024165971523
 20
141.00440135036942
 10
224.80655020771525
 20
141.08278771996942
 10
224.89313372451525
 20
141.17678337996938
 10
225.01185993651524
 20
141.2735754599694
 10
225.29035193491526
 20
141.4036448543694
 10
225.58418085491525
 20
141.4099309055694
 10
226.01174369171525
 20
141.2772429919694
  0
LWPOLYLINE
  8
0
 90
20
 70
1
 10
252.91091530531526
 20
141.2616540999694
 10
253.14474784931528
 20
141.1563685943694
 10
253.3559095781152
 20
141.0452978015694
 10
253.52497168451526
 20
140.94192523116942
 10
253.5914007461152
 20
140.87375177196938
 10
253.55444436291526
 20
140.7619148687694
 10
252.6134795469153
 20
140.3962093439694
 10
251.71197259331527
 20
140.0728351807694
 10
251.3007054029152
 20
140.0051208527694
 10
251.2562350517152
 20
140.0389357151694
 10
251.22051945971526
 20
140.1979795319694
 10
251.19535602691525
 20
140.4099794343694
 10
251.18716774131525
 20
140.6616610799694
 10
251.2020383421152
 20
140.97963986636938
 10
251.2524650261152
 20
141.18875021836942
 10
251.3432977637152
 20
141.32031555116941
 10
251.47976774131524
 20
141.39466554556944
 10
251.85939149571527
 20
141.4689158887694
 10
252.1768250429152
 20
141.4749503039694
 10
252.5023691277152
 20
141.4100345695694
  0
LWPOLYLINE
  8
0
 90
12
 70
1
 10
297.2815873829153
 20
141.16142121116937
 10
297.37785428771525
 20
140.9686417847694
 10
297.37794574611524
 20
140.67837305436942
 10
297.3008463149152
 20
140.4244750055694
 10
297.16555543171523
 20
140.3395208527694
 10
297.0535461453152
 20
140.39723227356941
 10
296.94287679971524
 20
140.5929910367694
 10
296.8605640725153
 20
140.8478912823694
 10
296.83276774131525
 20
141.1055956391694
 10
296.8680007941152
 20
141.26447610156941
 10
296.9629912941152
 20
141.3335962471694
 10
297.10700801091525
 20
141.30126879596938
  0
LWPOLYLINE
  8
0
 90
32
 70
1
 10
233.46396774131523
 20
140.8574771927694
 10
233.43465942051523
 20
140.78853110236938
 10
233.32890140771525
 20
140.70204790556943
 10
233.18023853731523
 20
140.61495325836938
 10
233.00416774131526
 20
140.5401789103694
 10
232.80471803811523
 20
140.4670080103694
 10
232.58542570771522
 20
140.38469260796938
 10
232.37929452531523
 20
140.3058026319694
 10
232.22433941731524
 20
140.2446087695694
 10
232.08507201651526
 20
140.19499969356937
 10
232.01218602531523
 20
140.19299797516942
 10
231.98990946771525
 20
140.22736877756938
 10
232.01638124051524
 20
140.2968264999694
 10
232.04359153571525
 20
140.37115592876944
 10
232.03631415571525
 20
140.4446318015694
 10
231.99509868691527
 20
140.5057541023694
 10
231.92686336371523
 20
140.5453555895694
 10
231.86550263571522
 20
140.58120979036943
 10
231.85749342131524
 20
140.6246319647694
 10
231.90547330051524
 20
140.6735478295694
 10
232.01810557411522
 20
140.72492103276943
 10
232.14185029411527
 20
140.7653091959694
 10
232.20706648691524
 20
140.76168363116938
 10
232.22656100371523
 20
140.72492404236942
 10
232.19771331891522
 20
140.65409293916943
 10
232.23948506211525
 20
140.56979504636942
 10
232.47094687731524
 20
140.58639867516942
 10
232.79863413171523
 20
140.7000804631694
 10
233.03760774131524
 20
140.8599132967694
 10
233.18704357731522
 20
140.96757086876943
 10
233.32769355491524
 20
141.00284421676943
 10
233.42413585251524
 20
140.96003115196942
  0
LWPOLYLINE
  8
0
 90
26
 70
1
 10
246.2665628653152
 20
140.4777193439694
 10
246.66700837011524
 20
140.32922718476937
 10
246.99130581171522
 20
140.18369078716938
 10
247.23040231331518
 20
140.05353846156942
 10
247.24681734051524
 20
139.98707930396938
 10
247.17082845171524
 20
139.91906986796943
 10
246.78777592691523
 20
139.7416096399694
 10
246.32660388371528
 20
139.54232312396942
 10
245.7945507445152
 20
139.3301132183694
 10
244.4209218197152
 20
138.80038583116942
 10
243.20604478051524
 20
139.1813904903694
 10
242.74034847251525
 20
139.3358956631694
 10
242.34803791651524
 20
139.48489460556942
 10
242.0294714221152
 20
139.6207150111694
 10
241.99116774131522
 20
139.67956824076938
 10
242.02534509331525
 20
139.7401891087694
 10
242.24902157491525
 20
139.8689361183694
 10
242.53255064051524
 20
140.0121079735694
 10
242.86896774131523
 20
140.1596835423694
 10
243.22955811651522
 20
140.30948604796941
 10
243.58714390771524
 20
140.45946628716942
 10
243.8973194701152
 20
140.5907953663694
 10
244.08116774131523
 20
140.67055712316937
 10
244.50248064211527
 20
140.79387481436942
 10
244.95471082931527
 20
140.80857319916942
 10
245.50995343811525
 20
140.7097036591694
  0
LWPOLYLINE
  8
0
 90
16
 70
1
 10
235.38333529251523
 20
140.2864998935694
 10
236.5318396165152
 20
139.89907893436938
 10
235.72149578771524
 20
139.44616924636938
 10
234.91115212611524
 20
138.99325939116937
 10
233.73820985011523
 20
139.3842402055694
 10
233.28476796451525
 20
139.54614381116943
 10
232.89350140531525
 20
139.7093243231694
 10
232.58061920931522
 20
139.8596311039694
 10
232.50971704611524
 20
139.9418731055694
 10
232.56863147091525
 20
140.1166912391694
 10
232.99504330291524
 20
140.3723418783694
 10
233.48854898371525
 20
140.5874568839694
 10
233.89119935491522
 20
140.6632277439694
 10
234.09000433491525
 20
140.6454991935694
 10
234.47126230211524
 20
140.5569748191694
 10
234.91842449011526
 20
140.4340428583694
  0
LWPOLYLINE
  8
0
 90
12
 70
1
 10
257.3735677413153
 20
140.3395208527694
 10
257.1530040221152
 20
140.2168007343694
 10
256.9927349637152
 20
140.18081494716938
 10
256.9332508885152
 20
140.23234933116942
 10
256.95556774131524
 20
140.3395208527694
 10
257.01569737571526
 20
140.40339493116943
 10
257.11160095491516
 20
140.4568537871694
 10
257.2258212941152
 20
140.49273708076942
 10
257.3416353837152
 20
140.5041605191694
 10
257.50088585971525
 20
140.4988634559694
 10
257.5300241381152
 20
140.47339270956945
 10
257.51447537411525
 20
140.43472185756943
  0
LWPOLYLINE
  8
0
 90
12
 70
1
 10
193.97351939891524
 20
139.8797208527694
 10
193.92425358451524
 20
139.7638627895694
 10
193.82412636611522
 20
139.6573772895694
 10
193.6905899125152
 20
139.5759883423694
 10
193.54325962611523
 20
139.5336919255694
 10
193.28416700771524
 20
139.50766306556943
 10
193.19729473651523
 20
139.5486620103694
 10
193.18067522371524
 20
139.6466953831694
 10
193.27025630211523
 20
139.90784606636942
 10
193.43777030371524
 20
140.1076915319694
 10
193.70271960371522
 20
140.1756272327694
 10
193.91333793251522
 20
140.0812966711694
  0
LWPOLYLINE
  8
0
 90
34
 70
1
 10
225.58435139891523
 20
139.83786617836938
 10
225.7716627165152
 20
139.76802423036943
 10
226.30669335331527
 20
139.65056104716942
 10
226.95021589011526
 20
139.5247771559694
 10
227.66140777811523
 20
139.40297613596942
 10
228.35861188131523
 20
139.2829126583694
 10
228.95810965491523
 20
139.1623798503694
 10
229.46286655811522
 20
139.04807106236942
 10
229.54097537571522
 20
138.99187664716936
 10
229.56979246291522
 20
138.88925948636938
 10
229.5615678949152
 20
137.7695123919694
 10
229.54286155891526
 20
136.49270798396938
 10
229.50642165651522
 20
134.9999734703694
 10
229.39734020931522
 20
131.12865877916943
 10
228.46285405891524
 20
131.2351153535694
 10
228.03269962211525
 20
131.2745476343694
 10
227.50818302291526
 20
131.30451522476943
 10
226.97710047971523
 20
131.3217572231694
 10
226.52516774131522
 20
131.32187777436943
 10
226.07570103571527
 20
131.32225798716942
 10
225.5525205317152
 20
131.34022429596942
 10
225.03926150851524
 20
131.37125962556942
 10
224.62277717651523
 20
131.4119898799694
 10
223.7235867789152
 20
131.52179664076942
 10
223.82457791971524
 20
133.7988588303694
 10
223.87151881811525
 20
134.82050316396936
 10
223.92939860931523
 20
136.0127021983694
 10
223.9886517813152
 20
137.18447123196938
 10
224.03959711971524
 20
138.1377707263694
 10
224.15362501171523
 20
140.1996204327694
 10
224.73298003411526
 20
140.0909327415694
 10
224.97473986451524
 20
140.03872487596942
 10
225.22205424611525
 20
139.97176077436941
 10
225.44087239731522
 20
139.90077517836943
  0
LWPOLYLINE
  8
0
 90
16
 70
1
 10
254.86556774131526
 20
139.6036361999694
 10
254.7484493245152
 20
139.26804088716938
 10
254.39928439411523
 20
138.94182081276944
 10
253.72687504771525
 20
138.54631907756942
 10
252.4366687237152
 20
137.92898457516938
 10
251.18716774131525
 20
137.35167959196937
 10
251.18716774131525
 20
138.0734945319694
 10
251.18716774131525
 20
138.7953093047694
 10
252.56656774131528
 20
139.23146036956942
 10
253.1131371845153
 20
139.41063272556943
 10
253.61444157491525
 20
139.58831165116942
 10
254.03023537091525
 20
139.74704012876938
 10
254.19676774131517
 20
139.83380589356938
 10
254.47872562851524
 20
139.9782467967694
 10
254.68851748771522
 20
139.9814113911694
 10
254.81970310931518
 20
139.85418573436942
  0
LWPOLYLINE
  8
0
 90
24
 70
1
 10
248.52066531811522
 20
139.5684268895694
 10
248.98097628131524
 20
139.3861108391694
 10
249.21886359251525
 20
139.1960766695694
 10
249.19286700211524
 20
139.0633571551694
 10
248.96190009891527
 20
139.0008907335694
 10
248.8540263373152
 20
138.9843663575694
 10
248.6739178285152
 20
138.9226469855694
 10
248.46781022131526
 20
138.8370678391694
 10
248.2611677413152
 20
138.7359757095694
 10
247.49326428851526
 20
138.37489593996938
 10
246.84981816211524
 20
138.1708612783694
 10
246.29936717091525
 20
138.1112272247694
 10
245.8172431285152
 20
138.1911127095694
 10
245.11402785091528
 20
138.4605546735694
 10
245.02876738771522
 20
138.6567917959694
 10
245.22725920211522
 20
138.8676410279694
 10
246.20207332371527
 20
139.2648836495694
 10
246.7387709445152
 20
139.47249154236937
 10
247.19929759571522
 20
139.6501789951694
 10
247.60406772851522
 20
139.80605504076942
 10
247.64455136291525
 20
139.82056917116944
 10
247.6840670765153
 20
139.8215307383694
 10
247.92343544531525
 20
139.7536599111694
 10
248.20110164291526
 20
139.67046236156938
  0
LWPOLYLINE
  8
0
 90
16
 70
1
 10
238.0053090117152
 20
139.30437545356943
 10
238.71775623731526
 20
139.06693908076943
 10
238.93930944611523
 20
138.94724177116942
 10
238.97752635011526
 20
138.8186970735694
 10
238.86905752371527
 20
138.6355754535694
 10
238.56223749811522
 20
138.4268757447694
 10
238.15196013171524
 20
138.3479553383694
 10
237.58905374371523
 20
138.39891187916942
 10
236.79651470851525
 20
138.5927159071694
 10
235.78099056371522
 20
138.8887431727694
 10
235.58738383171527
 20
138.99790721676936
 10
235.59593611171522
 20
139.1156693535694
 10
235.97196774131524
 20
139.3425273167694
 10
236.45877605891525
 20
139.5769423855694
 10
236.75828075011523
 20
139.6354854591694
 10
237.11400761171524
 20
139.58032634636942
  0
LWPOLYLINE
  8
0
 90
40
 70
1
 10
197.49447050291522
 20
138.52343541676942
 10
197.48131704611524
 20
138.1360796655694
 10
197.45307429091523
 20
137.78295577356937
 10
197.41590439331523
 20
137.49172581036942
 10
197.37292095171523
 20
137.37894389276943
 10
197.29182393571523
 20
137.3200742775694
 10
197.11263903971525
 20
137.2851525511694
 10
196.88613186211523
 20
137.2734711231694
 10
196.63816774131521
 20
137.29052201196941
 10
196.17995915091524
 20
137.3956836223694
 10
196.00838051731523
 20
137.58560325996942
 10
196.10956109571524
 20
137.75066627676938
 10
196.52054220691522
 20
137.7946724807694
 10
196.7303128317152
 20
137.8040251471694
 10
196.9393979365152
 20
137.8437261183694
 10
197.11838453331524
 20
137.9054314455694
 10
197.23114220691522
 20
137.9820010199694
 10
197.27976848131524
 20
138.07374934476942
 10
197.2443180685152
 20
138.1334091471694
 10
197.08506943171523
 20
138.1564972935694
 10
196.7263212661152
 20
138.1424463071694
 10
196.20371542851524
 20
138.13682270236941
 10
195.93849058291522
 20
138.21936700156942
 10
195.86216411731525
 20
138.38362695676943
 10
195.95380041811524
 20
138.63374043356941
 10
196.07073959651524
 20
138.7546251975694
 10
196.24583912771521
 20
138.84440674876944
 10
196.47212392931525
 20
138.9000037583694
 10
196.74219640451525
 20
138.91832085276943
 10
197.04425206611523
 20
138.93169434476943
 10
197.22049507811522
 20
138.98026962316942
 10
197.3143591517152
 20
139.07094569436939
 10
197.34887742451525
 20
139.21092085276942
 10
197.35461589571523
 20
139.3230446711694
 10
197.37222640291526
 20
139.4175695191694
 10
197.39772691091522
 20
139.48446924876941
 10
197.42851729251524
 20
139.5035208527694
 10
197.46006325091523
 20
139.47476345596942
 10
197.48078769091524
 20
139.2156206775694
 10
197.49402591811526
 20
138.8992307927694
  0
LWPOLYLINE
  8
0
 90
16
 70
1
 10
275.0967677413152
 20
139.3363208527694
 10
275.09135965731525
 20
139.2723084999694
 10
275.07510882051514
 20
139.21823585276942
 10
275.0512304869152
 20
139.1815705647694
 10
275.0230353837153
 20
139.16912085276937
 10
274.98780182931523
 20
139.1800789735694
 10
274.9406071213153
 20
139.21823585276942
 10
274.89094353811527
 20
139.27232103996943
 10
274.8459677413153
 20
139.3363208527694
 10
274.8197989349152
 20
139.40020797276938
 10
274.8250008613153
 20
139.4544058527694
 10
274.8603534621152
 20
139.4904310991694
 10
274.9197000989152
 20
139.5035208527694
 10
274.98729153491524
 20
139.4907930871694
 10
275.0447541621152
 20
139.4544058527694
 10
275.08321417491527
 20
139.4001170159694
  0
LWPOLYLINE
  8
0
 90
24
 70
1
 10
297.41796774131524
 20
139.07204219196942
 10
297.7297872141152
 20
138.74320460156943
 10
297.9127488237152
 20
138.4032512207694
 10
297.9162337733153
 20
138.1590198399694
 10
297.7700023253152
 20
138.04650259996941
 10
297.6772280613153
 20
138.03456435276942
 10
297.54498489971525
 20
138.0019524943694
 10
297.4002366829152
 20
137.9573318303694
 10
297.26354031651516
 20
137.90600861996938
 10
297.1050221765152
 20
137.84879328156939
 10
297.03120287491527
 20
137.85431004556938
 10
297.0051753525152
 20
137.9040211135694
 10
297.03521350131524
 20
138.01660356156938
 10
297.03639426771514
 20
138.1472666831694
 10
296.9483231725152
 20
138.3223342791694
 10
296.78789845091524
 20
138.5223902495694
 10
296.56264092611525
 20
138.73185740636941
 10
296.3459014053153
 20
138.9236092215694
 10
296.16299296531525
 20
139.10928549036942
 10
296.02558683491526
 20
139.2710051759694
 10
295.9967677413152
 20
139.3537472727694
 10
296.1319542917152
 20
139.50381562636937
 10
296.52795812851514
 20
139.4856986703694
 10
297.0154894189153
 20
139.3289722455694
  0
LWPOLYLINE
  8
0
 90
28
 70
1
 10
205.80630101891526
 20
139.00192085276942
 10
205.89685938131524
 20
139.0136136503694
 10
205.97358813011525
 20
139.04792476236938
 10
206.02492087091525
 20
139.0988058959694
 10
206.04316774131522
 20
139.1585302375694
 10
206.09301942451523
 20
139.2188422871694
 10
206.36241524131523
 20
139.2602649167694
 10
206.71329815171524
 20
139.28524259036942
 10
207.12996774131526
 20
139.2849419647694
 10
207.62186596131522
 20
139.25971967756942
 10
207.95264457651524
 20
139.21104441356943
 10
208.15583253731523
 20
139.14123373196938
 10
208.21676774131524
 20
139.0447325799694
 10
208.14596288851521
 20
138.94508572716938
 10
207.89209710931524
 20
138.8826977223694
 10
207.47028712291524
 20
138.8451424287694
 10
206.79556774131524
 20
138.8347208527694
 10
205.98217518771523
 20
138.84350002316938
 10
205.61956704291524
 20
138.88473856556942
 10
205.44869432771526
 20
138.9746630727694
 10
205.38756767971523
 20
139.12732085276943
 10
205.39730172931525
 20
139.23877185836943
 10
205.42039890451522
 20
139.28149045516938
 10
205.44983847731524
 20
139.2774734751694
 10
205.48510112451524
 20
139.21092085276942
 10
205.53502336611524
 20
139.13101446796938
 10
205.61424105411524
 20
139.0633146863694
 10
205.7094467405152
 20
139.0175319823694
  0
LWPOLYLINE
  8
0
 90
52
 70
1
 10
276.09996774131525
 20
139.0855208527694
 10
276.12617901651527
 20
138.9879695175694
 10
276.1994915349152
 20
138.9067897375694
 10
276.3111777909152
 20
138.8530693807694
 10
276.4463106701153
 20
138.8347208527694
 10
276.5972422773153
 20
138.8164325167694
 10
276.76449043091526
 20
138.76114566316937
 10
276.9218736173152
 20
138.68016317916943
 10
277.0431220413152
 20
138.5842524103694
 10
277.1768716749152
 20
138.4771509455694
 10
277.3062196013152
 20
138.42846832476943
 10
277.4430535733152
 20
138.4357069143694
 10
277.5992880957153
 20
138.49738833196938
 10
277.7639583597153
 20
138.5582700319694
 10
277.89566464211526
 20
138.5467765367694
 10
278.0196322397152
 20
138.4572379271694
 10
278.16495228051525
 20
138.2642336167694
 10
278.3182096397152
 20
138.01628638316942
 10
278.33311485091525
 20
137.91625296396938
 10
278.2726855941153
 20
137.85319732956938
 10
278.0566432973153
 20
137.80452072796942
 10
277.6451784765152
 20
137.7678510927694
 10
277.2846319077152
 20
137.80753935676944
 10
277.0700196725152
 20
137.9065749263694
 10
277.0445163221153
 20
138.0390884503694
 10
277.07439195251516
 20
138.1101043095694
 10
277.05652947491524
 20
138.1475019335694
 10
276.9954931149153
 20
138.1530864135694
 10
276.8797960653152
 20
138.1159822255694
 10
276.77320690131523
 20
138.0868584935694
 10
276.6832972749153
 20
138.0881521199694
 10
276.6243581045153
 20
138.1184713319694
 10
276.60156774131514
 20
138.1711684247694
 10
276.58361497571525
 20
138.23292742316943
 10
276.53315000291525
 20
138.2855472695694
 10
276.45768361411524
 20
138.3209968463694
 10
276.36865630211526
 20
138.3331208527694
 10
276.1980409077152
 20
138.39782992796938
 10
276.0309482501153
 20
138.59409781516942
 10
275.91843652771524
 20
138.8400570407694
 10
275.91042346771525
 20
139.05632121196942
 10
275.8922498309152
 20
139.0991525015694
 10
275.8265223405152
 20
139.12026317356938
 10
275.7174428997152
 20
139.1142130415694
 10
275.58162951651525
 20
139.0802084071694
 10
275.4238778213153
 20
139.03746055036936
 10
275.3391539029152
 20
139.0400031607694
 10
275.31240424371526
 20
139.07926489756943
 10
275.33649709491516
 20
139.15120804796942
 10
275.51462629011525
 20
139.2954660343694
 10
275.78199865251526
 20
139.3302025031694
 10
276.0116435053152
 20
139.2500769191694
  0
LWPOLYLINE
  8
0
 90
24
 70
1
 10
278.74128198611527
 20
139.02640160796938
 10
278.83772495251526
 20
138.94671258316941
 10
278.86173570851525
 20
138.8726209127694
 10
278.8218889389152
 20
138.78890905596938
 10
278.69544143091525
 20
138.6707357743694
 10
278.58593629891527
 20
138.5969286783694
 10
278.4742216189152
 20
138.5550062879694
 10
278.3774803677152
 20
138.5496186023694
 10
278.31132718611525
 20
138.58298520156941
 10
278.2835974005152
 20
138.6390199407694
 10
278.29256834931516
 20
138.69880012716942
 10
278.3397117269152
 20
138.7536181519694
 10
278.4178869229152
 20
138.7942510959694
 10
278.53527352851523
 20
138.8436555191694
 10
278.5622059373153
 20
138.88683709276938
 10
278.5373511557152
 20
138.93679494796942
 10
278.4178869229152
 20
139.0196002463694
 10
278.3405335149152
 20
139.07541444876938
 10
278.3060339685152
 20
139.1215827159694
 10
278.3147825413152
 20
139.1510097487694
 10
278.3571677413152
 20
139.16400018556942
 10
278.43655413411534
 20
139.15440173516942
 10
278.53897132371526
 20
139.1235805887694
 10
278.6459646101153
 20
139.0790752927694
  0
LWPOLYLINE
  8
0
 90
12
 70
1
 10
299.3024329613152
 20
138.5010699087694
 10
299.19615579251524
 20
138.35754041276942
 10
299.0999293501152
 20
138.2932672279694
 10
299.00079463091527
 20
138.2956304327694
 10
298.88785705011526
 20
138.36209410476943
 10
298.72189700531516
 20
138.5356900063694
 10
298.6843977237153
 20
138.6826216879694
 10
298.7639877661153
 20
138.79877552796938
 10
298.9645677413152
 20
138.8766445807694
 10
299.24442877331524
 20
138.9157700495694
 10
299.38273744931524
 20
138.8586189159694
 10
299.40967704771526
 20
138.72560813916942
  0
LWPOLYLINE
  8
0
 90
58
 70
1
 10
233.38036774131527
 20
138.34258754956943
 10
234.24582436851523
 20
138.1741843783694
 10
235.34235524131523
 20
137.9635150535694
 10
236.47845884291522
 20
137.7470932127694
 10
237.47676774131526
 20
137.5589218183694
 10
238.49270955171522
 20
137.36592503196943
 10
239.68485274131527
 20
137.13429083356942
 10
240.86107999571524
 20
136.9018376895694
 10
241.82396774131524
 20
136.70704283436942
 10
242.66400545411523
 20
136.5433174175694
 10
243.45965390771522
 20
136.40628731996944
 10
244.13237675411523
 20
136.30584693596938
 10
244.45736774131524
 20
136.2857769167694
 10
245.00076774131523
 20
136.2936229439694
 10
245.00076774131523
 20
135.31285466316942
 10
244.98746046051522
 20
134.7774359551694
 10
244.9360693669152
 20
134.4787722799694
 10
244.8309360133153
 20
134.2882274815694
 10
244.65079456611525
 20
134.1447864343694
 10
244.48595877411523
 20
134.0807349567694
 10
244.27920109331524
 20
134.04373443276938
 10
244.06505735251525
 20
134.0368026551694
 10
243.87724694291526
 20
134.0637969279694
 10
243.6634006509152
 20
134.1087725575694
 10
243.56137587971523
 20
134.0967767935694
 10
243.52450309651522
 20
134.0383651391694
 10
243.54825569571528
 20
133.9236271487694
 10
243.55799208611523
 20
133.8064808095694
 10
243.50438843491523
 20
133.69610205756942
 10
243.38265730451522
 20
133.5949356911694
 10
243.1932033189152
 20
133.50517487276943
 10
242.99078230451522
 20
133.4212610383694
 10
242.7528607173152
 20
133.3101658343694
 10
242.51815823171523
 20
133.1911784559694
 10
242.32556774131527
 20
133.0828067727694
 10
242.04812626051526
 20
132.92875504636942
 10
241.29363024131524
 20
132.5441024175694
 10
240.3906211629152
 20
132.0906127127694
 10
239.39956774131525
 20
131.60053914636939
 10
236.89156774131527
 20
130.36866739756942
 10
235.30316774131524
 20
130.4961915063694
 10
234.57661635971525
 20
130.55915066636942
 10
233.6998752373152
 20
130.6439120375694
 10
232.81835503731526
 20
130.7355650583694
 10
232.07567002611523
 20
130.8199931999694
 10
230.4365723109152
 20
131.0162707847694
 10
230.52208257091525
 20
131.45609573516938
 10
230.56030365491523
 20
131.76140694796942
 10
230.61574500131525
 20
132.79031093836943
 10
230.67124353011525
 20
134.01360398956942
 10
230.72085511411524
 20
135.3804780343694
 10
230.80149266451522
 20
137.6681707999694
 10
230.86543997651523
 20
138.4002310871694
 10
230.98218018691523
 20
138.7036397311694
 10
231.18764256931522
 20
138.7842607287694
 10
231.41387654211525
 20
138.7353821495694
 10
231.97758465411525
 20
138.62119976476941
 10
232.65019497491525
 20
138.4866997375694
  0
LWPOLYLINE
  8
0
 90
16
 70
1
 10
283.2895677413152
 20
138.66752085276943
 10
283.27680335891523
 20
138.60371097916942
 10
283.2404527413152
 20
138.54943585276942
 10
283.1861776149152
 20
138.5130852351694
 10
283.12236774131526
 20
138.5003208527694
 10
283.0585578677152
 20
138.5130852351694
 10
283.0042827413152
 20
138.54943585276942
 10
282.9679321237153
 20
138.60371097916942
 10
282.95516774131517
 20
138.66752085276943
 10
282.9679321237153
 20
138.7313307263694
 10
283.0042827413152
 20
138.7856058527694
 10
283.0585578677152
 20
138.8219564703694
 10
283.12236774131526
 20
138.8347208527694
 10
283.1861776149152
 20
138.8219564703694
 10
283.2404527413152
 20
138.7856058527694
 10
283.27680335891523
 20
138.7313307263694
  0
LWPOLYLINE
  8
0
 90
88
 70
1
 10
208.65310824371522
 20
137.51105413036942
 10
208.60983571331522
 20
136.9699698503694
 10
208.55592207331523
 20
136.2302325751694
 10
208.50106174691524
 20
135.4332816335694
 10
208.45370151091524
 20
134.69652085276942
 10
208.40466526211523
 20
134.03941816476936
 10
208.34439601571523
 20
133.4861496863694
 10
208.28020074611524
 20
133.0258646391694
 10
208.23017534211525
 20
132.9827208527694
 10
208.1660748749152
 20
133.00698525116943
 10
208.04249317491525
 20
133.1241212239694
 10
207.90146565971526
 20
133.27970099116942
 10
207.75656763171523
 20
133.46408363356943
 10
207.55777736531522
 20
133.7425289831694
 10
207.51150175571524
 20
133.8581604903694
 10
207.54922307891525
 20
133.9139581399694
 10
207.68332416691524
 20
133.9238836335694
 10
207.79122936211522
 20
133.9347160199694
 10
207.88294123731524
 20
133.9823273903694
 10
207.94415499651527
 20
134.0591544527694
 10
207.96596774131524
 20
134.1531208527694
 10
207.8993545925152
 20
134.27892012636943
 10
207.70429171571524
 20
134.36851274156942
 10
207.34861484691524
 20
134.43460957676942
 10
206.73031192211525
 20
134.48752085276942
 10
206.02373324931526
 20
134.5469880407694
 10
205.68091824051527
 20
134.6204757847694
 10
205.48522669171524
 20
134.74278659756942
 10
205.35692042131524
 20
134.9456433351694
 10
205.32474595811524
 20
135.19011213996941
 10
205.42441153731522
 20
135.3415629031694
 10
205.71412048211522
 20
135.43978019596943
 10
206.46116774131522
 20
135.54522169916942
 10
206.79255713811523
 20
135.58734640156942
 10
206.79740209251526
 20
135.60214811596938
 10
206.76593772771523
 20
135.6155692599694
 10
206.36920774131525
 20
135.6328689423694
 10
205.93448473171523
 20
135.69338882156939
 10
205.62452435571524
 20
135.8366215375694
 10
205.44036576131523
 20
136.0611283343694
 10
205.37436774131524
 20
136.36016085276938
 10
205.44207203731526
 20
136.51851028796938
 10
205.61742705011525
 20
136.61063932716942
 10
205.9855001269152
 20
136.65235438956938
 10
206.82343446371524
 20
136.66112085276941
 10
207.37176084451525
 20
136.6688737495694
 10
207.8148145941152
 20
136.6931439999694
 10
208.14857338211525
 20
136.7269344511694
 10
208.16348628451522
 20
136.77013558716942
 10
208.07421452611527
 20
136.8120303895694
 10
207.74196939971523
 20
136.8370674191694
 10
207.33890704771522
 20
136.85010901916942
 10
206.88161956211525
 20
136.84490408316938
 10
206.36885528371525
 20
136.8408207247694
 10
206.00658655491526
 20
136.8665584895694
 10
205.76944228051522
 20
136.9158610879694
 10
205.70876774131523
 20
136.9965568239694
 10
205.69580873811523
 20
137.05940663516938
 10
205.65965274131523
 20
137.0974934575694
 10
205.60541088771524
 20
137.1044777359694
 10
205.54156774131525
 20
137.0791208527694
 10
205.47768062131524
 20
137.0529520463694
 10
205.42348274131524
 20
137.0581539727694
 10
205.38745749491522
 20
137.0935065735694
 10
205.37436774131524
 20
137.15285321036941
 10
205.43679553971523
 20
137.22994127196938
 10
205.75166758291522
 20
137.28291290716945
 10
206.19713871011524
 20
137.31884385276942
 10
206.79556774131524
 20
137.3299208527694
 10
208.15610457171522
 20
137.3634625103694
 10
208.18577571651525
 20
137.50895493436943
 10
207.55992137091525
 20
137.68948512156942
 10
205.66696774131523
 20
137.87739769036943
 10
205.55525623811525
 20
137.9094278599694
 10
205.46031890771525
 20
137.9813982639694
 10
205.39660467251522
 20
138.08177795436941
 10
205.37436774131524
 20
138.1952398743694
 10
205.44486143491525
 20
138.3490282607694
 10
205.63246685731525
 20
138.4442994895694
 10
206.01553075171523
 20
138.49912436956942
 10
206.83736774131523
 20
138.5356112551694
 10
207.41400877331523
 20
138.55513101916938
 10
207.93616785251524
 20
138.57382280876942
 10
208.37432264211523
 20
138.59032979596938
 10
208.52353861011522
 20
138.5978541303694
 10
208.62609975891525
 20
138.5431105095694
 10
208.68079489171524
 20
138.3798457287694
 10
208.69122482771527
 20
138.06933275676943
  0
LWPOLYLINE
  8
0
 90
20
 70
1
 10
240.77896774131523
 20
138.2564865719694
 10
241.17947276931525
 20
138.12575707196942
 10
241.5169989077152
 20
137.9913469983694
 10
241.77936964931524
 20
137.86588563596942
 10
241.82396774131524
 20
137.7928411391694
 10
241.80053800531522
 20
137.74202253836938
 10
241.73801640771524
 20
137.71037743036942
 10
241.64344691731526
 20
137.7036581639694
 10
241.53136774131528
 20
137.72423312716938
 10
241.35250453811523
 20
137.7668241503694
 10
240.96863524131524
 20
137.83966215516944
 10
240.51213911331527
 20
137.9208089967694
 10
240.02656774131526
 20
138.0014070879694
 10
239.26717510291525
 20
138.14401414156941
 10
238.90101780371523
 20
138.28879362476943
 10
238.88433090931522
 20
138.4258606735694
 10
239.10696774131523
 20
138.5540109463694
 10
239.36008463171524
 20
138.5978489471694
 10
239.58697887731526
 20
138.58714229516937
 10
239.91903105491525
 20
138.5097109719694
  0
LWPOLYLINE
  8
0
 90
16
 70
1
 10
193.8375677413152
 20
138.3331208527694
 10
193.81824477171523
 20
138.26935846396938
 10
193.76389524131525
 20
138.2150358527694
 10
193.68264975171522
 20
138.1784096895694
 10
193.58676774131524
 20
138.16592085276943
 10
193.49088573091524
 20
138.1784096895694
 10
193.4096402413152
 20
138.2150358527694
 10
193.35529071091523
 20
138.26935846396938
 10
193.33596774131522
 20
138.3331208527694
 10
193.35529071091523
 20
138.3968832415694
 10
193.4096402413152
 20
138.45120585276942
 10
193.49088573091524
 20
138.48783201596942
 10
193.58676774131524
 20
138.5003208527694
 10
193.68264975171522
 20
138.48783201596942
 10
193.76389524131525
 20
138.45120585276942
 10
193.81824477171523
 20
138.3968832415694
  0
LWPOLYLINE
  8
0
 90
16
 70
1
 10
298.67196774131526
 20
138.16592085276943
 10
298.6665596573152
 20
138.1019084999694
 10
298.65030882051525
 20
138.04783585276942
 10
298.62643048691524
 20
138.0111705647694
 10
298.5982353837152
 20
137.9987208527694
 10
298.5630018293152
 20
138.0096789735694
 10
298.5158071213152
 20
138.04783585276942
 10
298.4661435381152
 20
138.1019210399694
 10
298.42116774131523
 20
138.16592085276943
 10
298.39499893491524
 20
138.22980797276938
 10
298.4002008613152
 20
138.28400585276938
 10
298.43555346211525
 20
138.32003109916937
 10
298.49490009891525
 20
138.3331208527694
 10
298.5624915349152
 20
138.3203930871694
 10
298.61995416211516
 20
138.28400585276938
 10
298.65841417491526
 20
138.2297170159694
  0
LWPOLYLINE
  8
0
 90
16
 70
1
 10
187.42823446371526
 20
137.94365854876943
 10
187.3930390309152
 20
137.8512703495694
 10
187.29988672771523
 20
137.7905070271694
 10
187.14121643571522
 20
137.76506186236938
 10
186.91270101891521
 20
137.77673141916938
 10
186.65019818931523
 20
137.80134777356943
 10
186.26803550291524
 20
137.83026233836944
 10
185.8455160869152
 20
137.85836849116941
 10
185.4420352333152
 20
137.88125967596943
 10
184.43775010531522
 20
137.94944467196942
 10
184.4089238221152
 20
138.0542148671694
 10
184.70214563891523
 20
138.1522291791694
 10
185.83983446371522
 20
138.16592085276943
 10
186.6291421917152
 20
138.15599769996942
 10
187.08771026211525
 20
138.11827186236943
 10
187.3516750885152
 20
138.0527904903694
  0
LWPOLYLINE
  8
0
 90
20
 70
1
 10
190.05034093971523
 20
138.0577865935694
 10
190.68618398051524
 20
137.9927997991694
 10
191.05603790451525
 20
137.91926339996942
 10
191.26119431091524
 20
137.82598268716941
 10
191.3295677413152
 20
137.6993967375694
 10
191.2550764629152
 20
137.5762449087694
 10
191.0508848005152
 20
137.5173692743694
 10
190.64287500051523
 20
137.5143529863694
 10
189.78296774131522
 20
137.5775288375694
 10
189.16929408291523
 20
137.6259369159694
 10
188.60473024131522
 20
137.6651456503694
 10
188.1313527653152
 20
137.69359322556943
 10
187.94376774131524
 20
137.6955098391694
 10
187.76262292691524
 20
137.71651049356942
 10
187.66597279971523
 20
137.79545715036943
 10
187.66429812451523
 20
137.9144423551694
 10
187.76263446371524
 20
138.0544541303694
 10
187.94087819091524
 20
138.1390160319694
 10
188.35054494291523
 20
138.1599279031694
 10
188.98889180371526
 20
138.1387214255694
  0
LWPOLYLINE
  8
0
 90
28
 70
1
 10
295.7702321397153
 20
137.95946028636942
 10
295.8134864453152
 20
137.91587341996942
 10
295.8736155781152
 20
137.8931603031694
 10
295.94145346691516
 20
137.8949047007694
 10
296.0064058181151
 20
137.9210775199694
 10
296.0577241797152
 20
137.93877329916938
 10
296.08944770451524
 20
137.92164633436943
 10
296.09653965971523
 20
137.8706396335694
 10
296.07322311811515
 20
137.78959361356937
 10
295.9994905933152
 20
137.7007883431694
 10
295.8409806461152
 20
137.6243630623694
 10
295.63304504131526
 20
137.5694599327694
 10
295.40144311251527
 20
137.5465199255694
 10
295.16021748611524
 20
137.5257478335694
 10
294.9190543925153
 20
137.4772745471694
 10
294.71118566771526
 20
137.41061324476942
 10
294.5805688605152
 20
137.33407142556942
 10
294.46057510531523
 20
137.2481704191694
 10
294.42224918691534
 20
137.2664301639694
 10
294.43185984291523
 20
137.3593201303694
 10
294.53847007411525
 20
137.65192782156942
 10
294.6603347973152
 20
137.91863522956942
 10
294.78636497411526
 20
138.06100619676943
 10
294.9540592173152
 20
138.1248931495694
 10
295.2100850533152
 20
138.12925422716938
 10
295.3990163717152
 20
138.1055297175694
 10
295.57168163811525
 20
138.0643622351694
 10
295.7085003949152
 20
138.0133919839694
  0
LWPOLYLINE
  8
0
 90
16
 70
1
 10
193.66780740771523
 20
137.1946532103694
 10
193.6549005709152
 20
136.93998888396942
 10
193.6183884381152
 20
136.68513093996938
 10
193.56583764531524
 20
136.46447994236942
 10
193.50316774131522
 20
136.32672085276937
 10
193.43407468211524
 20
136.30174969996943
 10
193.3784263421152
 20
136.3619647735694
 10
193.34725140051523
 20
136.5995046431694
 10
193.33852807491522
 20
137.04718849516942
 10
193.34771253811525
 20
137.4498915343694
 10
193.3811602293152
 20
137.7323826223694
 10
193.43348530211523
 20
137.8943383943694
 10
193.50316774131522
 20
137.9151208527694
 10
193.56775392451524
 20
137.8365400295694
 10
193.62050067571522
 20
137.66085763916942
 10
193.6565274269152
 20
137.4385040439694
  0
LWPOLYLINE
  8
0
 90
12
 70
1
 10
201.31976774131525
 20
137.8834655455694
 10
201.18646486611522
 20
137.85968886956942
 10
201.02716774131522
 20
137.8519241015694
 10
200.86787061651523
 20
137.85968886956942
 10
200.7345677413152
 20
137.8834655455694
 10
200.6912395333152
 20
137.9116076463694
 10
200.69982140771523
 20
137.93746863756942
 10
200.81783618371523
 20
137.95529683916942
 10
201.02716774131522
 20
137.95992995116939
 10
201.23649929891522
 20
137.95529683916942
 10
201.35451407491522
 20
137.93746863756942
 10
201.36309594931524
 20
137.9116076463694
  0
LWPOLYLINE
  8
0
 90
20
 70
1
 10
201.80058712211522
 20
137.4080050919694
 10
201.55647495491525
 20
137.21105569756944
 10
200.84690841811522
 20
137.1490748247694
 10
200.18231650771523
 20
137.1851517359694
 10
200.06490432051524
 20
137.37172085276939
 10
200.13980390131525
 20
137.4567689719694
 10
200.34057715971522
 20
137.53482411836941
 10
200.60740729251523
 20
137.59688825676938
 10
200.91483759811524
 20
137.63168190796938
 10
201.22787311651524
 20
137.66575492716942
 10
201.48012357651524
 20
137.7244886087694
 10
201.65541154211525
 20
137.7987332671694
 10
201.70916767971525
 20
137.8824819079694
 10
201.71897044851525
 20
137.9686291999694
 10
201.7397162901152
 20
137.98381112716942
 10
201.76659452611523
 20
137.96388005116938
 10
201.80853965571524
 20
137.86780509196942
 10
201.83474006291524
 20
137.7678263471694
 10
201.84174958851523
 20
137.6442510007694
 10
201.83030558451523
 20
137.5176428135694
  0
LWPOLYLINE
  8
0
 90
22
 70
1
 10
249.27562749091524
 20
137.0661125255694
 10
249.25250908131522
 20
136.87068047116944
 10
249.22996082371523
 20
136.6875484847694
 10
249.2102434293152
 20
136.5335228415694
 10
249.1998318853153
 20
136.4634914559694
 10
249.15749985491527
 20
136.40013853996942
 10
248.84256293811524
 20
136.2077456799694
 10
248.46031297331524
 20
135.98984378476942
 10
248.01036774131524
 20
135.75299394956943
 10
246.83996774131526
 20
135.15652600716942
 10
246.83996774131526
 20
136.1564380191694
 10
246.85102333971528
 20
136.7770207159694
 10
246.90577933331522
 20
137.02963299676938
 10
247.03463067571522
 20
137.1704759231694
 10
247.29976774131524
 20
137.27094088556942
 10
247.5225296389153
 20
137.33550081836944
 10
247.82046248291527
 20
137.43933586396943
 10
248.1375877133152
 20
137.5608845791694
 10
248.4266688221152
 20
137.6832855127694
 10
248.9149523453152
 20
137.8582843895694
 10
249.17275066851525
 20
137.8113545263694
 10
249.29560437971526
 20
137.58109521356943
  0
LWPOLYLINE
  8
0
 90
16
 70
1
 10
279.34862277731526
 20
137.1088057079694
 10
279.2650991877152
 20
136.98701889996943
 10
279.1256192757152
 20
136.89871773756943
 10
278.9286651997152
 20
136.8454655407694
 10
278.6736791805152
 20
136.82832085276942
 10
278.25715672691524
 20
136.8593242471694
 10
278.13261111891524
 20
136.9818126263694
 10
278.19726267731534
 20
137.1695976215694
 10
278.5661677413152
 20
137.4729932239694
 10
278.81347142211524
 20
137.6393455199694
 10
278.97763791251526
 20
137.7026872335694
 10
279.1101383949153
 20
137.68806893756943
 10
279.2411113381153
 20
137.6002237295694
 10
279.3153469677152
 20
137.49865725356938
 10
279.3614396605152
 20
137.3688598935694
 10
279.3737352141153
 20
137.2317791343694
  0
LWPOLYLINE
  8
0
 90
16
 70
1
 10
281.3667677413152
 20
137.3299208527694
 10
281.3929365477152
 20
137.26603373276942
 10
281.3877346213153
 20
137.21183585276938
 10
281.3523820205152
 20
137.1758106063694
 10
281.2930353837153
 20
137.1627208527694
 10
281.2254439477152
 20
137.1754486183694
 10
281.1679813205152
 20
137.21183585276938
 10
281.1295213077152
 20
137.26612468956938
 10
281.1159677413152
 20
137.3299208527694
 10
281.1213758253152
 20
137.39393320556943
 10
281.13762666211517
 20
137.4480058527694
 10
281.1615049957151
 20
137.48467114076942
 10
281.1897000989152
 20
137.4971208527694
 10
281.2249336533152
 20
137.4861627319694
 10
281.27212836131525
 20
137.4480058527694
 10
281.32179194451527
 20
137.3939206655694
  0
LWPOLYLINE
  8
0
 90
40
 70
1
 10
187.14956774131522
 20
136.82832085276942
 10
187.13779134371524
 20
136.6361555519694
 10
187.10199415811525
 20
136.47406585276943
 10
187.04989179571524
 20
136.3614190327694
 10
186.9876153133152
 20
136.32672085276937
 10
186.93391752851522
 20
136.3469558983694
 10
186.90118679091523
 20
136.39955852316942
 10
186.89624469331525
 20
136.4797389487694
 10
186.92081322851524
 20
136.5746789543694
 10
186.94498917811524
 20
136.69344195036942
 10
186.90386750851522
 20
136.7438278375694
 10
186.78705473331524
 20
136.73636386236944
 10
186.5051353021152
 20
136.64456136476943
 10
186.2875276789152
 20
136.5821342351694
 10
186.05618808691523
 20
136.54168504396938
 10
185.8446829293152
 20
136.5266455711694
 10
185.6941373869152
 20
136.5444078959694
 10
185.56232091971523
 20
136.58400771116942
 10
185.5564503605152
 20
136.61174736156937
 10
185.60886622291522
 20
136.6354526431694
 10
185.81196774131524
 20
136.65347713756938
 10
186.07683678531524
 20
136.67554519676938
 10
186.11464354771525
 20
136.70187535116938
 10
186.1022816157152
 20
136.7361692415694
 10
185.89556774131523
 20
136.82832085276942
 10
185.75965805091522
 20
136.9019759639694
 10
185.76229078211523
 20
136.9489063287694
 10
185.87714297011524
 20
136.9809065695694
 10
186.2299677413152
 20
137.0004356967694
 10
186.63154937011524
 20
137.0200572855694
 10
186.7137178037152
 20
137.0468086167694
 10
186.7097436269152
 20
137.0833332895694
 10
186.48076774131522
 20
137.1627208527694
 10
186.20975259251523
 20
137.25179263996944
 10
186.20188232131525
 20
137.2796289319694
 10
186.24477831731525
 20
137.3007426135694
 10
186.60616774131523
 20
137.3132543567694
 10
186.92248489411523
 20
137.3075690551694
 10
187.06387322691523
 20
137.24818998156942
 10
187.13214734051525
 20
137.1174546295694
  0
LWPOLYLINE
  8
0
 90
50
 70
1
 10
191.1804116309152
 20
136.2364370327694
 10
191.15705278771523
 20
135.84789633516942
 10
191.12465711891525
 20
135.4995444983694
 10
191.08839428131523
 20
135.21056153596942
 10
191.05499624851524
 20
135.11785783036942
 10
190.8872354597152
 20
135.0170718439694
 10
190.26743676371524
 20
134.99420707676944
 10
189.47629150771522
 20
135.0155190575694
 10
188.5254866373152
 20
135.0950980647694
 10
187.8979619637152
 20
135.1704990783694
 10
187.66517090851525
 20
135.24666235676943
 10
187.56769665251522
 20
135.3785293183694
 10
187.5563482869152
 20
135.6212363367694
 10
187.63965602131523
 20
135.86499036156937
 10
187.80885172051524
 20
135.9866325415694
 10
188.17192936291525
 20
136.0289475175694
 10
189.2981562933152
 20
136.0259278855694
 10
189.9647479157152
 20
136.0308562727694
 10
190.50887373091524
 20
136.0602050559694
 10
190.93811057411523
 20
136.1042097551694
 10
190.9951677413152
 20
136.16858944636942
 10
190.93892350051522
 20
136.2327358935694
 10
190.51400426291525
 20
136.28094416796944
 10
189.9795469549152
 20
136.3155627607694
 10
189.33303538371524
 20
136.32672085276937
 10
188.33701411571522
 20
136.3507132167694
 10
187.75376651011524
 20
136.4404178559694
 10
187.53946225731525
 20
136.5947528191694
 10
187.55991616771524
 20
136.79280272396943
 10
187.61390103491522
 20
136.81488833916939
 10
187.68289628211522
 20
136.79784029276942
 10
187.75732168371525
 20
136.74242302316944
 10
187.82489857331527
 20
136.6562787407694
 10
187.91348079891523
 20
136.5236491799694
 10
187.9520710605152
 20
136.5102119847694
 10
187.97766787571524
 20
136.5424638615694
 10
187.98300740771523
 20
136.7029208527694
 10
187.97159533891525
 20
136.81485205676938
 10
187.93570067571522
 20
136.90956951916942
 10
187.88195640931525
 20
136.9730754231694
 10
187.81836774131523
 20
136.99552085276943
 10
187.75458010531523
 20
137.00964607596939
 10
187.70028274131522
 20
137.04963881116942
 10
187.6638690893152
 20
137.1094143159694
 10
187.65116774131525
 20
137.17975217916938
 10
187.72325451651523
 20
137.26373958156938
 10
188.08292027571522
 20
137.30285535276943
 10
188.62486964851524
 20
137.31651810076943
 10
189.4387154813152
 20
137.2951312143694
 10
191.22626322131524
 20
137.22627909036942
  0
LWPOLYLINE
  8
0
 90
16
 70
1
 10
197.01436774131523
 20
136.5775208527694
 10
196.99118245171522
 20
136.3497576687694
 10
196.91404774131522
 20
136.2311779239694
 10
196.75781188131526
 20
136.17361731756944
 10
196.42916774131518
 20
136.1595208527694
 10
196.10052360131522
 20
136.17361731756944
 10
195.94428774131524
 20
136.2311779239694
 10
195.86715303091523
 20
136.3497576687694
 10
195.84396774131523
 20
136.5775208527694
 10
195.86715303091523
 20
136.80528403676942
 10
195.94428774131524
 20
136.92386378156942
 10
196.10052360131522
 20
136.98142438796938
 10
196.42916774131518
 20
136.99552085276943
 10
196.75781188131526
 20
136.98142438796938
 10
196.91404774131522
 20
136.92386378156942
 10
196.99118245171522
 20
136.80528403676942
  0
LWPOLYLINE
  8
0
 90
44
 70
1
 10
201.58369712131523
 20
136.46912843676938
 10
201.6017435189152
 20
136.3297429927694
 10
201.58015398611522
 20
136.20526593676942
 10
201.5214283301152
 20
136.1083743727694
 10
201.43218917571525
 20
136.0478045007694
 10
201.25891479971523
 20
135.94200067516942
 10
201.20151169571523
 20
135.8076467807694
 10
201.27092828691525
 20
135.6992033687694
 10
201.44516774131523
 20
135.6579208527694
 10
201.55367301731522
 20
135.6241312375694
 10
201.63326774131522
 20
135.5325208527694
 10
201.68109312771526
 20
135.3773717927694
 10
201.69596774131523
 20
135.15632085276943
 10
201.67438389331522
 20
134.85568756156943
 10
201.5924629157152
 20
134.72483700876938
 10
201.4176502997152
 20
134.6663499471694
 10
200.95551067011522
 20
134.6547208527694
 10
200.64157862531522
 20
134.67225227436938
 10
200.35210777331523
 20
134.7248069127694
 10
200.11440822771524
 20
134.80443373916944
 10
199.96451927971523
 20
134.9052551719694
 10
199.8164006453152
 20
135.04307345036938
 10
199.74303596051521
 20
135.06521524476938
 10
199.6891677989152
 20
135.0230505815694
 10
199.63757171811523
 20
134.8634551719694
 10
199.6073529933152
 20
134.8556534527694
 10
199.5779075685152
 20
134.91484777036942
 10
199.5543121373152
 20
135.12975544796942
 10
199.54176310851525
 20
135.4489208527694
 10
199.54525223811524
 20
135.7854332575694
 10
199.57258208131523
 20
136.06886701916937
 10
199.61556719491523
 20
136.28138674636938
 10
199.67391447731524
 20
136.32672085276937
 10
199.72541692611523
 20
136.3500676575694
 10
199.75840515171524
 20
136.41267218636943
 10
199.76706176451523
 20
136.5072542167694
 10
199.74873179571523
 20
136.61932085276942
 10
199.7533189277152
 20
136.7685679199694
 10
199.84078358851525
 20
136.8523923023694
 10
200.06112476451523
 20
136.87956798716942
 10
200.58469300531522
 20
136.8555563951694
 10
201.06557241091522
 20
136.8126450167694
 10
201.33591441251525
 20
136.7457126831694
 10
201.49338955891523
 20
136.6369908831694
  0
LWPOLYLINE
  8
0
 90
34
 70
1
 10
254.8925168701152
 20
135.9920162143694
 10
254.94916774131516
 20
134.98851157596943
 10
254.28036774131527
 20
134.98865269276942
 10
253.61156774131524
 20
134.98879380956942
 10
253.6032027253152
 20
134.09460887836943
 10
253.6120402485153
 20
133.61292122796942
 10
253.66043495091515
 20
133.3409731031694
 10
253.76153594211527
 20
133.1705546703694
 10
253.93349562451525
 20
133.0497723999694
 10
254.08816599091523
 20
132.9553846559694
 10
254.2769699029152
 20
132.78749545756943
 10
254.4663984741152
 20
132.58266542556942
 10
254.6272075885152
 20
132.3684678463694
 10
254.80895415571524
 20
132.0296450719694
 10
254.91244058931528
 20
131.6759466807694
 10
254.9600136709152
 20
131.20458396476937
 10
254.9657146893153
 20
130.44566784636942
 10
254.94916774131516
 20
129.0535208527694
 10
254.11316774131524
 20
129.09681344716938
 10
253.71944718771528
 20
129.1200600991694
 10
253.21979657251524
 20
129.1549863399694
 10
252.70168540531526
 20
129.1949155391694
 10
252.2458617557152
 20
129.2340550527694
 10
251.21455593731525
 20
129.32800406396944
 10
251.1949338469152
 20
132.2946355031694
 10
251.17531192371527
 20
135.26126677516942
 10
252.8950398325153
 20
136.12143486636938
 10
253.5621539549153
 20
136.45161490556941
 10
254.1420714381153
 20
136.73097266556942
 10
254.64533557971518
 20
136.96809420076943
 10
254.72531687011522
 20
136.9885618215694
 10
254.77136726131522
 20
136.9536646735694
 10
254.82003332931527
 20
136.69869721356943
 10
254.86284137811526
 20
136.37626906796942
  0
LWPOLYLINE
  8
0
 90
16
 70
1
 10
281.3197091341153
 20
136.55493698156943
 10
281.3277593125153
 20
136.43841764236942
 10
281.0326123549152
 20
136.23327678556942
 10
280.6499972253152
 20
136.0497176031694
 10
280.3444556109152
 20
135.99232085276944
 10
280.19374537651527
 20
136.0593402975694
 10
280.11878727571525
 20
136.22746658556943
 10
280.15176898051527
 20
136.43054252236942
 10
280.2826951077152
 20
136.57920639596944
 10
280.3402841381152
 20
136.63109039516942
 10
280.37454074291526
 20
136.6989501871694
 10
280.38029476371526
 20
136.7721301159694
 10
280.35673979491526
 20
136.8393685927694
 10
280.39390384051524
 20
136.89577752556943
 10
280.6689291141152
 20
136.83498360556942
 10
281.0210230541153
 20
136.7091151111694
  0
LWPOLYLINE
  8
0
 90
16
 70
1
 10
193.37689010851523
 20
135.23992085276942
 10
193.34162996931522
 20
135.0797098127694
 10
193.30162486131525
 20
134.9447083527694
 10
193.26179130051523
 20
134.8410483655694
 10
193.23287606691525
 20
134.8219208527694
 10
193.20766665411523
 20
134.8418449063694
 10
193.18759947731525
 20
134.9447083527694
 10
193.17338764451523
 20
135.07967319596943
 10
193.16876774131524
 20
135.23992085276942
 10
193.17925519411523
 20
135.40004043436943
 10
193.21107184931523
 20
135.53513335276944
 10
193.25748172051524
 20
135.6284423223694
 10
193.31278178291524
 20
135.6579208527694
 10
193.36205227891526
 20
135.62724884876943
 10
193.39101934451523
 20
135.53513335276944
 10
193.39710291651522
 20
135.4001280471694
  0
LWPOLYLINE
  8
0
 90
24
 70
1
 10
283.6448677413153
 20
135.23992085276942
 10
283.6717899509153
 20
134.9812258359694
 10
283.7044237125151
 20
134.8199462207694
 10
283.7565539973153
 20
134.6858722191694
 10
283.8453957173153
 20
134.52932085276942
 10
283.8851858061152
 20
134.44716362156936
 10
283.8894535861153
 20
134.3801311351694
 10
283.8592116205153
 20
134.3369721335694
 10
283.8010353837153
 20
134.32032085276938
 10
283.7331744213153
 20
134.3234252551694
 10
283.67598132051523
 20
134.33292388716941
 10
283.6349243573153
 20
134.34660001116944
 10
283.6239677413153
 20
134.3632247071694
 10
283.6199709925153
 20
134.39441252316942
 10
283.57828117731526
 20
134.5528249927694
 10
283.52803975091524
 20
134.73750157276942
 10
283.4684393045153
 20
134.9484247071694
 10
283.4134413725152
 20
135.1744974991694
 10
283.39651070051525
 20
135.3449727799694
 10
283.4151045109152
 20
135.4530445063694
 10
283.4684393045153
 20
135.4907208527694
 10
283.5294059421152
 20
135.47166707516942
 10
283.5844205941153
 20
135.4170483527694
 10
283.6252963125152
 20
135.3358274415694
  0
LWPOLYLINE
  8
0
 90
12
 70
1
 10
275.4102286165152
 20
134.6272408639694
 10
275.2765273037153
 20
134.39330716396944
 10
275.2189397781152
 20
134.34948772236942
 10
275.1740729957153
 20
134.3744782703694
 10
275.12943059571523
 20
134.55108577836944
 10
275.1208522325153
 20
134.6814532903694
 10
275.1479289349152
 20
134.8131568975694
 10
275.20501168371527
 20
134.92622205196938
 10
275.2844743197153
 20
135.0017946127694
 10
275.4790260661153
 20
135.0949828639694
 10
275.56031486051523
 20
135.0553616471694
 10
275.5536924029152
 20
134.91588591516938
  0
LWPOLYLINE
  8
0
 90
20
 70
1
 10
281.4169277413152
 20
134.95568085276943
 10
281.55554423251516
 20
134.7617948967694
 10
281.6114478869153
 20
134.54669811596938
 10
281.56961344371524
 20
134.3861235831694
 10
281.4503677413153
 20
134.32032085276938
 10
281.3865391413152
 20
134.34469744236944
 10
281.3322827413152
 20
134.41445796396943
 10
281.2955109469152
 20
134.5181589151694
 10
281.2831677413152
 20
134.64078757516944
 10
281.2675997493152
 20
134.7696118311694
 10
281.22177390771526
 20
134.8918900399694
 10
281.1541425109152
 20
134.9896572303694
 10
281.0741677413152
 20
135.04558746956943
 10
281.0033065421152
 20
135.0791416671694
 10
280.9781322413152
 20
135.1090254903694
 10
280.9889683061152
 20
135.1318466183694
 10
281.0407277413152
 20
135.1431209143694
 10
281.1223225117153
 20
135.1339896207694
 10
281.2236550749152
 20
135.0935053175694
 10
281.3271858165152
 20
135.0314772943694
  0
LWPOLYLINE
  8
0
 90
20
 70
1
 10
282.24164475091527
 20
134.8080656575694
 10
282.2105271589153
 20
134.56185178636943
 10
282.0347584933153
 20
134.25617708076942
 10
281.82301524291523
 20
134.02955503676938
 10
281.6790692517153
 20
134.0358860647694
 10
281.6527969485153
 20
134.0963211735694
 10
281.66358803651525
 20
134.18720975596943
 10
281.7074190149152
 20
134.29299251436942
 10
281.7796472413152
 20
134.39775100556943
 10
281.85225885731523
 20
134.51422887916942
 10
281.8976845893153
 20
134.6546303975694
 10
281.9106681709152
 20
134.7965756735694
 10
281.8869595453153
 20
134.91736279276938
 10
281.8553279805152
 20
135.02777732556942
 10
281.86585054531525
 20
135.0964296455694
 10
281.9125195765152
 20
135.12579180476942
 10
281.9936540453152
 20
135.1146368895694
 10
282.07653040371525
 20
135.0704450935694
 10
282.1527607293152
 20
134.99586068476938
 10
282.2112330773152
 20
134.90386089116942
  0
LWPOLYLINE
  8
0
 90
48
 70
1
 10
270.8863100877152
 20
134.5414898359694
 10
270.9740384229152
 20
134.4272581271694
 10
271.0550451509152
 20
134.26309498076938
 10
271.1180258797153
 20
134.07915775916942
 10
271.1513108853153
 20
133.90265391516942
 10
271.17856615731523
 20
133.7331256551694
 10
271.22339013651526
 20
133.5700707103694
 10
271.2777831389152
 20
133.4346025951694
 10
271.33397504611514
 20
133.3586533327694
 10
271.37694996051516
 20
133.32771447756937
 10
271.39319277171523
 20
133.3363938295694
 10
271.38531029491526
 20
133.3772839271694
 10
271.3417727525152
 20
133.4585941231694
 10
271.29798257091534
 20
133.56001045356942
 10
271.31412690131526
 20
133.6169519183694
 10
271.3818472485152
 20
133.6400434087694
 10
271.52396624531525
 20
133.62082861756943
 10
271.67224405411514
 20
133.56100780156942
 10
271.75977994211524
 20
133.45816776316943
 10
271.79546343171523
 20
133.2906385463694
 10
271.7838719573152
 20
133.01955551436942
 10
271.77126273651527
 20
132.7596217127694
 10
271.80104506931514
 20
132.60062772156942
 10
271.8744365061152
 20
132.5137462543694
 10
271.9927716373153
 20
132.4811208527694
 10
272.1103851333152
 20
132.4470590359694
 10
272.1889178029152
 20
132.3559067791694
 10
272.2290046717152
 20
132.19278629196938
 10
272.2323954877153
 20
131.93772085276942
 10
272.2314703701152
 20
131.62218853676941
 10
272.2558613389152
 20
131.0194867095694
 10
272.29382610531525
 20
130.3113127815694
 10
272.3428524893152
 20
129.57488957756942
 10
272.47508143891525
 20
127.75545813516942
 10
271.44263548371526
 20
127.83013851676942
 10
271.03220596531526
 20
127.87386298876942
 10
270.65280793091523
 20
127.94352753756942
 10
270.34373003651524
 20
128.02661841356942
 10
270.2036786349152
 20
128.1112731111694
 10
270.10105578931524
 20
128.3237115791694
 10
270.03186859651527
 20
129.0515029159694
 10
269.97638762371525
 20
130.0910262799694
 10
269.9381142061152
 20
131.6422827999694
 10
269.8790605037152
 20
134.96683827596942
 10
270.2725142061152
 20
134.8641478815694
 10
270.4392972093152
 20
134.8087332871694
 10
270.6151163693153
 20
134.7270072647694
 10
270.7738356509152
 20
134.63320271436942
  0
LWPOLYLINE
  8
0
 90
16
 70
1
 10
200.28359356051524
 20
134.1674014047694
 10
200.26403467171525
 20
134.10253315516943
 10
200.27854612691522
 20
134.0345272303694
 10
200.32602206531521
 20
133.97368783196941
 10
200.3991259181152
 20
133.92980151036943
 10
200.46728215571525
 20
133.89411852236938
 10
200.47156030211522
 20
133.8646899847694
 10
200.42921823971523
 20
133.8416376191694
 10
200.31656774131523
 20
133.8319207911694
 10
200.13693809331522
 20
133.85434749436942
 10
200.03836048451524
 20
133.93876359756942
 10
200.03655622931524
 20
134.06506463836942
 10
200.13543446371523
 20
134.2088541303694
 10
200.2436785733152
 20
134.3029474351694
 10
200.31172947491524
 20
134.31578605436943
 10
200.33401355651526
 20
134.2730261591694
  0
LWPOLYLINE
  8
0
 90
16
 70
1
 10
282.45356774131517
 20
134.0695208527694
 10
282.44107890451517
 20
133.97363884236938
 10
282.40445274131525
 20
133.89239335276943
 10
282.35013013011525
 20
133.8380438223694
 10
282.2863677413152
 20
133.8187208527694
 10
282.22260535251525
 20
133.8380438223694
 10
282.16828274131524
 20
133.89239335276943
 10
282.1316565781153
 20
133.97363884236938
 10
282.1191677413152
 20
134.0695208527694
 10
282.1316565781153
 20
134.16540286316942
 10
282.16828274131524
 20
134.2466483527694
 10
282.22260535251525
 20
134.30099788316943
 10
282.2863677413152
 20
134.32032085276938
 10
282.35013013011525
 20
134.30099788316943
 10
282.40445274131525
 20
134.2466483527694
 10
282.44107890451517
 20
134.16540286316942
  0
LWPOLYLINE
  8
0
 90
38
 70
1
 10
186.39913117091524
 20
132.8626781079694
 10
186.34656850691522
 20
132.33758684236943
 10
186.2886377197152
 20
131.8269418239694
 10
186.23314755091525
 20
131.3898745031694
 10
186.1927914901152
 20
131.1488781079694
 10
186.15947806051526
 20
130.97146419436942
 10
186.13000789011522
 20
130.78848837276942
 10
186.1078227909152
 20
130.62489437516942
 10
186.09900516451523
 20
130.51652085276942
 10
186.03411551331524
 20
130.4216656175694
 10
185.83468135971523
 20
130.36287759596942
 10
185.50282213091523
 20
130.33293073836938
 10
184.98990101891525
 20
130.33477395116944
 10
183.88916774131522
 20
130.36202688236938
 10
184.8075727629152
 20
130.46017395116945
 10
185.35340903411526
 20
130.5299470127694
 10
185.58254610051523
 20
130.6083388999694
 10
185.69043892291526
 20
130.74093201116938
 10
185.72717276291522
 20
130.97632085276942
 10
185.69263793731523
 20
131.21263681836942
 10
185.5870745453152
 20
131.3416919775694
 10
185.3610560933152
 20
131.41329052876938
 10
184.80876774131522
 20
131.46934365996944
 10
183.88916774131522
 20
131.54436629996943
 10
184.87655931571524
 20
131.6365436599694
 10
185.4117056549152
 20
131.69866765596942
 10
185.68759284451525
 20
131.77379395996942
 10
185.8340981661152
 20
131.88821126076942
 10
185.90359417731523
 20
132.06312085276943
 10
185.92510445731526
 20
132.2423833295694
 10
185.96019572451524
 20
132.53046023516941
 10
186.00042421171523
 20
132.8586649735694
 10
186.04061156771522
 20
133.18448042396943
 10
186.1379856709152
 20
133.9714401623694
 10
184.92997670611524
 20
134.02905828556942
 10
183.72196774131524
 20
134.08667657596942
 10
185.12101173491521
 20
134.11989871436938
 10
186.52005556131525
 20
134.1531208527694
  0
LWPOLYLINE
  8
0
 90
42
 70
1
 10
190.9951677413152
 20
133.98592085276942
 10
190.93577997331522
 20
133.91556894476938
 10
190.57716774131524
 20
133.8651653343694
 10
190.09893009571522
 20
133.82987593516938
 10
189.49036774131523
 20
133.8187208527694
 10
187.9855677413152
 20
133.8187208527694
 10
187.9855677413152
 20
132.7319208527694
 10
187.9855677413152
 20
131.64512085276942
 10
189.03056774131522
 20
131.6284543567694
 10
189.46130353251525
 20
131.6122389663694
 10
189.89138657491526
 20
131.5773602103694
 10
190.26546463971522
 20
131.53076073436944
 10
190.49356774131525
 20
131.4779208527694
 10
190.68911817331522
 20
131.38167100236942
 10
190.67394126211522
 20
131.3190703191694
 10
190.30652110131524
 20
131.29670815516937
 10
189.19776774131526
 20
131.3096445863694
 10
187.81836774131523
 20
131.3313979751694
 10
187.81836774131523
 20
130.8257336775694
 10
187.81836774131523
 20
130.3200695471694
 10
189.3649677413152
 20
130.2648962223694
 10
190.91156774131522
 20
130.20972289756943
 10
189.28136774131522
 20
130.1750218751694
 10
188.49379504771522
 20
130.1682909047694
 10
188.0108923549152
 20
130.1947461247694
 10
187.71601141251523
 20
130.2494464407694
 10
187.6317128509152
 20
130.3493208527694
 10
187.6100303549152
 20
130.93496744396938
 10
187.64212255571522
 20
132.1255322655694
 10
187.69150173171522
 20
133.3562993239694
 10
187.74889346611522
 20
133.6871697319694
 10
187.86762318931522
 20
133.83660707276943
 10
188.11057916851522
 20
133.92993443436941
 10
188.54475744051524
 20
133.9884870383694
 10
189.37428262051523
 20
134.02866870956942
 10
189.96661553971524
 20
134.05227433996941
 10
190.47226896931522
 20
134.0777412407694
 10
190.9157368733152
 20
134.1035555831694
 10
190.95336774131525
 20
134.1184198303694
 10
190.9691795109152
 20
134.1173893767694
 10
190.98288907491522
 20
134.0938123375694
 10
190.99223889891522
 20
134.04772349036944
  0
LWPOLYLINE
  8
0
 90
20
 70
1
 10
249.21351101891526
 20
131.7921842879694
 10
249.16265412931523
 20
129.4307066639694
 10
248.54471101891522
 20
129.53287355516943
 10
248.2656321485153
 20
129.5721464943694
 10
247.9363860885152
 20
129.60546259916939
 10
247.6102081485152
 20
129.6286513999694
 10
247.3415677413153
 20
129.6365163207694
 10
246.75636774131524
 20
129.63799219516943
 10
246.8089558197152
 20
131.35215652396943
 10
246.84032153651526
 20
132.02031146636944
 10
246.89146199731528
 20
132.6088639935694
 10
246.9526538533152
 20
133.0950178903694
 10
247.01598035171529
 20
133.2231852175694
 10
247.2588276509152
 20
133.3956393103694
 10
248.02851345571523
 20
133.7483639287694
 10
248.80652682371527
 20
134.0824101335694
 10
249.09716774131522
 20
134.14667663036943
 10
249.17135087011522
 20
134.08112737516942
 10
249.2072776357153
 20
133.53356810796942
 10
249.22497157571524
 20
132.7984234823694
  0
LWPOLYLINE
  8
0
 90
12
 70
1
 10
205.79679202051526
 20
133.6838118543694
 10
205.74558702051522
 20
133.6635758055694
 10
205.67011360931525
 20
133.6787378359694
 10
205.58279541571525
 20
133.72530821916942
 10
205.49698101891522
 20
133.7979733391694
 10
205.39217220051523
 20
133.9084149583694
 10
205.39295720451523
 20
133.94072201116938
 10
205.43058339091525
 20
133.94943614076942
 10
205.59057874291526
 20
133.8915710631694
 10
205.6988584661152
 20
133.8410793383694
 10
205.77482595331526
 20
133.7834501799694
 10
205.80783206931522
 20
133.7286528879694
  0
LWPOLYLINE
  8
0
 90
18
 70
1
 10
206.62375285411522
 20
133.60972085276939
 10
206.74173954051523
 20
133.2335208527694
 10
206.85995144531523
 20
133.6515208527694
 10
206.93585673411525
 20
133.90608051196944
 10
206.97897811571525
 20
133.95269135756942
 10
207.02371632131525
 20
133.93470883036937
 10
207.10152852611523
 20
133.7484884927694
 10
207.13022205251525
 20
133.5149152759694
 10
207.03850332211525
 20
133.32313202716944
 10
206.82852453331523
 20
133.1970033695694
 10
206.52386774131523
 20
133.1524811863694
 10
206.40703958371523
 20
133.17950889916943
 10
206.32088175811523
 20
133.2562821231694
 10
206.26887704051524
 20
133.3860319983694
 10
206.25216774131522
 20
133.56792085276942
 10
206.27903527651523
 20
133.8783325015694
 10
206.37886972771523
 20
133.9722876991694
 10
206.50379120131524
 20
133.90481480796942
  0
LWPOLYLINE
  8
0
 90
16
 70
1
 10
296.4147677413152
 20
133.8187208527694
 10
296.44182488131526
 20
133.75478641516943
 10
296.4386333677152
 20
133.70063585276944
 10
296.4063289901152
 20
133.6647696135694
 10
296.35090302611525
 20
133.6515208527694
 10
296.2793046421152
 20
133.66381557036942
 10
296.2024633677152
 20
133.70063585276944
 10
296.1322935405152
 20
133.7547625055694
 10
296.0803677413153
 20
133.8187208527694
 10
296.0533106013153
 20
133.88265529036943
 10
296.05650211491525
 20
133.9368058527694
 10
296.0888064925153
 20
133.97267209196943
 10
296.1442324565152
 20
133.98592085276942
 10
296.2158308405152
 20
133.9736261351694
 10
296.29267211491526
 20
133.9368058527694
 10
296.3628419421152
 20
133.8826791999694
  0
LWPOLYLINE
  8
0
 90
12
 70
1
 10
196.72176774131523
 20
133.70798746956945
 10
196.62646240371524
 20
133.68184842476938
 10
196.51276774131526
 20
133.67320000476943
 10
196.39907307891522
 20
133.68184842476938
 10
196.30376774131526
 20
133.70798746956945
 10
196.26875907091522
 20
133.7393010199694
 10
196.27894890771523
 20
133.76754795516942
 10
196.3637189733152
 20
133.78710517196942
 10
196.51276774131526
 20
133.7923208087694
 10
196.66181650931523
 20
133.78710517196942
 10
196.74658657491523
 20
133.76754795516942
 10
196.7567764117152
 20
133.7393010199694
  0
LWPOLYLINE
  8
0
 90
16
 70
1
 10
199.77316774131523
 20
133.6515208527694
 10
199.79022431491524
 20
133.58808467116938
 10
199.7666785421152
 20
133.53343585276937
 10
199.70204688051524
 20
133.4965182599694
 10
199.60596774131525
 20
133.48432085276943
 10
199.5098886021152
 20
133.4965182599694
 10
199.44525694051524
 20
133.53343585276937
 10
199.42171116771522
 20
133.58808467116938
 10
199.43876774131522
 20
133.6515208527694
 10
199.48301404451524
 20
133.71553287116944
 10
199.53050854211523
 20
133.76960585276942
 10
199.57475083251524
 20
133.8082108279694
 10
199.60596774131525
 20
133.8187208527694
 10
199.63718465011524
 20
133.8082108279694
 10
199.68142694051525
 20
133.76960585276942
 10
199.7289214381152
 20
133.71553287116944
  0
LWPOLYLINE
  8
0
 90
20
 70
1
 10
276.33825833891524
 20
133.6717614159694
 10
276.4168408341152
 20
133.61888357996938
 10
276.63647642611517
 20
133.59256780476943
 10
276.9140722325153
 20
133.5871615599694
 10
277.2259259813152
 20
133.6085347359694
 10
277.58361058771516
 20
133.63830319116937
 10
277.7895682165153
 20
133.63001926716942
 10
277.86122144211527
 20
133.5853384111694
 10
277.8555677413152
 20
133.51866774556942
 10
277.63602126691524
 20
133.37128679756938
 10
277.34763654611527
 20
133.3055345615694
 10
276.9151508397152
 20
133.31234695836937
 10
276.1835677413152
 20
133.4012517127694
 10
275.6484568485152
 20
133.4821340439694
 10
275.45896022691517
 20
133.5388869071694
 10
275.4541141021152
 20
133.59702702876942
 10
275.5983677413152
 20
133.6641345879694
 10
275.9865355829152
 20
133.77161860636937
 10
276.1520002141152
 20
133.7939449895694
 10
276.2531465165153
 20
133.7623480351694
  0
LWPOLYLINE
  8
0
 90
12
 70
1
 10
200.7345677413152
 20
133.54078746956938
 10
200.6392624037152
 20
133.5146484247694
 10
200.52556774131523
 20
133.50600000476936
 10
200.41187307891525
 20
133.5146484247694
 10
200.31656774131523
 20
133.54078746956938
 10
200.28155907091522
 20
133.5721010199694
 10
200.29174890771523
 20
133.6003479551694
 10
200.37651897331526
 20
133.61990517196944
 10
200.52556774131523
 20
133.62512080876942
 10
200.67461650931523
 20
133.61990517196944
 10
200.75938657491523
 20
133.6003479551694
 10
200.76957641171524
 20
133.5721010199694
  0
LWPOLYLINE
  8
0
 90
44
 70
1
 10
297.18690302611526
 20
132.79578556796938
 10
297.3781325085152
 20
132.6192939295694
 10
297.4997648237153
 20
132.5566288743694
 10
297.59539870931525
 20
132.5747060367694
 10
297.68594269251525
 20
132.67038556796936
 10
297.7433130253152
 20
132.74983231996939
 10
297.79517294771523
 20
132.7950936943694
 10
297.8319719957152
 20
132.7993293719694
 10
297.8543074077152
 20
132.77372085276937
 10
297.8649873077153
 20
132.7166350943694
 10
297.8777677413152
 20
132.64832085276942
 10
297.8905481749151
 20
132.58000661116944
 10
297.90122807491525
 20
132.5229208527694
 10
297.91870465491525
 20
132.4613405911694
 10
297.95459430211514
 20
132.3764994655694
 10
298.0002788597153
 20
132.28516713436937
 10
298.04995598611526
 20
132.2005585839694
 10
298.03490179971516
 20
132.02816384716942
 10
297.82056360531516
 20
131.8921364479694
 10
297.51073598611515
 20
131.85801878636943
 10
297.28409688771524
 20
131.9629117063694
 10
297.19115743011525
 20
132.03335507276938
 10
297.0629760581153
 20
132.0927269567694
 10
296.92195188691517
 20
132.13320791596942
 10
296.7894600989153
 20
132.1467208527694
 10
296.67720720211526
 20
132.1579725767694
 10
296.59842724371515
 20
132.19281722396943
 10
296.5652445645152
 20
132.2442842263694
 10
296.5756166493153
 20
132.3036447407694
 10
296.5899274645152
 20
132.3767246839694
 10
296.5571275061152
 20
132.4651122887694
 10
296.48262301891515
 20
132.5554037999694
 10
296.37648429171526
 20
132.63296035596937
 10
296.18616671811526
 20
132.7461440551694
 10
296.16610706531526
 20
132.78098585996943
 10
296.18802614931525
 20
132.8044329847694
 10
296.3729677413153
 20
132.8104364679694
 10
296.48489509971523
 20
132.8247782151694
 10
296.5796164077153
 20
132.8631422551694
 10
296.64321761571523
 20
132.91852541596944
 10
296.66556774131516
 20
132.9827208527694
 10
296.6996748693152
 20
133.1024096351694
 10
296.77942592531525
 20
133.1302305447694
 10
296.92677577411524
 20
133.0423060839694
  0
LWPOLYLINE
  8
0
 90
12
 70
1
 10
200.35836774131522
 20
132.71242014956937
 10
200.33688605251524
 20
132.68710473196938
 10
200.19874390771523
 20
132.6679021463694
 10
200.0233089733152
 20
132.65451310476942
 10
199.81496774131523
 20
132.6508811863694
 10
199.5761166893152
 20
132.65882067836938
 10
199.4604721405152
 20
132.68813585436942
 10
199.44363175651523
 20
132.73584453516938
 10
199.4990764469152
 20
132.7975878167694
 10
199.7010186005152
 20
132.8646801607694
 10
200.00653379731523
 20
132.8613169327694
 10
200.2841891269152
 20
132.8097569671694
  0
LWPOLYLINE
  8
0
 90
16
 70
1
 10
308.24085550931517
 20
132.5885077279694
 10
308.30724761971527
 20
132.6229845351694
 10
308.33790608051527
 20
132.6160820175694
 10
308.34294013811524
 20
132.5833285407694
 10
308.3064468989153
 20
132.5142568831694
 10
308.17304754931524
 20
132.42225040156939
 10
307.95920226051527
 20
132.4235044015694
 10
307.7696405981152
 20
132.50548440076943
 10
307.70076774131525
 20
132.6383426911694
 10
307.7365594093153
 20
132.7978825903694
 10
307.83432760291527
 20
132.8858354751694
 10
307.93979535651516
 20
132.86350574796938
 10
308.00602177171527
 20
132.74487366956944
 10
308.0403430829152
 20
132.65084306476945
 10
308.0974664613152
 20
132.58845422396942
 10
308.1679206957152
 20
132.56746176236942
  0
LWPOLYLINE
  8
0
 90
28
 70
1
 10
310.7103677413152
 20
132.6384532103694
 10
310.7212260437152
 20
132.5775569639694
 10
310.75238777651526
 20
132.5393689855694
 10
310.79888592931525
 20
132.52980497836944
 10
310.85341453091524
 20
132.54979340396943
 10
310.9266814037152
 20
132.51267985276942
 10
310.92611626771514
 20
132.2349745303694
 10
310.8695329453152
 20
131.8560202447694
 10
310.76366056771525
 20
131.4779208527694
 10
310.7142056501153
 20
131.3757449327694
 10
310.66424946691524
 20
131.36282722796943
 10
310.60851217651526
 20
131.42220446236942
 10
310.53174012291527
 20
131.6035071135694
 10
310.4832797109152
 20
131.76601999596937
 10
310.4574887765153
 20
131.9429476919694
 10
310.4561093765152
 20
132.1076893503694
 10
310.4827752685152
 20
132.2305071135694
 10
310.50478062771526
 20
132.3398423703694
 10
310.47714230051525
 20
132.4190232743694
 10
310.39898566371517
 20
132.4673927295694
 10
310.2684563021153
 20
132.4836811863694
 10
310.09686797091524
 20
132.48911451756942
 10
310.06123597891525
 20
132.51559047036943
 10
310.07360175651525
 20
132.5558197935694
 10
310.2087677413152
 20
132.64832085276942
 10
310.42876732771515
 20
132.7715949047694
 10
310.58278962691526
 20
132.80507536716942
 10
310.67373204771525
 20
132.75615933516943
  0
LWPOLYLINE
  8
0
 90
12
 70
1
 10
200.31318996691525
 20
130.8546500815694
 10
200.2888063549152
 20
130.75038533196943
 10
200.26631645011523
 20
130.7530025135694
 10
200.25036005251522
 20
130.97531246956942
 10
200.24603274931522
 20
131.3943208527694
 10
200.2496454397152
 20
131.8147432463694
 10
200.26480780451521
 20
132.0623875135694
 10
200.28776035171524
 20
132.0712099887694
 10
200.31184133171524
 20
132.02505008156942
 10
200.33294280771523
 20
131.77313953916942
 10
200.33993979331524
 20
131.45863098876941
 10
200.3335420525152
 20
131.1354552919694
  0
LWPOLYLINE
  8
0
 90
38
 70
1
 10
205.98755033331526
 20
131.1435208527694
 10
205.89466822531523
 20
129.80592085276942
 10
206.54018462211525
 20
129.80592085276942
 10
206.79150277491522
 20
129.8169065615694
 10
207.01245222451524
 20
129.8501969175694
 10
207.18191611251524
 20
129.89804571196942
 10
207.24143446371522
 20
129.9566479743694
 10
207.28303499411524
 20
129.9915003127694
 10
207.35285972051526
 20
129.98491631116943
 10
207.44440055011526
 20
129.9325419143694
 10
207.54249077091524
 20
129.84122111996942
 10
207.68922649411525
 20
129.67868834076938
 10
207.69783629091523
 20
129.6383215791694
 10
207.66903893331525
 20
129.6238273455694
 10
207.49436141491523
 20
129.68767517356943
 10
207.36482237891525
 20
129.71869010476942
 10
207.25346533971526
 20
129.7060815527694
 10
207.16644125091526
 20
129.6500550063694
 10
207.10692507331524
 20
129.55536412876938
 10
207.04535133251522
 20
129.44934361196943
 10
206.96566097011524
 20
129.40136757836942
 10
206.85793250531523
 20
129.40847157196941
 10
206.70624615731523
 20
129.47458295356938
 10
206.56372705091525
 20
129.53749245516943
 10
206.38818427251522
 20
129.5905053887694
 10
206.20870276371522
 20
129.6268635303694
 10
206.05415963651524
 20
129.63872085276938
 10
205.8721430413152
 20
129.6748815311694
 10
205.76896843571524
 20
129.7764137311694
 10
205.72067405331526
 20
129.98478255116942
 10
205.71060794451526
 20
130.4329208527694
 10
205.73621378851522
 20
131.10470537276944
 10
205.80987725971522
 20
131.78962445596937
 10
205.90701126371525
 20
132.4029658879694
 10
206.00007695731523
 20
132.4811208527694
 10
206.03039516611523
 20
132.4509437607694
 10
206.0295437837152
 20
132.0882008527694
 10
206.01739252371522
 20
131.65642825436942
  0
LWPOLYLINE
  8
0
 90
12
 70
1
 10
207.92734989171527
 20
132.37144818636943
 10
207.82737315331525
 20
132.3449523367694
 10
207.69510507891522
 20
132.33527831196938
 10
207.5540929461152
 20
132.3418609759694
 10
207.42574989171524
 20
132.3652527575694
 10
207.36126519891522
 20
132.39473530076938
 10
207.3641987229152
 20
132.4215085351694
 10
207.45296353091524
 20
132.44173588956943
 10
207.63156774131522
 20
132.4485253799694
 10
207.8121626349152
 20
132.44555657676938
 10
207.92536372291525
 20
132.42843964396943
 10
207.94690844611523
 20
132.4013447167694
  0
LWPOLYLINE
  8
0
 90
16
 70
1
 10
310.0415677413152
 20
132.1368532103694
 10
310.02876757811526
 20
132.0768227255694
 10
309.9924527413152
 20
132.0257372735694
 10
309.9381933317152
 20
131.9914953823694
 10
309.87436774131527
 20
131.97952085276938
 10
309.81060117251525
 20
131.99958786236942
 10
309.7562827413152
 20
132.0560919319694
 10
309.71963166531515
 20
132.14051840156938
 10
309.7071677413152
 20
132.2401884951694
 10
309.71941798371523
 20
132.33242220156941
 10
309.7562827413152
 20
132.39393023276943
 10
309.81089059571514
 20
132.4155689223694
 10
309.87436774131527
 20
132.3975208527694
 10
309.9383242493153
 20
132.3463237111694
 10
309.9924527413152
 20
132.27832397276939
 10
310.0293116469153
 20
132.20466535036942
  0
LWPOLYLINE
  8
0
 90
12
 70
1
 10
207.38241833971523
 20
130.8927208527694
 10
207.29066332691522
 20
130.4306949191694
 10
207.26687277331527
 20
130.4268155447694
 10
207.24881249811523
 20
130.4919466327694
 10
207.23787995891522
 20
131.1435208527694
 10
207.23962619571523
 20
131.53055591436942
 10
207.26471171331525
 20
131.76089698796937
 10
207.31148942451526
 20
131.8272198775694
 10
207.36827472451526
 20
131.81232085276943
 10
207.41554768211523
 20
131.67175698316942
 10
207.43205149251526
 20
131.43873335276942
 10
207.42168559411525
 20
131.1671605919694
  0
LWPOLYLINE
  8
0
 90
16
 70
1
 10
294.4919677413153
 20
131.5516532103694
 10
294.4797174989152
 20
131.4594195039694
 10
294.4428527413153
 20
131.3979114727694
 10
294.38824488691523
 20
131.37627278316938
 10
294.3247677413152
 20
131.3943208527694
 10
294.2608112333153
 20
131.4455179943694
 10
294.20668274131526
 20
131.5135177327694
 10
294.1698238357152
 20
131.5871763551694
 10
294.15756774131523
 20
131.65498849516942
 10
294.17036790451516
 20
131.71501897996941
 10
294.20668274131526
 20
131.7661044319694
 10
294.2609421509152
 20
131.8003463231694
 10
294.3247677413152
 20
131.81232085276943
 10
294.3885343101153
 20
131.79225384316942
 10
294.4428527413153
 20
131.7357497735694
 10
294.4795038173153
 20
131.65132330396943
  0
LWPOLYLINE
  8
0
 90
22
 70
1
 10
217.65577571971522
 20
131.41002728636943
 10
218.31678369811522
 20
131.1799686135694
 10
217.73937571971527
 20
130.8279698103694
 10
217.5090781181152
 20
130.69310929996942
 10
217.29474510691523
 20
130.57918691116942
 10
217.1131555405152
 20
130.4922056255694
 10
217.03656774131522
 20
130.4753458463694
 10
216.93503570851524
 20
130.5452290927694
 10
216.91608459171522
 20
130.7210840335694
 10
216.98662610451524
 20
130.9237035143694
 10
217.1201677413152
 20
131.04598757516942
 10
217.22173672531522
 20
131.1008004167694
 10
217.24556774131523
 20
131.1435208527694
 10
217.22173672531522
 20
131.1862412887694
 10
217.1201677413152
 20
131.24105413036938
 10
217.0402352733152
 20
131.2897482879694
 10
216.97256157491523
 20
131.3549591303694
 10
216.92645166051526
 20
131.42603016556941
 10
216.91116774131524
 20
131.49185413036943
 10
216.9313783757152
 20
131.59305243196943
 10
216.98599910451523
 20
131.6253168487694
 10
217.11378605171524
 20
131.59684820636937
  0
LWPOLYLINE
  8
0
 90
16
 70
1
 10
276.09996774131525
 20
131.3107208527694
 10
276.0864141749152
 20
131.24692468956943
 10
276.04795416211516
 20
131.1926358527694
 10
275.9904915349152
 20
131.15624861836943
 10
275.9229000989152
 20
131.1435208527694
 10
275.86355346211525
 20
131.15661060636938
 10
275.82820086131517
 20
131.1926358527694
 10
275.82299893491523
 20
131.2468337327694
 10
275.8491677413152
 20
131.3107208527694
 10
275.8941435381152
 20
131.3747206655694
 10
275.9438071213152
 20
131.4288058527694
 10
275.99100182931517
 20
131.4669627319694
 10
276.0262353837153
 20
131.4779208527694
 10
276.05443048691524
 20
131.4654711407694
 10
276.0783088205152
 20
131.4288058527694
 10
276.09455965731524
 20
131.3747332055694
  0
LWPOLYLINE
  8
0
 90
20
 70
1
 10
295.5997974885152
 20
130.9629909999694
 10
295.17528287491524
 20
130.6950456431694
 10
294.87114523891523
 20
130.6757143135694
 10
294.8126518237153
 20
130.8429947367694
 10
295.07716774131524
 20
131.1435208527694
 10
295.17354416211526
 20
131.21390553196943
 10
295.2542952413153
 20
131.25012924476937
 10
295.30557715331526
 20
131.2473321559694
 10
295.3279677413152
 20
131.2141536567694
 10
295.34576032931517
 20
131.18032140556943
 10
295.38494515411526
 20
131.17401261516943
 10
295.4473135965153
 20
131.2054411991694
 10
295.5219332845152
 20
131.27060639596942
 10
295.6069792301152
 20
131.3380590559694
 10
295.7018197517152
 20
131.3810821239694
 10
295.79163959171524
 20
131.39437218316942
 10
295.8619354877152
 20
131.3743165431694
 10
295.8865994941152
 20
131.31541633036943
 10
295.84517251731523
 20
131.21625920636941
 10
295.74586524771524
 20
131.09259708316944
  0
LWPOLYLINE
  8
0
 90
16
 70
1
 10
196.6799677413152
 20
131.1770947799694
 10
196.64400435891525
 20
131.12949227116943
 10
196.50806524131525
 20
131.1027899295694
 10
196.31911151811522
 20
131.0952279751694
 10
196.09476774131525
 20
131.1117874631694
 10
195.87042413171523
 20
131.1426855215694
 10
195.68147024131522
 20
131.1792215639694
 10
195.53130725251523
 20
131.2169171383694
 10
195.5095677413152
 20
131.24541353596942
 10
195.53172792771525
 20
131.27135311116942
 10
195.68147024131522
 20
131.2915368263694
 10
195.87039838291523
 20
131.3060206935694
 10
196.09476774131525
 20
131.3107208527694
 10
196.31905751251523
 20
131.3010590335694
 10
196.50806524131525
 20
131.27146814476941
 10
196.64476812851524
 20
131.22896623916938
  0
LWPOLYLINE
  8
0
 90
20
 70
1
 10
243.66316774131522
 20
130.8203881263694
 10
243.68251227971524
 20
130.5910671399694
 10
243.74252253331522
 20
130.42122738636942
 10
243.84675334131524
 20
130.3018338791694
 10
243.99756774131527
 20
130.22392085276942
 10
244.12561669091525
 20
130.1749274071694
 10
244.23374894371528
 20
130.11543697836942
 10
244.3101581733152
 20
130.05465058236942
 10
244.33200569571522
 20
130.00365357916937
 10
244.24398877331527
 20
129.9191349823694
 10
242.84207094611526
 20
129.9820526767694
 10
241.4684921813152
 20
130.05706394716944
 10
241.25285835411523
 20
130.1540969623694
 10
241.26918158851524
 20
130.26714071516938
 10
242.20491137251526
 20
130.76711987836944
 10
243.1147188029152
 20
131.2275291551694
 10
243.45416774131525
 20
131.30815182476942
 10
243.53643699651522
 20
131.2732688887694
 10
243.60376994131522
 20
131.17063801756942
 10
243.64849192851526
 20
131.01397746956943
  0
LWPOLYLINE
  8
0
 90
12
 70
1
 10
281.25417108131523
 20
131.02498207196942
 10
281.08344048611525
 20
130.8641065791694
 10
280.92873350291524
 20
130.81782143916942
 10
280.8224208877152
 20
130.88554362556943
 10
280.78156774131514
 20
131.0495295399694
 10
280.80654524771523
 20
131.1406092319694
 10
280.8757598613153
 20
131.21335460796942
 10
280.98099085971523
 20
131.25720080156938
 10
281.1074438853152
 20
131.26539075916938
 10
281.2611152317153
 20
131.24372297676942
 10
281.32397724851523
 20
131.19942199916943
 10
281.3258950325152
 20
131.13162524156942
  0
LWPOLYLINE
  8
0
 90
12
 70
1
 10
298.9680510189152
 20
130.84047085276939
 10
298.96546761171527
 20
130.76433415916944
 10
298.9138064901151
 20
130.69960485276943
 10
298.8159097197152
 20
130.6562826639694
 10
298.6859010189153
 20
130.64192085276943
 10
298.47218296931527
 20
130.66990762476942
 10
298.3571940117152
 20
130.75696214396942
 10
298.3494135269152
 20
130.88464843676942
 10
298.4525177413152
 20
131.03553757516943
 10
298.5830589741152
 20
131.1028529639694
 10
298.7378321685152
 20
131.08772019356937
 10
298.8786053725153
 20
130.9924205407694
  0
LWPOLYLINE
  8
0
 90
12
 70
1
 10
299.96428446371533
 20
131.04250413036942
 10
299.90962076451524
 20
131.0101944023694
 10
299.8284779357152
 20
130.9969573455694
 10
299.7352542381152
 20
131.0032153071694
 10
299.6438177413152
 20
131.0293041919694
 10
299.57414934691525
 20
131.0663473519694
 10
299.5712663173152
 20
131.09681938476942
 10
299.6200492581153
 20
131.1204484231694
 10
299.7448344637153
 20
131.13032091436943
 10
299.8612359269153
 20
131.1284820487694
 10
299.9414904221153
 20
131.1099696647694
 10
299.97201127731523
 20
131.0790971879694
  0
LWPOLYLINE
  8
0
 90
16
 70
1
 10
310.87756774131526
 20
130.97632085276942
 10
310.86480335891525
 20
130.9125109791694
 10
310.82845274131523
 20
130.8582358527694
 10
310.77417761491523
 20
130.8218852351694
 10
310.7103677413152
 20
130.8091208527694
 10
310.64655786771516
 20
130.8218852351694
 10
310.59228274131516
 20
130.8582358527694
 10
310.55593212371525
 20
130.9125109791694
 10
310.5431677413152
 20
130.97632085276942
 10
310.55593212371525
 20
131.0401307263694
 10
310.59228274131516
 20
131.0944058527694
 10
310.64655786771516
 20
131.13075647036942
 10
310.7103677413152
 20
131.1435208527694
 10
310.77417761491523
 20
131.13075647036942
 10
310.82845274131523
 20
131.0944058527694
 10
310.86480335891525
 20
131.0401307263694
  0
LWPOLYLINE
  8
0
 90
16
 70
1
 10
294.65916774131523
 20
130.46485321036943
 10
294.64636757811525
 20
130.40482272556943
 10
294.6100527413152
 20
130.3537372735694
 10
294.5557933317152
 20
130.3194953823694
 10
294.4919677413153
 20
130.30752085276941
 10
294.42820117251523
 20
130.32758786236943
 10
294.37388274131524
 20
130.3840919319694
 10
294.33723166531524
 20
130.46851840156938
 10
294.3247677413152
 20
130.5681884951694
 10
294.33701798371527
 20
130.66042220156942
 10
294.37388274131524
 20
130.72193023276938
 10
294.4284905957153
 20
130.7435689223694
 10
294.4919677413153
 20
130.7255208527694
 10
294.55592424931524
 20
130.67432371116942
 10
294.6100527413152
 20
130.6063239727694
 10
294.6469116469151
 20
130.5326653503694
  0
LWPOLYLINE
  8
0
 90
16
 70
1
 10
281.0235419221152
 20
130.2932403007694
 10
280.9740962005152
 20
130.24027117356943
 10
280.9078913541153
 20
130.2101408975694
 10
280.8352011541153
 20
130.20748241756942
 10
280.7672871893152
 20
130.23274667196944
 10
280.71431806211524
 20
130.2821923935694
 10
280.6841877861152
 20
130.34839723996942
 10
280.6815293061153
 20
130.4210874399694
 10
280.7067935605153
 20
130.48900140476943
 10
280.7562392821153
 20
130.5419705319694
 10
280.8224441285152
 20
130.57210080796938
 10
280.8951343285152
 20
130.5747592879694
 10
280.9630482933153
 20
130.54949503356943
 10
281.01601742051525
 20
130.5000493119694
 10
281.04614769651516
 20
130.43384446556942
 10
281.0488061765152
 20
130.3611542655694
  0
LWPOLYLINE
  8
0
 90
16
 70
1
 10
193.08516774131522
 20
130.1403208527694
 10
193.10222431491525
 20
130.0768846711694
 10
193.07867854211523
 20
130.02223585276943
 10
193.01404688051525
 20
129.9853182599694
 10
192.91796774131524
 20
129.9731208527694
 10
192.82188860211522
 20
129.9853182599694
 10
192.75725694051525
 20
130.02223585276943
 10
192.7337111677152
 20
130.0768846711694
 10
192.75076774131523
 20
130.1403208527694
 10
192.79501404451523
 20
130.2043328711694
 10
192.8425085421152
 20
130.2584058527694
 10
192.88675083251522
 20
130.29701082796942
 10
192.91796774131524
 20
130.30752085276941
 10
192.94918465011526
 20
130.29701082796942
 10
192.99342694051523
 20
130.2584058527694
 10
193.04092143811522
 20
130.2043328711694
  0
LWPOLYLINE
  8
0
 90
12
 70
1
 10
196.30376774131526
 20
130.0250655455694
 10
196.17046486611522
 20
130.0012888695694
 10
196.01116774131523
 20
129.99352410156942
 10
195.8518706165152
 20
130.0012888695694
 10
195.71856774131524
 20
130.0250655455694
 10
195.67523953331522
 20
130.0532076463694
 10
195.68382140771524
 20
130.0790686375694
 10
195.80183618371524
 20
130.0968968391694
 10
196.01116774131523
 20
130.1015299511694
 10
196.22049929891526
 20
130.0968968391694
 10
196.33851407491522
 20
130.0790686375694
 10
196.34709594931522
 20
130.0532076463694
  0
LWPOLYLINE
  8
0
 90
12
 70
1
 10
200.7345677413152
 20
129.85216904156943
 10
200.48715103331523
 20
129.83115718476938
 10
200.19116774131524
 20
129.8243519775694
 10
199.89518444931522
 20
129.83115718476938
 10
199.64776774131525
 20
129.85216904156943
 10
199.57817926851524
 20
129.8767609847694
 10
199.58323907491524
 20
129.89979529276943
 10
199.8016643061152
 20
129.91556944236942
 10
200.19116774131524
 20
129.9196044799694
 10
200.58067117651524
 20
129.91556944236942
 10
200.79909640771524
 20
129.89979529276943
 10
200.8041562141152
 20
129.8767609847694
  0
LWPOLYLINE
  8
0
 90
16
 70
1
 10
282.61820740771526
 20
128.9281208527694
 10
282.6062701637152
 20
128.88030867516943
 10
282.5709006757153
 20
128.8395571863694
 10
282.51726358451515
 20
128.8121485919694
 10
282.45356774131517
 20
128.8027208527694
 10
282.38983494691524
 20
128.83080627276942
 10
282.33623480691523
 20
128.91322951916942
 10
282.3002125701152
 20
129.0348939367694
 10
282.28892807491525
 20
129.1789208527694
 10
282.29479829971524
 20
129.3785925975694
 10
282.3228753597153
 20
129.4317521655694
 10
282.36654164611525
 20
129.42619059196943
 10
282.45356774131517
 20
129.30432085276942
 10
282.5157947325152
 20
129.1990997191694
 10
282.56878843811523
 20
129.0903571863694
 10
282.60677795011526
 20
128.9927379679694
  0
LWPOLYLINE
  8
0
 90
12
 70
1
 10
189.94668446371523
 20
129.20330413036942
 10
189.8920207645152
 20
129.1709944023694
 10
189.8108779357152
 20
129.1577573455694
 10
189.71765423811522
 20
129.1640153071694
 10
189.62621774131523
 20
129.19010419196943
 10
189.55654934691523
 20
129.2271473519694
 10
189.55366631731522
 20
129.2576193847694
 10
189.60244925811523
 20
129.2812484231694
 10
189.72723446371526
 20
129.2911209143694
 10
189.84363592691523
 20
129.2892820487694
 10
189.92389042211522
 20
129.27076966476943
 10
189.9544112773152
 20
129.2398971879694
  0
LWPOLYLINE
  8
0
 90
12
 70
1
 10
195.96588446371524
 20
129.20330413036942
 10
195.91122076451524
 20
129.1709944023694
 10
195.83007793571522
 20
129.1577573455694
 10
195.73685423811523
 20
129.1640153071694
 10
195.6454177413152
 20
129.19010419196943
 10
195.57574934691525
 20
129.2271473519694
 10
195.57286631731523
 20
129.2576193847694
 10
195.62164925811524
 20
129.2812484231694
 10
195.74643446371525
 20
129.2911209143694
 10
195.86283592691524
 20
129.2892820487694
 10
195.9430904221152
 20
129.27076966476943
 10
195.97361127731523
 20
129.2398971879694
  0
LWPOLYLINE
  8
0
 90
16
 70
1
 10
282.1191677413152
 20
129.0535208527694
 10
282.1144077245153
 20
128.9574102799694
 10
282.0998650029152
 20
128.8763933527694
 10
282.07886067011526
 20
128.8187860975694
 10
282.05345630211525
 20
128.8027208527694
 10
282.02230393251523
 20
128.81728581196938
 10
281.9787767565152
 20
128.8763933527694
 10
281.9331567381152
 20
128.95745475516938
 10
281.8915038741153
 20
129.0535208527694
 10
281.86650596931514
 20
129.14955484796943
 10
281.8711071461152
 20
129.23064835276938
 10
281.90361467171533
 20
129.2838411935694
 10
281.95721531331526
 20
129.30432085276942
 10
282.0189796621152
 20
129.28501025596938
 10
282.0715941581153
 20
129.23064835276938
 10
282.1070908853152
 20
129.14941540316943
  0
LWPOLYLINE
  8
0
 90
12
 70
1
 10
199.64428446371522
 20
129.03610413036944
 10
199.58962076451525
 20
129.00379440236944
 10
199.50847793571523
 20
128.99055734556939
 10
199.41525423811524
 20
128.9968153071694
 10
199.32381774131522
 20
129.02290419196942
 10
199.25414934691523
 20
129.05994735196938
 10
199.25126631731524
 20
129.0904193847694
 10
199.30004925811522
 20
129.11404842316938
 10
199.42483446371523
 20
129.12392091436942
 10
199.5412359269152
 20
129.12208204876939
 10
199.62149042211524
 20
129.1035696647694
 10
199.6520112773152
 20
129.0726971879694
  0
LWPOLYLINE
  8
0
 90
20
 70
1
 10
262.9423605357152
 20
129.0295184567694
 10
262.8732846981152
 20
128.9801213903694
 10
262.8284411565153
 20
128.90166997996943
 10
262.8147650325152
 20
128.8061215335694
 10
262.8348490965152
 20
128.7083183951694
 10
262.85792102451524
 20
128.61645537116942
 10
262.8512502461152
 20
128.5388202311694
 10
262.81673080291523
 20
128.4878350991694
 10
262.76135700531523
 20
128.4683208527694
 10
262.6915739117152
 20
128.49242356876942
 10
262.6187230325152
 20
128.5665508527694
 10
262.5540112821152
 20
128.6747635287694
 10
262.5083217085152
 20
128.8027208527694
 10
262.4819311949152
 20
128.9686106735694
 10
262.5140715493152
 20
129.0648086919694
 10
262.6053167693152
 20
129.1149355863694
 10
262.7814210053152
 20
129.12392091436942
 10
262.9090487781152
 20
129.11384126236942
 10
262.9774225429152
 20
129.0907450903694
 10
262.9833812165153
 20
129.06117660636943
  0
LWPOLYLINE
  8
0
 90
18
 70
1
 10
277.2294228021152
 20
127.85823296556941
 10
277.6535976653152
 20
127.46512085276939
 10
276.6259827869153
 20
127.46512085276939
 10
276.01698621411526
 20
127.47465944556939
 10
275.7620970037153
 20
127.52125072876943
 10
275.6424393205152
 20
127.6268815023694
 10
275.5983677413152
 20
127.81740941356941
 10
275.6122659069153
 20
127.9746386087694
 10
275.6589693813152
 20
128.0634136159694
 10
275.7387844749153
 20
128.09463604236942
 10
275.85549693011524
 20
128.07102823836942
 10
275.9614910293152
 20
128.0508369991694
 10
276.06437303491526
 20
128.0700422599694
 10
276.14913122931523
 20
128.1257867399694
 10
276.20373423491526
 20
128.20978216796942
 10
276.3382805765152
 20
128.33901221836942
 10
276.54730097491523
 20
128.3385843535694
 10
276.8440936821153
 20
128.18086459356942
  0
LWPOLYLINE
  8
0
 90
30
 70
1
 10
218.92898265251523
 20
128.0085208527694
 10
218.93568620211522
 20
126.31328573756942
 10
218.81267398531526
 20
124.83074841756942
 10
218.60468554531525
 20
123.6852354687694
 10
218.31251859331525
 20
123.45232085276942
 10
218.15512754851525
 20
123.49985046236941
 10
218.08620988211524
 20
123.6192896151694
 10
218.14047046211525
 20
123.74321641596939
 10
218.29056774131521
 20
123.8033873487694
 10
218.32191456451523
 20
123.82308718716942
 10
218.31538657491524
 20
123.85164043276941
 10
218.23006408051523
 20
123.89514185996943
 10
218.0815677413152
 20
123.9442491687694
 10
217.90927382611522
 20
123.98479449996941
 10
217.73724024131525
 20
124.0041062671694
 10
217.58863689411524
 20
124.00192597916941
 10
217.49636774131523
 20
123.97361617676941
 10
217.40560957491522
 20
123.93341327116939
 10
217.2608971389152
 20
123.8905202847694
 10
217.09481202851524
 20
123.85187919436942
 10
216.92955706611525
 20
123.82389944476941
 10
216.52994622371523
 20
123.76901069436943
 10
216.65053270291523
 20
125.57526577356941
 10
216.75743754051524
 20
126.86289888956941
 10
216.90187710611525
 20
127.32462486636942
 10
217.20740651491525
 20
127.62373446396943
 10
217.99796774131522
 20
127.9991788871694
 10
218.56348479011527
 20
128.23001019116938
 10
218.77858641971525
 20
128.27187824156942
 10
218.88449675171523
 20
128.2032081983694
  0
LWPOLYLINE
  8
0
 90
32
 70
1
 10
226.44156774131523
 20
127.5594321863694
 10
226.75246276531522
 20
127.4759676183694
 10
227.17811751571523
 20
127.42025590956942
 10
227.66110230371524
 20
127.39467146716939
 10
228.15536774131527
 20
127.4042789463694
 10
228.78579417091524
 20
127.42953233276941
 10
229.08272582131522
 20
127.40492032556939
 10
229.22738508771522
 20
127.32633615836943
 10
229.28396774131525
 20
127.18601021436942
 10
229.22208083491523
 20
126.93461381196941
 10
229.02363433171521
 20
126.62733097676943
 10
228.78202882691525
 20
126.36942012796939
 10
228.58635667331524
 20
126.29472085276942
 10
228.4820812229152
 20
126.2720486999694
 10
227.83657435651523
 20
125.9754733527694
 10
227.09221985331524
 20
125.62446002636942
 10
226.23637622291523
 20
125.2079208527694
 10
225.37549000771523
 20
124.7914651119694
 10
224.61516840611526
 20
124.44036835276941
 10
223.9649603773152
 20
124.1524683447694
 10
223.81487329731524
 20
124.1211208527694
 10
223.70820972931523
 20
124.20182829276939
 10
223.64594561971526
 20
124.5139258191694
 10
223.60897335251525
 20
125.03940298236941
 10
223.59916774131523
 20
125.93245413036941
 10
223.60498797331525
 20
126.63254427276941
 10
223.62283105571527
 20
127.2353716671694
 10
223.64722319491523
 20
127.75130405116943
 10
223.67972369811523
 20
127.82434336476942
 10
223.90771377251522
 20
127.90998203436942
 10
224.89410933651524
 20
127.82971616956942
 10
225.85359339171526
 20
127.71110783356943
  0
LWPOLYLINE
  8
0
 90
12
 70
1
 10
278.9423677413153
 20
127.6224532103694
 10
278.93095400051516
 20
127.4974312495694
 10
278.8953977501152
 20
127.40834324396943
 10
278.84290848691523
 20
127.36905107676941
 10
278.78247003411525
 20
127.37700779036939
 10
278.7284945301152
 20
127.4332752719694
 10
278.6972094037153
 20
127.51890056556944
 10
278.69272108691524
 20
127.62005924076942
 10
278.7167585949153
 20
127.7212754327694
 10
278.8095898741152
 20
127.9281740631694
 10
278.8792983965152
 20
127.95286549036939
 10
278.93183230211525
 20
127.87927508556939
  0
LWPOLYLINE
  8
0
 90
12
 70
1
 10
280.06748446371523
 20
127.86570413036942
 10
280.01282076451525
 20
127.83339440236941
 10
279.93167793571524
 20
127.82015734556938
 10
279.8384542381151
 20
127.82641530716941
 10
279.7470177413153
 20
127.8525041919694
 10
279.6773493469152
 20
127.88954735196938
 10
279.67446631731525
 20
127.92001938476942
 10
279.7232492581152
 20
127.9436484231694
 10
279.8480344637153
 20
127.95352091436942
 10
279.96443592691514
 20
127.95168204876938
 10
280.04469042211525
 20
127.93316966476941
 10
280.0752112773152
 20
127.9022971879694
  0
LWPOLYLINE
  8
0
 90
56
 70
1
 10
238.10376774131524
 20
126.8621173967694
 10
238.52219527171525
 20
126.7973086703694
 10
238.70344207811524
 20
126.7140793527694
 10
238.78927035251525
 20
126.57046742716942
 10
238.81436774131527
 20
126.2939569159694
 10
238.78969637811525
 20
126.0715145375694
 10
238.71692792851525
 20
125.8681979999694
 10
238.59820205091523
 20
125.6913582511694
 10
238.43816774131523
 20
125.54686116876942
 10
238.20268025171526
 20
125.38971691116939
 10
238.10877738771524
 20
125.37348931516941
 10
238.04961467091525
 20
125.43074628636938
 10
238.00553907891526
 20
125.64387161196942
 10
237.99787546691525
 20
125.7910236631694
 10
238.02076197011525
 20
125.93373655436942
 10
238.0688822973152
 20
126.0512331775694
 10
238.13660214291525
 20
126.12197967756941
 10
238.24534233491522
 20
126.29044069996941
 10
238.20922379091525
 20
126.52683742316941
 10
238.05406118771526
 20
126.70334645036942
 10
237.85951696531524
 20
126.72233000396942
 10
237.7496309517152
 20
126.6866124055694
 10
237.61985549491527
 20
126.65650102316943
 10
237.49104779171526
 20
126.63578076316941
 10
237.38474035971527
 20
126.62912085276939
 10
237.2965522245152
 20
126.6101994975694
 10
237.24245282531524
 20
126.5577849727694
 10
237.2279321741152
 20
126.4736154895694
 10
237.25488581731526
 20
126.36325329036941
 10
237.28254855571527
 20
126.2371194495694
 10
237.2488109397152
 20
126.16187961676938
 10
237.15068594131526
 20
126.1262185319694
 10
236.95703824531523
 20
126.13096082556942
 10
236.47377941651524
 20
126.15792851356943
 10
236.19013916291527
 20
126.13076637196941
 10
236.07407510931526
 20
126.0517501599694
 10
236.07169819411524
 20
125.93422126716939
 10
236.0851464245152
 20
125.8567406199694
 10
236.03849595251523
 20
125.81059693116941
 10
235.90250801251523
 20
125.8064381655694
 10
235.64987851011523
 20
125.84917866556941
 10
235.1515681701152
 20
125.8854973479694
 10
234.77836974451523
 20
125.76896312796941
 10
234.54934453491524
 20
125.50645310876939
 10
234.46716774131522
 20
125.11843808796941
 10
234.4553263029152
 20
124.92853199356938
 10
234.41934887571523
 20
124.76833784076942
 10
234.36695374611526
 20
124.65719230956938
 10
234.30437981491522
 20
124.62272085276939
 10
234.1507300373152
 20
124.77965427116942
 10
234.19808943731522
 20
125.7370053559694
 10
234.30338647971524
 20
126.69434072396942
 10
234.48795404531523
 20
126.98014203756941
 10
234.7781570661152
 20
127.0638819839694
 10
235.77023743011523
 20
127.0459527935694
 10
236.91404259811523
 20
126.98172491996942
  0
LWPOLYLINE
  8
0
 90
44
 70
1
 10
215.52161468851523
 20
125.77746775596938
 10
215.47993105971523
 20
125.31612867996941
 10
215.4296033581153
 20
124.9119479271694
 10
215.37689690211525
 20
124.5759627039694
 10
215.33591885731522
 20
124.4965385239694
 10
215.2599224445152
 20
124.46826400076941
 10
215.0026571549152
 20
124.4934060319694
 10
214.68882810531522
 20
124.54267268236941
 10
214.33464132291525
 20
124.61910481836942
 10
213.96664231571523
 20
124.69428211836942
 10
213.61043023971524
 20
124.74041443756941
 10
213.30785642531524
 20
124.75621834876941
 10
213.14206023651525
 20
124.72672945196942
 10
213.01017020131525
 20
124.7009094247694
 10
212.87814473411527
 20
124.72163202556939
 10
212.75581636531524
 20
124.78823062796941
 10
212.65225469171526
 20
124.89538676716938
 10
212.51789594851525
 20
125.04317785676943
 10
212.40073773811523
 20
125.0851029223694
 10
212.24668902131523
 20
125.04392925356942
 10
211.92918658771524
 20
124.86701944796943
 10
211.71308794451522
 20
124.71254771516939
 10
211.53348354371525
 20
124.52681677196938
 10
211.40505739091523
 20
124.32722728956944
 10
211.34165448211525
 20
124.13164910236941
 10
211.31683982851524
 20
124.05700717676939
 10
211.29452732291526
 20
124.0604466479694
 10
211.27949604291524
 20
124.20915850796939
 10
211.27683689411523
 20
124.4910207567694
 10
211.34212615331523
 20
125.03570752796941
 10
211.54132004051525
 20
125.36381896876941
 10
211.97006531571526
 20
125.6178768607694
 10
212.97974481731526
 20
125.9666048975694
 10
213.29454663651524
 20
126.07576693516943
 10
213.69674289251523
 20
126.23167859436941
 10
214.11492848451525
 20
126.40488592316939
 10
214.48454481731522
 20
126.56991583436941
 10
214.81617197251524
 20
126.71954963516941
 10
215.11908453411522
 20
126.8460720487694
 10
215.37458101491524
 20
126.9445822759694
 10
215.46760106291524
 20
126.9618874759694
 10
215.52122862371525
 20
126.91396879196941
 10
215.54321141091526
 20
126.61463798876942
 10
215.54602605571523
 20
126.2321271919694
  0
LWPOLYLINE
  8
0
 90
16
 70
1
 10
244.5976017253152
 20
126.34949239596942
 10
244.77715312371524
 20
126.19441272396938
 10
244.83080961011527
 20
125.94913316636942
 10
244.7366210013152
 20
125.73772715836941
 10
244.54096774131526
 20
125.6576778175694
 10
244.33537594611525
 20
125.6579570415694
 10
243.57303657491522
 20
125.6303790735694
 10
242.67091482691524
 20
125.5942493271694
 10
241.65676774131526
 20
125.54933505996942
 10
239.0651677413152
 20
125.4300179631694
 10
239.73396774131524
 20
126.0366493247694
 10
240.40276774131524
 20
126.64328068636942
 10
242.38220172531527
 20
126.54166087356941
 10
243.15766997491522
 20
126.49614385036938
 10
243.84949207731526
 20
126.4432932679694
 10
244.4297784037152
 20
126.3892761311694
  0
LWPOLYLINE
  8
0
 90
48
 70
1
 10
233.68452259891524
 20
125.50807728956943
 10
233.65439600131523
 20
125.1349734991694
 10
233.60910553411523
 20
124.80327662156941
 10
233.55657213011523
 20
124.5339807903694
 10
233.50496417811524
 20
124.4481959879694
 10
233.41324711971524
 20
124.3965770007694
 10
233.13422342531524
 20
124.30836010716942
 10
232.79559376691523
 20
124.2134792903694
 10
232.41783312211524
 20
124.12106300156941
 10
232.05044188691522
 20
124.02316138236941
 10
231.74419569171522
 20
123.9114451975694
 10
231.51876093491524
 20
123.8008005975694
 10
231.4762434797152
 20
123.71794430316939
 10
231.48697537891522
 20
123.45760922156941
 10
231.43847584211522
 20
123.30220568316942
 10
231.32635821011525
 20
123.2177611559694
 10
231.13544339811523
 20
123.18957792396941
 10
231.01758829811521
 20
123.19891219836941
 10
230.93179312931522
 20
123.22816835276942
 10
230.89147569171524
 20
123.27131565036942
 10
230.89451104051523
 20
123.32094947196943
 10
230.90315043171523
 20
123.37064315116942
 10
230.87528170291523
 20
123.41373042396941
 10
230.8091850349152
 20
123.44290230956939
 10
230.71503538371525
 20
123.45232085276942
 10
230.55371998771523
 20
123.49110239116939
 10
230.45822955971525
 20
123.5961029879694
 10
230.40852752051524
 20
123.81380658396941
 10
230.38396918451525
 20
124.28832085276942
 10
230.41830972371523
 20
124.51532026716939
 10
230.5310297773152
 20
124.71246729196942
 10
230.74936672691524
 20
124.9113709199694
 10
231.12316774131523
 20
125.15368317916938
 10
231.57143579011523
 20
125.40906847196942
 10
231.78846807811522
 20
125.48601106956941
 10
231.93941088771524
 20
125.45906979916938
 10
232.08456774131523
 20
125.33072641036938
 10
232.21177350131524
 20
125.17312268716941
 10
232.25945342371523
 20
125.1589648599694
 10
232.28913577091527
 20
125.1971193983694
 10
232.29356774131523
 20
125.3938997535694
 10
232.39873787891526
 20
125.6465722263694
 10
232.82726980691524
 20
126.02605051676942
 10
233.3058453637152
 20
126.35690621116942
 10
233.64352616211525
 20
126.45808010156941
 10
233.67980304451527
 20
126.4259736887694
 10
233.69515183731525
 20
126.18060116796941
 10
233.69870249651524
 20
125.8735537503694
  0
LWPOLYLINE
  8
0
 90
86
 70
1
 10
248.57252440451524
 20
125.5005208527694
 10
248.64314550451525
 20
125.29238544396941
 10
248.72731114211527
 20
125.1167446863694
 10
248.81243684211523
 20
124.99064110876941
 10
248.88177384611524
 20
124.9571208527694
 10
249.00418631651524
 20
124.83362827036939
 10
248.98082814211523
 20
123.4404720575694
 10
248.93377271171525
 20
122.0584532039694
 10
248.80457944531526
 20
121.83809430476941
 10
248.75370148851525
 20
121.75506010956941
 10
248.71097988211528
 20
121.1845936063694
 10
248.6776701309152
 20
120.50915426156939
 10
248.66205298211526
 20
119.7222532103694
 10
248.64764351891526
 20
118.89052366556939
 10
248.6165672253152
 20
118.36577867116941
 10
248.57175996611528
 20
118.19539117036939
 10
248.5215342565152
 20
118.2001157407694
 10
248.4659922557153
 20
118.4111488927694
 10
248.40118386371523
 20
118.6183912863694
 10
248.33663747411526
 20
118.79585352076941
 10
248.28512164931524
 20
118.8991625551694
 10
248.2549050981152
 20
118.9769545287694
 10
248.2552254533152
 20
119.0591515535694
 10
248.28586318131522
 20
119.13296015436941
 10
248.34204037491517
 20
119.1870353095694
 10
248.40738430851525
 20
119.2562932279694
 10
248.46205151891527
 20
119.3838338895694
 10
248.49942122051522
 20
119.5420176295694
 10
248.51196774131526
 20
119.70951223596938
 10
248.51196774131526
 20
120.1269681671694
 10
248.0992514285153
 20
119.65784459356941
 10
247.6865351157153
 20
119.18872085276939
 10
247.68125142851528
 20
119.88538757516942
 10
247.69351471251517
 20
120.17016629356941
 10
247.7358480805152
 20
120.4085252759694
 10
247.80087617331526
 20
120.5824465487694
 10
247.88496774131522
 20
120.65774222636941
 10
247.97516378131527
 20
120.71502678556942
 10
248.0066473741153
 20
120.7937677863694
 10
247.9779575261152
 20
120.9115009975694
 10
247.87338278771523
 20
121.1059572727694
 10
247.7595720885152
 20
121.3496552855694
 10
247.75072185811524
 20
121.5314078719694
 10
247.84088395651526
 20
121.65330419596941
 10
248.02430101891525
 20
121.7176208527694
 10
248.09502511411523
 20
121.7271296839694
 10
248.1816606301153
 20
121.7385208527694
 10
248.26962020291526
 20
121.74990182236941
 10
248.3447677413152
 20
121.75942085276941
 10
248.47633223811528
 20
121.88470515036941
 10
248.50850670131524
 20
122.28206999516941
 10
248.4668344421152
 20
122.6739740879694
 10
248.33282481251518
 20
122.78352085276939
 10
248.2471921621152
 20
122.76682225436942
 10
248.13471956451525
 20
122.71193517596942
 10
248.0164573325152
 20
122.63308365596939
 10
247.90998637891522
 20
122.53982518076938
 10
247.79642296851523
 20
122.4544682431694
 10
247.65756788291526
 20
122.39853215196939
 10
247.51556375251522
 20
122.3790100471694
 10
247.39290081651527
 20
122.4010388143694
 10
247.2749691389152
 20
122.43908918716939
 10
247.2177613245152
 20
122.4310624167694
 10
247.20277602451523
 20
122.39084045036941
 10
247.2404070597152
 20
122.31033465356941
 10
247.30592805811523
 20
122.23546750956939
 10
247.40257751651524
 20
122.1721824767694
 10
247.51375030131527
 20
122.1292201023694
 10
247.62270818771523
 20
122.1147208527694
 10
247.75216663331523
 20
122.1047863303694
 10
247.79308515491527
 20
122.0661002631694
 10
247.77939532051522
 20
121.9991873247694
 10
247.67596774131528
 20
121.8639208527694
 10
247.57321682051526
 20
121.76791862556941
 10
247.43674884931522
 20
121.68679335276943
 10
247.28934549651524
 20
121.6315066663694
 10
247.15389493731521
 20
121.61312085276938
 10
246.98153129971524
 20
121.7062283463694
 10
246.88755771011523
 20
121.9566911039694
 10
246.84748371571527
 20
122.4954118447694
 10
246.83996774131526
 20
123.87948190796942
 10
246.83996774131526
 20
126.14584296316943
 10
247.62873708531524
 20
126.09488190796941
 10
248.09866940531526
 20
126.04881111836943
 10
248.32065582931526
 20
125.9686656375694
 10
248.45667537011522
 20
125.81355051916941
  0
LWPOLYLINE
  8
0
 90
12
 70
1
 10
236.97516774131523
 20
125.46858849516941
 10
236.94231026611521
 20
125.24661996156941
 10
236.8463694013152
 20
125.0775571863694
 10
236.72048736371525
 20
125.01275213836942
 10
236.59867380371526
 20
125.0549480679694
 10
236.54528299811523
 20
125.2037391807694
 10
236.59947502611524
 20
125.47321140796942
 10
236.70530627251526
 20
125.72117017836939
 10
236.82746844451523
 20
125.7931208527694
 10
236.88392670131526
 20
125.7688373935694
 10
236.9317810133152
 20
125.69778943196941
 10
236.96432231331522
 20
125.59282461596939
  0
LWPOLYLINE
  8
0
 90
16
 70
1
 10
235.72116774131524
 20
125.2079208527694
 10
235.70556998771525
 20
125.08552460076939
 10
235.65977390771525
 20
124.9709670191694
 10
235.59209536051523
 20
124.88116523676942
 10
235.5121677413152
 20
124.8317208527694
 10
235.42542505011522
 20
124.83583280236942
 10
235.35803024131525
 20
124.89738163036942
 10
235.31606738851525
 20
125.02271174076941
 10
235.30316774131524
 20
125.2079208527694
 10
235.31606738851525
 20
125.3931299647694
 10
235.35803024131525
 20
125.51846007516943
 10
235.42542505011522
 20
125.58000890316941
 10
235.5121677413152
 20
125.58412085276939
 10
235.59209536051523
 20
125.53467646876942
 10
235.65977390771525
 20
125.44487468636939
 10
235.70556998771525
 20
125.33031710476938
  0
LWPOLYLINE
  8
0
 90
50
 70
1
 10
261.89391119971526
 20
124.1247940695694
 10
261.7619982581152
 20
124.07042179996938
 10
261.3643441573152
 20
123.98262859116939
 10
260.8851491245153
 20
123.89016598796941
 10
260.3524106325152
 20
123.80230673516942
 10
259.6333085125152
 20
123.70150937916941
 10
259.23514110771526
 20
123.6774768871694
 10
258.9960130053152
 20
123.7112173455694
 10
258.8631617373152
 20
123.8113246671694
 10
258.8038433573152
 20
123.88605320236938
 10
258.7363791605153
 20
123.93195796236941
 10
258.67192239011524
 20
123.9424716655694
 10
258.61946690131515
 20
123.91795345756941
 10
258.55056378131525
 20
123.88564623756942
 10
258.4241246333152
 20
123.88511203356941
 10
258.27027973331514
 20
123.91019103036942
 10
258.10877573571526
 20
123.96045720236941
 10
257.9198109773152
 20
124.0216617655694
 10
257.7978133301153
 20
124.03003581036941
 10
257.7268431165153
 20
123.99039118556942
 10
257.69476780291524
 20
123.90798248556939
 10
257.68457244851527
 20
123.82418184556943
 10
257.66253080691524
 20
123.8095112159694
 10
257.6337797637152
 20
123.83246877916937
 10
257.5909280757152
 20
123.9310400343694
 10
257.5362374573153
 20
124.0480586327694
 10
257.4904288373152
 20
124.0753590487694
 10
257.43878426851523
 20
124.0498610487694
 10
257.3558883477152
 20
123.9310400343694
 10
257.2902794021152
 20
123.8550377695694
 10
257.2447782629152
 20
123.8610979335694
 10
257.21613205411523
 20
123.9447668199694
 10
257.2089280749152
 20
124.14830188796941
 10
257.20636774131526
 20
124.5934830903694
 10
259.39182807331525
 20
124.5270394823694
 10
260.24158662691525
 20
124.49397200396939
 10
260.9851785309153
 20
124.4492929871694
 10
261.6139486773153
 20
124.39967036796942
 10
261.7470554269152
 20
124.35567419596941
 10
261.81072384931525
 20
124.34786211036943
 10
261.85995020451526
 20
124.39101124716939
 10
261.88600163651523
 20
124.4938673367694
 10
261.8838875597153
 20
124.64573660156941
 10
261.85727584051523
 20
125.06981097756939
 10
261.89896799651524
 20
125.1993040335694
 10
261.9544889301152
 20
125.18539148876943
 10
262.0107293253152
 20
124.8074542807694
 10
262.02355523731524
 20
124.58170920076941
 10
262.0049776453152
 20
124.37276036396938
 10
261.9609843157153
 20
124.20714458396941
  0
LWPOLYLINE
  8
0
 90
12
 70
1
 10
252.0649677413153
 20
125.0135874695694
 10
251.9696624037152
 20
124.98744842476941
 10
251.85596774131523
 20
124.9788000047694
 10
251.74227307891522
 20
124.98744842476941
 10
251.64696774131528
 20
125.0135874695694
 10
251.6119590709153
 20
125.04490101996942
 10
251.62214890771526
 20
125.07314795516939
 10
251.70691897331523
 20
125.09270517196941
 10
251.85596774131523
 20
125.09792080876939
 10
252.00501650931523
 20
125.09270517196941
 10
252.08978657491528
 20
125.07314795516939
 10
252.0999764117152
 20
125.04490101996942
  0
LWPOLYLINE
  8
0
 90
40
 70
1
 10
254.83531791731525
 20
124.57271534556938
 10
254.83776940371524
 20
124.4468318031694
 10
254.79200341971526
 20
124.35780883836938
 10
254.6949787645152
 20
124.30518180236939
 10
254.5434275141152
 20
124.28832085276942
 10
254.3413801917152
 20
124.2513783471694
 10
254.22838893971516
 20
124.1456837031694
 10
254.16878013331527
 20
123.92088765036942
 10
254.13021210931524
 20
123.38348745516939
 10
254.10495721811526
 20
123.25535624316939
 10
254.04450204531514
 20
123.13440593676938
 10
253.9595366901153
 20
123.0386013399694
 10
253.8623677413152
 20
122.98439693916941
 10
253.77275991091523
 20
122.9617127479694
 10
253.72078227971525
 20
122.96645353676941
 10
253.70813460291532
 20
122.99250864716942
 10
253.7325618541152
 20
123.0348911719694
 10
253.76114753651527
 20
123.1157124751694
 10
253.7369488477152
 20
123.26390183516943
 10
253.67440802211524
 20
123.44361809276941
 10
253.57758935731522
 20
123.63201704636938
 10
253.44571403571524
 20
123.8816489871694
 10
253.3979357997153
 20
124.05506765676941
 10
253.4187383221153
 20
124.19935707676939
 10
253.50651414211524
 20
124.34607072956942
 10
253.59917136611529
 20
124.5519542887694
 10
253.5338854509153
 20
124.7087932391694
 10
253.34307263091523
 20
124.7447917335694
 10
253.11752902691518
 20
124.62899620316941
 10
253.01495232851516
 20
124.5598232223694
 10
252.92282863971525
 20
124.53253869036939
 10
252.8464608757152
 20
124.54797141756939
 10
252.78840619331527
 20
124.60194792476938
 10
252.81044231731522
 20
124.73436614476941
 10
253.00679480771518
 20
124.8301441567694
 10
253.40962174211518
 20
124.88034562236939
 10
254.02885814451525
 20
124.8796492343694
 10
254.3968054869152
 20
124.8548818983694
 10
254.62794544211528
 20
124.79977210956937
 10
254.7658028453152
 20
124.70795506556942
  0
LWPOLYLINE
  8
0
 90
24
 70
1
 10
238.32529670611524
 20
122.25358964876938
 10
238.22570803891526
 20
121.94238045596938
 10
238.19985707971526
 20
121.94358931196942
 10
238.19347973731524
 20
122.04487790156941
 10
238.24979570691525
 20
122.57946478956941
 10
238.27881427011525
 20
122.9780934991694
 10
238.26940341811527
 20
123.30051111116941
 10
238.22455502771527
 20
123.5476838743694
 10
238.14146465331524
 20
123.7080647895694
 10
238.05548088291525
 20
123.82265882076939
 10
238.03047729331524
 20
123.8955158863694
 10
238.05495754691523
 20
123.9377395711694
 10
238.12509493731523
 20
123.95392085276941
 10
238.19910100131523
 20
123.97611698716939
 10
238.26672420531526
 20
124.03987201916941
 10
238.31787887811524
 20
124.13464198236939
 10
238.34369673171526
 20
124.24652085276941
 10
238.36216698131523
 20
124.2513462447694
 10
238.38344201091522
 20
124.19927230636941
 10
238.41001326771527
 20
123.98890394156942
 10
238.43556744691526
 20
123.6747896487694
 10
238.44637140931522
 20
123.30306876956942
 10
238.42831380931526
 20
122.90077553756942
 10
238.38688332131528
 20
122.52768729676941
  0
LWPOLYLINE
  8
0
 90
28
 70
1
 10
239.11488198611522
 20
123.91592716076941
 10
239.04142718051523
 20
123.85568182396939
 10
239.04792657891522
 20
123.82975211356938
 10
239.11141191731525
 20
123.82845815276943
 10
239.2749913685152
 20
123.87089668956939
 10
239.44046452691524
 20
123.90207865356939
 10
239.57347864771526
 20
123.8920954759694
 10
239.6692501389152
 20
123.8421091967694
 10
239.72684786371522
 20
123.75644945996939
 10
239.81942800851527
 20
123.44393075676939
 10
239.8516216997152
 20
123.21693485356943
 10
239.82820065811524
 20
123.0715790319694
 10
239.75152658371522
 20
123.00680140476942
 10
239.68464441011523
 20
122.98071335596939
 10
239.60418442611527
 20
122.92177719516941
 10
239.52411485411523
 20
122.84347475996938
 10
239.45688390131525
 20
122.7560014047694
 10
239.26129618371527
 20
122.6934987007694
 10
239.04617114611523
 20
122.87552516076939
 10
238.87275849571523
 20
123.3121631119694
 10
238.81436774131527
 20
123.83915042556941
 10
238.82115756611526
 20
124.2158899799694
 10
238.85896583331524
 20
124.3461427927694
 10
238.93395419731524
 20
124.36965261756941
 10
239.07308198611526
 20
124.28175256796942
 10
239.19799058531524
 20
124.16429222716943
 10
239.23719865091525
 20
124.0796885255694
 10
239.21271405011524
 20
124.0026232031694
  0
LWPOLYLINE
  8
0
 90
16
 70
1
 10
252.25944541811518
 20
123.9051517895694
 10
252.24264599811522
 20
123.7545957135694
 10
252.22624718931525
 20
123.6075461559694
 10
252.21216911651527
 20
123.48123341116943
 10
252.20430101891526
 20
123.41052085276941
 10
252.18033340051522
 20
123.36256070316941
 10
252.1207881301152
 20
123.32195718636942
 10
252.0365633037152
 20
123.2943830639694
 10
251.93956774131527
 20
123.28512085276941
 10
251.78230560771522
 20
123.39006025436942
 10
251.68950124771524
 20
123.7273732127694
 10
251.68037831411525
 20
124.10235181676941
 10
251.78871421651525
 20
124.33253388316939
 10
251.9483581141152
 20
124.39645009596941
 10
252.11603496851524
 20
124.32938818236943
 10
252.23576354451518
 20
124.14322552876939
  0
LWPOLYLINE
  8
0
 90
12
 70
1
 10
184.76696774131523
 20
124.00136318396939
 10
184.55759689171524
 20
123.9796664759694
 10
184.3071677413152
 20
123.97263086716941
 10
184.05673859091522
 20
123.9796664759694
 10
183.84736774131525
 20
124.00136318396939
 10
183.7867729565152
 20
124.02680767996941
 10
183.79276657491525
 20
124.05055609916941
 10
183.97768007731523
 20
124.0668415463694
 10
184.3071677413152
 20
124.07101703196942
 10
184.6366554053152
 20
124.0668415463694
 10
184.82156907491523
 20
124.05055609916941
 10
184.8275625261152
 20
124.02680767996941
  0
LWPOLYLINE
  8
0
 90
12
 70
1
 10
229.17723160851523
 20
123.8703208527694
 10
229.11452809731523
 20
123.7744002191694
 10
229.00689894931526
 20
123.69319335276941
 10
228.87293463091524
 20
123.6382393943694
 10
228.73252241171525
 20
123.6195208527694
 10
228.50342146051526
 20
123.62304108156943
 10
228.47264947091523
 20
123.65183559676942
 10
228.49245096691524
 20
123.69822139116941
 10
228.70861080531526
 20
123.86500339116942
 10
228.98624690691526
 20
124.0574077879694
 10
229.14561158051526
 20
124.1046023287694
 10
229.20945790371522
 20
124.0410509463694
  0
LWPOLYLINE
  8
0
 90
12
 70
1
 10
189.69936774131526
 20
123.83296904156941
 10
189.45195103331523
 20
123.81195718476941
 10
189.1559677413152
 20
123.80515197756941
 10
188.85998444931522
 20
123.81195718476941
 10
188.61256774131522
 20
123.83296904156941
 10
188.5429792685152
 20
123.8575609847694
 10
188.54803890771524
 20
123.88059529276941
 10
188.76646430611527
 20
123.89636944236942
 10
189.1559677413152
 20
123.90040447996941
 10
189.5454711765152
 20
123.89636944236942
 10
189.76389657491524
 20
123.88059529276941
 10
189.76895621411524
 20
123.8575609847694
  0
LWPOLYLINE
  8
0
 90
24
 70
1
 10
237.27580337331526
 20
122.06650321516942
 10
237.56360423171526
 20
122.02154881996938
 10
237.56921362451524
 20
122.00459858556941
 10
237.53585588691524
 20
121.98953955036941
 10
237.18416774131524
 20
121.97257276316941
 10
236.84607479491524
 20
121.9755785175694
 10
236.71174748531527
 20
122.04778400476941
 10
236.65192115171524
 20
122.21297258876939
 10
236.64076774131524
 20
122.69005321036941
 10
236.62721668291522
 20
122.98274149196939
 10
236.5864090149152
 20
123.24806214316939
 10
236.52750997251525
 20
123.4575150879694
 10
236.45571696771523
 20
123.5469532103694
 10
236.38584525811524
 20
123.60702883916942
 10
236.36898832131524
 20
123.66771223996938
 10
236.40372010851524
 20
123.73161474236939
 10
236.49751696771523
 20
123.8024640703694
 10
236.60774674451523
 20
123.81231515996939
 10
236.68810440211524
 20
123.72947541836939
 10
236.73956020211523
 20
123.5008372767694
 10
236.77420337331523
 20
123.03949452236941
 10
236.8162421349152
 20
122.4956367287694
 10
236.88520762051525
 20
122.2624937175694
 10
237.01918982931522
 20
122.1386849599694
  0
LWPOLYLINE
  8
0
 90
16
 70
1
 10
187.14956774131522
 20
123.1179208527694
 10
187.14019685011522
 20
122.8615572727694
 10
187.11143360131524
 20
122.6455808527694
 10
187.07040389171522
 20
122.4860205551694
 10
187.01974931411522
 20
122.44912085276938
 10
186.97271662291521
 20
122.4866131119694
 10
186.94680062291525
 20
122.6455808527694
 10
186.93860882611526
 20
122.8615136335694
 10
186.95371133331523
 20
123.1179208527694
 10
186.98292000291525
 20
123.37432757036942
 10
187.01815489491526
 20
123.5902608527694
 10
187.05503152371523
 20
123.76404268076942
 10
187.08352959331523
 20
123.7867208527694
 10
187.10985255811525
 20
123.76372600396942
 10
187.13016903011524
 20
123.5902608527694
 10
187.1448165861152
 20
123.3743494735694
  0
LWPOLYLINE
  8
0
 90
12
 70
1
 10
185.42862178051524
 20
122.7436702375694
 10
185.40122589331523
 20
122.66975161916942
 10
185.37627580771525
 20
122.67306217916942
 10
185.35799198611522
 20
122.79540910716939
 10
185.35253273891522
 20
123.0343208527694
 10
185.35602487811522
 20
123.27482551276941
 10
185.37250093331522
 20
123.42128217916941
 10
185.39794359011523
 20
123.43831300396943
 10
185.42524751731526
 20
123.41247023756941
 10
185.44930809891525
 20
123.27412210236943
 10
185.45762546291522
 20
123.09611696956941
 10
185.45091756611524
 20
122.90971321356943
  0
LWPOLYLINE
  8
0
 90
16
 70
1
 10
253.3259344637152
 20
123.18613310236941
 10
253.3239807317152
 20
123.17578425836939
 10
253.23943922851527
 20
123.1674794343694
 10
253.11764857491534
 20
123.1615837951694
 10
252.96300195091516
 20
123.1597208527694
 10
252.78038661251523
 20
123.1724519623694
 10
252.67221556931523
 20
123.21617258876941
 10
252.62851417091522
 20
123.29031859916941
 10
252.64116151331518
 20
123.3938882983694
 10
252.69969840051527
 20
123.50304983436939
 10
252.76711277171518
 20
123.5409985495694
 10
252.85783666211515
 20
123.51938142876942
 10
253.00409385891527
 20
123.42030054796942
 10
253.11224199571515
 20
123.33880074716939
 10
253.21127756531524
 20
123.26581477036939
 10
253.2949036485153
 20
123.2055181031694
  0
LWPOLYLINE
  8
0
 90
12
 70
1
 10
236.42223583651526
 20
122.8285030031694
 10
236.39275329331525
 20
122.76401831036941
 10
236.36598005891523
 20
122.76695183436942
 10
236.34575270451523
 20
122.8557166423694
 10
236.3389632141152
 20
123.0343208527694
 10
236.34193201731523
 20
123.2149157463694
 10
236.35904895011524
 20
123.32811683436941
 10
236.38614387731522
 20
123.34966155756939
 10
236.41604040771523
 20
123.33010300316943
 10
236.44253625731525
 20
123.23012626476941
 10
236.45221028211523
 20
123.09785819036941
 10
236.44562761811525
 20
122.95684605756941
  0
LWPOLYLINE
  8
0
 90
12
 70
1
 10
257.6626844637152
 20
123.3513041303694
 10
257.60802076451523
 20
123.3189944023694
 10
257.52687793571516
 20
123.30575734556942
 10
257.4336542381152
 20
123.31201530716942
 10
257.34221774131527
 20
123.33810419196942
 10
257.27254934691524
 20
123.37514735196942
 10
257.26966631731517
 20
123.40561938476938
 10
257.3184492581152
 20
123.42924842316943
 10
257.44323446371516
 20
123.4391209143694
 10
257.55963592691523
 20
123.43728204876943
 10
257.6398904221153
 20
123.41876966476943
 10
257.6704112773152
 20
123.3878971879694
  0
LWPOLYLINE
  8
0
 90
44
 70
1
 10
205.50640307331523
 20
121.86014631276942
 10
205.48294374291524
 20
121.20640718716939
 10
205.59914657251525
 20
120.95289169196943
 10
205.88824573891523
 20
120.82207992956941
 10
206.79556774131524
 20
120.72439366396941
 10
207.04745103011527
 20
120.6963231247694
 10
207.04848750291524
 20
120.6734515023694
 10
206.89670735571522
 20
120.6533729559694
 10
206.41936774131523
 20
120.63802767436941
 10
205.77174897171525
 20
120.6111703383694
 10
205.52607298291522
 20
120.55475154076942
 10
205.41293961091523
 20
120.4338828279694
 10
205.37436774131524
 20
120.2017884951694
 10
205.36033615011527
 20
120.03696808556941
 10
205.31865419331524
 20
119.8791122247694
 10
205.25752336531522
 20
119.7502797759694
 10
205.18470475571522
 20
119.6764380695694
 10
205.10840520931524
 20
119.66497584076939
 10
205.05912668771526
 20
119.71358188396941
 10
205.04600332691524
 20
119.8478993287694
 10
205.07214705331526
 20
120.0845704271694
 10
205.10297204531523
 20
120.3812358951694
 10
205.06942905011525
 20
120.51995989596941
 10
204.9704434733152
 20
120.58966524156939
 10
204.76020987171523
 20
120.6099208527694
 10
204.61125540451522
 20
120.62217377036941
 10
204.48544894131524
 20
120.65903585276942
 10
204.40001074451524
 20
120.7131620039694
 10
204.37116774131525
 20
120.7771208527694
 10
204.40173708451525
 20
120.8411477519694
 10
204.49395524131523
 20
120.89520585276941
 10
204.62909781811524
 20
120.9320958575694
 10
204.78916774131523
 20
120.94432085276941
 10
204.99825267891524
 20
120.9632595967694
 10
205.12136772371525
 20
121.02583085276942
 10
205.1868434109152
 20
121.14348180156941
 10
205.2071677413152
 20
121.3414208527694
 10
205.23336714531524
 20
121.7658978463694
 10
205.31366912531522
 20
122.2582700783694
 10
205.41682266371527
 20
122.7186337095694
 10
205.49957211731524
 20
122.78352085276939
 10
205.53043021491524
 20
122.75383064716941
 10
205.53598309411524
 20
122.5122796495694
 10
205.52977161411525
 20
122.2142138815694
  0
LWPOLYLINE
  8
0
 90
20
 70
1
 10
252.5247677413152
 20
122.6163208527694
 10
252.4941983981152
 20
122.5522939535694
 10
252.4019802413152
 20
122.4982358527694
 10
252.26683766451524
 20
122.4613458479694
 10
252.1067677413152
 20
122.44912085276938
 10
251.9378454141152
 20
122.4482010855694
 10
251.77594682451524
 20
122.44543726956941
 10
251.6384582645152
 20
122.44146643676939
 10
251.56754774131525
 20
122.4365808527694
 10
251.51672863891525
 20
122.44522943996938
 10
251.46433651891525
 20
122.48052318636941
 10
251.41835802371523
 20
122.53598810796942
 10
251.3864144637152
 20
122.6037808527694
 10
251.40672976531528
 20
122.67546417436941
 10
251.51042101891517
 20
122.7333608527694
 10
251.68823805171516
 20
122.7715192367694
 10
251.92563446371526
 20
122.78352085276939
 10
252.1552142757152
 20
122.77139684636941
 10
252.34877235251525
 20
122.73440585276941
 10
252.48539398051525
 20
122.68084885036942
  0
LWPOLYLINE
  8
0
 90
12
 70
1
 10
185.42458440211524
 20
121.74897085276939
 10
185.38754124211522
 20
121.67930245836942
 10
185.35706920931523
 20
121.6764194287694
 10
185.33344017091525
 20
121.72520236956939
 10
185.32356767971524
 20
121.8499875751694
 10
185.32540654531525
 20
121.96638903836941
 10
185.34391892931524
 20
122.04664353356938
 10
185.3747914061152
 20
122.07716438876942
 10
185.41138446371525
 20
122.06943757516942
 10
185.44369419171525
 20
122.01477387596941
 10
185.45693124851525
 20
121.9336310471694
 10
185.45067328691522
 20
121.8404073495694
  0
LWPOLYLINE
  8
0
 90
48
 70
1
 10
187.0592800757152
 20
121.2369208527694
 10
187.05024308291524
 20
120.92249122076939
 10
187.05652261331522
 20
120.7520408527694
 10
187.07500674051522
 20
120.74848868876941
 10
187.09791765491522
 20
120.8189208527694
 10
187.16240786531526
 20
121.0679033887694
 10
187.2657826093152
 20
121.20320614316941
 10
187.44476736691524
 20
121.27445173516942
 10
187.78716119891521
 20
121.30656801276942
 10
188.76057585651526
 20
121.34215519516941
 10
189.3878221421152
 20
121.34074569916942
 10
189.81039656691522
 20
121.31348407356941
 10
189.93374535731525
 20
121.2369208527694
 10
189.90205694451524
 20
121.1516578815694
 10
189.66889169571525
 20
121.1068584807694
 10
189.1991013285152
 20
121.0917369127694
 10
188.27816774131523
 20
121.10965406476942
 10
187.66838549571523
 20
121.11677093276941
 10
187.44958055331523
 20
121.0722706527694
 10
187.34853808211523
 20
120.95536675356941
 10
187.31676774131523
 20
120.7053477447694
 10
187.3386903365152
 20
120.47293288956939
 10
187.41255545091522
 20
120.34921692796938
 10
187.56093307811523
 20
120.2858031511694
 10
187.86016774131522
 20
120.2637692007694
 10
188.09272036931526
 20
120.24817980716941
 10
188.34217390771522
 20
120.2109788103694
 10
188.57162798531525
 20
120.1595939031694
 10
188.73796774131523
 20
120.1005595959694
 10
188.81284424851523
 20
120.04132799276941
 10
188.79690289891525
 20
120.0007126047694
 10
188.6210753789152
 20
119.99092722476941
 10
188.23636774131523
 20
120.0169291655694
 10
187.89484769651523
 20
120.04375991676939
 10
187.55999140771524
 20
120.0682931727694
 10
187.27161053251524
 20
120.0878875079694
 10
187.10776774131523
 20
120.09653877036942
 10
186.9597541085152
 20
120.15401878636942
 10
186.86965036291522
 20
120.2929243663694
 10
186.82562944531523
 20
120.5665222535694
 10
186.8151677413152
 20
121.11152085276939
 10
186.82519087971525
 20
121.49613000956941
 10
186.85604479731523
 20
121.8200308527694
 10
186.89942433571525
 20
122.07009383516939
 10
186.9543237869152
 20
122.1147208527694
 10
187.00729191091523
 20
122.07169477516942
 10
187.04255656451522
 20
121.85686701916941
 10
187.06236892851524
 20
121.5734549935694
  0
LWPOLYLINE
  8
0
 90
12
 70
1
 10
215.19022178051523
 20
120.9044702375694
 10
215.16282589331524
 20
120.83055161916941
 10
215.13787580771523
 20
120.83386217916939
 10
215.11959198611524
 20
120.9562091071694
 10
215.11413273891526
 20
121.1951208527694
 10
215.11762487811524
 20
121.4356255127694
 10
215.13410093331524
 20
121.5820821791694
 10
215.15954359011522
 20
121.5991130039694
 10
215.18684751731521
 20
121.5732702375694
 10
215.21090809891524
 20
121.4349221023694
 10
215.21922546291526
 20
121.2569169695694
 10
215.21251756611525
 20
121.07051321356938
  0
LWPOLYLINE
  8
0
 90
12
 70
1
 10
195.41633083491521
 20
121.12711375756939
 10
195.4207026133152
 20
121.07826811676941
 10
195.38420753491522
 20
121.0457465463694
 10
195.29776747571523
 20
121.03971062636941
 10
195.17539847731524
 20
121.06301446076941
 10
194.92853887971523
 20
121.13835996396938
 10
194.8523722573152
 20
121.2091531127694
 10
194.88292504771522
 20
121.2641306463694
 10
195.08170009891523
 20
121.2787208527694
 10
195.18081023971524
 20
121.2674749807694
 10
195.2793824981152
 20
121.2341862967694
 10
195.36287080851523
 20
121.1851816487694
  0
LWPOLYLINE
  8
0
 90
12
 70
1
 10
214.85358832291524
 20
120.88403354876942
 10
214.84303148211524
 20
120.8558058415694
 10
214.49528156531522
 20
120.8344647679694
 10
214.06284083571524
 20
120.81897000956943
 10
213.53497354851527
 20
120.8141355887694
 10
212.97307437331523
 20
120.82054469916939
 10
212.65144410611524
 20
120.8445522783694
 10
212.61486091331523
 20
120.88416948236939
 10
212.6475677413152
 20
120.9270429063694
 10
213.13836277571522
 20
120.9902204295694
 10
213.89492806211524
 20
120.9963033327694
 10
214.66104163891526
 20
120.9695312687694
  0
LWPOLYLINE
  8
0
 90
12
 70
1
 10
192.11362304851522
 20
120.15012085276939
 10
192.0854809477152
 20
120.1067926447694
 10
192.05961995651523
 20
120.1153745191694
 10
192.04179175491524
 20
120.23338929516939
 10
192.03715864291522
 20
120.4427208527694
 10
192.04179175491524
 20
120.65205241036941
 10
192.05961995651523
 20
120.77006718636942
 10
192.0854809477152
 20
120.77864906076941
 10
192.11362304851522
 20
120.7353208527694
 10
192.1373997245152
 20
120.6020179775694
 10
192.14516449251525
 20
120.4427208527694
 10
192.1373997245152
 20
120.28342372796939
  0
LWPOLYLINE
  8
0
 90
16
 70
1
 10
214.3110194741152
 20
120.2917171823694
 10
214.46861767971527
 20
120.21304105516938
 10
214.48197010451523
 20
120.14729918556941
 10
214.39157492931525
 20
120.07423178236941
 10
214.06021947411526
 20
119.9381488727694
 10
213.44075935811523
 20
119.6963642967694
 10
213.29393384851525
 20
119.64808864076939
 10
213.28525014931523
 20
119.6660270271694
 10
213.43482342371527
 20
119.7686383359694
 10
213.53689885651522
 20
119.8564210111694
 10
213.60879535811523
 20
119.9690736831694
 10
213.64047691571525
 20
120.08854025676942
 10
213.62593486291524
 20
120.1963427911694
 10
213.62826613251522
 20
120.34320040316942
 10
213.73095686131524
 20
120.4221587639694
 10
213.96059201651525
 20
120.40754113676938
  0
LWPOLYLINE
  8
0
 90
12
 70
1
 10
215.22523446371525
 20
119.88016892876941
 10
215.17762643731524
 20
119.8465826287694
 10
215.05324485251523
 20
119.7786442527694
 10
214.90273458931523
 20
119.70083539196939
 10
214.73756774131522
 20
119.62014500636938
 10
214.45526709411524
 20
119.48642831116939
 10
214.42828536131526
 20
119.48828941436939
 10
214.42734987731524
 20
119.5063824607694
 10
214.64412467731523
 20
119.68109709756939
 10
214.86320449651524
 20
119.82476118956941
 10
215.1206052181152
 20
119.9359354791694
 10
215.21707510371525
 20
119.9321913695694
  0
LWPOLYLINE
  8
0
 90
20
 70
1
 10
234.63436774131526
 20
119.2664380879694
 10
234.59108049731523
 20
119.1529057767694
 10
234.48890591491525
 20
119.1129690535694
 10
234.33076330611524
 20
119.16820173436939
 10
234.14462088371525
 20
119.31412085276939
 10
234.0309272245152
 20
119.40714742156942
 10
233.98575580371522
 20
119.39494014956942
 10
233.97638290611522
 20
119.3138068511694
 10
234.03076637811523
 20
119.06332085276942
 10
234.07018093571523
 20
118.74413488236941
 10
233.97973593491525
 20
118.61242726236941
 10
233.84012209571523
 20
118.6617574487694
 10
233.71222111811525
 20
118.94594444636941
 10
233.68219701411522
 20
119.2742819415694
 10
233.80446468931524
 20
119.5361306847694
 10
234.03962764371525
 20
119.6526759399694
 10
234.31752457731525
 20
119.59732471436939
 10
234.43877400451524
 20
119.52053426876941
 10
234.54129502531524
 20
119.4301793887694
 10
234.61254747251525
 20
119.34016827196942
  0
LWPOLYLINE
  8
0
 90
16
 70
1
 10
231.51803160851523
 20
119.18872085276939
 10
231.46422781891522
 20
119.0928416847694
 10
231.38318514291524
 20
119.01159335276941
 10
231.28835181091526
 20
118.95662016636939
 10
231.19412675251522
 20
118.93792085276941
 10
231.11077437571524
 20
118.95660762636942
 10
231.05709632051523
 20
119.00809853836941
 10
231.04036261011524
 20
119.08847090956942
 10
231.06270387411524
 20
119.18872085276939
 10
231.11650766371523
 20
119.2846000207694
 10
231.19755033971524
 20
119.36584835276942
 10
231.29238367171527
 20
119.42082153916941
 10
231.38660873011523
 20
119.43952085276939
 10
231.46996110691524
 20
119.42083407916941
 10
231.52363916211524
 20
119.36934316716942
 10
231.54037287251523
 20
119.2889707959694
  0
LWPOLYLINE
  8
0
 90
16
 70
1
 10
248.3447677413152
 20
118.43632085276943
 10
248.33935965731519
 20
118.3723084999694
 10
248.3231088205152
 20
118.3182358527694
 10
248.29923048691523
 20
118.2815705647694
 10
248.27103538371526
 20
118.26912085276939
 10
248.23580182931528
 20
118.28007897356939
 10
248.18860712131527
 20
118.3182358527694
 10
248.13894353811526
 20
118.3723210399694
 10
248.09396774131525
 20
118.43632085276943
 10
248.0677989349152
 20
118.50020797276939
 10
248.07300086131522
 20
118.5544058527694
 10
248.1083534621152
 20
118.5904310991694
 10
248.16770009891522
 20
118.60352085276939
 10
248.23529153491526
 20
118.59079308716942
 10
248.29275416211524
 20
118.5544058527694
 10
248.33121417491526
 20
118.50011701596941
  0
LWPOLYLINE
  8
0
 90
16
 70
1
 10
191.57402283571523
 20
94.79424085276939
 10
191.57925659699524
 20
94.7814634287694
 10
191.57821621171524
 20
94.7706238527694
 10
191.57114569155522
 20
94.7634188034894
 10
191.55927636419523
 20
94.7608008527694
 10
191.5457580769952
 20
94.76334640588938
 10
191.53426555155525
 20
94.7706238527694
 10
191.5265735489952
 20
94.7814816201294
 10
191.52386283571525
 20
94.79424085276939
 10
191.52494445251523
 20
94.8070433233294
 10
191.52819461987522
 20
94.81785785276941
 10
191.5329702865952
 20
94.8251909103694
 10
191.53860930723528
 20
94.8276808527694
 10
191.5456560181152
 20
94.82548922860938
 10
191.55509495971523
 20
94.81785785276941
 10
191.56502767635524
 20
94.8070408153294
  0
LWPOLYLINE
  8
0
 90
26
 70
1
 10
235.2197611917152
 20
115.2592076871694
 10
235.22505440931522
 20
115.1823102335694
 10
235.16214273411524
 20
115.09119593116941
 10
235.04121851091523
 20
114.99948622956941
 10
234.87823211811522
 20
114.92248394156941
 10
234.69003413891522
 20
114.8336059391694
 10
234.56996915651524
 20
114.73320852556941
 10
234.51784204851523
 20
114.62292842156941
 10
234.52852345331524
 20
114.5047971071694
 10
234.53882681891523
 20
114.3872904519694
 10
234.48004080371524
 20
114.3091298023694
 10
234.32993566611523
 20
114.2670218199694
 10
234.04246586371522
 20
114.2563208527694
 10
233.4610591301152
 20
114.2563208527694
 10
233.92231343571524
 20
114.73806418076941
 10
234.12346556931521
 20
114.92863924236939
 10
234.34630421171522
 20
115.10298837996939
 10
234.55807705651526
 20
115.2390508911694
 10
234.71796774131522
 20
115.30386864636941
 10
234.84840698211522
 20
115.3374843735694
 10
234.96351782851525
 20
115.3689343591694
 10
235.06035990131522
 20
115.3967718215694
 10
235.08430009891524
 20
115.40732548556939
 10
235.10239966611528
 20
115.40579125836939
 10
235.1372638757152
 20
115.3718165527694
 10
235.17777158691524
 20
115.3220187079694
  0
LWPOLYLINE
  8
0
 90
32
 70
1
 10
206.94013722131524
 20
114.46013781996939
 10
206.96849467571522
 20
114.3795989175694
 10
206.97585364931524
 20
114.2504238759694
 10
206.96493214531523
 20
114.1007629887694
 10
206.93520164451525
 20
113.95093690796939
 10
206.85118213971526
 20
113.76447530076939
 10
206.72090608611524
 20
113.6554680903694
 10
206.50307056931524
 20
113.6016084559694
 10
206.10726703811522
 20
113.58752085276939
 10
205.75496443251524
 20
113.5997859759694
 10
205.53831754051524
 20
113.6436249799694
 10
205.41906866131524
 20
113.7222193463694
 10
205.37436774131524
 20
113.83832085276939
 10
205.33267374611523
 20
114.0023146255694
 10
205.22299572931524
 20
114.0813988879694
 10
205.07984276771526
 20
114.0498370455694
 10
204.95134990211523
 20
113.9138019551694
 10
204.89253027971523
 20
113.8510808879694
 10
204.82050620451523
 20
113.8257179855694
 10
204.73793297971523
 20
113.84092298636939
 10
204.64888225971524
 20
113.89580973036941
 10
204.55079822531525
 20
113.9613526319694
 10
204.41355896051525
 20
114.02829917756941
 10
204.26261899331521
 20
114.08653376716941
 10
204.12036774131525
 20
114.1259102031694
 10
204.0478918917152
 20
114.1702484663694
 10
204.05743499891526
 20
114.22143440556938
 10
204.21403635811527
 20
114.28493077916941
 10
204.53836774131523
 20
114.36253732796939
 10
205.30932225971523
 20
114.49604819996941
 10
206.0829611741152
 20
114.5616310623694
 10
206.75171837091523
 20
114.56790390476941
  0
LWPOLYLINE
  8
0
 90
16
 70
1
 10
211.41123191971522
 20
113.7217149039694
 10
211.49968924691524
 20
113.5361446399694
 10
211.48946429811525
 20
113.4596951151694
 10
211.41595398211527
 20
113.4266380031694
 10
211.19758710371525
 20
113.4487858167694
 10
211.02662711011524
 20
113.49684411276941
 10
210.89399119571522
 20
113.58555240716939
 10
210.80332816611525
 20
113.7142663111694
 10
210.75504715971525
 20
113.8792942159694
 10
210.74028757971524
 20
114.0615470647694
 10
210.77047888371527
 20
114.1520997423694
 10
210.84198447171525
 20
114.18249887596942
 10
210.96869197571522
 20
114.1522233031694
 10
211.08365919731526
 20
114.0894408735694
 10
211.20881140691523
 20
113.9835031207694
 10
211.32440529411525
 20
113.85482382716941
  0
LWPOLYLINE
  8
0
 90
16
 70
1
 10
225.92400147891524
 20
111.7384532103694
 10
225.82905445091524
 20
111.6936665167694
 10
225.72500137651525
 20
111.6703765599694
 10
225.62782323171524
 20
111.67075777596939
 10
225.55390009891522
 20
111.69665321036939
 10
225.51442100211523
 20
111.74318279676939
 10
225.51138364691522
 20
111.8023996863694
 10
225.54883711571526
 20
111.86674526876939
 10
225.62153400371523
 20
111.9253884951694
 10
225.71648103171526
 20
111.9701751887694
 10
225.82053410611525
 20
111.9934651455694
 10
225.91771225091523
 20
111.9930839295694
 10
225.99163538371528
 20
111.96718849516941
 10
226.03111448051524
 20
111.92065890876938
 10
226.03415183571522
 20
111.8614420191694
 10
225.99669836691524
 20
111.79709643676941
  0
LWPOLYLINE
  8
0
 90
24
 70
1
 10
212.73377054371522
 20
110.4911845151694
 10
212.82729202451526
 20
110.3458019415694
 10
212.84592663171523
 20
110.2223152111694
 10
212.79218520771522
 20
110.0895184503694
 10
212.64472952131527
 20
109.90598451516941
 10
212.41463673971523
 20
109.6898813575694
 10
212.20864918211524
 20
109.5837222319694
 10
212.13408299811525
 20
109.63162051756939
 10
212.16193400371526
 20
109.76775459036939
 10
212.20430566051522
 20
109.84611103116941
 10
212.19711271651522
 20
109.87761452076941
 10
212.16210137091522
 20
109.88164119836941
 10
212.07869866691524
 20
109.8356138807694
 10
211.84106466371523
 20
109.7711525959694
 10
211.47796478371524
 20
109.8147770823694
 10
211.15079200371522
 20
109.91964860076939
 10
211.05916774131524
 20
110.05862256556941
 10
211.13840733251524
 20
110.2005644975694
 10
211.58300918691523
 20
110.45630074316941
 10
212.04432452051526
 20
110.6784923215694
 10
212.33449493731524
 20
110.74131370876941
 10
212.42171347971524
 20
110.7249371375694
 10
212.52954962131523
 20
110.66940867996941
 10
212.63920071891525
 20
110.5880655455694
  0
LWPOLYLINE
  8
0
 90
12
 70
1
 10
206.33228446371524
 20
110.14250413036942
 10
206.27762076451523
 20
110.11019440236939
 10
206.19647793571525
 20
110.0969573455694
 10
206.10325423811523
 20
110.10321530716939
 10
206.01181774131524
 20
110.1293041919694
 10
205.94214934691524
 20
110.16634735196939
 10
205.93926631731526
 20
110.1968193847694
 10
205.98804925811524
 20
110.2204484231694
 10
206.11283446371522
 20
110.2303209143694
 10
206.22923592691524
 20
110.22848204876941
 10
206.30949042211526
 20
110.2099696647694
 10
206.34001127731523
 20
110.1790971879694
  0
LWPOLYLINE
  8
0
 90
20
 70
1
 10
248.23164757811526
 20
109.4523602143694
 10
248.25521224451523
 20
109.4018858783694
 10
248.2232200293152
 20
109.3220246375694
 10
248.13777949171526
 20
109.22300913196939
 10
248.00962102611527
 20
109.1206588223694
 10
247.7927785101152
 20
108.98477086796942
 10
247.6682165165152
 20
108.9625974727694
 10
247.55918104931519
 20
109.0223995623694
 10
247.40694310851524
 20
109.2156011687694
 10
247.26351142451526
 20
109.3861021983694
 10
247.13086263571518
 20
109.4642670279694
 10
246.97420977891525
 20
109.47044958236941
 10
246.75116966051516
 20
109.4055445487694
 10
246.50147869811522
 20
109.3354208687694
 10
246.36118903651527
 20
109.3694999071694
 10
246.3378320325152
 20
109.4743971743694
 10
246.45510928931523
 20
109.6357291231694
 10
246.62782137171519
 20
109.7007535375694
 10
247.28644875651523
 20
109.6452658767694
 10
247.92692089651524
 20
109.56087418476939
  0
LWPOLYLINE
  8
0
 90
16
 70
1
 10
213.56716774131522
 20
108.2371208527694
 10
213.55440335891524
 20
108.17331097916941
 10
213.51805274131522
 20
108.11903585276941
 10
213.46377761491522
 20
108.08268523516941
 10
213.39996774131527
 20
108.0699208527694
 10
213.33615786771523
 20
108.08268523516941
 10
213.28188274131523
 20
108.11903585276941
 10
213.24553212371526
 20
108.17331097916941
 10
213.23276774131523
 20
108.2371208527694
 10
213.24553212371526
 20
108.30093072636942
 10
213.28188274131523
 20
108.35520585276942
 10
213.33615786771523
 20
108.39155647036941
 10
213.39996774131527
 20
108.40432085276939
 10
213.46377761491522
 20
108.39155647036941
 10
213.51805274131522
 20
108.35520585276942
 10
213.55440335891524
 20
108.30093072636942
  0
LWPOLYLINE
  8
0
 90
36
 70
1
 10
248.55376774131526
 20
107.43522697756939
 10
248.6657728477153
 20
107.3282601087694
 10
248.76041640771524
 20
107.21620199996941
 10
248.82785519011532
 20
107.11410583436941
 10
248.84636774131525
 20
107.0450746391694
 10
248.79705695011518
 20
106.99036295356942
 10
248.35521774131527
 20
106.9500463519694
 10
247.8154590229152
 20
106.92156416636941
 10
247.17436774131522
 20
106.9139826495694
 10
246.5332804725152
 20
106.92616400556942
 10
245.99351774131523
 20
106.95863993036942
 10
245.5518764973152
 20
107.0023262807694
 10
245.50236774131525
 20
107.0576851975694
 10
245.5824908173152
 20
107.2258470991694
 10
245.90635805331524
 20
107.45654798716939
 10
246.2513488357153
 20
107.6432881495694
 10
246.40135281731523
 20
107.6168023319694
 10
246.42625909651522
 20
107.56137686956941
 10
246.41820289891527
 20
107.4793368455694
 10
246.3802321133152
 20
107.3844456623694
 10
246.31644431011526
 20
107.29110475756941
 10
246.2340041765152
 20
107.17809611676941
 10
246.22743722931526
 20
107.1144011095694
 10
246.27405175331523
 20
107.0765886623694
 10
246.40149493731525
 20
107.06672085276941
 10
246.50508185811523
 20
107.08467696236939
 10
246.5930813917153
 20
107.1363004639694
 10
246.6519386341152
 20
107.21323236076941
 10
246.67276774131523
 20
107.3035875751694
 10
246.7797140445153
 20
107.5062363159694
 10
247.12464797891525
 20
107.68461330156939
 10
247.55098473811523
 20
107.7889474391694
 10
247.92676774131522
 20
107.7683280007694
 10
248.07599106611528
 20
107.7195146295694
 10
248.2488890749152
 20
107.63749299756941
 10
248.41736330611525
 20
107.53801919676941
  0
LWPOLYLINE
  8
0
 90
12
 70
1
 10
253.69516774131517
 20
106.2141718983694
 10
253.64247482851522
 20
106.15506084636941
 10
253.24085390771523
 20
106.1160311831694
 10
252.74157012931516
 20
106.0916871975694
 10
252.14856774131528
 20
106.0916285103694
 10
251.15837188851526
 20
106.1109631839694
 10
251.0009256677152
 20
106.13056119756939
 10
251.0024199341152
 20
106.15545894956941
 10
251.60516774131517
 20
106.2170285103694
 10
252.66459108211524
 20
106.3110709863694
 10
253.2592942285152
 20
106.3345813127694
 10
253.61060082371523
 20
106.3108552983694
  0
LWPOLYLINE
  8
0
 90
12
 70
1
 10
248.21936774131524
 20
105.93870488236941
 10
247.36307250371527
 20
105.92207634076942
 10
246.33836774131524
 20
105.91670370316939
 10
245.31366297891523
 20
105.92207634076942
 10
244.45736774131524
 20
105.93870488236941
 10
244.23294103331523
 20
105.95807667436941
 10
244.2339989077152
 20
105.9763733703694
 10
244.9893489845152
 20
105.9888610367694
 10
246.33836774131524
 20
105.99204084636939
 10
247.6873864981152
 20
105.9888610367694
 10
248.44273657491516
 20
105.9763733703694
 10
248.44379444931525
 20
105.95807667436941
  0
LWPOLYLINE
  8
0
 90
38
 70
1
 10
260.0470006045153
 20
104.31005014476939
 10
260.11792149411525
 20
104.1922941943694
 10
260.15859205811523
 20
104.04799490956938
 10
260.1646880029152
 20
103.8988087031694
 10
260.1335767645153
 20
103.7666501447694
 10
260.02191508691527
 20
103.2660018471694
 10
259.9708796277152
 20
101.9445169175694
 10
259.9569787869153
 20
100.6201273895694
 10
260.04478252931517
 20
100.1279208527694
 10
260.1156893741152
 20
99.73455643516941
 10
260.0854850285152
 20
99.1551517543694
 10
259.99840308851526
 20
98.71604542956939
 10
259.8854049813152
 20
98.7005120479694
 10
259.81411457971524
 20
98.7812343687694
 10
259.73812401891524
 20
98.8036015487694
 10
259.64769824611517
 20
98.7678459959694
 10
259.5270830085152
 20
98.6627504295694
 10
259.3891194333152
 20
98.56548149516941
 10
259.15268375251526
 20
98.46828780076942
 10
258.8718952621152
 20
98.3856684287694
 10
258.5837666917152
 20
98.33198418716941
 10
257.87632911251524
 20
98.2370970167694
 10
257.9789979381152
 20
98.93170885116939
 10
258.12768421651526
 20
99.8217637751694
 10
258.33238299651526
 20
100.8512355767694
 10
258.5471007349152
 20
101.83962416476939
 10
258.64356777811525
 20
102.0766094319694
 10
258.6661264021152
 20
102.1535961703694
 10
258.65424099011534
 20
102.2559200623694
 10
258.61212331011524
 20
102.3663817455694
 10
258.54454809251524
 20
102.46802145516939
 10
258.44296573251523
 20
102.7084171007694
 10
258.46342699971524
 20
103.0231928367694
 10
258.6129850589152
 20
103.4379523335694
 10
258.9127027629152
 20
103.9941657055694
 10
259.1887509661153
 20
104.35452684956942
 10
259.4858556685152
 20
104.5302212783694
 10
259.7788111357152
 20
104.51053581916939
  0
LWPOLYLINE
  8
0
 90
12
 70
1
 10
263.89436774131525
 20
103.5523353583694
 10
263.86030391811516
 20
103.4922839735694
 10
263.7668279157153
 20
103.4598085503694
 10
263.62071885811525
 20
103.45896954076939
 10
263.4345677413152
 20
103.49225638556939
 10
262.9899418101152
 20
103.60415063836939
 10
262.9252670109152
 20
103.66654265596941
 10
262.9611317453152
 20
103.7164521903694
 10
263.3649010189153
 20
103.7227208527694
 10
263.5677432101153
 20
103.7103321687694
 10
263.7388369637153
 20
103.6726700343694
 10
263.8577798669152
 20
103.61785953356939
  0
LWPOLYLINE
  8
0
 90
12
 70
1
 10
271.1744431725153
 20
103.5443962007694
 10
271.1754804813153
 20
103.3880892807694
 10
271.0000363509153
 20
103.15999805036941
 10
270.7589834421152
 20
102.96184397996942
 10
270.54056774131516
 20
102.8920383143694
 10
270.44988648691515
 20
102.9593486871694
 10
270.4182014181152
 20
103.1920069855694
 10
270.4411359077152
 20
103.4512062775694
 10
270.52663446371525
 20
103.61125413036942
 10
270.6765237461152
 20
103.69953439276941
 10
270.8678296389152
 20
103.7164416567694
 10
271.0500652661152
 20
103.6609327615694
  0
LWPOLYLINE
  8
0
 90
52
 70
1
 10
272.0871677413152
 20
102.8867208527694
 10
272.1118238893152
 20
102.82288606636939
 10
272.18249916211516
 20
102.7686358527694
 10
272.28751045971524
 20
102.7318575375694
 10
272.4117000989153
 20
102.71952085276939
 10
272.54363059651524
 20
102.70693085996939
 10
272.6717509405152
 20
102.66960463036939
 10
272.77769872531525
 20
102.61476102396941
 10
272.84125328451523
 20
102.5495934863694
 10
272.8954239109152
 20
102.4934774879694
 10
272.9694921733153
 20
102.4629980983694
 10
273.0520821181152
 20
102.46291433116939
 10
273.1303347277153
 20
102.4934218103694
 10
273.2016649229152
 20
102.52357031116941
 10
273.2391682173153
 20
102.50582604396939
 10
273.24485836771527
 20
102.44496908956938
 10
273.2077566877153
 20
102.3292817375694
 10
273.18813626931524
 20
102.1906525391694
 10
273.22999562531527
 20
102.0535550599694
 10
273.33752328291524
 20
101.9175825023694
 10
273.51194782771523
 20
101.7821998263694
 10
273.79854618371525
 20
101.4928092303694
 10
273.78995778851527
 20
101.2271118775694
 10
273.49384575251526
 20
101.0464557887694
 10
272.95237908611523
 20
101.0226939935694
 10
272.6557948773152
 20
101.0305092559694
 10
272.43391897251524
 20
101.0029220919694
 10
272.2840840301153
 20
100.9427966375694
 10
272.20928510371533
 20
100.85025812556941
 10
272.1827844053152
 20
100.7802583407694
 10
272.1698330933152
 20
100.7802646943694
 10
272.1648246173153
 20
100.8155953919694
 10
272.1790682181153
 20
100.92195432156939
 10
272.1835088829152
 20
101.0414244063694
 10
272.16129402211527
 20
101.15863495036939
 10
272.1172652461152
 20
101.25628359596939
 10
272.05690487571513
 20
101.3170243463694
 10
271.99929661731517
 20
101.3790190967694
 10
271.9632680269153
 20
101.4799480391694
 10
271.95290497091514
 20
101.6021568599694
 10
271.97134512451527
 20
101.7275302751694
 10
271.9790996933152
 20
101.87563118636942
 10
271.92890458131524
 20
102.0227093351694
 10
271.82034212291524
 20
102.1638639223694
 10
271.65688639971523
 20
102.2941926439694
 10
271.50186508051524
 20
102.4170938399694
 10
271.39591110931525
 20
102.5507142279694
 10
271.34677621251524
 20
102.6831531807694
 10
271.3580314477152
 20
102.8034534135694
 10
271.50178867011516
 20
102.96678507436941
 10
271.7625012893153
 20
103.0484947111694
 10
271.9958277189153
 20
103.0191969239694
  0
LWPOLYLINE
  8
0
 90
12
 70
1
 10
301.84876774131527
 20
102.97620361756941
 10
301.82993550371526
 20
102.93659176396939
 10
301.7382589077152
 20
102.86776321516942
 10
301.6166961477152
 20
102.7916733375694
 10
301.4725677413152
 20
102.7161798623694
 10
301.2125394717152
 20
102.5907649815694
 10
301.19440061251527
 20
102.5957533935694
 10
301.19720004211524
 20
102.6139636471694
 10
301.42092467731527
 20
102.7938970975694
 10
301.6456066997152
 20
102.96798623916942
 10
301.76277059491525
 20
103.03551831916938
 10
301.8210568493152
 20
103.02943374396939
  0
LWPOLYLINE
  8
0
 90
16
 70
1
 10
258.37676774131523
 20
102.21792085276941
 10
258.3713596573152
 20
102.1539084999694
 10
258.35510882051517
 20
102.0998358527694
 10
258.3312304869152
 20
102.06317056476941
 10
258.30303538371527
 20
102.0507208527694
 10
258.26780182931526
 20
102.0616789735694
 10
258.2206071213152
 20
102.0998358527694
 10
258.17094353811524
 20
102.1539210399694
 10
258.12596774131526
 20
102.21792085276941
 10
258.09979893491516
 20
102.28180797276941
 10
258.1050008613153
 20
102.3360058527694
 10
258.1403534621152
 20
102.3720310991694
 10
258.19970009891523
 20
102.3851208527694
 10
258.2672915349152
 20
102.3723930871694
 10
258.32475416211525
 20
102.3360058527694
 10
258.36321417491524
 20
102.28171701596939
  0
LWPOLYLINE
  8
0
 90
12
 70
1
 10
260.6722844637153
 20
102.2841041303694
 10
260.6176207645152
 20
102.25179440236941
 10
260.5364779357152
 20
102.2385573455694
 10
260.4432542381152
 20
102.24481530716939
 10
260.35181774131524
 20
102.27090419196941
 10
260.2821493469153
 20
102.3079473519694
 10
260.2792663173152
 20
102.33841938476941
 10
260.32804925811524
 20
102.36204842316941
 10
260.45283446371525
 20
102.3719209143694
 10
260.5692359269152
 20
102.37008204876939
 10
260.64949042211526
 20
102.3515696647694
 10
260.6800112773152
 20
102.3206971879694
  0
LWPOLYLINE
  8
0
 90
12
 70
1
 10
245.12268446371525
 20
101.94970413036941
 10
245.0680207645152
 20
101.91739440236941
 10
244.9868779357152
 20
101.9041573455694
 10
244.8936542381152
 20
101.9104153071694
 10
244.80221774131525
 20
101.9365041919694
 10
244.73254934691525
 20
101.97354735196939
 10
244.72966631731518
 20
102.00401938476939
 10
244.77844925811524
 20
102.0276484231694
 10
244.9032344637152
 20
102.0375209143694
 10
245.0196359269152
 20
102.0356820487694
 10
245.0998904221153
 20
102.01716966476941
 10
245.13041127731523
 20
101.9862971879694
  0
LWPOLYLINE
  8
0
 90
12
 70
1
 10
246.21614989171516
 20
101.9410481863694
 10
246.11617315331517
 20
101.9145523367694
 10
245.98390507891529
 20
101.9048783119694
 10
245.8428929461152
 20
101.91146097596939
 10
245.71454989171525
 20
101.93485275756942
 10
245.6500651989152
 20
101.96433530076939
 10
245.6529987229152
 20
101.9911085351694
 10
245.74176353091525
 20
102.0113358895694
 10
245.92036774131526
 20
102.0181253799694
 10
246.10096263491522
 20
102.0151565767694
 10
246.2141637229152
 20
101.9980396439694
 10
246.2357084461152
 20
101.9709447167694
  0
LWPOLYLINE
  8
0
 90
12
 70
1
 10
299.0481677413152
 20
101.9327222951694
 10
298.8768367309153
 20
101.9101643399694
 10
298.67196774131526
 20
101.90283278716942
 10
298.4670987517152
 20
101.9101643399694
 10
298.2957677413153
 20
101.9327222951694
 10
298.2439318957152
 20
101.95926479356939
 10
298.2510940749153
 20
101.9838966975694
 10
298.4025266133152
 20
102.0008231895694
 10
298.67196774131526
 20
102.0051815919694
 10
298.9414088693152
 20
102.0008231895694
 10
299.0928414077151
 20
101.9838966975694
 10
299.1000035869152
 20
101.95926479356939
  0
LWPOLYLINE
  8
0
 90
16
 70
1
 10
303.47409921171527
 20
101.4636007279694
 10
303.48487307811524
 20
101.3451417015694
 10
303.4751099357153
 20
101.2901805535694
 10
303.45300007651514
 20
101.2871681111694
 10
303.4202860589153
 20
101.3401208527694
 10
303.3664790925152
 20
101.42004195116941
 10
303.28390586771525
 20
101.48772701916941
 10
303.18645468531525
 20
101.5335461727694
 10
303.08883446371516
 20
101.54912085276939
 10
302.99832893651524
 20
101.56261874156941
 10
302.9215473525153
 20
101.60183717356941
 10
302.8702191261152
 20
101.66014349196941
 10
302.8519677413153
 20
101.72858062556939
 10
302.9448928197153
 20
101.85516122476939
 10
303.14735028371524
 20
101.8451949343694
 10
303.37271983251526
 20
101.6849178503694
  0
LWPOLYLINE
  8
0
 90
16
 70
1
 10
274.42796774131523
 20
101.21472085276939
 10
274.4225596573152
 20
101.1507084999694
 10
274.4063088205153
 20
101.0966358527694
 10
274.38243048691527
 20
101.0599705647694
 10
274.3542353837152
 20
101.0475208527694
 10
274.31900182931525
 20
101.05847897356941
 10
274.2718071213152
 20
101.0966358527694
 10
274.2221435381151
 20
101.1507210399694
 10
274.1771677413152
 20
101.21472085276939
 10
274.15099893491526
 20
101.27860797276941
 10
274.15620086131514
 20
101.3328058527694
 10
274.1915534621152
 20
101.36883109916941
 10
274.2509000989152
 20
101.38192085276941
 10
274.3184915349152
 20
101.36919308716939
 10
274.37595416211525
 20
101.3328058527694
 10
274.4144141749152
 20
101.2785170159694
  0
LWPOLYLINE
  8
0
 90
16
 70
1
 10
275.62606224771525
 20
100.9357464823694
 10
275.53162217011527
 20
100.82673659676941
 10
275.3750402061153
 20
100.7302770775694
 10
275.18563220051516
 20
100.6596992823694
 10
274.9907540797152
 20
100.6280274223694
 10
274.4694049173152
 20
100.61458888956942
 10
274.36027197251525
 20
100.70782278636939
 10
274.4335248005153
 20
100.8305173231694
 10
274.9317714373152
 20
100.98184536156938
 10
275.2228963989153
 20
101.05969719276939
 10
275.4763169245152
 20
101.1279495703694
 10
275.6943152941152
 20
101.18700628236942
 10
275.73207590931526
 20
101.19830599276939
 10
275.7424115445153
 20
101.1883432135694
 10
275.72160400611523
 20
101.1279502391694
 10
275.6824683381152
 20
101.0417016239694
  0
LWPOLYLINE
  8
0
 90
20
 70
1
 10
298.9179550565152
 20
100.8725338471694
 10
298.83478877331527
 20
100.8103242447694
 10
298.6097900741152
 20
100.75994838956939
 10
298.32549673731523
 20
100.7247527895694
 10
298.0072333765152
 20
100.71312085276939
 10
297.6679335805152
 20
100.69925562556939
 10
297.3931826821153
 20
100.6562243647694
 10
297.1951219093152
 20
100.5907577063694
 10
297.11070112451523
 20
100.50412085276939
 10
297.07770136211525
 20
100.4542741855694
 10
297.04726310371524
 20
100.4565268711694
 10
297.0233118709153
 20
100.5157651623694
 10
297.01316767971514
 20
100.6355880391694
 10
297.05167450851525
 20
100.8178139687694
 10
297.1693736109153
 20
100.92422439596939
 10
297.4235612501153
 20
100.9778905799694
 10
298.00822269891523
 20
101.00400120076941
 10
298.4134849013152
 20
101.0050988687694
 10
298.7115617045152
 20
100.9803296935694
 10
298.89519813331526
 20
100.93607737116939
  0
LWPOLYLINE
  8
0
 90
28
 70
1
 10
304.1136920469153
 20
99.6550715615694
 10
304.16394116451517
 20
99.3989719903694
 10
304.1295762141152
 20
99.2924257967694
 10
304.0207877013152
 20
99.24570510076941
 10
303.7296746109153
 20
99.25553629356939
 10
303.4619365821153
 20
99.2848546463694
 10
303.3585421085153
 20
99.33677007916941
 10
303.33915928131523
 20
99.42243917916939
 10
303.4119733765152
 20
99.5737058551694
 10
303.49032547011524
 20
99.67465519596941
 10
303.5802638549152
 20
99.7454087183694
 10
303.66731653491524
 20
99.7765554031694
 10
303.73811436531525
 20
99.76252866076939
 10
303.7749963445152
 20
99.7633820495694
 10
303.7903304237152
 20
99.79780217596942
 10
303.7656881533152
 20
99.8867030847694
 10
303.70464895091527
 20
100.0131515959694
 10
303.6351649781153
 20
100.1728505023694
 10
303.57878931811524
 20
100.3695464215694
 10
303.5424788285153
 20
100.57068300556939
 10
303.53440691411527
 20
100.74392895756941
 10
303.54796649971524
 20
100.96340905356939
 10
303.58324503091524
 20
100.9822275807694
 10
303.63446491171527
 20
100.9271254831694
 10
303.7761645709152
 20
100.6110562879694
 10
303.87151271171524
 20
100.38012917836939
 10
303.9694121573152
 20
100.1157090663694
 10
304.0556131205152
 20
99.8590988663694
  0
LWPOLYLINE
  8
0
 90
16
 70
1
 10
257.70796774131526
 20
100.2115208527694
 10
257.69441417491527
 20
100.1477246895694
 10
257.65595416211517
 20
100.0934358527694
 10
257.5984915349152
 20
100.0570486183694
 10
257.53090009891525
 20
100.0443208527694
 10
257.47155346211525
 20
100.05741060636942
 10
257.43620086131517
 20
100.0934358527694
 10
257.43099893491524
 20
100.1476337327694
 10
257.4571677413152
 20
100.2115208527694
 10
257.5021435381153
 20
100.27552066556939
 10
257.55180712131516
 20
100.3296058527694
 10
257.5990018293152
 20
100.36776273196942
 10
257.63423538371524
 20
100.3787208527694
 10
257.66243048691524
 20
100.3662711407694
 10
257.68630882051525
 20
100.3296058527694
 10
257.70255965731525
 20
100.2755332055694
  0
LWPOLYLINE
  8
0
 90
24
 70
1
 10
276.32898392211524
 20
99.83532085276941
 10
276.4169772693152
 20
99.26554739356939
 10
276.42795445091525
 20
98.3820544007694
 10
276.3944830173152
 20
97.4874885879694
 10
276.27872092691524
 20
97.29266112876938
 10
276.21129000291523
 20
97.26898493996941
 10
276.1379455493152
 20
97.2746396439694
 10
276.06997724451526
 20
97.30883037196939
 10
276.0180532845152
 20
97.36639348636939
 10
275.9906886637152
 20
97.43136372796941
 10
275.9942394901153
 20
97.4864046303694
 10
276.02753436051523
 20
97.5228809823694
 10
276.08446127891517
 20
97.53632085276939
 10
276.1550683341152
 20
97.6466562999694
 10
275.8884838181152
 20
98.16565379436942
 10
275.50002003251524
 20
98.7779861743694
 10
275.0501480341152
 20
99.3564672423694
 10
274.7450294357152
 20
99.7806171927694
 10
274.75124141731516
 20
100.02598118636939
 10
274.9913549965152
 20
100.17215010156939
 10
275.6206670381153
 20
100.20896051916941
 10
275.93786399731533
 20
100.19387774156942
 10
276.1280126989152
 20
100.1366528727694
 10
276.2480487557153
 20
100.02398047116938
  0
LWPOLYLINE
  8
0
 90
56
 70
1
 10
277.18676774131524
 20
99.7099208527694
 10
277.30494436691527
 20
99.51797224316941
 10
277.44526997651525
 20
99.3556658527694
 10
277.5860052261152
 20
99.2430058239694
 10
277.7025290797152
 20
99.20832085276939
 10
277.79248000451526
 20
99.1951638847694
 10
277.8513257101152
 20
99.15611098076941
 10
277.87031745651524
 20
99.0981557823694
 10
277.8490563045152
 20
99.0305850791694
 10
277.8418939581153
 20
98.8234580535694
 10
278.05087172051515
 20
98.5189773231694
 10
278.3908577053152
 20
98.20092781116941
 10
278.8027406933152
 20
97.9400623711694
 10
279.0533290181153
 20
97.7644926735694
 10
279.1894079149152
 20
97.55732652316941
 10
279.2607794085152
 20
97.22177167276939
 10
279.3087037773153
 20
96.4941801399694
 10
279.3291520029153
 20
96.0243340951694
 10
279.3410538005153
 20
95.61928122716941
 10
279.3473880053152
 20
95.26894673276941
 10
279.3351364253153
 20
95.22205448956939
 10
279.3044194445152
 20
95.20531676636939
 10
279.20978006451526
 20
95.2141031263694
 10
279.0903470981152
 20
95.2370503231694
 10
278.95496810051526
 20
95.2751217631694
 10
278.78445854371523
 20
95.36397167596938
 10
278.6788281045152
 20
95.49703896636939
 10
278.62368671491527
 20
95.7053168295694
 10
278.6079677413152
 20
96.0427881263694
 10
278.5958612909153
 20
96.2947737415694
 10
278.5588527413152
 20
96.50717057676941
 10
278.5054634405152
 20
96.6587405535694
 10
278.44076774131526
 20
96.7003208527694
 10
278.3760401069152
 20
96.6583444567694
 10
278.32268274131525
 20
96.50386085276939
 10
278.28567134931524
 20
96.2878290895694
 10
278.27356774131516
 20
96.0315208527694
 10
278.24985527011523
 20
95.5523370223694
 10
278.14104987011524
 20
95.4021449407694
 10
277.9506065621153
 20
95.41756679996939
 10
277.54371616611525
 20
95.70925622876939
 10
277.32877387811527
 20
95.91203772636939
 10
277.1958339941152
 20
96.11894956556941
 10
277.1255086709153
 20
96.3678526815694
 10
277.10316774131513
 20
96.7025885863694
 10
277.0909166629153
 20
96.95780550876941
 10
277.05405274131516
 20
97.18974367676941
 10
277.0007821525152
 20
97.37289756636939
 10
276.93596774131527
 20
97.4527208527694
 10
276.8216472493152
 20
97.6462210783694
 10
276.7715257053152
 20
98.8697261391694
 10
276.7418197829153
 20
100.1035208551694
 10
276.84807404531523
 20
100.2115208527694
 10
276.89036377411526
 20
100.1903914543694
 10
276.9802790853153
 20
100.0641758527694
 10
277.08162285091527
 20
99.90213062876941
  0
LWPOLYLINE
  8
0
 90
12
 70
1
 10
291.6042844637153
 20
100.1105041303694
 10
291.5496207645152
 20
100.0781944023694
 10
291.4684779357152
 20
100.0649573455694
 10
291.37525423811525
 20
100.0712153071694
 10
291.28381774131526
 20
100.0973041919694
 10
291.21414934691524
 20
100.13434735196941
 10
291.2112663173152
 20
100.1648193847694
 10
291.26004925811526
 20
100.18844842316939
 10
291.38483446371526
 20
100.1983209143694
 10
291.5012359269153
 20
100.1964820487694
 10
291.5814904221153
 20
100.1779696647694
 10
291.6120112773152
 20
100.14709718796941
  0
LWPOLYLINE
  8
0
 90
12
 70
1
 10
290.85536774131526
 20
99.9335874695694
 10
290.7600624037152
 20
99.9074484247694
 10
290.6463677413152
 20
99.8988000047694
 10
290.5326730789153
 20
99.9074484247694
 10
290.43736774131526
 20
99.9335874695694
 10
290.4023590709153
 20
99.96490101996939
 10
290.41254890771523
 20
99.99314795516939
 10
290.4973189733153
 20
100.0127051719694
 10
290.6463677413152
 20
100.01792080876942
 10
290.7954165093152
 20
100.0127051719694
 10
290.8801865749153
 20
99.99314795516939
 10
290.89037641171524
 20
99.96490101996939
  0
LWPOLYLINE
  8
0
 90
12
 70
1
 10
294.6061844021152
 20
99.6785708527694
 10
294.5691412421152
 20
99.6089024583694
 10
294.5386692093152
 20
99.6060194287694
 10
294.5150401709152
 20
99.6548023695694
 10
294.50516767971516
 20
99.7795875751694
 10
294.5070065453152
 20
99.89598903836941
 10
294.52551892931524
 20
99.9762435335694
 10
294.55639140611515
 20
100.00676438876941
 10
294.5929844637152
 20
99.9990375751694
 10
294.6252941917153
 20
99.9443738759694
 10
294.6385312485153
 20
99.8632310471694
 10
294.6322732869153
 20
99.77000734956938
  0
LWPOLYLINE
  8
0
 90
12
 70
1
 10
271.37308446371526
 20
99.77610413036939
 10
271.3184207645152
 20
99.7437944023694
 10
271.23727793571516
 20
99.73055734556938
 10
271.1440542381152
 20
99.73681530716941
 10
271.0526177413152
 20
99.7629041919694
 10
270.98294934691523
 20
99.7999473519694
 10
270.9800663173153
 20
99.8304193847694
 10
271.02884925811526
 20
99.8540484231694
 10
271.1536344637152
 20
99.86392091436942
 10
271.2700359269152
 20
99.8620820487694
 10
271.3502904221153
 20
99.8435696647694
 10
271.38081127731516
 20
99.81269718796939
  0
LWPOLYLINE
  8
0
 90
12
 70
1
 10
279.2767677413152
 20
99.14240843916942
 10
279.2465535309152
 20
99.04854536876938
 10
279.16435985011515
 20
98.97848789996941
 10
279.0321690221152
 20
98.9387894367694
 10
278.8588857845153
 20
98.9334084391694
 10
278.5630442781152
 20
98.9728661343694
 10
278.4546210973152
 20
99.06527874476939
 10
278.49506794771526
 20
99.1701154855694
 10
278.7333677413152
 20
99.26026554556941
 10
279.06262015491524
 20
99.33992230076939
 10
279.1929500469152
 20
99.3402841215694
 10
279.2560245749153
 20
99.2821327975694
  0
LWPOLYLINE
  8
0
 90
16
 70
1
 10
280.1127677413152
 20
99.14519365676941
 10
280.1003026469152
 20
99.11007680796942
 10
280.03909524131524
 20
99.03946724476938
 10
279.95803317011524
 20
98.9582490087694
 10
279.86196774131525
 20
98.8739208527694
 10
279.7263750621152
 20
98.77052922156939
 10
279.65954037331517
 20
98.7582421951694
 10
279.6208212005152
 20
98.80124135356941
 10
279.61116774131517
 20
98.93704804876938
 10
279.63023840611527
 20
99.0406093879694
 10
279.68484024131516
 20
99.12863450316941
 10
279.76628035171524
 20
99.1875377255694
 10
279.86196774131525
 20
99.20832085276939
 10
279.9580826613152
 20
99.2037506079694
 10
280.03909524131524
 20
99.18977720236941
 10
280.0969790453153
 20
99.16962709436939
  0
LWPOLYLINE
  8
0
 90
56
 70
1
 10
291.6495677413152
 20
98.8640532103694
 10
291.63867265491524
 20
98.7386920007694
 10
291.6046476221153
 20
98.6486763695694
 10
291.5544336165152
 20
98.6080639911694
 10
291.4966482933153
 20
98.6142950335694
 10
291.4337439749153
 20
98.6364928399694
 10
291.3711538253153
 20
98.62855685916941
 10
291.31862175891524
 20
98.5910435327694
 10
291.28417103491523
 20
98.53013073356941
 10
291.2274330525152
 20
98.46112629036939
 10
291.12899355091514
 20
98.43503322556938
 10
290.9774354453153
 20
98.45605595036942
 10
290.75740576291514
 20
98.52908891036942
 10
290.27416415571525
 20
98.66822556076941
 10
289.8563360373152
 20
98.6912842799694
 10
289.4902146861153
 20
98.59762519356939
 10
289.16166417811525
 20
98.38975044956939
 10
288.9584095045152
 20
98.19877695036939
 10
288.89760187411525
 20
98.08267745036942
 10
288.9216288485153
 20
97.9717892399694
 10
289.0524810733152
 20
97.8164933783694
 10
289.2454002789153
 20
97.57626794236938
 10
289.29299175251526
 20
97.37671842076941
 10
289.2058464437152
 20
97.2005252343694
 10
288.97436774131523
 20
97.0347208527694
 10
288.8460372269153
 20
96.97385654156939
 10
288.73819774131516
 20
96.9406258759694
 10
288.6653430165152
 20
96.93730779196939
 10
288.6399677413153
 20
96.9657108919694
 10
288.6198044245153
 20
96.9904431159694
 10
288.5722942101152
 20
96.98720294716941
 10
288.49810823891517
 20
96.95024439036939
 10
288.40959005091526
 20
96.8844697495694
 10
288.28923246851525
 20
96.8068214007694
 10
288.2053928709152
 20
96.8094675079694
 10
288.1392702869153
 20
96.8856312879694
 10
288.0774729997153
 20
97.0729971127694
 10
288.03822898611526
 20
97.2557134399694
 10
288.0049491637153
 20
97.49554762796942
 10
287.9817401317151
 20
97.7492706183694
 10
287.97345085731524
 20
97.9782381439694
 10
287.9983397477152
 20
98.26921312716941
 10
288.0820636429152
 20
98.4542781127694
 10
288.2549725197153
 20
98.5966253375694
 10
288.59186680931526
 20
98.7513232919694
 10
288.9044890093153
 20
98.8475634447694
 10
289.2938392893152
 20
98.91499838156939
 10
289.7148836669152
 20
98.9491469751694
 10
290.1258590933152
 20
98.94443461036941
 10
290.49482334611525
 20
98.9349033743694
 10
290.84824836531527
 20
98.95123781116939
 10
291.1450151565152
 20
98.98757856396941
 10
291.3025600253152
 20
99.0440650775694
 10
291.5406976349152
 20
99.1778725623694
 10
291.6089229261152
 20
99.1784189719694
 10
291.64438470851525
 20
99.12262416476939
  0
LWPOLYLINE
  8
0
 90
16
 70
1
 10
292.56916774131525
 20
99.0411208527694
 10
292.5179705997153
 20
98.97716434476939
 10
292.44997086131525
 20
98.92303585276942
 10
292.37631223891526
 20
98.8861769471694
 10
292.3085000989152
 20
98.8739208527694
 10
292.24846961411527
 20
98.88672101596941
 10
292.1973841621153
 20
98.92303585276942
 10
292.1631422709153
 20
98.97729526236941
 10
292.1511677413152
 20
99.0411208527694
 10
292.17123475091523
 20
99.1048874215694
 10
292.22773882051524
 20
99.15920585276942
 10
292.31216529011516
 20
99.19585692876939
 10
292.4118353837152
 20
99.20832085276939
 10
292.50406909011525
 20
99.1960706103694
 10
292.56557712131524
 20
99.15920585276942
 10
292.58721581091515
 20
99.1045979983694
  0
LWPOLYLINE
  8
0
 90
12
 70
1
 10
288.42748446371525
 20
98.94010413036939
 10
288.37282076451527
 20
98.9077944023694
 10
288.29167793571526
 20
98.89455734556938
 10
288.1984542381151
 20
98.90081530716941
 10
288.10701774131525
 20
98.9269041919694
 10
288.0373493469152
 20
98.9639473519694
 10
288.03446631731526
 20
98.9944193847694
 10
288.0832492581152
 20
99.0180484231694
 10
288.2080344637153
 20
99.0279209143694
 10
288.32443592691516
 20
99.0260820487694
 10
288.4046904221152
 20
99.00756966476939
 10
288.43521127731515
 20
98.97669718796939
  0
LWPOLYLINE
  8
0
 90
16
 70
1
 10
260.04876774131526
 20
97.4527208527694
 10
260.0421516373152
 20
97.1642525319694
 10
260.0217711277152
 20
96.92133835276941
 10
259.9932678749152
 20
96.7308368591694
 10
259.9568645893153
 20
96.7003208527694
 10
259.7340657405153
 20
96.7544005223694
 10
259.3341868765152
 20
96.97967025276941
 10
258.9456625645152
 20
97.23287492316942
 10
258.87836774131523
 20
97.36127917276941
 10
258.95107867411525
 20
97.5305636551694
 10
259.3112783029153
 20
97.84898284636941
 10
259.6933769517153
 20
98.1388309015694
 10
259.9041161661153
 20
98.2051208527694
 10
259.96057626211524
 20
98.1638358287694
 10
260.0062763693152
 20
97.9841033527694
 10
260.0383269373152
 20
97.7411316567694
  0
LWPOLYLINE
  8
0
 90
16
 70
1
 10
289.6431677413152
 20
98.1313884951694
 10
289.63220962051525
 20
98.09615494076941
 10
289.5940527413152
 20
98.04896023276942
 10
289.53996755411515
 20
97.99929664956939
 10
289.47596774131523
 20
97.9543208527694
 10
289.41208062131517
 20
97.92815204636939
 10
289.3578827413153
 20
97.9333539727694
 10
289.32185749491526
 20
97.9687065735694
 10
289.30876774131525
 20
98.0280532103694
 10
289.32149550691526
 20
98.09564464636941
 10
289.3578827413153
 20
98.1531072735694
 10
289.4121715781152
 20
98.19156728636939
 10
289.47596774131523
 20
98.2051208527694
 10
289.53998009411526
 20
98.1997127687694
 10
289.5940527413152
 20
98.18346193196939
 10
289.63071802931523
 20
98.15958359836941
  0
LWPOLYLINE
  8
0
 90
16
 70
1
 10
290.6463677413152
 20
97.7035208527694
 10
290.5380711309153
 20
97.64148329916941
 10
290.4201252413152
 20
97.5890522215694
 10
290.30985048771527
 20
97.55251116316941
 10
290.22836774131525
 20
97.54144151996938
 10
290.18953169571535
 20
97.5567814511694
 10
290.1839552413152
 20
97.5890522215694
 10
290.22599584211525
 20
97.6409280279694
 10
290.31196774131524
 20
97.7035208527694
 10
290.4202643517153
 20
97.7655584063694
 10
290.53821024131526
 20
97.81798948396938
 10
290.6484849949153
 20
97.85453054236939
 10
290.72996774131525
 20
97.8656001855694
 10
290.76880378691516
 20
97.85026025436939
 10
290.77438024131516
 20
97.81798948396938
 10
290.7323396405152
 20
97.76611367756941
  0
LWPOLYLINE
  8
0
 90
12
 70
1
 10
305.8431566805152
 20
97.6421047815694
 10
305.9216754725153
 20
97.52053198956939
 10
305.9378353525152
 20
97.4175175615694
 10
305.89348003491517
 20
97.31732747596939
 10
305.78002948451524
 20
97.20363197756939
 10
305.6420022061152
 20
97.10499952716941
 10
305.5730674853153
 20
97.11146080396941
 10
305.5345870741152
 20
97.1913962815694
 10
305.5271677413152
 20
97.4322480487694
 10
305.53551403091524
 20
97.7581330543694
 10
305.5850176037152
 20
97.8450190359694
 10
305.66668293251524
 20
97.83666438636939
  0
LWPOLYLINE
  8
0
 90
12
 70
1
 10
283.6239677413153
 20
97.45532449116942
 10
283.4926936709152
 20
97.29626779996941
 10
283.04380614611523
 20
97.25768456076939
 10
282.5754115645152
 20
97.31347435196939
 10
282.38290250051523
 20
97.47930498396939
 10
282.3806914477152
 20
97.58909335276941
 10
282.4500901485153
 20
97.6588906583694
 10
282.6229331485152
 20
97.68765725116941
 10
282.9578775517153
 20
97.6774453439694
 10
283.21309062851526
 20
97.64911397276941
 10
283.4283037805152
 20
97.5959851695694
 10
283.5810530189153
 20
97.52850776396942
  0
LWPOLYLINE
  8
0
 90
12
 70
1
 10
185.26856774131522
 20
97.4210655455694
 10
185.13526486611522
 20
97.39728886956941
 10
184.97596774131523
 20
97.3895241015694
 10
184.81667061651524
 20
97.39728886956941
 10
184.6833677413152
 20
97.4210655455694
 10
184.64003953331525
 20
97.4492076463694
 10
184.64862140771524
 20
97.4750686375694
 10
184.76663618371524
 20
97.49289683916939
 10
184.97596774131523
 20
97.4975299511694
 10
185.1852992989152
 20
97.49289683916939
 10
185.30331407491522
 20
97.4750686375694
 10
185.31189594931521
 20
97.4492076463694
  0
LWPOLYLINE
  8
0
 90
16
 70
1
 10
280.6143677413152
 20
97.39595896076939
 10
280.55285369091524
 20
97.28206800556939
 10
280.2277322877152
 20
97.0845516359694
 10
279.8871136181153
 20
96.9132269791694
 10
279.67296720211516
 20
96.8675208527694
 10
279.60574260291526
 20
96.9419709999694
 10
279.6706839189152
 20
97.09227811516939
 10
279.8819546621153
 20
97.2782451447694
 10
280.1251637821153
 20
97.3896424791694
 10
280.28359915811524
 20
97.43427919436941
 10
280.4239003565153
 20
97.4745884391694
 10
280.5424780949152
 20
97.5092558543694
 10
280.5725677413152
 20
97.5196543567694
 10
280.58852497491523
 20
97.51534126556939
 10
280.60208907491517
 20
97.49019371676938
 10
280.61137619891525
 20
97.44860455596941
  0
LWPOLYLINE
  8
0
 90
16
 70
1
 10
285.2959677413153
 20
97.3691208527694
 10
285.28320335891533
 20
97.30531097916939
 10
285.24685274131525
 20
97.25103585276939
 10
285.19257761491525
 20
97.2146852351694
 10
285.12876774131524
 20
97.2019208527694
 10
285.0649578677152
 20
97.2146852351694
 10
285.0106827413152
 20
97.25103585276939
 10
284.9743321237152
 20
97.30531097916939
 10
284.96156774131515
 20
97.3691208527694
 10
284.9743321237152
 20
97.43293072636939
 10
285.0106827413152
 20
97.48720585276939
 10
285.0649578677152
 20
97.5235564703694
 10
285.12876774131524
 20
97.53632085276939
 10
285.19257761491525
 20
97.5235564703694
 10
285.24685274131525
 20
97.48720585276939
 10
285.28320335891533
 20
97.43293072636939
  0
LWPOLYLINE
  8
0
 90
16
 70
1
 10
285.7975677413152
 20
97.46258849516941
 10
285.78660962051526
 20
97.4273549407694
 10
285.74845274131525
 20
97.38016023276938
 10
285.6943675541153
 20
97.33049664956941
 10
285.63036774131524
 20
97.28552085276941
 10
285.56648062131524
 20
97.2593520463694
 10
285.5122827413152
 20
97.26455397276939
 10
285.4762574949152
 20
97.2999065735694
 10
285.46316774131515
 20
97.35925321036942
 10
285.4758955069152
 20
97.42684464636939
 10
285.5122827413152
 20
97.4843072735694
 10
285.56657157811514
 20
97.5227672863694
 10
285.63036774131524
 20
97.53632085276939
 10
285.6943800941153
 20
97.53091276876941
 10
285.74845274131525
 20
97.5146619319694
 10
285.7851180293153
 20
97.4907835983694
  0
LWPOLYLINE
  8
0
 90
16
 70
1
 10
310.58318672691524
 20
97.1230462591694
 10
310.6111507597153
 20
96.91220020396939
 10
310.5843832101152
 20
96.8027281775694
 10
310.50566712211526
 20
96.7531744447694
 10
310.3561871453152
 20
96.7564709599694
 10
310.0592034957152
 20
96.83021635916938
 10
309.9336182381152
 20
96.9485737279694
 10
309.9534575213152
 20
97.09952790716939
 10
310.1373735085152
 20
97.28193090156938
 10
310.2624748893153
 20
97.3757401335694
 10
310.37147624771524
 20
97.45564484636941
 10
310.4663237917152
 20
97.5239109343694
 10
310.4818760669152
 20
97.5310033911694
 10
310.4925253693152
 20
97.5246069879694
 10
310.52083818131524
 20
97.4133594647694
 10
310.55129015011516
 20
97.28113402636939
  0
LWPOLYLINE
  8
0
 90
12
 70
1
 10
275.6932079285152
 20
96.73942776236939
 10
275.50692455651523
 20
96.6558548487694
 10
274.92778722851523
 20
96.6373433007694
 10
274.3426985837152
 20
96.6459226671694
 10
274.2606408365152
 20
96.73101509436941
 10
274.2886765981153
 20
96.7787520319694
 10
274.3957967893152
 20
96.8281581271694
 10
274.54438274771525
 20
96.8714993767694
 10
274.7205677413152
 20
96.90121666876941
 10
275.09864506291524
 20
96.9227440031694
 10
275.4507237877152
 20
96.89237747356941
 10
275.67683486851524
 20
96.8255707071694
  0
LWPOLYLINE
  8
0
 90
26
 70
1
 10
273.00676774131523
 20
96.7003208527694
 10
272.7635935661152
 20
96.65257522076939
 10
272.59872015411526
 20
96.6087800231694
 10
272.54917177171524
 20
96.5786525895694
 10
272.5568353837152
 20
96.55684736876941
 10
272.6787480933152
 20
96.4793227479694
 10
272.6616885101153
 20
96.3622982975694
 10
272.44539089891526
 20
96.2404115039694
 10
272.16090009891525
 20
96.1987208527694
 10
271.9937768437153
 20
96.21535123356941
 10
271.86404352131524
 20
96.2656697391694
 10
271.78236999971523
 20
96.3445115615694
 10
271.7527677413152
 20
96.44427328076941
 10
271.7705262205152
 20
96.5377782087694
 10
271.8208779989152
 20
96.59700412716938
 10
271.90074626211515
 20
96.6161680895694
 10
272.0035677413151
 20
96.59358471996939
 10
272.0995236541153
 20
96.5704532687694
 10
272.1806952413152
 20
96.5799843375694
 10
272.23409357091515
 20
96.6199118647694
 10
272.2543677413152
 20
96.6824322919694
 10
272.3002260197152
 20
96.75613722876939
 10
272.4512897149152
 20
96.8096537687694
 10
272.6771508317152
 20
96.8410176463694
 10
272.96496774131526
 20
96.84379433676939
 10
273.6755677413152
 20
96.8200676535694
  0
LWPOLYLINE
  8
0
 90
16
 70
1
 10
280.00603160851523
 20
96.2823208527694
 10
280.0310295133153
 20
96.1862868575694
 10
280.0264283365152
 20
96.10519335276939
 10
279.9939208109153
 20
96.0520005119694
 10
279.94032016931527
 20
96.0315208527694
 10
279.87855582051526
 20
96.05083144956942
 10
279.82594132451516
 20
96.10519335276939
 10
279.79044459731523
 20
96.18642630236938
 10
279.77836774131526
 20
96.2823208527694
 10
279.78312775811526
 20
96.37843142556942
 10
279.7976704797153
 20
96.4594483527694
 10
279.81867481251527
 20
96.51705560796941
 10
279.8440791805152
 20
96.5331208527694
 10
279.8752315501153
 20
96.51855589356941
 10
279.9187587261153
 20
96.4594483527694
 10
279.9643787445152
 20
96.37838695036939
  0
LWPOLYLINE
  8
0
 90
16
 70
1
 10
308.8686074077152
 20
96.07332085276938
 10
308.86211753971526
 20
95.8406628887694
 10
308.8331404421152
 20
95.7624816735694
 10
308.7861988749152
 20
95.7605254335694
 10
308.70650918131514
 20
95.8643208527694
 10
308.60879766851525
 20
95.9839288775694
 10
308.5130475789152
 20
96.0273408527694
 10
308.3938988525153
 20
96.0059726927694
 10
308.20973808451515
 20
95.9061208527694
 10
307.84897064451525
 20
95.6905189607694
 10
307.7879165613152
 20
95.7152118927694
 10
307.8126833957152
 20
95.8040746799694
 10
308.15124400051513
 20
96.1098371655694
 10
308.5525433957152
 20
96.44285726396942
 10
308.73749184291523
 20
96.50138696156941
 10
308.8424208781152
 20
96.4075133575694
  0
LWPOLYLINE
  8
0
 90
48
 70
1
 10
303.93876774131525
 20
95.69712085276939
 10
303.88222270771524
 20
95.6331210399694
 10
303.79791194051523
 20
95.5790358527694
 10
303.7004179549152
 20
95.54231823116942
 10
303.60436774131523
 20
95.52992085276941
 10
303.50712606051513
 20
95.5156202367694
 10
303.4060859301152
 20
95.47314040156941
 10
303.31662924851526
 20
95.4105835247694
 10
303.2538399637152
 20
95.33662544716941
 10
303.2460536269152
 20
95.2587017199694
 10
303.3027103501152
 20
95.2107131463694
 10
303.45955180851524
 20
95.2041669319694
 10
303.7455723213152
 20
95.2425135831694
 10
304.07270363571524
 20
95.28530658396939
 10
304.2376497797152
 20
95.2689606103694
 10
304.3186974717152
 20
95.19635300716939
 10
304.34356780291523
 20
95.05960882156941
 10
304.3337874389152
 20
94.95924651996941
 10
304.3106820709153
 20
94.91696381356941
 10
304.28164561731523
 20
94.9199607063694
 10
304.2491653453152
 20
94.9771280583694
 10
304.12607471171526
 20
95.0781695263694
 10
303.90590876131523
 20
95.0727509087694
 10
303.6624374717153
 20
94.9669918927694
 10
303.48152807491533
 20
94.7897167551694
 10
303.4265154293152
 20
94.7206842223694
 10
303.3890019357152
 20
94.7106936879694
 10
303.3634786885152
 20
94.74040713436939
 10
303.3561280749152
 20
94.8291884951694
 10
303.34049153091524
 20
94.90463181036941
 10
303.2983440893152
 20
94.95001139516941
 10
303.23534062131523
 20
94.9584936183694
 10
303.1605340037152
 20
94.9287545903694
 10
303.08378920371524
 20
94.88726641836939
 10
303.05108421491525
 20
94.8930692615694
 10
303.04538720931527
 20
94.9258919591694
 10
303.08699509651524
 20
95.00280011356939
 10
303.1030060013153
 20
95.09379470076942
 10
303.05530735251523
 20
95.1888881959694
 10
302.9413249389152
 20
95.28131451676941
 10
302.7683677413152
 20
95.3627208527694
 10
302.4699058765152
 20
95.53715593116941
 10
302.4639567333152
 20
95.7032194727694
 10
302.7331420453153
 20
95.8309281703694
 10
303.2897030261152
 20
95.8643208527694
 10
303.5949321437152
 20
95.8537974519694
 10
303.81001019811515
 20
95.8189728687694
 10
303.92517020131527
 20
95.7651314591694
  0
LWPOLYLINE
  8
0
 90
12
 70
1
 10
301.60484283811525
 20
95.51879686956941
 10
301.6786855477152
 20
95.35353053756941
 10
301.6367823853153
 20
95.28583276236938
 10
301.5039368021152
 20
95.3093168383694
 10
301.27314796691525
 20
95.45999129196939
 10
301.09682102051534
 20
95.5941211383694
 10
301.06015757171525
 20
95.65292437516939
 10
301.08542433411526
 20
95.6885998391694
 10
301.22174316291523
 20
95.69712085276939
 10
301.3343022029152
 20
95.6838928247694
 10
301.44684552611517
 20
95.6447380959694
 10
301.5426850677152
 20
95.58708435916941
  0
LWPOLYLINE
  8
0
 90
16
 70
1
 10
302.6011677413152
 20
95.1955208527694
 10
302.6048070165153
 20
95.13118212556941
 10
302.5518800237152
 20
95.07636008796939
 10
302.43742276211526
 20
95.0398026439694
 10
302.2766353837152
 20
95.0283208527694
 10
302.11277804611524
 20
95.0405374879694
 10
301.9744538205153
 20
95.07743585276941
 10
301.87990389251524
 20
95.13146954236939
 10
301.84876774131527
 20
95.1955208527694
 10
301.8734238893152
 20
95.2593556391694
 10
301.9440991621152
 20
95.3136058527694
 10
302.0491104597153
 20
95.3503841679694
 10
302.1733000989152
 20
95.3627208527694
 10
302.3051060325152
 20
95.35033517836939
 10
302.43285586131526
 20
95.3136058527694
 10
302.5382965285153
 20
95.2596514159694
  0
LWPOLYLINE
  8
0
 90
16
 70
1
 10
234.46716774131522
 20
95.1217884951694
 10
234.45620962051524
 20
95.0865549407694
 10
234.41805274131525
 20
95.0393602327694
 10
234.36396755411522
 20
94.9896966495694
 10
234.29996774131524
 20
94.94472085276941
 10
234.23608062131524
 20
94.9185520463694
 10
234.18188274131523
 20
94.9237539727694
 10
234.14585749491525
 20
94.95910657356939
 10
234.13276774131523
 20
95.0184532103694
 10
234.14549550691524
 20
95.08604464636942
 10
234.18188274131523
 20
95.1435072735694
 10
234.23617157811526
 20
95.1819672863694
 10
234.29996774131524
 20
95.1955208527694
 10
234.36398009411525
 20
95.19011276876941
 10
234.41805274131525
 20
95.1738619319694
 10
234.45471802931525
 20
95.1499835983694
  0
LWPOLYLINE
  8
0
 90
20
 70
1
 10
232.29356774131523
 20
94.74225720236939
 10
232.27090729251523
 20
94.6428377415694
 10
232.20917989491525
 20
94.5875085863694
 10
232.10160625731524
 20
94.57794240556939
 10
231.93822945251526
 20
94.6169663839694
 10
231.78393879731524
 20
94.6585426703694
 10
231.69986929971523
 20
94.6558542615694
 10
231.67304356451524
 20
94.61699330316941
 10
231.69611331891525
 20
94.5465487663694
 10
231.72643520611524
 20
94.47636021276939
 10
231.71057310931522
 20
94.4382820847694
 10
231.65467881811526
 20
94.4303255383694
 10
231.54985177491523
 20
94.4629245223694
 10
231.33508387651523
 20
94.6038043999694
 10
231.30810314691522
 20
94.7687858231694
 10
231.47061051171522
 20
94.9081864823694
 10
231.7923489573152
 20
94.96252447596939
 10
232.01149783011522
 20
94.95605132796942
 10
232.16689066771522
 20
94.91565881756941
 10
232.25929006931523
 20
94.8431955079694
  0
LWPOLYLINE
  8
0
 90
20
 70
1
 10
279.41891583091524
 20
93.7966291783694
 10
279.4049380781152
 20
93.42758751196939
 10
279.3812546997152
 20
93.20232446956942
 10
279.3536198837152
 20
93.18368902636938
 10
279.32588725571526
 20
93.2135397439694
 10
279.27617836131526
 20
93.40443164956939
 10
279.18241828611525
 20
93.6123884887694
 10
279.0623818949153
 20
93.8052227567694
 10
278.9329391661152
 20
93.9500535703694
 10
278.8085620957152
 20
94.08977759436941
 10
278.70342807331514
 20
94.2661227655694
 10
278.6315668509152
 20
94.4503502463694
 10
278.6079677413152
 20
94.61304888796938
 10
278.62620006531523
 20
94.80137795196941
 10
278.6880771069153
 20
94.8959357383694
 10
278.8058857253152
 20
94.92911323436941
 10
279.02596774131524
 20
94.9020432199694
 10
279.26262797171523
 20
94.8193802087694
 10
279.37953471331525
 20
94.6846183463694
 10
279.4243284293152
 20
94.43044943356941
  0
LWPOLYLINE
  8
0
 90
48
 70
1
 10
225.83351267171523
 20
93.5509749255694
 10
225.70873850131525
 20
93.4996525511694
 10
224.5936594637152
 20
93.7901794383694
 10
223.50287174371525
 20
94.0886280943694
 10
223.33367086131523
 20
94.21610087276939
 10
223.27443390771526
 20
94.2714597895694
 10
223.16345992371524
 20
94.3181433671694
 10
223.02542545571524
 20
94.3505191391694
 10
222.87870009891526
 20
94.3620811863694
 10
222.72258462291526
 20
94.37312708716941
 10
222.5564399893152
 20
94.40419736156939
 10
222.4049074653152
 20
94.4489787047694
 10
222.29606862531523
 20
94.50185988476942
 10
222.29717900051526
 20
94.55607097356939
 10
222.42327304771524
 20
94.6022793687694
 10
222.69662230851526
 20
94.63372300076941
 10
223.09026862531525
 20
94.6448717295694
 10
223.62118547331522
 20
94.6372875375694
 10
223.90459816771525
 20
94.5962248895694
 10
224.05307009571524
 20
94.51336993276941
 10
224.11396767971524
 20
94.3796928639694
 10
224.12347968771525
 20
94.26881000396939
 10
224.14568602131527
 20
94.23367325836941
 10
224.17406721811523
 20
94.24067492556941
 10
224.21150112451522
 20
94.3177208527694
 10
224.34880760371524
 20
94.48383488876941
 10
224.54129994771523
 20
94.51804902476941
 10
224.70585066371524
 20
94.40446973036941
 10
224.76956774131526
 20
94.1923208527694
 10
224.78188921091524
 20
94.0643429631694
 10
224.81868274131523
 20
93.9561508527694
 10
224.87291707091524
 20
93.8832478071694
 10
224.93676774131524
 20
93.85792085276941
 10
225.00054300451527
 20
93.8789917311694
 10
225.05485274131524
 20
93.9384575815694
 10
225.09153541811523
 20
94.0272352639694
 10
225.10396774131524
 20
94.13208822316939
 10
225.12519896451522
 20
94.2528024431694
 10
225.18991890771525
 20
94.3891252847694
 10
225.28462215811524
 20
94.5192388199694
 10
225.39656774131524
 20
94.6221067807694
 10
225.56302687811524
 20
94.71974154876939
 10
225.65581134131523
 20
94.7017518319694
 10
225.71791794851526
 20
94.5812419303694
 10
225.77819187651525
 20
94.2225392431694
 10
225.80985955651525
 20
93.98265171836938
 10
225.83116484931526
 20
93.7714070583694
 10
225.84398908931524
 20
93.5939190751694
  0
LWPOLYLINE
  8
0
 90
12
 70
1
 10
226.94316774131522
 20
94.3873875751694
 10
226.92303702851524
 20
94.01829925996941
 10
226.84439534451525
 20
93.84111808876939
 10
226.69480150451523
 20
93.7756383887694
 10
226.43188602531524
 20
93.81200656236939
 10
226.21983796931522
 20
93.9279641095694
 10
226.12007173571521
 20
94.1173796391694
 10
226.15330189971525
 20
94.35722385916941
 10
226.3161677413152
 20
94.6110179095694
 10
226.55529015891523
 20
94.8144631911694
 10
226.75807683971524
 20
94.8366974471694
 10
226.89709410931525
 20
94.69170327916939
  0
LWPOLYLINE
  8
0
 90
24
 70
1
 10
228.11356774131522
 20
94.01987328076939
 10
228.06805272451524
 20
93.41442184956941
 10
227.90219350131525
 20
93.1218258623694
 10
227.59615195891524
 20
93.0325368823694
 10
227.05917411091525
 20
93.15055851356941
 10
226.78162294691523
 20
93.2433140511694
 10
226.71147468851524
 20
93.2902006095694
 10
226.72385350771523
 20
93.32376550796938
 10
226.89150009891526
 20
93.3392517391694
 10
227.15854692291526
 20
93.3877126527694
 10
227.33744590691526
 20
93.50390779116941
 10
227.3730217197152
 20
93.64447533916939
 10
227.28029510771523
 20
93.7726353095694
 10
227.16533106291524
 20
93.9276962551694
 10
227.11510000291523
 20
94.24044235036939
 10
227.12801035091525
 20
94.5615892423694
 10
227.22183446371525
 20
94.7496541303694
 10
227.29025872291524
 20
94.7927032815694
 10
227.4151594637152
 20
94.8283775751694
 10
227.56590815411525
 20
94.85291685036938
 10
227.72343446371525
 20
94.86112085276939
 10
227.9395329397152
 20
94.82812460156939
 10
228.05238274051524
 20
94.72918717836941
 10
228.10303213491522
 20
94.5205508383694
  0
LWPOLYLINE
  8
0
 90
10
 70
1
 10
229.17573399811522
 20
94.3525180151694
 10
228.98476267251522
 20
94.3300824503694
 10
228.80528116371522
 20
94.33735665356942
 10
228.66107818611522
 20
94.3703769815694
 10
228.58440009891524
 20
94.42813488396939
 10
228.51652091171522
 20
94.6116731663694
 10
228.58450459891523
 20
94.7223471935694
 10
228.79548558451523
 20
94.7377815927694
 10
229.13465697091524
 20
94.6373243215694
 10
229.65270025491523
 20
94.4431208527694
  0
LWPOLYLINE
  8
0
 90
16
 70
1
 10
230.7887677413152
 20
94.7171068111694
 10
230.75809573731522
 20
94.6678363151694
 10
230.66598024131525
 20
94.6388692495694
 10
230.53097493571522
 20
94.63278567756942
 10
230.37076774131526
 20
94.6529984855694
 10
230.21055670131523
 20
94.68825862476939
 10
230.07555524131521
 20
94.7282637327694
 10
229.97189525411522
 20
94.76809729356941
 10
229.95276774131526
 20
94.7970125271694
 10
229.97269179491522
 20
94.8222219399694
 10
230.07555524131521
 20
94.8422891167694
 10
230.21052008451522
 20
94.85650094956941
 10
230.37076774131526
 20
94.86112085276939
 10
230.53088732291525
 20
94.85063339996941
 10
230.66598024131525
 20
94.81881674476939
 10
230.7592892109152
 20
94.7724068735694
  0
LWPOLYLINE
  8
0
 90
24
 70
1
 10
229.35224051731524
 20
93.63848690396941
 10
229.4225665093152
 20
93.11714158716939
 10
229.38711760131523
 20
92.7806853615694
 10
229.25311566291523
 20
92.6163232471694
 10
229.03913912211522
 20
92.59150641996939
 10
228.88454884451525
 20
92.6271118271694
 10
228.7005218365152
 20
92.65832438876939
 10
228.51699893651522
 20
92.6810925143694
 10
228.36436774131522
 20
92.69055536556941
 10
228.17010391331524
 20
92.6996868263694
 10
228.13015648931523
 20
92.7309047383694
 10
228.14399228931524
 20
92.7797010551694
 10
228.29544305251522
 20
92.9018383143694
 10
228.39157101411524
 20
92.99570656796939
 10
228.46171241731523
 20
93.10870317036941
 10
228.49664818851525
 20
93.2228862239694
 10
228.48867107651523
 20
93.32003661356939
 10
228.45506504691522
 20
93.56454454316939
 10
228.52370800371523
 20
93.77089459036941
 10
228.68898035491526
 20
93.91365931356938
 10
228.92953718131523
 20
93.9776398983694
 10
229.09114083011522
 20
93.9669508023694
 10
229.21385894211522
 20
93.90891885916939
 10
229.2997450677152
 20
93.8000149783694
  0
LWPOLYLINE
  8
0
 90
30
 70
1
 10
308.9133895869153
 20
92.8129208527694
 10
308.9998605781152
 20
91.68432085276939
 10
308.5273818021152
 20
91.68432085276939
 10
308.3383304341152
 20
91.69765705916939
 10
308.1608687013151
 20
91.73743260156941
 10
308.01846161891524
 20
91.7955406207694
 10
307.9431585845153
 20
91.8651270871694
 10
307.9266398933152
 20
91.9352098031694
 10
307.96066459171516
 20
91.9837404391694
 10
308.05520916931533
 20
92.0036487759694
 10
308.21057157651524
 20
91.9905270871694
 10
308.4030015549152
 20
91.9824621951694
 10
308.5196822421153
 20
92.03065843116939
 10
308.58827972051523
 20
92.1436817855694
 10
308.6219678453153
 20
92.3528812551694
 10
308.6144684237152
 20
92.5281971431694
 10
308.56609395251525
 20
92.70938877356939
 10
308.48664251891523
 20
92.8691890031694
 10
308.3864872109152
 20
92.9798812551694
 10
308.2395207517152
 20
93.1086745791694
 10
308.20729479091517
 20
93.19199518796941
 10
308.24716179171526
 20
93.2768430015694
 10
308.4113677413152
 20
93.4165534823694
 10
308.52332051411514
 20
93.51972089836939
 10
308.61801640771534
 20
93.64134267996941
 10
308.68330399491515
 20
93.7624906167694
 10
308.7039677413153
 20
93.86242003756941
 10
308.73761289571524
 20
93.94942489836939
 10
308.7802350181152
 20
93.93760519596941
 10
308.8520270197152
 20
93.4722034943694
  0
LWPOLYLINE
  8
0
 90
20
 70
1
 10
310.61275203411515
 20
93.50084301516938
 10
310.5964891589151
 20
93.42000766716939
 10
310.63082802611524
 20
93.3159624511694
 10
310.7082717221152
 20
93.2053733615694
 10
310.8190246677152
 20
93.10565227196942
 10
310.9618995757153
 20
92.98388335436938
 10
311.0204051965153
 20
92.8838960823694
 10
311.0106940533152
 20
92.7872135183694
 10
310.93393621171526
 20
92.67990539436938
 10
310.72431222131524
 20
92.5683993799694
 10
310.54102373571516
 20
92.6298572511694
 10
310.4149096245152
 20
92.8818848335694
 10
310.37596774131526
 20
93.2924561375694
 10
310.38675615411523
 20
93.52665418076941
 10
310.42240386291525
 20
93.6890389879694
 10
310.4777796669152
 20
93.7680423255694
 10
310.54589510771524
 20
93.7726353095694
 10
310.6028892405152
 20
93.71983221196939
 10
310.6356293413153
 20
93.64947512076938
 10
310.6391005805152
 20
93.57250944956941
  0
LWPOLYLINE
  8
0
 90
24
 70
1
 10
299.7796690789152
 20
92.9034889127694
 10
299.52523448531514
 20
92.8171719127694
 10
298.5399265573152
 20
92.9663828647694
 10
297.5567542749152
 20
93.1526376455694
 10
297.3754017981152
 20
93.31452085276939
 10
297.40633162451525
 20
93.41030689036941
 10
297.5519798789152
 20
93.4759160031694
 10
297.83736269091514
 20
93.5133948863694
 10
298.31532629571524
 20
93.5235208527694
 10
298.8287737533152
 20
93.5101936751694
 10
299.14940784291514
 20
93.4625358231694
 10
299.3575593029152
 20
93.37336605676941
 10
299.4945751885152
 20
93.23092085276942
 10
299.59555613011526
 20
93.0690227647694
 10
299.64070130051516
 20
93.05942632076939
 10
299.6726445261153
 20
93.1112437743694
 10
299.6928529869153
 20
93.3563208527694
 10
299.7131987189152
 20
93.65348775356941
 10
299.7267114885152
 20
93.6698832183694
 10
299.7417621637153
 20
93.6604882503694
 10
299.7950476333153
 20
93.3837643919694
 10
299.8169280941152
 20
93.2276597839694
 10
299.82119570691526
 20
93.08157898316941
 10
299.80980503971523
 20
92.9625128535694
  0
LWPOLYLINE
  8
0
 90
38
 70
1
 10
305.0418013565152
 20
93.2727208527694
 10
305.0548033301153
 20
93.0942221455694
 10
305.08095491491525
 20
93.08042847996938
 10
305.1150709045153
 20
93.12120270796939
 10
305.19276774131527
 20
93.3563208527694
 10
305.3266347493152
 20
93.77432085276939
 10
305.3455843613153
 20
93.3563208527694
 10
305.36012189971524
 20
93.1689458319694
 10
305.3885826837153
 20
92.9505996863694
 10
305.42532287731524
 20
92.7363088095694
 10
305.4653515605152
 20
92.5621208527694
 10
305.49668534211526
 20
92.3483808999694
 10
305.43916870931525
 20
92.2437018287694
 10
305.27743765411526
 20
92.1958187583694
 10
304.83606844451515
 20
92.1877610559694
 10
304.07332244291524
 20
92.21755258476941
 10
303.44206469491525
 20
92.3051451535694
 10
303.0130487229152
 20
92.42715216396941
 10
302.9647215693152
 20
92.5674928215694
 10
302.9954644661152
 20
92.6293334135694
 10
302.9854164149153
 20
92.65656995916939
 10
302.9480343405152
 20
92.6575970687694
 10
302.8730568445152
 20
92.6169545943694
 10
302.74023818051523
 20
92.57498421756938
 10
302.41552207011523
 20
92.5646663055694
 10
302.0220618469152
 20
92.57515242076941
 10
301.59322310691533
 20
92.6105991551694
 10
300.95133979891517
 20
92.6898964303694
 10
300.68221802291527
 20
92.76940186956939
 10
300.5564234309152
 20
92.8980067591694
 10
300.5111677413152
 20
93.1138933927694
 10
300.6307244357152
 20
93.3915413655694
 10
300.9381463813153
 20
93.5478248775694
 10
301.60033964051524
 20
93.61227445836938
 10
303.2277348605152
 20
93.61681962316939
 10
304.32901739011527
 20
93.6029241327694
 10
304.7574245869152
 20
93.5583614871694
 10
304.9574053173152
 20
93.4559917823694
  0
LWPOLYLINE
  8
0
 90
12
 70
1
 10
309.6611427645152
 20
92.3143152375694
 10
309.6359843477153
 20
92.2202241063694
 10
309.61285757811515
 20
92.2231141583694
 10
309.5963368805153
 20
92.4121013215694
 10
309.59177783811526
 20
92.7711208527694
 10
309.5954097565152
 20
93.13156827196939
 10
309.6109488229152
 20
93.3454441583694
 10
309.6345698357152
 20
93.3563511159694
 10
309.65943648851527
 20
93.31751523756941
 10
309.68126093731524
 20
93.10342299436941
 10
309.68855085731525
 20
92.8343930111694
 10
309.68203289971524
 20
92.5568251271694
  0
LWPOLYLINE
  8
0
 90
12
 70
1
 10
236.42058440211525
 20
93.1577708527694
 10
236.38354124211523
 20
93.0881024583694
 10
236.35306920931524
 20
93.0852194287694
 10
236.32944017091523
 20
93.1340023695694
 10
236.31956767971522
 20
93.25878757516938
 10
236.32140654531526
 20
93.37518903836938
 10
236.33991892931525
 20
93.4554435335694
 10
236.37079140611522
 20
93.4859643887694
 10
236.40738446371523
 20
93.47823757516939
 10
236.43969419171523
 20
93.4235738759694
 10
236.45293124851526
 20
93.34243104716941
 10
236.44667328691523
 20
93.2492073495694
  0
LWPOLYLINE
  8
0
 90
12
 70
1
 10
306.15054853011526
 20
92.72932085276939
 10
306.15373034611525
 20
92.2580036151694
 10
306.1350900541153
 20
92.1630470567694
 10
306.1051221293153
 20
92.1646205759694
 10
306.03023977011526
 20
92.4367208527694
 10
305.92351868531523
 20
92.90879182796941
 10
305.8865475885153
 20
93.2450253431694
 10
305.91143948851527
 20
93.4543776335694
 10
306.0016587693152
 20
93.5235208527694
 10
306.0569574941152
 20
93.48219670396941
 10
306.10318277651515
 20
93.2902246863694
 10
306.1370686989153
 20
93.0337651335694
  0
LWPOLYLINE
  8
0
 90
48
 70
1
 10
215.50214107171524
 20
93.1490807999694
 10
215.51145009891522
 20
93.0953293439694
 10
215.45809808371524
 20
93.0171282319694
 10
215.35423645331525
 20
92.9275841047694
 10
215.21168775251522
 20
92.84039983836941
 10
214.99736009171522
 20
92.7113940031694
 10
214.62597862851524
 20
92.45567731996938
 10
214.19871875811523
 20
92.1483404791694
 10
213.76617403011525
 20
91.82365329436941
 10
213.34553661731522
 20
91.5141075743694
 10
212.95444076931526
 20
91.2529097407694
 10
212.62169671811523
 20
91.0522699079694
 10
212.48430730771523
 20
91.0155208527694
 10
212.39340635251523
 20
91.0040029463694
 10
212.30770665491525
 20
90.97016434156939
 10
212.23985890131524
 20
90.92017471836941
 10
212.20170101891526
 20
90.86111583276939
 10
212.05319030051524
 20
90.7516182247694
 10
210.54127025571523
 20
90.6892529591694
 10
208.85800482131523
 20
90.6561313079694
 10
207.04636774131524
 20
90.6744425503694
 10
206.36749812131524
 20
90.6960820759694
 10
206.10331911171522
 20
90.73276993596942
 10
206.07510829171522
 20
90.7980284303694
 10
206.16856774131523
 20
90.8851876167694
 10
206.31262692691524
 20
90.9634495895694
 10
206.43425907491525
 20
91.0486075591694
 10
206.52174814691526
 20
91.12905500316941
 10
206.54476774131524
 20
91.1867309775694
 10
206.58251263971525
 20
91.2390811303694
 10
206.80262157491524
 20
91.3049843479694
 10
207.08608342611524
 20
91.36834495516939
 10
207.42256774131522
 20
91.42063224076941
 10
208.28200516851524
 20
91.5626148023694
 10
209.01133039811523
 20
91.75054442556939
 10
209.58720866371522
 20
91.97297861116941
 10
209.96209514051523
 20
92.2224931775694
 10
210.18576827811523
 20
92.40423857436939
 10
210.38029461011521
 20
92.50766765836941
 10
210.57415765971524
 20
92.5469215367694
 10
210.79304536611522
 20
92.53129502476939
 10
210.86041609811525
 20
92.5352795679694
 10
210.93720938611523
 20
92.5707839863694
 10
211.01120307731523
 20
92.6303230703694
 10
211.07054118691525
 20
92.70592355356939
 10
211.53411355331525
 20
93.01259844956941
 10
213.2481056661152
 20
93.22914184476942
 10
214.96924206771524
 20
93.35536145916939
  0
LWPOLYLINE
  8
0
 90
12
 70
1
 10
238.27445101891527
 20
93.05327085276939
 10
238.2718676117152
 20
92.9771341591694
 10
238.22020649011523
 20
92.91240485276941
 10
238.12230971971525
 20
92.86908266396941
 10
237.9923010189152
 20
92.8547208527694
 10
237.77858296931524
 20
92.8827076247694
 10
237.66359401171522
 20
92.9697621439694
 10
237.65581352691524
 20
93.0974484367694
 10
237.7589177413152
 20
93.2483375751694
 10
237.88945897411526
 20
93.31565296396938
 10
238.04423216851524
 20
93.30052019356941
 10
238.18500537251523
 20
93.2052205407694
  0
LWPOLYLINE
  8
0
 90
20
 70
1
 10
274.6608791805153
 20
93.0918460663694
 10
274.74438722051525
 20
92.8578257567694
 10
274.75245696131526
 20
92.75588291356941
 10
274.7077603885152
 20
92.7045197423694
 10
274.59516774131515
 20
92.6875208527694
 10
274.53117210851525
 20
92.7099022447694
 10
274.4763306757153
 20
92.77347218636939
 10
274.43878207011517
 20
92.8681923239694
 10
274.4254074077152
 20
92.9801208527694
 10
274.4200657021152
 20
93.14379560796941
 10
274.3942093925152
 20
93.17516667516941
 10
274.3549755781152
 20
93.1607655719694
 10
274.26076774131525
 20
93.02192085276941
 10
274.1979973501152
 20
92.93680652236941
 10
274.14554704451524
 20
92.8980012415694
 10
274.11180290771523
 20
92.90694978556941
 10
274.0961280749152
 20
92.95225413036941
 10
274.15521354531523
 20
93.2023070807694
 10
274.3193944149152
 20
93.33170098716941
 10
274.51529646851526
 20
93.28944152156939
  0
LWPOLYLINE
  8
0
 90
40
 70
1
 10
218.27215935571525
 20
92.9675566087694
 10
218.54879777491524
 20
92.94971319196941
 10
218.71628803411525
 20
92.90523180556939
 10
218.79251434691523
 20
92.8334016823694
 10
218.79767096211523
 20
92.7368242871694
 10
218.80757823091523
 20
92.6394351359694
 10
218.89545972131523
 20
92.5700364351694
 10
219.08888554291522
 20
92.5309016031694
 10
219.41916774131522
 20
92.5203208527694
 10
219.78001159171524
 20
92.51039669676939
 10
219.96099673011523
 20
92.4693514375694
 10
220.03235468051525
 20
92.3900725543694
 10
220.0275038741152
 20
92.2695208527694
 10
220.01100089971524
 20
92.15239340716938
 10
220.05758566211523
 20
92.0740968239694
 10
220.1798090293152
 20
92.0304103063694
 10
220.40714250931524
 20
92.0187208527694
 10
220.80789281971522
 20
91.9598651151694
 10
221.08723921011529
 20
91.7864624967694
 10
221.11865391651523
 20
91.59262185196941
 10
220.94698984371524
 20
91.44082782716939
 10
220.79132146051523
 20
91.4081606255694
 10
220.59340213891522
 20
91.3975143327694
 10
220.38736743091522
 20
91.4079619919694
 10
220.20526472771525
 20
91.4400036983694
 10
220.00383169811528
 20
91.46798662476941
 10
219.73357496851523
 20
91.4634120327694
 10
219.44422784451527
 20
91.4314666335694
 10
219.17910649571522
 20
91.3742225367694
 10
218.39212033971526
 20
91.3170337831694
 10
217.36303660931523
 20
91.5367529751694
 10
216.43546819171524
 20
91.9063323567694
 10
216.0525534397152
 20
92.3290007479694
 10
215.93441510291527
 20
92.78733641036939
 10
216.02366278451524
 20
93.04353128556939
 10
216.30632107251523
 20
93.1544810255694
 10
216.87233604291524
 20
93.1068633015694
 10
217.21972882051523
 20
93.05791249196939
 10
217.60991727411522
 20
93.01434719436939
 10
217.98290586371525
 20
92.9817885055694
  0
LWPOLYLINE
  8
0
 90
12
 70
1
 10
233.12956774131524
 20
93.1259936567694
 10
233.11701269331525
 20
93.0907920375694
 10
233.05477082131526
 20
93.0193341015694
 10
232.97247297491526
 20
92.9370895919694
 10
232.87494019891523
 20
92.8515442199694
 10
232.73119468051524
 20
92.7364604599694
 10
232.68742355971523
 20
92.7307935503694
 10
232.67222190291523
 20
92.7641459375694
 10
232.72562875971522
 20
92.91467141596941
 10
232.81911847251524
 20
93.0677779607694
 10
232.96132441331523
 20
93.1784663671694
 10
233.07574238291522
 20
93.1933780991694
  0
LWPOLYLINE
  8
0
 90
16
 70
1
 10
237.14236774131524
 20
93.02192085276941
 10
237.13695965731523
 20
92.9579084999694
 10
237.12070882051523
 20
92.9038358527694
 10
237.09683048691525
 20
92.86717056476941
 10
237.06863538371522
 20
92.8547208527694
 10
237.0334018293152
 20
92.8656789735694
 10
236.98620712131523
 20
92.9038358527694
 10
236.93654353811525
 20
92.95792103996939
 10
236.89156774131527
 20
93.02192085276941
 10
236.86539893491522
 20
93.0858079727694
 10
236.87060086131524
 20
93.1400058527694
 10
236.90595346211526
 20
93.17603109916939
 10
236.96530009891526
 20
93.18912085276939
 10
237.03289153491525
 20
93.1763930871694
 10
237.09035416211526
 20
93.1400058527694
 10
237.12881417491525
 20
93.08571701596941
  0
LWPOLYLINE
  8
0
 90
12
 70
1
 10
204.60216407171524
 20
92.7624368191694
 10
204.63147506771523
 20
92.6654974359694
 10
204.6262622733152
 20
92.6060061711694
 10
204.59286307011524
 20
92.5860490119694
 10
204.53645263251525
 20
92.6051044615694
 10
204.47322846051526
 20
92.6558484911694
 10
204.41972011331524
 20
92.7234655087694
 10
204.38329124611525
 20
92.7968612927694
 10
204.37116774131525
 20
92.86458849516939
 10
204.39084266691523
 20
92.98818875436939
 10
204.44498353171525
 20
93.01232491036941
 10
204.52076609571523
 20
92.9416598367694
  0
LWPOLYLINE
  8
0
 90
20
 70
1
 10
234.63436774131526
 20
92.5024322919694
 10
234.65654130371524
 20
92.44522146796939
 10
234.72031907491524
 20
92.39622902556941
 10
234.81499607491523
 20
92.3625549455694
 10
234.92696774131525
 20
92.3505605191694
 10
235.09058882531522
 20
92.34525743676939
 10
235.12185990691523
 20
92.3195434143694
 10
235.10752468051524
 20
92.2805985215694
 10
234.96876774131522
 20
92.1871775279694
 10
234.8483494653152
 20
92.13289136636939
 10
234.6934102413152
 20
92.1031341135694
 10
234.53002741731524
 20
92.1002764983694
 10
234.38356774131523
 20
92.1269086159694
 10
234.09758100291523
 20
92.2196116527694
 10
234.01224580131523
 20
92.2826781551694
 10
233.99531763731522
 20
92.3721202903694
 10
234.05906932531522
 20
92.56943250876938
 10
234.18362178851524
 20
92.70548732876941
 10
234.38500164851524
 20
92.7399193263694
 10
234.56358111331525
 20
92.6599510775694
  0
LWPOLYLINE
  8
0
 90
12
 70
1
 10
308.36956774131517
 20
92.62439365676939
 10
308.3559994613152
 20
92.5888960935694
 10
308.2836164077152
 20
92.51240242796939
 10
308.18905895571515
 20
92.4242947159694
 10
308.0769677413153
 20
92.33179365676939
 10
307.88811417091523
 20
92.18464344476939
 10
307.8679677413152
 20
92.1859208527694
 10
307.86669033331526
 20
92.2060672823694
 10
308.0138405453153
 20
92.3949208527694
 10
308.16279484531526
 20
92.5716109575694
 10
308.27361350051524
 20
92.66570392796939
 10
308.3372320973152
 20
92.6719628927694
  0
LWPOLYLINE
  8
0
 90
12
 70
1
 10
279.3875011245152
 20
91.97692085276941
 10
279.35618757411527
 20
91.94191218236939
 10
279.3279406389152
 20
91.9521020191694
 10
279.3083834221152
 20
92.03687208476939
 10
279.3031677853152
 20
92.1859208527694
 10
279.3083834221152
 20
92.3349696207694
 10
279.3279406389152
 20
92.41973968636941
 10
279.35618757411527
 20
92.42992952316939
 10
279.3875011245152
 20
92.3949208527694
 10
279.4136401693152
 20
92.29961551516939
 10
279.42228858931526
 20
92.1859208527694
 10
279.4136401693152
 20
92.0722261903694
  0
LWPOLYLINE
  8
0
 90
12
 70
1
 10
278.22058440211526
 20
91.9873708527694
 10
278.1835412421152
 20
91.91770245836939
 10
278.15306920931516
 20
91.9148194287694
 10
278.1294401709153
 20
91.9636023695694
 10
278.11956767971526
 20
92.08838757516939
 10
278.12140654531515
 20
92.2047890383694
 10
278.1399189293152
 20
92.2850435335694
 10
278.17079140611526
 20
92.3155643887694
 10
278.2073844637152
 20
92.3078375751694
 10
278.2396941917152
 20
92.25317387596941
 10
278.25293124851527
 20
92.1720310471694
 10
278.2466732869152
 20
92.0788073495694
  0
LWPOLYLINE
  8
0
 90
16
 70
1
 10
311.04476774131524
 20
92.07248953036941
 10
311.0316465541153
 20
92.0289782383694
 10
310.9710952413152
 20
91.9439735911694
 10
310.89001762051527
 20
91.84575679996941
 10
310.7939677413153
 20
91.7440351623694
 10
310.64723017891527
 20
91.6088476087694
 10
310.58496774131527
 20
91.60581761036939
 10
310.5490576957152
 20
91.67061128876941
 10
310.5431677413152
 20
91.9179305191694
 10
310.55558334451524
 20
92.11536278716939
 10
310.60017993171516
 20
92.22420580716938
 10
310.6783718477152
 20
92.2651081103694
 10
310.7939677413153
 20
92.2463847199694
 10
310.89001344051525
 20
92.2038537215694
 10
310.9710952413152
 20
92.1556036471694
 10
311.02919105491526
 20
92.1085495543694
  0
LWPOLYLINE
  8
0
 90
12
 70
1
 10
239.27068446371524
 20
91.91770413036939
 10
239.21602076451524
 20
91.88539440236939
 10
239.13487793571522
 20
91.87215734556939
 10
239.04165423811526
 20
91.87841530716939
 10
238.95021774131524
 20
91.9045041919694
 10
238.88054934691522
 20
91.9415473519694
 10
238.87766631731523
 20
91.97201938476941
 10
238.9264492581152
 20
91.9956484231694
 10
239.05123446371522
 20
92.0055209143694
 10
239.16763592691524
 20
92.0036820487694
 10
239.24789042211523
 20
91.9851696647694
 10
239.27841127731526
 20
91.95429718796939
  0
LWPOLYLINE
  8
0
 90
16
 70
1
 10
266.40236774131523
 20
91.8515208527694
 10
266.3969596573152
 20
91.78750849996939
 10
266.3807088205152
 20
91.7334358527694
 10
266.3568304869152
 20
91.69677056476941
 10
266.3286353837152
 20
91.68432085276939
 10
266.2934018293152
 20
91.6952789735694
 10
266.24620712131525
 20
91.7334358527694
 10
266.1965435381153
 20
91.78752103996939
 10
266.15156774131526
 20
91.8515208527694
 10
266.12539893491527
 20
91.9154079727694
 10
266.13060086131526
 20
91.9696058527694
 10
266.1659534621153
 20
92.0056310991694
 10
266.2253000989152
 20
92.0187208527694
 10
266.2928915349153
 20
92.0059930871694
 10
266.3503541621153
 20
91.9696058527694
 10
266.3888141749152
 20
91.9153170159694
  0
LWPOLYLINE
  8
0
 90
12
 70
1
 10
292.0104453661152
 20
91.14231847756939
 10
291.8979936685152
 20
91.0476929751694
 10
291.8141569133153
 20
91.0258439479694
 10
291.73777844851514
 20
91.0646616015694
 10
291.65143135251526
 20
91.1797055679694
 10
291.5995177589152
 20
91.29238783436939
 10
291.59032844691524
 20
91.3931970615694
 10
291.6244987765152
 20
91.4788163359694
 10
291.69879593571517
 20
91.5475455679694
 10
291.89821754931523
 20
91.5957120423694
 10
292.0602552493153
 20
91.5077379231694
 10
292.10547599411524
 20
91.3268908919694
  0
LWPOLYLINE
  8
0
 90
14
 70
1
 10
200.35836774131522
 20
91.3499208527694
 10
200.32521198131525
 20
91.2870265663694
 10
200.2233015749152
 20
91.2367316359694
 10
200.07469605411524
 20
91.2051819991694
 10
199.89856774131525
 20
91.1993873487694
 10
199.43876774131522
 20
91.21605384476942
 10
199.85676774131525
 20
91.3499208527694
 10
200.0199554429152
 20
91.4024209839694
 10
200.16425890771524
 20
91.44936021036942
 10
200.28645435251522
 20
91.4895000815694
 10
200.31656774131523
 20
91.5004543567694
 10
200.33260757171524
 20
91.4949496311694
 10
200.34608907491523
 20
91.4631100695694
 10
200.35537987731522
 20
91.41286814156939
  0
LWPOLYLINE
  8
0
 90
20
 70
1
 10
255.7851677413152
 20
91.3499208527694
 10
255.66069570131526
 20
91.29025018236939
 10
255.60987910691526
 20
91.2429740479694
 10
255.61991528691522
 20
91.21040599596941
 10
255.68763446371526
 20
91.1944725047694
 10
255.77335957571523
 20
91.18461506156939
 10
255.83231212211524
 20
91.16356341116939
 10
255.85493712451517
 20
91.1357428359694
 10
255.84753267251529
 20
91.1057525063694
 10
255.69884773171515
 20
91.0574589599694
 10
255.39405366851526
 20
91.1304765375694
 10
255.10721972771523
 20
91.2484468383694
 10
255.03276774131524
 20
91.3694215559694
 10
255.06827215971532
 20
91.42567850396941
 10
255.19239140771526
 20
91.47028211356941
 10
255.36792766531528
 20
91.4991737719694
 10
255.5761677413152
 20
91.5053692007694
 10
255.88229639491516
 20
91.49547012476941
 10
255.95651915011524
 20
91.4691090383694
 10
255.95341508211519
 20
91.42988993756941
  0
LWPOLYLINE
  8
0
 90
16
 70
1
 10
271.91996774131525
 20
91.39050463996941
 10
271.8170959349152
 20
91.34532335436941
 10
271.7153863357152
 20
91.2846830911694
 10
271.6291469165153
 20
91.2186111687694
 10
271.5757077901152
 20
91.1576625887694
 10
271.51841821491524
 20
91.1193456991694
 10
271.42638447971524
 20
91.11868258396939
 10
271.31405550691534
 20
91.1549770223694
 10
271.1986147749152
 20
91.2245332255694
 10
271.06775920611517
 20
91.3395873911694
 10
271.07433384451525
 20
91.4011561159694
 10
271.18264082131526
 20
91.43837935036942
 10
271.5428747261152
 20
91.45737527676941
 10
271.7694188549152
 20
91.4607587359694
 10
271.9126517381152
 20
91.4475720063694
 10
271.93832496371516
 20
91.42086548476941
  0
LWPOLYLINE
  8
0
 90
12
 70
1
 10
287.6367677413152
 20
91.0207684247694
 10
287.6222937389153
 20
90.8813334895694
 10
287.5759228253153
 20
90.7972619855694
 10
287.49923019171524
 20
90.7658390863694
 10
287.3934159997152
 20
90.7849987015694
 10
287.2806645125153
 20
90.8427074471694
 10
287.2408939861152
 20
90.90615232316941
 10
287.2594802725152
 20
90.9868738079694
 10
287.3516159997152
 20
91.1077913431694
 10
287.53259612211525
 20
91.3063264623694
 10
287.5942671733153
 20
91.32263615356939
 10
287.6313778821152
 20
91.2746733287694
  0
LWPOLYLINE
  8
0
 90
20
 70
1
 10
291.1667777413152
 20
90.8002508527694
 10
291.0682081581152
 20
90.72399193596941
 10
290.97748008771526
 20
90.7011285063694
 10
290.8848962645153
 20
90.7303102567694
 10
290.78012774131525
 20
90.8148808527694
 10
290.6882899645152
 20
90.9178180343694
 10
290.6805044637153
 20
90.97372085276939
 10
290.72569845651526
 20
91.00769622716942
 10
290.8637277413152
 20
91.0155208527694
 10
290.97334289091526
 20
91.0312080583694
 10
291.0683497765152
 20
91.0769146863694
 10
291.1343770565152
 20
91.14477464556941
 10
291.16116767971516
 20
91.22452085276939
 10
291.1709430277152
 20
91.3200203095694
 10
291.1915860413153
 20
91.3355182447694
 10
291.21837783491526
 20
91.3154987199694
 10
291.2635776797152
 20
91.2098908527694
 10
291.28383696931525
 20
91.11052272236941
 10
291.2719418597152
 20
90.9973117695694
 10
291.2312398621153
 20
90.88805526396939
  0
LWPOLYLINE
  8
0
 90
48
 70
1
 10
263.3410812053153
 20
90.8264337039694
 10
263.7055889093153
 20
90.83387243196938
 10
263.9117540333153
 20
90.8009989055694
 10
264.0201033117152
 20
90.7241041271694
 10
264.06156774131523
 20
90.5993421623694
 10
264.0456785581153
 20
90.4726085751694
 10
263.99451201411523
 20
90.4224288455694
 10
263.9006706797153
 20
90.4307614247694
 10
263.71789834051526
 20
90.5188816767694
 10
263.5716438189152
 20
90.58325835836939
 10
263.4165109773153
 20
90.6249142319694
 10
263.27523634051533
 20
90.6399495247694
 10
263.17449834051524
 20
90.62156437996939
 10
263.1123357213152
 20
90.5881668487694
 10
263.1077519333153
 20
90.5594975663694
 10
263.1465247773152
 20
90.5367767583694
 10
263.24689493731523
 20
90.52712079116941
 10
263.5008946437153
 20
90.45576986316941
 10
263.7161601293152
 20
90.27785284476938
 10
263.80349688211516
 20
90.0788905295694
 10
263.7352866389152
 20
89.93373869196941
 10
263.66868586291525
 20
89.9138719879694
 10
263.61146768211523
 20
89.9347459047694
 10
263.5728697293152
 20
89.99627483596939
 10
263.55996774131523
 20
90.08932314076941
 10
263.5343990157153
 20
90.2055298159694
 10
263.46397287091514
 20
90.2752396759694
 10
263.3385332445152
 20
90.29937967756939
 10
263.1419677413153
 20
90.2774629343694
 10
262.98181171011527
 20
90.26057506556941
 10
262.84675524131524
 20
90.27310302716938
 10
262.75571433971515
 20
90.31090594396939
 10
262.7239677413152
 20
90.3690601103694
 10
262.69706191731524
 20
90.4241262599694
 10
262.62573774131516
 20
90.4561059351694
 10
262.51769560931524
 20
90.4588368127694
 10
262.38956774131526
 20
90.4303208527694
 10
262.1574173965152
 20
90.3676211871694
 10
262.07954884531523
 20
90.39694338556939
 10
262.0646727269153
 20
90.48779468236941
 10
262.15628779331524
 20
90.7500856695694
 10
262.2085744101152
 20
90.84234596076939
 10
262.28104691571525
 20
90.9032249855694
 10
262.3619157037152
 20
90.9233829519694
 10
262.4390012573152
 20
90.9013692327694
 10
262.5516260069152
 20
90.8598924303694
 10
262.77889461331523
 20
90.8330616791694
 10
263.05192418771526
 20
90.82038674876941
  0
LWPOLYLINE
  8
0
 90
12
 70
1
 10
273.4247677413152
 20
90.8118531951694
 10
273.38644098691526
 20
90.7296317591694
 10
273.2954820133153
 20
90.6997501095694
 10
273.12557320611523
 20
90.7353399671694
 10
272.8395677413152
 20
90.84911505276939
 10
272.64998852291524
 20
90.9344671415694
 10
272.6452708077152
 20
90.9636162879694
 10
272.6921847869153
 20
90.9812303063694
 10
272.96496774131526
 20
90.96809557596941
 10
273.1411333397152
 20
90.9488256087694
 10
273.2897015749152
 20
90.91167661116941
 10
273.39471103331533
 20
90.8639931775694
  0
LWPOLYLINE
  8
0
 90
28
 70
1
 10
276.0151660749152
 20
90.78739584796939
 10
276.1025096829152
 20
90.7979160719694
 10
276.1920202029153
 20
90.7675017231694
 10
276.27001381971525
 20
90.7005588559694
 10
276.32394434691525
 20
90.60713000396942
 10
276.3283915325152
 20
90.4461282751694
 10
276.22843937251525
 20
90.36217548316941
 10
275.9456316077152
 20
90.3590712479694
 10
275.2075557989153
 20
90.45251932796941
 10
274.9171258877152
 20
90.50233706956939
 10
274.6858874517152
 20
90.56522282876941
 10
274.53124049331524
 20
90.63104846556939
 10
274.5155860589152
 20
90.6876225919694
 10
274.56873108051525
 20
90.73135458796939
 10
274.6646639197153
 20
90.75471878156941
 10
274.7842879957152
 20
90.7564723751694
 10
274.9108642477152
 20
90.73445798716939
 10
275.0404929029153
 20
90.7175834943694
 10
275.16923372611524
 20
90.73388733356938
 10
275.27767195491526
 20
90.77939449196938
 10
275.3475692461152
 20
90.8483231935694
 10
275.4114605461152
 20
90.9241714671694
 10
275.4806455653152
 20
90.9542114551694
 10
275.55580363731525
 20
90.93818433196941
 10
275.6376134269152
 20
90.87595516716941
 10
275.71769018851523
 20
90.81742563676939
 10
275.8181093381153
 20
90.7803510431694
 10
275.9227412589153
 20
90.7693084863694
  0
LWPOLYLINE
  8
0
 90
20
 70
1
 10
277.9382772341152
 20
90.7293339759694
 10
278.10472884691524
 20
90.75506756076939
 10
278.20370138211524
 20
90.7219007655694
 10
278.25785361651526
 20
90.62812547516941
 10
278.27356774131516
 20
90.44824151596939
 10
278.2497161597152
 20
90.2513019863694
 10
278.17317985811525
 20
90.1544493799694
 10
278.01955382291527
 20
90.1209806215694
 10
277.68836774131523
 20
90.14778746316941
 10
277.37230071971527
 20
90.2007651175694
 10
277.20998061891515
 20
90.28032924396939
 10
277.1288386261152
 20
90.4121829967694
 10
277.10316774131513
 20
90.6362863399694
 10
277.11074942531525
 20
90.8644277303694
 10
277.14919606211527
 20
90.9408775895694
 10
277.2174904069152
 20
90.9461776623694
 10
277.3530772341151
 20
90.8490598767694
 10
277.47338649571526
 20
90.7761143623694
 10
277.6280673957152
 20
90.72833529036942
 10
277.79152846931515
 20
90.7110906167694
  0
LWPOLYLINE
  8
0
 90
12
 70
1
 10
261.63716774131524
 20
90.6811208527694
 10
261.6300500373152
 20
90.57473115836939
 10
261.5174309725152
 20
90.5214632447694
 10
261.2918357037152
 20
90.5615121591694
 10
261.0519677413153
 20
90.6811208527694
 10
260.92810514531516
 20
90.76890035116939
 10
260.9215893613152
 20
90.8120730631694
 10
260.97196839331525
 20
90.8399630263694
 10
261.16750009891524
 20
90.8457605191694
 10
261.31530155491527
 20
90.8343725271694
 10
261.4565770277152
 20
90.7984537871694
 10
261.5716514245153
 20
90.7451432375694
  0
LWPOLYLINE
  8
0
 90
24
 70
1
 10
271.6691677413152
 20
90.6014268119694
 10
272.0986490309153
 20
90.4780037847694
 10
272.2305531109152
 20
90.4154576087694
 10
272.2214425501153
 20
90.37512378556939
 10
272.02747918051523
 20
90.3580058495694
 10
271.80081466771526
 20
90.34064045756939
 10
271.6774973109152
 20
90.29342568556942
 10
271.6301497821152
 20
90.21316132556939
 10
271.6460316085152
 20
90.09592085276941
 10
271.67123600531517
 20
89.9220489039694
 10
271.5952949357153
 20
89.8531703623694
 10
271.4364532637153
 20
89.9121175583694
 10
271.24485276451526
 20
90.10352995756939
 10
271.14614223171526
 20
90.1959156487694
 10
271.0275863965152
 20
90.2607802199694
 10
270.9079945901152
 20
90.28964646396939
 10
270.80637996051524
 20
90.2759775295694
 10
270.7134453517152
 20
90.2638341279694
 10
270.64169916291524
 20
90.29996220236941
 10
270.59675362931523
 20
90.3862883983694
 10
270.5823677413153
 20
90.5191684247694
 10
270.6163618421152
 20
90.7376924711694
 10
270.7177112925153
 20
90.8177966535694
 10
270.9400787653152
 20
90.7977627495694
  0
LWPOLYLINE
  8
0
 90
24
 70
1
 10
279.4439677413153
 20
90.36237411676939
 10
279.4314538245153
 20
90.1048299375694
 10
279.38092548291525
 20
89.98452552476941
 10
279.2835097469153
 20
89.94006470396938
 10
279.1095677413152
 20
89.96387481996938
 10
278.98178480691524
 20
90.02055662316941
 10
278.8733977413152
 20
90.1165947983694
 10
278.8003358557152
 20
90.2360824391694
 10
278.7751677413152
 20
90.36097415116939
 10
278.7902886405152
 20
90.4913742671694
 10
278.8378317933153
 20
90.5692108831694
 10
278.91653132851513
 20
90.5966264999694
 10
279.02596774131524
 20
90.5743847199694
 10
279.1219236541152
 20
90.5512532687694
 10
279.2030952413152
 20
90.56078433756942
 10
279.2564935709152
 20
90.60071186476941
 10
279.2767677413152
 20
90.66323229196942
 10
279.28290465011526
 20
90.7340886423694
 10
279.3013252413153
 20
90.79395109116939
 10
279.32840863171526
 20
90.8344872263694
 10
279.36036774131526
 20
90.84832085276939
 10
279.39311770691523
 20
90.8233732751694
 10
279.4194102413152
 20
90.7055740199694
 10
279.43793884371524
 20
90.5486599967694
  0
LWPOLYLINE
  8
0
 90
12
 70
1
 10
257.3205844021152
 20
90.31537085276938
 10
257.2835412421152
 20
90.2457024583694
 10
257.2530692093153
 20
90.2428194287694
 10
257.2294401709152
 20
90.29160236956939
 10
257.2195676797152
 20
90.41638757516941
 10
257.2214065453152
 20
90.53278903836942
 10
257.2399189293152
 20
90.61304353356941
 10
257.2707914061153
 20
90.6435643887694
 10
257.30738446371527
 20
90.6358375751694
 10
257.33969419171524
 20
90.5811738759694
 10
257.3529312485153
 20
90.50003104716939
 10
257.34667328691523
 20
90.4068073495694
  0
LWPOLYLINE
  8
0
 90
12
 70
1
 10
224.6859677413152
 20
90.34672085276941
 10
224.63170013891522
 20
90.2829409079694
 10
224.55449202771524
 20
90.2293879183694
 10
224.46733267411523
 20
90.1934792103694
 10
224.38350009891525
 20
90.1820811863694
 10
224.32274229411524
 20
90.19552339756939
 10
224.30795378851525
 20
90.2284576175694
 10
224.34252021491523
 20
90.2794151615694
 10
224.4351677413152
 20
90.34672085276941
 10
224.64937518531522
 20
90.4802787079694
 10
224.72913226051526
 20
90.5024081295694
 10
224.7505995701152
 20
90.4694632087694
  0
LWPOLYLINE
  8
0
 90
12
 70
1
 10
256.7047677413152
 20
90.27877411676941
 10
256.68109406051525
 20
90.18362394076941
 10
256.61721362851523
 20
90.1255935023694
 10
256.5093363557152
 20
90.10871382636941
 10
256.3562334893152
 20
90.13477094316941
 10
256.1891420021152
 20
90.18637605276939
 10
256.1305450901153
 20
90.2367234839694
 10
256.13889104531523
 20
90.2937251407694
 10
256.2308334893152
 20
90.3673575127694
 10
256.44633857251523
 20
90.48324851436942
 10
256.58964669571526
 20
90.5003144511694
 10
256.6743488781152
 20
90.43162986156942
  0
LWPOLYLINE
  8
0
 90
14
 70
1
 10
292.1511677413152
 20
90.20848691516939
 10
292.11362532211524
 20
90.05062704156941
 10
292.0138753069152
 20
89.97898267756939
 10
291.80164851411524
 20
89.9824213127694
 10
291.2733677413152
 20
90.0830869151694
 10
290.39556774131523
 20
90.26312085276939
 10
291.2315677413152
 20
90.3622530639694
 10
291.55500410291523
 20
90.4021468167694
 10
291.8342714077152
 20
90.4399813343694
 10
292.0750420829153
 20
90.4749716127694
 10
292.1093677413153
 20
90.4876530639694
 10
292.1256846221153
 20
90.48117673916941
 10
292.13888907491526
 20
90.41648354796939
 10
292.1481940893152
 20
90.3238259895694
  0
LWPOLYLINE
  8
0
 90
16
 70
1
 10
197.51596774131522
 20
89.9925855679694
 10
197.50271898051525
 20
89.9371596039694
 10
197.46685274131525
 20
89.90485522636939
 10
197.41270217891523
 20
89.90166371276939
 10
197.34876774131524
 20
89.9287208527694
 10
197.2848093941152
 20
89.98064665196941
 10
197.23068274131523
 20
90.05081647916941
 10
197.19386245891522
 20
90.1276577535694
 10
197.18156774131523
 20
90.19925613756939
 10
197.19481650211526
 20
90.2546821015694
 10
197.23068274131523
 20
90.2869864791694
 10
197.28483330371523
 20
90.29017799276939
 10
197.34876774131524
 20
90.26312085276939
 10
197.41272608851523
 20
90.2111950535694
 10
197.46685274131525
 20
90.1410252263694
 10
197.5036730237152
 20
90.0641839519694
  0
LWPOLYLINE
  8
0
 90
16
 70
1
 10
199.08123160851525
 20
90.09592085276941
 10
198.95682143251523
 20
89.9313810047694
 10
198.7592487165152
 20
89.8509934183694
 10
198.59089888211523
 20
89.8894683119694
 10
198.51916774131521
 20
90.0221884951694
 10
198.53117554371522
 20
90.0822853583694
 10
198.56488891571524
 20
90.11898525676939
 10
198.61540304531525
 20
90.1262918967694
 10
198.67481455571524
 20
90.10306112876938
 10
198.74224547971522
 20
90.0793849399694
 10
198.81558993331524
 20
90.0850396439694
 10
198.88355823811526
 20
90.1192303719694
 10
198.93548219811524
 20
90.17679348636939
 10
199.04205531091523
 20
90.3264899871694
 10
199.10882077891523
 20
90.3393448247694
 10
199.1371787349152
 20
90.2743642167694
  0
LWPOLYLINE
  8
0
 90
12
 70
1
 10
255.5761677413152
 20
90.2359874695694
 10
255.48086240371526
 20
90.2098484247694
 10
255.3671677413152
 20
90.20120000476939
 10
255.25347307891525
 20
90.2098484247694
 10
255.1581677413152
 20
90.2359874695694
 10
255.12315907091522
 20
90.26730101996941
 10
255.13334890771523
 20
90.2955479551694
 10
255.21811897331523
 20
90.31510517196939
 10
255.3671677413152
 20
90.32032080876938
 10
255.51621650931526
 20
90.31510517196939
 10
255.6009865749152
 20
90.2955479551694
 10
255.6111764117153
 20
90.26730101996941
  0
LWPOLYLINE
  8
0
 90
12
 70
1
 10
198.27288080371522
 20
90.0196231455694
 10
198.21661332211525
 20
89.96564764156942
 10
198.13098802851525
 20
89.93436251516941
 10
198.02982935331522
 20
89.92987419836939
 10
197.92861316131524
 20
89.95391170636941
 10
197.72171453091525
 20
90.04674298556941
 10
197.6970231037152
 20
90.11645150796942
 10
197.77061350851523
 20
90.1689854135694
 10
198.02743538371521
 20
90.1795208527694
 10
198.15245734451523
 20
90.16810711196939
 10
198.24154535011522
 20
90.1325508615694
 10
198.28083751731523
 20
90.08006159836941
  0
LWPOLYLINE
  8
0
 90
12
 70
1
 10
248.63388446371528
 20
90.07850413036941
 10
248.57922076451524
 20
90.0461944023694
 10
248.49807793571523
 20
90.0329573455694
 10
248.40485423811526
 20
90.0392153071694
 10
248.31341774131522
 20
90.0653041919694
 10
248.2437493469152
 20
90.1023473519694
 10
248.24086631731524
 20
90.1328193847694
 10
248.28964925811522
 20
90.1564484231694
 10
248.41443446371528
 20
90.1663209143694
 10
248.53083592691524
 20
90.1644820487694
 10
248.6110904221152
 20
90.1459696647694
 10
248.64161127731526
 20
90.1150971879694
  0
LWPOLYLINE
  8
0
 90
16
 70
1
 10
261.0519677413153
 20
90.01232085276939
 10
261.04655965731524
 20
89.94830849996939
 10
261.0303088205152
 20
89.8942358527694
 10
261.0064304869152
 20
89.8575705647694
 10
260.97823538371523
 20
89.84512085276941
 10
260.9430018293152
 20
89.8560789735694
 10
260.89580712131516
 20
89.8942358527694
 10
260.84614353811526
 20
89.94832103996939
 10
260.80116774131517
 20
90.01232085276939
 10
260.7749989349152
 20
90.07620797276941
 10
260.7802008613152
 20
90.1304058527694
 10
260.8155534621153
 20
90.1664310991694
 10
260.87490009891525
 20
90.1795208527694
 10
260.9424915349151
 20
90.1667930871694
 10
260.99995416211516
 20
90.1304058527694
 10
261.03841417491526
 20
90.07611701596942
  0
LWPOLYLINE
  8
0
 90
12
 70
1
 10
221.28476778531524
 20
173.94672085276937
 10
221.28998342211523
 20
173.7976720847694
 10
221.30954063891525
 20
173.7129020191694
 10
221.33778757411525
 20
173.7027121823694
 10
221.36910112451525
 20
173.73772085276943
 10
221.39524016931523
 20
173.83302619036937
 10
221.40388858931524
 20
173.94672085276937
 10
221.39524016931523
 20
174.06041551516938
 10
221.36910112451525
 20
174.1557208527694
 10
221.33778757411525
 20
174.1907295231694
 10
221.30954063891525
 20
174.1805396863694
 10
221.28998342211523
 20
174.09576962076943
  0
LWPOLYLINE
  8
0
 90
12
 70
1
 10
220.38470059091523
 20
158.5225208527694
 10
220.36466066771527
 20
158.41383199116942
 10
220.36881174211527
 20
158.2521270191694
 10
220.39227157411523
 20
158.0708924183694
 10
220.43374553411525
 20
157.89552085276944
 10
220.50636383811525
 20
157.6632869079694
 10
220.53785010611526
 20
157.6590687863694
 10
220.56079028051522
 20
157.7300119135694
 10
220.57290124531522
 20
158.10452085276938
 10
220.57455568931522
 20
158.5182492271694
 10
220.53504666371524
 20
158.69425514956941
 10
220.47114215491524
 20
158.6990482719694
  0
LWPOLYLINE
  8
0
 90
12
 70
1
 10
220.26836767971523
 20
155.6243875751694
 10
220.27824017091524
 20
155.4996023695694
 10
220.3018692093152
 20
155.45081942876942
 10
220.3323412421152
 20
155.4537024583694
 10
220.36938440211523
 20
155.5233708527694
 10
220.3954732869152
 20
155.6148073495694
 10
220.40173124851523
 20
155.7080310471694
 10
220.38849419171524
 20
155.78917387596942
 10
220.3561844637152
 20
155.8438375751694
 10
220.31959140611525
 20
155.8515643887694
 10
220.28871892931525
 20
155.82104353356945
 10
220.27020654531523
 20
155.7407890383694
  0
LWPOLYLINE
  8
0
 90
28
 70
1
 10
182.80236774131527
 20
142.2780379871694
 10
182.92891456611522
 20
142.0724767895694
 10
183.53605371411524
 20
141.8000078367694
 10
184.20772303331526
 20
141.5795584823694
 10
184.74508493971524
 20
141.5099208527694
 10
184.89748539891522
 20
141.52228161436943
 10
185.04264760291522
 20
141.5590358527694
 10
185.16053831651524
 20
141.61289097276938
 10
185.22676774131526
 20
141.6771208527694
 10
185.24621326851522
 20
141.7406601967694
 10
185.22727001011526
 20
141.7952058527694
 10
185.17016167971525
 20
141.83198333196938
 10
185.08336866131523
 20
141.8443208527694
 10
184.9817555365152
 20
141.8598900151694
 10
184.88046226531526
 20
141.90571468636938
 10
184.79474869011526
 20
141.9733908927694
 10
184.73910101891522
 20
142.0533208527694
 10
184.68436776451523
 20
142.1545168135694
 10
184.64148865571522
 20
142.1782144039694
 10
184.59857861491523
 20
142.1540896175694
 10
184.54364003891524
 20
142.0521377455694
 10
184.46902988131524
 20
141.9752735647694
 10
184.36353838531525
 20
141.9620754655694
 10
184.20871954531523
 20
142.02384299116937
 10
183.97442920771525
 20
142.1775377455694
 10
183.57227592211524
 20
142.4039489503694
 10
183.18386229651523
 20
142.5015348959694
 10
182.9114968405152
 20
142.4515991111694
  0
LWPOLYLINE
  8
0
 90
16
 70
1
 10
185.47756774131523
 20
141.2492532103694
 10
185.48981798371526
 20
141.1570195039694
 10
185.52668274131523
 20
141.09551147276937
 10
185.58129059571522
 20
141.07387278316943
 10
185.64476774131523
 20
141.09192085276942
 10
185.70872424931522
 20
141.1431179943694
 10
185.7628527413152
 20
141.21111773276942
 10
185.79971164691526
 20
141.2847763551694
 10
185.81196774131524
 20
141.3525884951694
 10
185.79916757811523
 20
141.41261897996938
 10
185.7628527413152
 20
141.4637044319694
 10
185.7085933317152
 20
141.4979463231694
 10
185.64476774131523
 20
141.5099208527694
 10
185.58100117251524
 20
141.48985384316939
 10
185.52668274131523
 20
141.43334977356938
 10
185.49003166531523
 20
141.3489233039694
  0
LWPOLYLINE
  8
0
 90
20
 70
1
 10
279.94556774131524
 20
92.39213379596939
 10
279.9684883533152
 20
92.06698731276941
 10
280.0384779389152
 20
91.80269761676941
 10
280.1642349109152
 20
91.5742030999694
 10
280.35506043811523
 20
91.3579130127694
 10
280.6774820629152
 20
91.1331433775694
 10
280.98430877651526
 20
91.0759454279694
 10
281.1976272181152
 20
91.1940596879694
 10
281.2831677413152
 20
91.44616184156942
 10
281.2669185765152
 20
91.5530282231694
 10
281.2189330125152
 20
91.6216935847694
 10
281.14281554691524
 20
91.6471335663694
 10
281.0445922349152
 20
91.62854794876941
 10
280.83741621971524
 20
91.6214946167694
 10
280.64959878771526
 20
91.7419561975694
 10
280.4879921293152
 20
92.00128423356941
 10
280.35848720211527
 20
92.39743604236939
 10
280.22287696691524
 20
92.83773132636941
 10
280.0845977181152
 20
92.9329744655694
 10
279.97145983171515
 20
92.8311316079694
  0
LWPOLYLINE
  8
0
 90
16
 70
1
 10
298.50476774131516
 20
92.0187208527694
 10
298.5175321237151
 20
91.9549109791694
 10
298.5538827413152
 20
91.9006358527694
 10
298.6081578677152
 20
91.86428523516939
 10
298.67196774131526
 20
91.8515208527694
 10
298.73577761491526
 20
91.86428523516939
 10
298.7900527413152
 20
91.9006358527694
 10
298.8264033589153
 20
91.9549109791694
 10
298.83916774131524
 20
92.0187208527694
 10
298.8264033589153
 20
92.0825307263694
 10
298.7900527413152
 20
92.1368058527694
 10
298.73577761491526
 20
92.17315647036939
 10
298.67196774131526
 20
92.1859208527694
 10
298.6081578677152
 20
92.17315647036939
 10
298.5538827413152
 20
92.1368058527694
 10
298.5175321237151
 20
92.0825307263694
  0
LWPOLYLINE
  8
0
 90
16
 70
1
 10
303.43716774131525
 20
91.5171208527694
 10
303.41099893491526
 20
91.45323373276939
 10
303.41620086131513
 20
91.39903585276939
 10
303.4515534621152
 20
91.3630106063694
 10
303.5109000989153
 20
91.3499208527694
 10
303.57849153491526
 20
91.3626486183694
 10
303.63595416211524
 20
91.39903585276939
 10
303.67441417491517
 20
91.4533246895694
 10
303.6879677413152
 20
91.5171208527694
 10
303.6825596573152
 20
91.5811332055694
 10
303.66630882051527
 20
91.63520585276939
 10
303.6424304869153
 20
91.6718711407694
 10
303.61423538371525
 20
91.68432085276939
 10
303.57900182931525
 20
91.6733627319694
 10
303.5318071213152
 20
91.63520585276939
 10
303.48214353811517
 20
91.5811206655694
  0
LWPOLYLINE
  8
0
 90
12
 70
1
 10
303.01916774131524
 20
91.35978849516938
 10
303.03129124611525
 20
91.29206129276939
 10
303.0677201133152
 20
91.2186655087694
 10
303.1212284605152
 20
91.15104849116939
 10
303.1844526325153
 20
91.1003044615694
 10
303.2408630701152
 20
91.0812490119694
 10
303.27426227331523
 20
91.1012061711694
 10
303.2794750677153
 20
91.1606974359694
 10
303.25016407171523
 20
91.25763681916939
 10
303.1687660957153
 20
91.4368598367694
 10
303.09298353171516
 20
91.50752491036941
 10
303.0388426669153
 20
91.48338875436939
  0
LWPOLYLINE
  8
0
 90
12
 70
1
 10
239.19391826211526
 20
91.1060265471694
 10
239.28186947491523
 20
91.0264513855694
 10
239.37599454771527
 20
90.9711113623694
 10
239.46195741811522
 20
90.94646491196939
 10
239.52496774131527
 20
90.9593378071694
 10
239.6334285421152
 20
91.0663769063694
 10
239.63447370931524
 20
91.17511057756941
 10
239.5245781653152
 20
91.2629771871694
 10
239.31931826211525
 20
91.30369623916941
 10
239.1480803821152
 20
91.3097771359694
 10
239.09397429491523
 20
91.2798784319694
 10
239.09610492451523
 20
91.22370240876938
  0
LWPOLYLINE
  8
0
 90
12
 70
1
 10
240.84854869011528
 20
90.7018287399694
 10
240.74239792451522
 20
90.62389013196942
 10
240.72215635811523
 20
90.5683305751694
 10
240.75922794211522
 20
90.51768786876939
 10
240.89034869011525
 20
90.4588364783694
 10
241.00213643651523
 20
90.4318970471694
 10
241.08558679251524
 20
90.4484354679694
 10
241.13704526771525
 20
90.50675014636938
 10
241.15516774131524
 20
90.6027684247694
 10
241.14855581731524
 20
90.78445011836939
 10
241.11322093971523
 20
90.82946236476938
 10
241.04716991731522
 20
90.82238211356939
  0
LWPOLYLINE
  8
0
 90
20
 70
1
 10
298.86410060531534
 20
90.4017719543694
 10
298.78675756371524
 20
90.29986405596941
 10
298.74081819331525
 20
90.19566518316941
 10
298.73160982051525
 20
90.10532234156939
 10
298.7615909541152
 20
90.0431214335694
 10
298.8144943717152
 20
90.0165215855694
 10
298.8707407861152
 20
90.02402568876941
 10
298.92208205411526
 20
90.0669512791694
 10
298.95993880931513
 20
90.1387626759694
 10
299.0001308469152
 20
90.21185549356939
 10
299.05782069891524
 20
90.25934246716939
 10
299.1237357877152
 20
90.27380426396941
 10
299.18784829331526
 20
90.2542950335694
 10
299.24625275811525
 20
90.2308427255694
 10
299.2958476221152
 20
90.2366626231694
 10
299.3288749725153
 20
90.27062228076942
 10
299.3407677413153
 20
90.3269855679694
 10
299.29930632131527
 20
90.4912079031694
 10
299.19035228051524
 20
90.56832004156941
 10
299.03357335491523
 20
90.5384124759694
  0
LWPOLYLINE
  8
0
 90
16
 70
1
 10
297.9195677413152
 20
90.1795208527694
 10
297.90151967171516
 20
90.11604370716941
 10
297.92315836131525
 20
90.06143585276939
 10
297.9846663925153
 20
90.02457109516939
 10
298.0769000989153
 20
90.01232085276939
 10
298.1765701925152
 20
90.02478477676941
 10
298.2609966621152
 20
90.06143585276939
 10
298.31750073171526
 20
90.1157542839694
 10
298.33756774131524
 20
90.1795208527694
 10
298.3255932117153
 20
90.2433464431694
 10
298.29135132051516
 20
90.2976058527694
 10
298.2402658685152
 20
90.3339206895694
 10
298.18023538371517
 20
90.34672085276941
 10
298.1124232437152
 20
90.33446475836939
 10
298.03876462131524
 20
90.2976058527694
 10
297.9707648829152
 20
90.2434773607694
  0
LWPOLYLINE
  8
0
 90
12
 70
1
 10
297.5147676797152
 20
89.9147875751694
 10
297.5246401709153
 20
89.79000236956941
 10
297.54826920931515
 20
89.74121942876941
 10
297.57874124211526
 20
89.74410245836941
 10
297.6157844021152
 20
89.81377085276941
 10
297.64187328691514
 20
89.9052073495694
 10
297.6481312485153
 20
89.9984310471694
 10
297.6348941917152
 20
90.07957387596939
 10
297.6025844637152
 20
90.1342375751694
 10
297.56599140611524
 20
90.14196438876941
 10
297.5351189293152
 20
90.1114435335694
 10
297.51660654531526
 20
90.0311890383694
  0
LWPOLYLINE
  8
0
 90
12
 70
1
 10
293.15436774131524
 20
89.9466094135694
 10
293.16920991811514
 20
89.9153274639694
 10
293.23059121171525
 20
89.8709509119694
 10
293.31445538771527
 20
89.8242529551694
 10
293.41385177491526
 20
89.78132452236939
 10
293.5107911581151
 20
89.7520135263694
 10
293.5702824229152
 20
89.75722632076939
 10
293.59023958211526
 20
89.7906255239694
 10
293.5711841325152
 20
89.8470359615694
 10
293.4723639165153
 20
89.9460981159694
 10
293.3259549021152
 20
90.00718196076939
 10
293.20304869011517
 20
90.0077287047694
  0
LWPOLYLINE
  8
0
 90
12
 70
1
 10
268.71181774131526
 20
89.7309041919694
 10
268.8032542381152
 20
89.7048153071694
 10
268.8964779357152
 20
89.6985573455694
 10
268.9776207645152
 20
89.7117944023694
 10
269.0322844637153
 20
89.7441041303694
 10
269.0400112773152
 20
89.78069718796941
 10
269.0094904221153
 20
89.8115696647694
 10
268.9292359269152
 20
89.8300820487694
 10
268.81283446371526
 20
89.8319209143694
 10
268.68804925811526
 20
89.8220484231694
 10
268.6392663173152
 20
89.7984193847694
 10
268.6421493469153
 20
89.76794735196941
  0
LWPOLYLINE
  8
0
 90
12
 70
1
 10
261.35501774131524
 20
180.85490419196935
 10
261.4464542381152
 20
180.8288153071694
 10
261.5396779357152
 20
180.8225573455694
 10
261.62082076451526
 20
180.83579440236943
 10
261.6754844637152
 20
180.86810413036943
 10
261.68321127731514
 20
180.90469718796942
 10
261.6526904221152
 20
180.93556966476945
 10
261.57243592691526
 20
180.9540820487694
 10
261.45603446371524
 20
180.95592091436941
 10
261.33124925811524
 20
180.9460484231694
 10
261.2824663173152
 20
180.92241938476946
 10
261.28534934691527
 20
180.89194735196946
  0
LWPOLYLINE
  8
0
 90
16
 70
1
 10
267.0711677413152
 20
180.79205321036943
 10
267.0842574949153
 20
180.7327065735694
 10
267.12028274131524
 20
180.6973539727694
 10
267.1744806213153
 20
180.69215204636942
 10
267.23836774131524
 20
180.7183208527694
 10
267.3023675541152
 20
180.76329664956944
 10
267.3564527413153
 20
180.8129602327694
 10
267.3946096205152
 20
180.86015494076938
 10
267.4055677413153
 20
180.8953884951694
 10
267.39311802931525
 20
180.92358359836942
 10
267.3564527413153
 20
180.9474619319694
 10
267.3023800941153
 20
180.96371276876937
 10
267.23836774131524
 20
180.96912085276944
 10
267.17457157811526
 20
180.95556728636944
 10
267.12028274131524
 20
180.9171072735694
 10
267.08389550691516
 20
180.8596446463694
  0
LWPOLYLINE
  8
0
 90
12
 70
1
 10
252.65016774131522
 20
179.85518746956942
 10
252.74547307891527
 20
179.82904842476938
 10
252.85916774131516
 20
179.8204000047694
 10
252.97286240371523
 20
179.82904842476938
 10
253.0681677413152
 20
179.85518746956942
 10
253.10317641171525
 20
179.88650101996942
 10
253.09298657491516
 20
179.9147479551694
 10
253.00821650931528
 20
179.9343051719694
 10
252.85916774131516
 20
179.93952080876943
 10
252.71011897331525
 20
179.9343051719694
 10
252.6253489077152
 20
179.9147479551694
 10
252.61515907091518
 20
179.88650101996942
  0
LWPOLYLINE
  8
0
 90
12
 70
1
 10
251.04636778531523
 20
176.78912085276943
 10
251.05158342211521
 20
176.64007208476943
 10
251.07114063891524
 20
176.5553020191694
 10
251.09938757411527
 20
176.54511218236942
 10
251.13070112451524
 20
176.58012085276943
 10
251.15684016931525
 20
176.67542619036942
 10
251.1654885893152
 20
176.78912085276943
 10
251.15684016931525
 20
176.90281551516935
 10
251.13070112451524
 20
176.99812085276943
 10
251.09938757411527
 20
177.0331295231694
 10
251.07114063891524
 20
177.02293968636945
 10
251.05158342211521
 20
176.93816962076937
  0
LWPOLYLINE
  8
0
 90
12
 70
1
 10
250.36176588051518
 20
174.79108085276943
 10
250.36543742531518
 20
174.53473733676938
 10
250.39553894291527
 20
174.3959847447694
 10
250.45057800611525
 20
174.3575564999694
 10
250.52346466611525
 20
174.3865377775694
 10
250.58766829571522
 20
174.48746839196943
 10
250.61169945011528
 20
174.6172878223694
 10
250.59404714291526
 20
174.77611745596943
 10
250.53406280531524
 20
174.9633777775694
 10
250.42925850131525
 20
175.21637445116937
 10
250.3946726797152
 20
175.2230293455694
 10
250.37066075331518
 20
175.16734907036943
  0
LWPOLYLINE
  8
0
 90
12
 70
1
 10
250.69876767971522
 20
173.1803875751694
 10
250.7086401709152
 20
173.05560236956944
 10
250.73226920931523
 20
173.0068194287694
 10
250.7627412421152
 20
173.00970245836942
 10
250.79978440211525
 20
173.07937085276944
 10
250.82587328691525
 20
173.17080734956943
 10
250.83213124851528
 20
173.26403104716945
 10
250.81889419171526
 20
173.34517387596944
 10
250.78658446371523
 20
173.39983757516939
 10
250.74999140611519
 20
173.4075643887694
 10
250.71911892931521
 20
173.37704353356943
 10
250.70060654531522
 20
173.2967890383694
  0
LWPOLYLINE
  8
0
 90
12
 70
1
 10
250.54476778531523
 20
167.9275208527694
 10
250.5499834221152
 20
167.7784720847694
 10
250.5695406389152
 20
167.69370201916945
 10
250.59778757411527
 20
167.68351218236938
 10
250.62910112451522
 20
167.71852085276942
 10
250.65524016931522
 20
167.8138261903694
 10
250.66388858931526
 20
167.9275208527694
 10
250.65524016931522
 20
168.04121551516943
 10
250.62910112451522
 20
168.13652085276942
 10
250.59778757411527
 20
168.1715295231694
 10
250.5695406389152
 20
168.16133968636936
 10
250.5499834221152
 20
168.07656962076942
  0
LWPOLYLINE
  8
0
 90
16
 70
1
 10
250.35116774131518
 20
167.0915208527694
 10
250.36393212371524
 20
167.0277109791694
 10
250.4002827413152
 20
166.9734358527694
 10
250.4545578677152
 20
166.9370852351694
 10
250.51836774131522
 20
166.92432085276937
 10
250.58217761491522
 20
166.9370852351694
 10
250.63645274131522
 20
166.9734358527694
 10
250.67280335891525
 20
167.0277109791694
 10
250.68556774131525
 20
167.0915208527694
 10
250.67280335891525
 20
167.1553307263694
 10
250.63645274131522
 20
167.2096058527694
 10
250.58217761491522
 20
167.24595647036944
 10
250.51836774131522
 20
167.2587208527694
 10
250.4545578677152
 20
167.24595647036944
 10
250.4002827413152
 20
167.2096058527694
 10
250.36393212371524
 20
167.1553307263694
  0
LWPOLYLINE
  8
0
 90
12
 70
1
 10
250.35372807491524
 20
166.14206378156942
 10
250.39895550771524
 20
165.94674057436941
 10
250.5261925341152
 20
165.74519702556944
 10
250.67375004531527
 20
165.6140378215694
 10
250.77998140131527
 20
165.6254010679694
 10
250.80312154691518
 20
165.6884433263694
 10
250.77998273891518
 20
165.7844415407694
 10
250.7172845781152
 20
165.8968046223694
 10
250.62187256691521
 20
166.0087018847694
 10
250.51795726531523
 20
166.1032895999694
 10
250.4314392909153
 20
166.15954253516935
 10
250.37737918371528
 20
166.1690562151694
  0
LWPOLYLINE
  8
0
 90
16
 70
1
 10
250.51836774131522
 20
164.75072085276943
 10
250.5311321237152
 20
164.68691097916943
 10
250.56748274131525
 20
164.63263585276943
 10
250.62175786771525
 20
164.59628523516943
 10
250.68556774131525
 20
164.58352085276937
 10
250.7493776149152
 20
164.59628523516943
 10
250.8036527413152
 20
164.63263585276943
 10
250.84000335891523
 20
164.68691097916943
 10
250.8527677413152
 20
164.75072085276943
 10
250.84000335891523
 20
164.8145307263694
 10
250.8036527413152
 20
164.8688058527694
 10
250.7493776149152
 20
164.90515647036938
 10
250.68556774131525
 20
164.9179208527694
 10
250.62175786771525
 20
164.90515647036938
 10
250.56748274131525
 20
164.8688058527694
 10
250.5311321237152
 20
164.8145307263694
  0
LWPOLYLINE
  8
0
 90
12
 70
1
 10
250.53156767971524
 20
161.97798757516946
 10
250.54144017091525
 20
161.8532023695694
 10
250.56506920931525
 20
161.8044194287694
 10
250.5955412421152
 20
161.80730245836935
 10
250.63258440211519
 20
161.87697085276938
 10
250.65867328691525
 20
161.96840734956942
 10
250.6649312485152
 20
162.06163104716939
 10
250.65169419171522
 20
162.1427738759694
 10
250.61938446371528
 20
162.1974375751694
 10
250.58279140611523
 20
162.2051643887694
 10
250.5519189293152
 20
162.1746435335694
 10
250.5334065453152
 20
162.0943890383694
  0
LWPOLYLINE
  8
0
 90
12
 70
1
 10
273.1359070021153
 20
176.1203208527694
 10
273.1402654045152
 20
175.85087972476944
 10
273.15719189651526
 20
175.6994471863694
 10
273.18182380051525
 20
175.6922850071694
 10
273.20836629891517
 20
175.7441208527694
 10
273.2309242541153
 20
175.91545186316944
 10
273.2382558069152
 20
176.1203208527694
 10
273.2309242541153
 20
176.3251898423694
 10
273.20836629891517
 20
176.4965208527694
 10
273.18182380051525
 20
176.54835669836945
 10
273.15719189651526
 20
176.54119451916944
 10
273.1402654045152
 20
176.38976198076938
  0
LWPOLYLINE
  8
0
 90
12
 70
1
 10
273.18113343171524
 20
172.56732085276946
 10
273.0722163421152
 20
172.1129710711694
 10
273.04049833491524
 20
171.68550972476942
 10
273.08161849971526
 20
171.3667447639694
 10
273.2029256109153
 20
171.2715208527694
 10
273.30099693811513
 20
171.31943368476942
 10
273.37064309491524
 20
171.4550897327694
 10
273.41239527571526
 20
171.68476417996942
 10
273.4247677413152
 20
172.02392085276944
 10
273.41092976771523
 20
172.4953743583694
 10
273.3535917045152
 20
172.7295926327694
 10
273.27309510371526
 20
172.73981055916943
  0
LWPOLYLINE
  8
0
 90
20
 70
1
 10
272.71416774131524
 20
170.9890655455694
 10
272.6021952389153
 20
170.9495299351694
 10
272.50751907491525
 20
170.8941471087694
 10
272.4425225829153
 20
170.8322137207694
 10
272.42156774131513
 20
170.77331417676945
 10
272.44756617091525
 20
170.72703488876942
 10
272.51979774131524
 20
170.70063049756942
 10
272.6278124525152
 20
170.69804324476942
 10
272.75596774131526
 20
170.7214748199694
 10
272.88395666611524
 20
170.76581709596942
 10
272.99213774131533
 20
170.8266213823694
 10
273.0667494037152
 20
170.89373646556942
 10
273.0903677413153
 20
170.95662155596943
 10
273.08738606371526
 20
171.0119050655694
 10
273.07808907491517
 20
171.05523678476942
 10
273.0645154445153
 20
171.08100798956943
 10
273.0485677413152
 20
171.08492548556939
 10
273.0198434501153
 20
171.0740668487694
 10
272.9330952413152
 20
171.04876597756942
 10
272.8292899573152
 20
171.01976781276943
  0
LWPOLYLINE
  8
0
 90
12
 70
1
 10
292.6527677413152
 20
168.6978094135694
 10
292.66760991811526
 20
168.66652746396943
 10
292.7289912117152
 20
168.6221509119694
 10
292.8128553877152
 20
168.57545295516942
 10
292.91225177491526
 20
168.5325245223694
 10
293.00919115811524
 20
168.5032135263694
 10
293.0686824229153
 20
168.5084263207694
 10
293.08863958211526
 20
168.54182552396944
 10
293.0695841325152
 20
168.5982359615694
 10
292.97076391651524
 20
168.69729811596937
 10
292.8243549021153
 20
168.75838196076938
 10
292.7014486901153
 20
168.7589287047694
  0
LWPOLYLINE
  8
0
 90
16
 70
1
 10
293.35500774131526
 20
168.22848085276942
 10
293.20881140531526
 20
168.04983885516936
 10
293.16225356211527
 20
167.8988483935694
 10
293.21520011731525
 20
167.80002600396944
 10
293.3494344637153
 20
167.7603208527694
 10
293.4166175973153
 20
167.76805736396943
 10
293.4548829893152
 20
167.7926381047694
 10
293.46072579331525
 20
167.82850902556942
 10
293.43448509091525
 20
167.87033694796938
 10
293.4064127125152
 20
167.92921726396943
 10
293.41148890451524
 20
168.0139485391694
 10
293.44758771891526
 20
168.11074964796939
 10
293.5106911725152
 20
168.20473694796937
 10
293.6414315405152
 20
168.3776035231694
 10
293.62168572211533
 20
168.42321417836945
 10
293.53643094371523
 20
168.39832294716942
  0
LWPOLYLINE
  8
0
 90
12
 70
1
 10
295.0199677853152
 20
167.42592085276942
 10
295.0251834221153
 20
167.27687208476942
 10
295.04474063891524
 20
167.1921020191694
 10
295.0729875741153
 20
167.1819121823694
 10
295.10430112451525
 20
167.21692085276942
 10
295.1304401693153
 20
167.3122261903694
 10
295.1390885893152
 20
167.42592085276942
 10
295.1304401693153
 20
167.53961551516937
 10
295.10430112451525
 20
167.6349208527694
 10
295.0729875741153
 20
167.6699295231694
 10
295.04474063891524
 20
167.65973968636942
 10
295.0251834221153
 20
167.57496962076937
  0
LWPOLYLINE
  8
0
 90
12
 70
1
 10
292.1837632141152
 20
159.3167208527694
 10
292.19055270451526
 20
159.13811664236937
 10
292.21078005891525
 20
159.0493518343694
 10
292.2375532933152
 20
159.0464183103694
 10
292.2670358365152
 20
159.11090300316943
 10
292.29042761811525
 20
159.23924605756943
 10
292.29701028211525
 20
159.38025819036937
 10
292.28733625731525
 20
159.5125262647694
 10
292.26084040771525
 20
159.61250300316937
 10
292.23094387731516
 20
159.63206155756944
 10
292.20384895011523
 20
159.61051683436938
 10
292.18673201731525
 20
159.49731574636942
  0
LWPOLYLINE
  8
0
 90
16
 70
1
 10
296.0803677413153
 20
158.06272085276936
 10
296.0533106013153
 20
157.9987864151694
 10
296.05650211491525
 20
157.9446358527694
 10
296.0888064925153
 20
157.9087696135694
 10
296.1442324565152
 20
157.89552085276944
 10
296.2158308405152
 20
157.9078155703694
 10
296.29267211491526
 20
157.9446358527694
 10
296.3628419421152
 20
157.99876250556937
 10
296.4147677413152
 20
158.06272085276936
 10
296.44182488131526
 20
158.1266552903694
 10
296.4386333677152
 20
158.18080585276942
 10
296.4063289901152
 20
158.21667209196943
 10
296.35090302611525
 20
158.2299208527694
 10
296.2793046421152
 20
158.21762613516944
 10
296.2024633677152
 20
158.18080585276942
 10
296.1322935405152
 20
158.12667919996943
  0
LWPOLYLINE
  8
0
 90
12
 70
1
 10
251.04636778531523
 20
155.2203208527694
 10
251.05158342211521
 20
155.07127208476942
 10
251.07114063891524
 20
154.98650201916945
 10
251.09938757411527
 20
154.9763121823694
 10
251.13070112451524
 20
155.01132085276942
 10
251.15684016931525
 20
155.1066261903694
 10
251.1654885893152
 20
155.2203208527694
 10
251.15684016931525
 20
155.3340155151694
 10
251.13070112451524
 20
155.42932085276942
 10
251.09938757411527
 20
155.46432952316943
 10
251.07114063891524
 20
155.4541396863694
 10
251.05158342211521
 20
155.36936962076942
  0
LWPOLYLINE
  8
0
 90
12
 70
1
 10
292.9558177413152
 20
153.76850419196938
 10
293.0472542381152
 20
153.7424153071694
 10
293.14047793571524
 20
153.73615734556938
 10
293.22162076451525
 20
153.74939440236938
 10
293.2762844637153
 20
153.7817041303694
 10
293.28401127731524
 20
153.81829718796945
 10
293.2534904221153
 20
153.84916966476942
 10
293.17323592691525
 20
153.8676820487694
 10
293.05683446371523
 20
153.86952091436945
 10
292.9320492581153
 20
153.8596484231694
 10
292.8832663173152
 20
153.83601938476937
 10
292.8861493469153
 20
153.80554735196938
  0
LWPOLYLINE
  8
0
 90
12
 70
1
 10
299.10383681411525
 20
152.90196160076937
 10
299.0611964669152
 20
152.8134673223694
 10
299.04082598931524
 20
152.72283940476945
 10
299.0445154245152
 20
152.64378891676938
 10
299.07322500211524
 20
152.5897301471694
 10
299.1787882269153
 20
152.54819749996943
 10
299.2756326405153
 20
152.5991450119694
 10
299.3263156421152
 20
152.7365568271694
 10
299.3051961085153
 20
152.9026355839694
 10
299.2632215517152
 20
153.0048588215694
 10
299.2227815565152
 20
153.02993029436942
 10
299.1757231165152
 20
153.0065229631694
  0
LWPOLYLINE
  8
0
 90
16
 70
1
 10
270.16436774131523
 20
153.0467208527694
 10
270.20934353811526
 20
152.98272103996936
 10
270.2590071213153
 20
152.92863585276945
 10
270.3062018293152
 20
152.8904789735694
 10
270.34143538371524
 20
152.8795208527694
 10
270.3696304869152
 20
152.89197056476942
 10
270.39350882051514
 20
152.92863585276945
 10
270.40975965731525
 20
152.98270849996942
 10
270.4151677413152
 20
153.0467208527694
 10
270.40161417491527
 20
153.1105170159694
 10
270.36315416211517
 20
153.16480585276943
 10
270.3056915349152
 20
153.2011930871694
 10
270.2381000989152
 20
153.21392085276943
 10
270.1787534621152
 20
153.20083109916942
 10
270.1434008613153
 20
153.16480585276943
 10
270.1381989349151
 20
153.1106079727694
  0
LWPOLYLINE
  8
0
 90
12
 70
1
 10
275.44436767971524
 20
152.94918757516945
 10
275.4542401709152
 20
152.8244023695694
 10
275.47786920931526
 20
152.7756194287694
 10
275.5083412421152
 20
152.77850245836942
 10
275.54538440211525
 20
152.84817085276944
 10
275.57147328691525
 20
152.9396073495694
 10
275.5777312485152
 20
153.03283104716942
 10
275.5644941917152
 20
153.1139738759694
 10
275.5321844637152
 20
153.1686375751694
 10
275.49559140611524
 20
153.17636438876943
 10
275.46471892931527
 20
153.1458435335694
 10
275.44620654531525
 20
153.0655890383694
  0
LWPOLYLINE
  8
0
 90
32
 70
1
 10
304.35932807491525
 20
141.21732085276943
 10
304.34018768771523
 20
141.13758718556943
 10
304.2879401957152
 20
141.0697146863694
 10
304.21054247971523
 20
141.0241675671694
 10
304.1199010189153
 20
141.0083208527694
 10
304.02409742531523
 20
140.9926624055694
 10
303.93195066291526
 20
140.9469270191694
 10
303.8573221133152
 20
140.8792039967694
 10
303.81269141731525
 20
140.79932085276943
 10
303.76325890451517
 20
140.7104921743694
 10
303.6982105805152
 20
140.68249904876942
 10
303.6062326901153
 20
140.7140466791694
 10
303.4605304301152
 20
140.8229702895694
 10
303.29207191571516
 20
140.9583915887694
 10
303.2457269181152
 20
140.9667811831694
 10
303.22933630211526
 20
140.93463079676945
 10
303.2888016509153
 20
140.76873211436939
 10
303.3656278773152
 20
140.6385266191694
 10
303.4697770917153
 20
140.5693909239694
 10
303.6180368429153
 20
140.55626873356942
 10
303.8360291933152
 20
140.5988709591694
 10
304.0187199389152
 20
140.6441749695694
 10
304.20615197491526
 20
140.6835413735694
 10
304.3730864613152
 20
140.7125298407694
 10
304.4821677413152
 20
140.7227758567694
 10
304.6232350501152
 20
140.7523936647694
 10
304.6781473757153
 20
140.8260036319694
 10
304.65298795571516
 20
140.9538808671694
 10
304.5239677413153
 20
141.1755208527694
 10
304.45036111811527
 20
141.2794956775694
 10
304.4017681165152
 20
141.31137085276941
 10
304.3704742957152
 20
141.2933826407694
  0
LWPOLYLINE
  8
0
 90
12
 70
1
 10
304.94315135011516
 20
141.01023596156944
 10
304.9240959005153
 20
140.9538255239694
 10
304.9440530597152
 20
140.92042632076942
 10
305.00354432451525
 20
140.91521352636943
 10
305.1004837077152
 20
140.9445245223694
 10
305.27970672531524
 20
141.02592249836943
 10
305.35037179891526
 20
141.10170506236943
 10
305.32623564291526
 20
141.15584592716937
 10
305.2026353837152
 20
141.1755208527694
 10
305.13490818131527
 20
141.1633973479694
 10
305.06151239731514
 20
141.12696848076942
 10
304.9938953797152
 20
141.07346013356943
  0
LWPOLYLINE
  8
0
 90
32
 70
1
 10
301.7771106701153
 20
140.2439779239694
 10
301.6027306005152
 20
139.97339665916942
 10
301.52276017811516
 20
139.6117335287694
 10
301.54909919411523
 20
139.2749743367694
 10
301.68892052851527
 20
139.0809765239694
 10
301.93314538851524
 20
139.06183663836939
 10
302.2995354301152
 20
139.2680383791694
 10
302.6480029693152
 20
139.5852798135694
 10
302.8540781397153
 20
139.92707172556942
 10
302.9418116581153
 20
140.1084755327694
 10
303.04213717571525
 20
140.2153310463694
 10
303.1617732901152
 20
140.25584878956943
 10
303.3064151677152
 20
140.23695485516942
 10
303.4793066557152
 20
140.18265314396942
 10
303.5026651645153
 20
140.19203791276942
 10
303.4976038533153
 20
140.2157622551694
 10
303.35356774131515
 20
140.32118820876943
 10
303.1191561837153
 20
140.4507085183694
 10
302.89074944691527
 20
140.49906911196942
 10
302.77606111491525
 20
140.4475929135694
 10
302.7683677413152
 20
140.3395208527694
 10
302.7954248813152
 20
140.2755864151694
 10
302.79223336771526
 20
140.2214358527694
 10
302.7599289901152
 20
140.18556961356938
 10
302.7045030261153
 20
140.17232085276942
 10
302.6329046421153
 20
140.18461557036937
 10
302.5560633677152
 20
140.2214358527694
 10
302.48589354051524
 20
140.27556250556938
 10
302.4339677413153
 20
140.3395208527694
 10
302.31052699091526
 20
140.46367772076943
 10
302.16411362931524
 20
140.49449602476943
 10
301.9886313773152
 20
140.4236533847694
  0
LWPOLYLINE
  8
0
 90
16
 70
1
 10
299.0063677413152
 20
134.48752085276942
 10
299.01913212371517
 20
134.4237109791694
 10
299.05548274131525
 20
134.3694358527694
 10
299.10975786771525
 20
134.33308523516942
 10
299.1735677413152
 20
134.32032085276938
 10
299.2373776149152
 20
134.33308523516942
 10
299.29165274131526
 20
134.3694358527694
 10
299.3280033589153
 20
134.4237109791694
 10
299.3407677413153
 20
134.48752085276942
 10
299.3280033589153
 20
134.55133072636943
 10
299.29165274131526
 20
134.60560585276943
 10
299.2373776149152
 20
134.6419564703694
 10
299.1735677413152
 20
134.6547208527694
 10
299.10975786771525
 20
134.6419564703694
 10
299.05548274131525
 20
134.60560585276943
 10
299.01913212371517
 20
134.55133072636943
  0
LWPOLYLINE
  8
0
 90
12
 70
1
 10
219.68071753091522
 20
143.3981318543694
 10
219.62285245331526
 20
143.23813650236943
 10
219.63156658291524
 20
143.20051031596938
 10
219.66387363571522
 20
143.19972531196942
 10
219.77431525491525
 20
143.3045341303694
 10
219.84698037491523
 20
143.3903485271694
 10
219.89355075811523
 20
143.47766672076938
 10
219.90871278851523
 20
143.55314013196943
 10
219.88847673971526
 20
143.60434513196944
 10
219.84363570611524
 20
143.6153851807694
 10
219.78883841411525
 20
143.58237906476938
 10
219.7312092557152
 20
143.5064115775694
  0
LWPOLYLINE
  8
0
 90
16
 70
1
 10
219.58636774131523
 20
142.6704532103694
 10
219.59945749491527
 20
142.61110657356943
 10
219.63548274131523
 20
142.5757539727694
 10
219.68968062131523
 20
142.57055204636941
 10
219.7535677413152
 20
142.59672085276938
 10
219.81756755411527
 20
142.6416966495694
 10
219.87165274131522
 20
142.69136023276943
 10
219.90980962051526
 20
142.73855494076943
 10
219.92076774131527
 20
142.7737884951694
 10
219.90831802931524
 20
142.8019835983694
 10
219.87165274131522
 20
142.8258619319694
 10
219.81758009411521
 20
142.8421127687694
 10
219.7535677413152
 20
142.84752085276938
 10
219.68977157811523
 20
142.83396728636941
 10
219.63548274131523
 20
142.7955072735694
 10
219.59909550691526
 20
142.73804464636936
  0
LWPOLYLINE
  8
0
 90
12
 70
1
 10
269.4145280749153
 20
147.91191304716943
 10
269.45650480531526
 20
147.7258749575694
 10
269.5723192293152
 20
147.54321129836944
 10
269.70149677891527
 20
147.4430391031694
 10
269.7915184293152
 20
147.4694700791694
 10
269.8076132685152
 20
147.5401769527694
 10
269.78440992131516
 20
147.63397113676942
 10
269.7280145317152
 20
147.73522762396942
 10
269.64521842931526
 20
147.82831304716942
 10
269.5557057357152
 20
147.90207750716942
 10
269.4812371965152
 20
147.9418022207694
 10
269.4349316581152
 20
147.9417246399694
  0
LWPOLYLINE
  8
0
 90
16
 70
1
 10
259.3799677413152
 20
139.0216561375694
 10
259.3922624589152
 20
138.9500577535694
 10
259.4290827413152
 20
138.8732164791694
 10
259.4832093941152
 20
138.8030466519694
 10
259.54716774131526
 20
138.75112085276942
 10
259.61110217891525
 20
138.7240637127694
 10
259.6652527413152
 20
138.72725522636938
 10
259.7011189805153
 20
138.7595596039694
 10
259.71436774131524
 20
138.81498556796942
 10
259.7020730237153
 20
138.8865839519694
 10
259.6652527413152
 20
138.9634252263694
 10
259.6111260885152
 20
139.0335950535694
 10
259.54716774131526
 20
139.0855208527694
 10
259.4832333037152
 20
139.1125779927694
 10
259.4290827413152
 20
139.1093864791694
 10
259.3932165021152
 20
139.07708210156943
  0
LWPOLYLINE
  8
0
 90
28
 70
1
 10
262.12627238371516
 20
130.69779173596942
 10
262.16309467251523
 20
130.58463913596944
 10
262.1941396997152
 20
130.4512767375694
 10
262.2155058533153
 20
130.3190967775694
 10
262.2223677413152
 20
130.21024606636942
 10
262.27092429331526
 20
130.03424616316943
 10
262.3902171461152
 20
129.97855836396946
 10
262.5155437453152
 20
130.0685042727694
 10
262.56851939331517
 20
130.26572085276942
 10
262.57794763411516
 20
130.4374807311694
 10
262.5996353133152
 20
130.45401614236943
 10
262.6284845029152
 20
130.4302595303694
 10
262.7057900917152
 20
130.2381176375694
 10
262.77405367171514
 20
130.11267416556942
 10
262.87455692291525
 20
130.0002152783694
 10
262.9904255197152
 20
129.9167421831694
 10
263.1040546397153
 20
129.8778838999694
 10
263.23052655891524
 20
129.8874126279694
 10
263.30987783971517
 20
129.95253351676945
 10
263.34665247651526
 20
130.08780433596942
 10
263.34298410851517
 20
130.3231548887694
 10
263.3053400317153
 20
130.67131126876941
 10
263.23332047091526
 20
130.7937556743694
 10
263.0844885613152
 20
130.8537328223694
 10
262.5860723837152
 20
130.9024766383694
 10
262.30436479491516
 20
130.9159394151694
 10
262.16450667651515
 20
130.8871952271694
 10
262.11174989331516
 20
130.8158631927694
  0
LWPOLYLINE
  8
0
 90
16
 70
1
 10
214.23596774131522
 20
131.97952085276938
 10
214.24873212371526
 20
131.91571097916938
 10
214.28508274131522
 20
131.86143585276938
 10
214.33935786771522
 20
131.8250852351694
 10
214.4031677413152
 20
131.81232085276943
 10
214.4669776149152
 20
131.8250852351694
 10
214.5212527413152
 20
131.86143585276938
 10
214.55760335891526
 20
131.91571097916938
 10
214.57036774131524
 20
131.97952085276938
 10
214.55760335891526
 20
132.04333072636942
 10
214.5212527413152
 20
132.09760585276942
 10
214.4669776149152
 20
132.13395647036938
 10
214.4031677413152
 20
132.1467208527694
 10
214.33935786771522
 20
132.13395647036938
 10
214.28508274131522
 20
132.09760585276942
 10
214.24873212371526
 20
132.04333072636942
  0
LWPOLYLINE
  8
0
 90
16
 70
1
 10
214.65396774131523
 20
131.64512085276942
 10
214.63591967171521
 20
131.5816437071694
 10
214.65755836131524
 20
131.52703585276942
 10
214.71906639251526
 20
131.49017109516942
 10
214.81130009891524
 20
131.4779208527694
 10
214.91097019251526
 20
131.49038477676942
 10
214.99539666211524
 20
131.52703585276942
 10
215.05190073171525
 20
131.58135428396943
 10
215.07196774131523
 20
131.64512085276942
 10
215.05999321171524
 20
131.7089464431694
 10
215.02575132051524
 20
131.7632058527694
 10
214.97466586851522
 20
131.79952068956942
 10
214.91463538371522
 20
131.81232085276943
 10
214.84682324371525
 20
131.8000647583694
 10
214.77316462131526
 20
131.7632058527694
 10
214.70516488291526
 20
131.7090773607694
  0
LWPOLYLINE
  8
0
 90
16
 70
1
 10
219.58636774131523
 20
140.0051208527694
 10
219.59913212371526
 20
139.9413109791694
 10
219.63548274131523
 20
139.8870358527694
 10
219.68975786771523
 20
139.8506852351694
 10
219.7535677413152
 20
139.8379208527694
 10
219.81737761491522
 20
139.8506852351694
 10
219.87165274131522
 20
139.8870358527694
 10
219.90800335891524
 20
139.9413109791694
 10
219.92076774131527
 20
140.0051208527694
 10
219.90800335891524
 20
140.0689307263694
 10
219.87165274131522
 20
140.1232058527694
 10
219.81737761491522
 20
140.15955647036938
 10
219.7535677413152
 20
140.17232085276942
 10
219.68975786771523
 20
140.15955647036938
 10
219.63548274131523
 20
140.1232058527694
 10
219.59913212371526
 20
140.0689307263694
  0
LWPOLYLINE
  8
0
 90
12
 70
1
 10
219.41916774131522
 20
138.5003208527694
 10
219.42647103731525
 20
138.2998360143694
 10
219.46096774131522
 20
138.2244408527694
 10
219.5196862077152
 20
138.21835744796942
 10
219.61980774131524
 20
138.2996808527694
 10
219.70919152371525
 20
138.4088191479694
 10
219.73684774131524
 20
138.5003208527694
 10
219.70919152371525
 20
138.5918225575694
 10
219.61980774131524
 20
138.7009608527694
 10
219.5196862077152
 20
138.78228425756942
 10
219.46096774131522
 20
138.7762008527694
 10
219.42647103731525
 20
138.7008056911694
  0
LWPOLYLINE
  8
0
 90
12
 70
1
 10
219.45176321411526
 20
137.58072085276942
 10
219.45855270451523
 20
137.40211664236944
 10
219.47878005891525
 20
137.31335183436943
 10
219.50555329331524
 20
137.3104183103694
 10
219.53503583651525
 20
137.37490300316938
 10
219.55842761811525
 20
137.5032460575694
 10
219.56501028211522
 20
137.6442581903694
 10
219.55533625731525
 20
137.7765262647694
 10
219.52884040771522
 20
137.8765030031694
 10
219.49894387731524
 20
137.8960615575694
 10
219.47184895011523
 20
137.8745168343694
 10
219.45473201731525
 20
137.7613157463694
  0
LWPOLYLINE
  8
0
 90
12
 70
1
 10
219.26516767971523
 20
134.2227875751694
 10
219.27504017091525
 20
134.0980023695694
 10
219.29866920931522
 20
134.0492194287694
 10
219.32914124211524
 20
134.0521024583694
 10
219.3661844021152
 20
134.12177085276943
 10
219.39227328691524
 20
134.21320734956942
 10
219.39853124851524
 20
134.30643104716938
 10
219.38529419171525
 20
134.3875738759694
 10
219.35298446371525
 20
134.44223757516943
 10
219.31639140611523
 20
134.4499643887694
 10
219.28551892931523
 20
134.41944353356942
 10
219.26700654531524
 20
134.3391890383694
  0
LWPOLYLINE
  8
0
 90
20
 70
1
 10
218.65156809091522
 20
133.92300282396945
 10
218.58133155091522
 20
133.80486799836942
 10
218.48268789811524
 20
133.7342009183694
 10
218.35207577251524
 20
133.7122789919694
 10
218.18716708131527
 20
133.7381217583694
 10
217.96392899811525
 20
133.79745100636944
 10
217.93892390371522
 20
133.78792595676939
 10
217.94361169011526
 20
133.7654947391694
 10
218.12763167571524
 20
133.6488102063694
 10
218.27045575491525
 20
133.5813458423694
 10
218.45545703731523
 20
133.5329539823694
 10
218.65099760451523
 20
133.5089346991694
 10
218.82676025091524
 20
133.5154264063694
 10
219.05814983571523
 20
133.5551312231694
 10
219.12690180691524
 20
133.6105292647694
 10
219.12150208291524
 20
133.69711328316941
 10
218.99429732611526
 20
133.8861855511694
 10
218.84987498211524
 20
134.0717506319694
 10
218.77958744611524
 20
134.10971924396944
 10
218.72179041891525
 20
134.0787742023694
  0
LWPOLYLINE
  8
0
 90
12
 70
1
 10
208.01821774131523
 20
135.04210419196943
 10
208.10965423811524
 20
135.01601530716943
 10
208.2028779357152
 20
135.00975734556943
 10
208.28402076451525
 20
135.02299440236942
 10
208.3386844637152
 20
135.0553041303694
 10
208.34641127731527
 20
135.09189718796938
 10
208.31589042211522
 20
135.1227696647694
 10
208.23563592691525
 20
135.14128204876943
 10
208.1192344637152
 20
135.1431209143694
 10
207.99444925811525
 20
135.13324842316942
 10
207.94566631731524
 20
135.10961938476942
 10
207.94854934691523
 20
135.0791473519694
  0
LWPOLYLINE
  8
0
 90
16
 70
1
 10
207.88236774131522
 20
133.6515208527694
 10
207.89513212371526
 20
133.58771097916937
 10
207.93148274131525
 20
133.53343585276937
 10
207.98575786771525
 20
133.49708523516944
 10
208.04956774131526
 20
133.48432085276943
 10
208.11337761491524
 20
133.49708523516944
 10
208.16765274131524
 20
133.53343585276937
 10
208.20400335891523
 20
133.58771097916937
 10
208.21676774131524
 20
133.6515208527694
 10
208.20400335891523
 20
133.71533072636942
 10
208.16765274131524
 20
133.76960585276942
 10
208.11337761491524
 20
133.8059564703694
 10
208.04956774131526
 20
133.8187208527694
 10
207.98575786771525
 20
133.8059564703694
 10
207.93148274131525
 20
133.76960585276942
 10
207.89513212371526
 20
133.71533072636942
  0
LWPOLYLINE
  8
0
 90
12
 70
1
 10
188.94696774131523
 20
135.21278746956938
 10
189.04227307891523
 20
135.1866484247694
 10
189.1559677413152
 20
135.17800000476942
 10
189.26966240371524
 20
135.1866484247694
 10
189.3649677413152
 20
135.21278746956938
 10
189.39997641171522
 20
135.2441010199694
 10
189.38978657491523
 20
135.27234795516938
 10
189.3050165093152
 20
135.2919051719694
 10
189.1559677413152
 20
135.29712080876942
 10
189.00691897331524
 20
135.2919051719694
 10
188.92214890771524
 20
135.27234795516938
 10
188.91195907091523
 20
135.2441010199694
  0
LWPOLYLINE
  8
0
 90
16
 70
1
 10
199.77316774131523
 20
135.8251208527694
 10
199.74611060131525
 20
135.7611864151694
 10
199.74930211491522
 20
135.7070358527694
 10
199.78160649251524
 20
135.6711696135694
 10
199.8370324565152
 20
135.6579208527694
 10
199.90863084051523
 20
135.6702155703694
 10
199.98547211491524
 20
135.7070358527694
 10
200.05564194211522
 20
135.76116250556942
 10
200.10756774131522
 20
135.8251208527694
 10
200.13462488131523
 20
135.88905529036938
 10
200.13143336771523
 20
135.9432058527694
 10
200.09912899011522
 20
135.97907209196939
 10
200.04370302611522
 20
135.99232085276944
 10
199.97210464211526
 20
135.98002613516942
 10
199.89526336771522
 20
135.9432058527694
 10
199.82509354051524
 20
135.88907919996942
  0
LWPOLYLINE
  8
0
 90
12
 70
1
 10
217.20376774131523
 20
124.34478746956941
 10
217.29907307891526
 20
124.3186484247694
 10
217.41276774131524
 20
124.31000000476939
 10
217.52646240371524
 20
124.3186484247694
 10
217.62176774131524
 20
124.34478746956941
 10
217.6567764117152
 20
124.37610101996944
 10
217.64658657491523
 20
124.40434795516938
 10
217.56181650931524
 20
124.42390517196941
 10
217.41276774131524
 20
124.4291208087694
 10
217.26371897331524
 20
124.42390517196941
 10
217.17894890771524
 20
124.40434795516938
 10
217.16875907091526
 20
124.37610101996944
  0
LWPOLYLINE
  8
0
 90
12
 70
1
 10
246.97581774131527
 20
107.2869041919694
 10
247.06725423811525
 20
107.26081530716941
 10
247.16047793571525
 20
107.2545573455694
 10
247.24162076451523
 20
107.26779440236942
 10
247.29628446371524
 20
107.30010413036939
 10
247.30401127731523
 20
107.3366971879694
 10
247.2734904221153
 20
107.36756966476939
 10
247.19323592691524
 20
107.3860820487694
 10
247.07683446371522
 20
107.3879209143694
 10
246.9520492581153
 20
107.3780484231694
 10
246.9032663173152
 20
107.3544193847694
 10
246.90614934691527
 20
107.3239473519694
  0
LWPOLYLINE
  8
0
 90
16
 70
1
 10
259.3799677413152
 20
101.54912085276939
 10
259.3935213077152
 20
101.4853246895694
 10
259.43198132051526
 20
101.43103585276941
 10
259.48944394771524
 20
101.39464861836939
 10
259.55703538371523
 20
101.38192085276941
 10
259.6163820205153
 20
101.39501060636941
 10
259.6517346213152
 20
101.43103585276941
 10
259.6569365477153
 20
101.48523373276942
 10
259.6307677413152
 20
101.54912085276939
 10
259.5857919445152
 20
101.6131206655694
 10
259.5361283613152
 20
101.6672058527694
 10
259.4889336533152
 20
101.70536273196939
 10
259.4537000989152
 20
101.7163208527694
 10
259.42550499571524
 20
101.70387114076941
 10
259.4016266621153
 20
101.6672058527694
 10
259.3853758253152
 20
101.61313320556938
  0
LWPOLYLINE
  8
0
 90
12
 70
1
 10
277.50528173491523
 20
96.22304995756939
 10
277.7409947773152
 20
95.96684087036941
 10
277.8549188381153
 20
95.88582210396939
 10
277.91518306851526
 20
95.90911958476941
 10
277.93916774131526
 20
96.0256380879694
 10
277.9141960869153
 20
96.1009566719694
 10
277.8286589077152
 20
96.19755814396939
 10
277.7069677381153
 20
96.2969413223694
 10
277.5629677413152
 20
96.3843671927694
 10
277.29975782291524
 20
96.5209356511694
 10
277.2750036957152
 20
96.51114341596941
 10
277.2815736525152
 20
96.4766338375694
  0
LWPOLYLINE
  8
0
 90
12
 70
1
 10
278.97642153251525
 20
94.19992477436939
 10
279.0584229333152
 20
94.0783402783694
 10
279.1358524173152
 20
93.98441918956941
 10
279.20062252051525
 20
93.9236229287694
 10
279.2325741061152
 20
93.9251937727694
 10
279.26145573251523
 20
94.0404975679694
 10
279.1712754093153
 20
94.2631240335694
 10
279.04070725731526
 20
94.4688138079694
 10
278.92306232771523
 20
94.5267208527694
 10
278.88327558291525
 20
94.4991134575694
 10
278.87656116531525
 20
94.43072447756938
 10
278.90874699811525
 20
94.32537560316939
  0
LWPOLYLINE
  8
0
 90
16
 70
1
 10
212.14596774131525
 20
92.3531208527694
 10
212.11891060131524
 20
92.28918641516941
 10
212.1221021149152
 20
92.23503585276939
 10
212.15440649251522
 20
92.1991696135694
 10
212.20983245651524
 20
92.1859208527694
 10
212.2814308405152
 20
92.1982155703694
 10
212.35827211491522
 20
92.23503585276939
 10
212.42844194211523
 20
92.2891625055694
 10
212.48036774131526
 20
92.3531208527694
 10
212.50742488131525
 20
92.4170552903694
 10
212.50423336771524
 20
92.4712058527694
 10
212.47192899011523
 20
92.50707209196939
 10
212.41650302611524
 20
92.5203208527694
 10
212.34490464211524
 20
92.5080261351694
 10
212.26806336771523
 20
92.4712058527694
 10
212.19789354051522
 20
92.4170791999694
  0
LWPOLYLINE
  8
0
 90
24
 70
1
 10
210.42884581171523
 20
91.69351100076939
 10
210.14045507171525
 20
91.63290651836938
 10
209.86422044051525
 20
91.5470202255694
 10
209.63492971731526
 20
91.45022028716939
 10
209.50924581171526
 20
91.3579288967694
 10
209.49926631251526
 20
91.26075225676941
 10
209.59427821411523
 20
91.2112623943694
 10
209.94475349091525
 20
91.25938807196941
 10
210.72476774131525
 20
91.43335783276939
 10
210.83603415811524
 20
91.45657756556939
 10
210.96328890771522
 20
91.47820371516939
 10
211.08661362131525
 20
91.4953089439694
 10
211.18456774131522
 20
91.5043282135694
 10
211.26441393411525
 20
91.5218139895694
 10
211.33217390771523
 20
91.5624780327694
 10
211.37757221891525
 20
91.6195447303694
 10
211.39356774131522
 20
91.68432085276939
 10
211.38413682531524
 20
91.7466336175694
 10
211.35673140771524
 20
91.79625824316939
 10
211.31592039571524
 20
91.82545253356939
 10
211.2681677413152
 20
91.83059293036939
 10
211.18654688771522
 20
91.8171062439694
 10
210.96988946211525
 20
91.7816924479694
 10
210.71142384371524
 20
91.7395244407694
  0
ENDSEC
  0
EOF