  0
SECTION
  2
HEADER
  9
$ACADVER
  1
AC1015
  0
ENDSEC
  0
SECTION
  2
ENTITIES
  0
LINE
  8
0
 10
410.1562
 20
9986.9792
 30
5.2083
 11
537.1094
 21
9869.7917
 31
52.0833
  0
LINE
  8
0
 10
537.1094
 20
9869.7917
 30
52.0833
 11
966.7969
 21
9309.8958
 31
276.0417
  0
LINE
  8
0
 10
966.7969
 20
9309.8958
 30
276.0417
 11
410.1562
 21
9973.9583
 31
10.4167
  0
LINE
  8
0
 10
410.1562
 20
9973.9583
 30
10.4167
 11
410.1562
 21
9986.9792
 31
5.2083
  0
LINE
  8
0
 10
546.875
 20
9986.9792
 30
5.2083
 11
546.875
 21
9895.8333
 31
41.6667
  0
LINE
  8
0
 10
546.875
 20
9895.8333
 30
41.6667
 11
546.875
 21
9973.9583
 31
10.4167
  0
LINE
  8
0
 10
546.875
 20
9973.9583
 30
10.4167
 11
546.875
 21
9986.9792
 31
5.2083
  0
LINE
  8
0
 10
791.0156
 20
9986.9792
 30
5.2083
 11
1083.9844
 21
9973.9583
 31
10.4167
  0
LINE
  8
0
 10
1083.9844
 20
9973.9583
 30
10.4167
 11
1220.7031
 21
9765.625
 31
93.75
  0
LINE
  8
0
 10
1220.7031
 20
9765.625
 30
93.75
 11
1230.4688
 21
9648.4375
 31
140.625
  0
LINE
  8
0
 10
1230.4688
 20
9648.4375
 30
140.625
 11
1142.5781
 21
9557.2917
 31
177.0833
  0
LINE
  8
0
 10
1142.5781
 20
9557.2917
 30
177.0833
 11
966.7969
 21
9557.2917
 31
177.0833
  0
LINE
  8
0
 10
966.7969
 20
9557.2917
 30
177.0833
 11
839.8438
 21
9622.3958
 31
151.0417
  0
LINE
  8
0
 10
839.8438
 20
9622.3958
 30
151.0417
 11
820.3125
 21
9596.3542
 31
161.4583
  0
LINE
  8
0
 10
820.3125
 20
9596.3542
 30
161.4583
 11
693.3594
 21
9791.6667
 31
83.3333
  0
LINE
  8
0
 10
693.3594
 20
9791.6667
 30
83.3333
 11
712.8906
 21
9908.8542
 31
36.4583
  0
LINE
  8
0
 10
712.8906
 20
9908.8542
 30
36.4583
 11
781.25
 21
9973.9583
 31
10.4167
  0
LINE
  8
0
 10
781.25
 20
9973.9583
 30
10.4167
 11
791.0156
 21
9986.9792
 31
5.2083
  0
LINE
  8
0
 10
1455.0781
 20
9986.9792
 30
5.2083
 11
1513.6719
 21
9986.9792
 31
5.2083
  0
LINE
  8
0
 10
1513.6719
 20
9986.9792
 30
5.2083
 11
1552.7344
 21
9934.8958
 31
26.0417
  0
LINE
  8
0
 10
1552.7344
 20
9934.8958
 30
26.0417
 11
1738.2812
 21
9635.4167
 31
145.8333
  0
LINE
  8
0
 10
1738.2812
 20
9635.4167
 30
145.8333
 11
1728.5156
 21
9596.3542
 31
161.4583
  0
LINE
  8
0
 10
1728.5156
 20
9596.3542
 30
161.4583
 11
1679.6875
 21
9622.3958
 31
151.0417
  0
LINE
  8
0
 10
1679.6875
 20
9622.3958
 30
151.0417
 11
1464.8438
 21
9973.9583
 31
10.4167
  0
LINE
  8
0
 10
1464.8438
 20
9973.9583
 30
10.4167
 11
1455.0781
 21
9986.9792
 31
5.2083
  0
LINE
  8
0
 10
2392.5781
 20
9986.9792
 30
5.2083
 11
2539.0625
 21
9713.5417
 31
114.5833
  0
LINE
  8
0
 10
2539.0625
 20
9713.5417
 30
114.5833
 11
2431.6406
 21
9882.8125
 31
46.875
  0
LINE
  8
0
 10
2431.6406
 20
9882.8125
 30
46.875
 11
2353.5156
 21
9843.75
 31
62.5
  0
LINE
  8
0
 10
2353.5156
 20
9843.75
 30
62.5
 11
2441.4062
 21
9895.8333
 31
41.6667
  0
LINE
  8
0
 10
2441.4062
 20
9895.8333
 30
41.6667
 11
2402.3438
 21
9973.9583
 31
10.4167
  0
LINE
  8
0
 10
2402.3438
 20
9973.9583
 30
10.4167
 11
2392.5781
 21
9986.9792
 31
5.2083
  0
LINE
  8
0
 10
2509.7656
 20
9986.9792
 30
5.2083
 11
2587.8906
 21
9804.6875
 31
78.125
  0
LINE
  8
0
 10
2587.8906
 20
9804.6875
 30
78.125
 11
2509.7656
 21
9973.9583
 31
10.4167
  0
LINE
  8
0
 10
2509.7656
 20
9973.9583
 30
10.4167
 11
2509.7656
 21
9986.9792
 31
5.2083
  0
LINE
  8
0
 10
2675.7812
 20
9986.9792
 30
5.2083
 11
2734.375
 21
9986.9792
 31
5.2083
  0
LINE
  8
0
 10
2734.375
 20
9986.9792
 30
5.2083
 11
2666.0156
 21
9973.9583
 31
10.4167
  0
LINE
  8
0
 10
2666.0156
 20
9973.9583
 30
10.4167
 11
2675.7812
 21
9986.9792
 31
5.2083
  0
LINE
  8
0
 10
3701.1719
 20
9986.9792
 30
5.2083
 11
3759.7656
 21
9986.9792
 31
5.2083
  0
LINE
  8
0
 10
3759.7656
 20
9986.9792
 30
5.2083
 11
859.375
 21
8841.1458
 31
463.5417
  0
LINE
  8
0
 10
859.375
 20
8841.1458
 30
463.5417
 11
3691.4062
 21
9973.9583
 31
10.4167
  0
LINE
  8
0
 10
3691.4062
 20
9973.9583
 30
10.4167
 11
3701.1719
 21
9986.9792
 31
5.2083
  0
LINE
  8
0
 10
4003.9062
 20
9986.9792
 30
5.2083
 11
4062.5
 21
9973.9583
 31
10.4167
  0
LINE
  8
0
 10
4062.5
 20
9973.9583
 30
10.4167
 11
3447.2656
 21
9739.5833
 31
104.1667
  0
LINE
  8
0
 10
3447.2656
 20
9739.5833
 30
104.1667
 11
3828.125
 21
8502.6042
 31
598.9583
  0
LINE
  8
0
 10
3828.125
 20
8502.6042
 30
598.9583
 11
4003.9062
 21
8567.7083
 31
572.9167
  0
LINE
  8
0
 10
4003.9062
 20
8567.7083
 30
572.9167
 11
3994.1406
 21
8593.75
 31
562.5
  0
LINE
  8
0
 10
3994.1406
 20
8593.75
 30
562.5
 11
4101.5625
 21
8606.7708
 31
557.2917
  0
LINE
  8
0
 10
4101.5625
 20
8606.7708
 30
557.2917
 11
4091.7969
 21
8632.8125
 31
546.875
  0
LINE
  8
0
 10
4091.7969
 20
8632.8125
 30
546.875
 11
4130.8594
 21
8619.7917
 31
552.0833
  0
LINE
  8
0
 10
4130.8594
 20
8619.7917
 30
552.0833
 11
4121.0938
 21
8645.8333
 31
541.6667
  0
LINE
  8
0
 10
4121.0938
 20
8645.8333
 30
541.6667
 11
4306.6406
 21
8684.8958
 31
526.0417
  0
LINE
  8
0
 10
4306.6406
 20
8684.8958
 30
526.0417
 11
4296.875
 21
8776.0417
 31
489.5833
  0
LINE
  8
0
 10
4296.875
 20
8776.0417
 30
489.5833
 11
4326.1719
 21
8723.9583
 31
510.4167
  0
LINE
  8
0
 10
4326.1719
 20
8723.9583
 30
510.4167
 11
4306.6406
 21
8671.875
 31
531.25
  0
LINE
  8
0
 10
4306.6406
 20
8671.875
 30
531.25
 11
3818.3594
 21
8476.5625
 31
609.375
  0
LINE
  8
0
 10
3818.3594
 20
8476.5625
 30
609.375
 11
3779.2969
 21
8580.7292
 31
567.7083
  0
LINE
  8
0
 10
3779.2969
 20
8580.7292
 30
567.7083
 11
3769.5312
 21
8554.6875
 31
578.125
  0
LINE
  8
0
 10
3769.5312
 20
8554.6875
 30
578.125
 11
3759.7656
 21
8658.8542
 31
536.4583
  0
LINE
  8
0
 10
3759.7656
 20
8658.8542
 30
536.4583
 11
3720.7031
 21
8658.8542
 31
536.4583
  0
LINE
  8
0
 10
3720.7031
 20
8658.8542
 30
536.4583
 11
3740.2344
 21
8723.9583
 31
510.4167
  0
LINE
  8
0
 10
3740.2344
 20
8723.9583
 30
510.4167
 11
3710.9375
 21
8736.9792
 31
505.2083
  0
LINE
  8
0
 10
3710.9375
 20
8736.9792
 30
505.2083
 11
3642.5781
 21
9036.4583
 31
385.4167
  0
LINE
  8
0
 10
3642.5781
 20
9036.4583
 30
385.4167
 11
3593.75
 21
9114.5833
 31
354.1667
  0
LINE
  8
0
 10
3593.75
 20
9114.5833
 30
354.1667
 11
3515.625
 21
9453.125
 31
218.75
  0
LINE
  8
0
 10
3515.625
 20
9453.125
 30
218.75
 11
3408.2031
 21
9739.5833
 31
104.1667
  0
LINE
  8
0
 10
3408.2031
 20
9739.5833
 30
104.1667
 11
3994.1406
 21
9973.9583
 31
10.4167
  0
LINE
  8
0
 10
3994.1406
 20
9973.9583
 30
10.4167
 11
4003.9062
 21
9986.9792
 31
5.2083
  0
LINE
  8
0
 10
4091.7969
 20
9986.9792
 30
5.2083
 11
4248.0469
 21
9101.5625
 31
359.375
  0
LINE
  8
0
 10
4248.0469
 20
9101.5625
 30
359.375
 11
4091.7969
 21
9973.9583
 31
10.4167
  0
LINE
  8
0
 10
4091.7969
 20
9973.9583
 30
10.4167
 11
4091.7969
 21
9986.9792
 31
5.2083
  0
LINE
  8
0
 10
4150.3906
 20
9986.9792
 30
5.2083
 11
4316.4062
 21
9062.5
 31
375.0
  0
LINE
  8
0
 10
4316.4062
 20
9062.5
 30
375.0
 11
4150.3906
 21
9973.9583
 31
10.4167
  0
LINE
  8
0
 10
4150.3906
 20
9973.9583
 30
10.4167
 11
4150.3906
 21
9986.9792
 31
5.2083
  0
LINE
  8
0
 10
4882.8125
 20
9986.9792
 30
5.2083
 11
4921.875
 21
9140.625
 31
343.75
  0
LINE
  8
0
 10
4921.875
 20
9140.625
 30
343.75
 11
4980.4688
 21
9023.4375
 31
390.625
  0
LINE
  8
0
 10
4980.4688
 20
9023.4375
 30
390.625
 11
4960.9375
 21
9518.2292
 31
192.7083
  0
LINE
  8
0
 10
4960.9375
 20
9518.2292
 30
192.7083
 11
4990.2344
 21
9531.25
 31
187.5
  0
LINE
  8
0
 10
4990.2344
 20
9531.25
 30
187.5
 11
4990.2344
 21
9609.375
 31
156.25
  0
LINE
  8
0
 10
4990.2344
 20
9609.375
 30
156.25
 11
4970.7031
 21
9557.2917
 31
177.0833
  0
LINE
  8
0
 10
4970.7031
 20
9557.2917
 30
177.0833
 11
4960.9375
 21
9986.9792
 31
5.2083
  0
LINE
  8
0
 10
4960.9375
 20
9986.9792
 30
5.2083
 11
5000.0
 21
9986.9792
 31
5.2083
  0
LINE
  8
0
 10
5000.0
 20
9986.9792
 30
5.2083
 11
5009.7656
 21
9895.8333
 31
41.6667
  0
LINE
  8
0
 10
5009.7656
 20
9895.8333
 30
41.6667
 11
4990.2344
 21
9648.4375
 31
140.625
  0
LINE
  8
0
 10
4990.2344
 20
9648.4375
 30
140.625
 11
5048.8281
 21
9687.5
 31
125.0
  0
LINE
  8
0
 10
5048.8281
 20
9687.5
 30
125.0
 11
5048.8281
 21
9986.9792
 31
5.2083
  0
LINE
  8
0
 10
5048.8281
 20
9986.9792
 30
5.2083
 11
5058.5938
 21
9960.9375
 31
15.625
  0
LINE
  8
0
 10
5058.5938
 20
9960.9375
 30
15.625
 11
5058.5938
 21
9674.4792
 31
130.2083
  0
LINE
  8
0
 10
5058.5938
 20
9674.4792
 30
130.2083
 11
5029.2969
 21
9661.4583
 31
135.4167
  0
LINE
  8
0
 10
5029.2969
 20
9661.4583
 30
135.4167
 11
5029.2969
 21
9596.3542
 31
161.4583
  0
LINE
  8
0
 10
5029.2969
 20
9596.3542
 30
161.4583
 11
5009.7656
 21
9635.4167
 31
145.8333
  0
LINE
  8
0
 10
5009.7656
 20
9635.4167
 30
145.8333
 11
5019.5312
 21
9010.4167
 31
395.8333
  0
LINE
  8
0
 10
5019.5312
 20
9010.4167
 30
395.8333
 11
5068.3594
 21
8854.1667
 31
458.3333
  0
LINE
  8
0
 10
5068.3594
 20
8854.1667
 30
458.3333
 11
5136.7188
 21
8776.0417
 31
489.5833
  0
LINE
  8
0
 10
5136.7188
 20
8776.0417
 30
489.5833
 11
5136.7188
 21
8710.9375
 31
515.625
  0
LINE
  8
0
 10
5136.7188
 20
8710.9375
 30
515.625
 11
5009.7656
 21
8554.6875
 31
578.125
  0
LINE
  8
0
 10
5009.7656
 20
8554.6875
 30
578.125
 11
4863.2812
 21
8567.7083
 31
572.9167
  0
LINE
  8
0
 10
4863.2812
 20
8567.7083
 30
572.9167
 11
4873.0469
 21
8606.7708
 31
557.2917
  0
LINE
  8
0
 10
4873.0469
 20
8606.7708
 30
557.2917
 11
4843.75
 21
8593.75
 31
562.5
  0
LINE
  8
0
 10
4843.75
 20
8593.75
 30
562.5
 11
4775.3906
 21
8710.9375
 31
515.625
  0
LINE
  8
0
 10
4775.3906
 20
8710.9375
 30
515.625
 11
4921.875
 21
9049.4792
 31
380.2083
  0
LINE
  8
0
 10
4921.875
 20
9049.4792
 30
380.2083
 11
4882.8125
 21
9973.9583
 31
10.4167
  0
LINE
  8
0
 10
4882.8125
 20
9973.9583
 30
10.4167
 11
4882.8125
 21
9986.9792
 31
5.2083
  0
LINE
  8
0
 10
5703.125
 20
9986.9792
 30
5.2083
 11
5673.8281
 21
9661.4583
 31
135.4167
  0
LINE
  8
0
 10
5673.8281
 20
9661.4583
 30
135.4167
 11
5703.125
 21
9973.9583
 31
10.4167
  0
LINE
  8
0
 10
5703.125
 20
9973.9583
 30
10.4167
 11
5703.125
 21
9986.9792
 31
5.2083
  0
LINE
  8
0
 10
5751.9531
 20
9986.9792
 30
5.2083
 11
5761.7188
 21
9843.75
 31
62.5
  0
LINE
  8
0
 10
5761.7188
 20
9843.75
 30
62.5
 11
5673.8281
 21
9075.5208
 31
369.7917
  0
LINE
  8
0
 10
5673.8281
 20
9075.5208
 30
369.7917
 11
5751.9531
 21
9973.9583
 31
10.4167
  0
LINE
  8
0
 10
5751.9531
 20
9973.9583
 30
10.4167
 11
5751.9531
 21
9986.9792
 31
5.2083
  0
LINE
  8
0
 10
5898.4375
 20
9986.9792
 30
5.2083
 11
6035.1562
 21
9973.9583
 31
10.4167
  0
LINE
  8
0
 10
6035.1562
 20
9973.9583
 30
10.4167
 11
6416.0156
 21
9817.7083
 31
72.9167
  0
LINE
  8
0
 10
6416.0156
 20
9817.7083
 30
72.9167
 11
5908.2031
 21
9986.9792
 31
5.2083
  0
LINE
  8
0
 10
5908.2031
 20
9986.9792
 30
5.2083
 11
5898.4375
 21
9986.9792
 31
5.2083
  0
LINE
  8
0
 10
6269.5312
 20
9986.9792
 30
5.2083
 11
6386.7188
 21
9960.9375
 31
15.625
  0
LINE
  8
0
 10
6386.7188
 20
9960.9375
 30
15.625
 11
6279.2969
 21
9986.9792
 31
5.2083
  0
LINE
  8
0
 10
6279.2969
 20
9986.9792
 30
5.2083
 11
6269.5312
 21
9986.9792
 31
5.2083
  0
LINE
  8
0
 10
7265.625
 20
9986.9792
 30
5.2083
 11
7246.0938
 21
9895.8333
 31
41.6667
  0
LINE
  8
0
 10
7246.0938
 20
9895.8333
 30
41.6667
 11
7265.625
 21
9973.9583
 31
10.4167
  0
LINE
  8
0
 10
7265.625
 20
9973.9583
 30
10.4167
 11
7265.625
 21
9986.9792
 31
5.2083
  0
LINE
  8
0
 10
7373.0469
 20
9986.9792
 30
5.2083
 11
7343.75
 21
9882.8125
 31
46.875
  0
LINE
  8
0
 10
7343.75
 20
9882.8125
 30
46.875
 11
7363.2812
 21
9973.9583
 31
10.4167
  0
LINE
  8
0
 10
7363.2812
 20
9973.9583
 30
10.4167
 11
7373.0469
 21
9986.9792
 31
5.2083
  0
LINE
  8
0
 10
7509.7656
 20
9986.9792
 30
5.2083
 11
7626.9531
 21
9960.9375
 31
15.625
  0
LINE
  8
0
 10
7626.9531
 20
9960.9375
 30
15.625
 11
7519.5312
 21
9986.9792
 31
5.2083
  0
LINE
  8
0
 10
7519.5312
 20
9986.9792
 30
5.2083
 11
7509.7656
 21
9986.9792
 31
5.2083
  0
LINE
  8
0
 10
8261.7188
 20
9986.9792
 30
5.2083
 11
8222.6562
 21
9843.75
 31
62.5
  0
LINE
  8
0
 10
8222.6562
 20
9843.75
 30
62.5
 11
8310.5469
 21
9973.9583
 31
10.4167
  0
LINE
  8
0
 10
8310.5469
 20
9973.9583
 30
10.4167
 11
8183.5938
 21
9765.625
 31
93.75
  0
LINE
  8
0
 10
8183.5938
 20
9765.625
 30
93.75
 11
8173.8281
 21
9817.7083
 31
72.9167
  0
LINE
  8
0
 10
8173.8281
 20
9817.7083
 30
72.9167
 11
8261.7188
 21
9973.9583
 31
10.4167
  0
LINE
  8
0
 10
8261.7188
 20
9973.9583
 30
10.4167
 11
8261.7188
 21
9986.9792
 31
5.2083
  0
LINE
  8
0
 10
8623.0469
 20
9986.9792
 30
5.2083
 11
8730.4688
 21
9908.8542
 31
36.4583
  0
LINE
  8
0
 10
8730.4688
 20
9908.8542
 30
36.4583
 11
8730.4688
 21
9869.7917
 31
52.0833
  0
LINE
  8
0
 10
8730.4688
 20
9869.7917
 30
52.0833
 11
8896.4844
 21
9882.8125
 31
46.875
  0
LINE
  8
0
 10
8896.4844
 20
9882.8125
 30
46.875
 11
9042.9688
 21
9986.9792
 31
5.2083
  0
LINE
  8
0
 10
9042.9688
 20
9986.9792
 30
5.2083
 11
9130.8594
 21
9986.9792
 31
5.2083
  0
LINE
  8
0
 10
9130.8594
 20
9986.9792
 30
5.2083
 11
9062.5
 21
9921.875
 31
31.25
  0
LINE
  8
0
 10
9062.5
 20
9921.875
 30
31.25
 11
9082.0312
 21
9908.8542
 31
36.4583
  0
LINE
  8
0
 10
9082.0312
 20
9908.8542
 30
36.4583
 11
8828.125
 21
9791.6667
 31
83.3333
  0
LINE
  8
0
 10
8828.125
 20
9791.6667
 30
83.3333
 11
8701.1719
 21
9817.7083
 31
72.9167
  0
LINE
  8
0
 10
8701.1719
 20
9817.7083
 30
72.9167
 11
8720.7031
 21
9843.75
 31
62.5
  0
LINE
  8
0
 10
8720.7031
 20
9843.75
 30
62.5
 11
8623.0469
 21
9895.8333
 31
41.6667
  0
LINE
  8
0
 10
8623.0469
 20
9895.8333
 30
41.6667
 11
8613.2812
 21
9973.9583
 31
10.4167
  0
LINE
  8
0
 10
8613.2812
 20
9973.9583
 30
10.4167
 11
8623.0469
 21
9986.9792
 31
5.2083
  0
LINE
  8
0
 10
9287.1094
 20
9986.9792
 30
5.2083
 11
9316.4062
 21
9973.9583
 31
10.4167
  0
LINE
  8
0
 10
9316.4062
 20
9973.9583
 30
10.4167
 11
9023.4375
 21
9570.3125
 31
171.875
  0
LINE
  8
0
 10
9023.4375
 20
9570.3125
 30
171.875
 11
9287.1094
 21
9973.9583
 31
10.4167
  0
LINE
  8
0
 10
9287.1094
 20
9973.9583
 30
10.4167
 11
9287.1094
 21
9986.9792
 31
5.2083
  0
LINE
  8
0
 10
9345.7031
 20
9986.9792
 30
5.2083
 11
9023.4375
 21
9505.2083
 31
197.9167
  0
LINE
  8
0
 10
9023.4375
 20
9505.2083
 30
197.9167
 11
9345.7031
 21
9973.9583
 31
10.4167
  0
LINE
  8
0
 10
9345.7031
 20
9973.9583
 30
10.4167
 11
9345.7031
 21
9986.9792
 31
5.2083
  0
LINE
  8
0
 10
4833.9844
 20
9973.9583
 30
10.4167
 11
4843.75
 21
9596.3542
 31
161.4583
  0
LINE
  8
0
 10
4843.75
 20
9596.3542
 30
161.4583
 11
4833.9844
 21
9960.9375
 31
15.625
  0
LINE
  8
0
 10
4833.9844
 20
9960.9375
 30
15.625
 11
4833.9844
 21
9973.9583
 31
10.4167
  0
LINE
  8
0
 10
976.5625
 20
9960.9375
 30
15.625
 11
898.4375
 21
9973.9583
 31
10.4167
  0
LINE
  8
0
 10
898.4375
 20
9973.9583
 30
10.4167
 11
771.4844
 21
9908.8542
 31
36.4583
  0
LINE
  8
0
 10
771.4844
 20
9908.8542
 30
36.4583
 11
742.1875
 21
9869.7917
 31
52.0833
  0
LINE
  8
0
 10
742.1875
 20
9869.7917
 30
52.0833
 11
751.9531
 21
9791.6667
 31
83.3333
  0
LINE
  8
0
 10
751.9531
 20
9791.6667
 30
83.3333
 11
888.6719
 21
9648.4375
 31
140.625
  0
LINE
  8
0
 10
888.6719
 20
9648.4375
 30
140.625
 11
1113.2812
 21
9622.3958
 31
151.0417
  0
LINE
  8
0
 10
1113.2812
 20
9622.3958
 30
151.0417
 11
1191.4062
 21
9752.6042
 31
98.9583
  0
LINE
  8
0
 10
1191.4062
 20
9752.6042
 30
98.9583
 11
986.3281
 21
9960.9375
 31
15.625
  0
LINE
  8
0
 10
986.3281
 20
9960.9375
 30
15.625
 11
976.5625
 21
9960.9375
 31
15.625
  0
LINE
  8
0
 10
6406.25
 20
9960.9375
 30
15.625
 11
9111.3281
 21
9036.4583
 31
385.4167
  0
LINE
  8
0
 10
9111.3281
 20
9036.4583
 30
385.4167
 11
6406.25
 21
9947.9167
 31
20.8333
  0
LINE
  8
0
 10
6406.25
 20
9947.9167
 30
20.8333
 11
6406.25
 21
9960.9375
 31
15.625
  0
LINE
  8
0
 10
7587.8906
 20
9921.875
 30
31.25
 11
7617.1875
 21
9921.875
 31
31.25
  0
LINE
  8
0
 10
7617.1875
 20
9921.875
 30
31.25
 11
7578.125
 21
9908.8542
 31
36.4583
  0
LINE
  8
0
 10
7578.125
 20
9908.8542
 30
36.4583
 11
7587.8906
 21
9921.875
 31
31.25
  0
LINE
  8
0
 10
7734.375
 20
9908.8542
 30
36.4583
 11
7685.5469
 21
9882.8125
 31
46.875
  0
LINE
  8
0
 10
7685.5469
 20
9882.8125
 30
46.875
 11
7724.6094
 21
9895.8333
 31
41.6667
  0
LINE
  8
0
 10
7724.6094
 20
9895.8333
 30
41.6667
 11
7734.375
 21
9908.8542
 31
36.4583
  0
LINE
  8
0
 10
1552.7344
 20
9895.8333
 30
41.6667
 11
1533.2031
 21
9882.8125
 31
46.875
  0
LINE
  8
0
 10
1533.2031
 20
9882.8125
 30
46.875
 11
1562.5
 21
9843.75
 31
62.5
  0
LINE
  8
0
 10
1562.5
 20
9843.75
 30
62.5
 11
1562.5
 21
9882.8125
 31
46.875
  0
LINE
  8
0
 10
1562.5
 20
9882.8125
 30
46.875
 11
1552.7344
 21
9895.8333
 31
41.6667
  0
LINE
  8
0
 10
8212.8906
 20
9830.7292
 30
67.7083
 11
8173.8281
 21
9791.6667
 31
83.3333
  0
LINE
  8
0
 10
8173.8281
 20
9791.6667
 30
83.3333
 11
8212.8906
 21
9817.7083
 31
72.9167
  0
LINE
  8
0
 10
8212.8906
 20
9817.7083
 30
72.9167
 11
8212.8906
 21
9830.7292
 31
67.7083
  0
LINE
  8
0
 10
6435.5469
 20
9804.6875
 30
78.125
 11
6298.8281
 21
9101.5625
 31
359.375
  0
LINE
  8
0
 10
6298.8281
 20
9101.5625
 30
359.375
 11
6250.0
 21
8906.25
 31
437.5
  0
LINE
  8
0
 10
6250.0
 20
8906.25
 30
437.5
 11
6220.7031
 21
8893.2292
 31
442.7083
  0
LINE
  8
0
 10
6220.7031
 20
8893.2292
 30
442.7083
 11
6259.7656
 21
8958.3333
 31
416.6667
  0
LINE
  8
0
 10
6259.7656
 20
8958.3333
 30
416.6667
 11
6435.5469
 21
9791.6667
 31
83.3333
  0
LINE
  8
0
 10
6435.5469
 20
9791.6667
 30
83.3333
 11
6435.5469
 21
9804.6875
 31
78.125
  0
LINE
  8
0
 10
6513.6719
 20
9804.6875
 30
78.125
 11
6865.2344
 21
9674.4792
 31
130.2083
  0
LINE
  8
0
 10
6865.2344
 20
9674.4792
 30
130.2083
 11
6503.9062
 21
9765.625
 31
93.75
  0
LINE
  8
0
 10
6503.9062
 20
9765.625
 30
93.75
 11
6289.0625
 21
8867.1875
 31
453.125
  0
LINE
  8
0
 10
6289.0625
 20
8867.1875
 30
453.125
 11
6503.9062
 21
9791.6667
 31
83.3333
  0
LINE
  8
0
 10
6503.9062
 20
9791.6667
 30
83.3333
 11
6513.6719
 21
9804.6875
 31
78.125
  0
LINE
  8
0
 10
2236.3281
 20
9778.6458
 30
88.5417
 11
2324.2188
 21
9752.6042
 31
98.9583
  0
LINE
  8
0
 10
2324.2188
 20
9752.6042
 30
98.9583
 11
2246.0938
 21
9778.6458
 31
88.5417
  0
LINE
  8
0
 10
2246.0938
 20
9778.6458
 30
88.5417
 11
2236.3281
 21
9778.6458
 31
88.5417
  0
LINE
  8
0
 10
546.875
 20
9765.625
 30
93.75
 11
595.7031
 21
9700.5208
 31
119.7917
  0
LINE
  8
0
 10
595.7031
 20
9700.5208
 30
119.7917
 11
546.875
 21
9752.6042
 31
98.9583
  0
LINE
  8
0
 10
546.875
 20
9752.6042
 30
98.9583
 11
546.875
 21
9765.625
 31
93.75
  0
LINE
  8
0
 10
2119.1406
 20
9765.625
 30
93.75
 11
2285.1562
 21
9687.5
 31
125.0
  0
LINE
  8
0
 10
2285.1562
 20
9687.5
 30
125.0
 11
2080.0781
 21
9739.5833
 31
104.1667
  0
LINE
  8
0
 10
2080.0781
 20
9739.5833
 30
104.1667
 11
2109.375
 21
9752.6042
 31
98.9583
  0
LINE
  8
0
 10
2109.375
 20
9752.6042
 30
98.9583
 11
2119.1406
 21
9765.625
 31
93.75
  0
LINE
  8
0
 10
1640.625
 20
9752.6042
 30
98.9583
 11
1621.0938
 21
9739.5833
 31
104.1667
  0
LINE
  8
0
 10
1621.0938
 20
9739.5833
 30
104.1667
 11
1660.1562
 21
9687.5
 31
125.0
  0
LINE
  8
0
 10
1660.1562
 20
9687.5
 30
125.0
 11
1650.3906
 21
9739.5833
 31
104.1667
  0
LINE
  8
0
 10
1650.3906
 20
9739.5833
 30
104.1667
 11
1640.625
 21
9752.6042
 31
98.9583
  0
LINE
  8
0
 10
5322.2656
 20
9739.5833
 30
104.1667
 11
5527.3438
 21
9648.4375
 31
140.625
  0
LINE
  8
0
 10
5527.3438
 20
9648.4375
 30
140.625
 11
5322.2656
 21
9713.5417
 31
114.5833
  0
LINE
  8
0
 10
5322.2656
 20
9713.5417
 30
114.5833
 11
5351.5625
 21
9726.5625
 31
109.375
  0
LINE
  8
0
 10
5351.5625
 20
9726.5625
 30
109.375
 11
5332.0312
 21
9739.5833
 31
104.1667
  0
LINE
  8
0
 10
5332.0312
 20
9739.5833
 30
104.1667
 11
5322.2656
 21
9739.5833
 31
104.1667
  0
LINE
  8
0
 10
3339.8438
 20
9713.5417
 30
114.5833
 11
2890.625
 21
9518.2292
 31
192.7083
  0
LINE
  8
0
 10
2890.625
 20
9518.2292
 30
192.7083
 11
3330.0781
 21
9700.5208
 31
119.7917
  0
LINE
  8
0
 10
3330.0781
 20
9700.5208
 30
119.7917
 11
3339.8438
 21
9713.5417
 31
114.5833
  0
LINE
  8
0
 10
3378.9062
 20
9713.5417
 30
114.5833
 11
3623.0469
 21
8945.3125
 31
421.875
  0
LINE
  8
0
 10
3623.0469
 20
8945.3125
 30
421.875
 11
3652.3438
 21
8684.8958
 31
526.0417
  0
LINE
  8
0
 10
3652.3438
 20
8684.8958
 30
526.0417
 11
3613.2812
 21
8802.0833
 31
479.1667
  0
LINE
  8
0
 10
3613.2812
 20
8802.0833
 30
479.1667
 11
3632.8125
 21
8776.0417
 31
489.5833
  0
LINE
  8
0
 10
3632.8125
 20
8776.0417
 30
489.5833
 11
3652.3438
 21
8828.125
 31
468.75
  0
LINE
  8
0
 10
3652.3438
 20
8828.125
 30
468.75
 11
3378.9062
 21
9700.5208
 31
119.7917
  0
LINE
  8
0
 10
3378.9062
 20
9700.5208
 30
119.7917
 11
3378.9062
 21
9713.5417
 31
114.5833
  0
LINE
  8
0
 10
1689.4531
 20
9674.4792
 30
130.2083
 11
1669.9219
 21
9661.4583
 31
135.4167
  0
LINE
  8
0
 10
1669.9219
 20
9661.4583
 30
135.4167
 11
1718.75
 21
9609.375
 31
156.25
  0
LINE
  8
0
 10
1718.75
 20
9609.375
 30
156.25
 11
1699.2188
 21
9661.4583
 31
135.4167
  0
LINE
  8
0
 10
1699.2188
 20
9661.4583
 30
135.4167
 11
1689.4531
 21
9674.4792
 31
130.2083
  0
LINE
  8
0
 10
5058.5938
 20
9635.4167
 30
145.8333
 11
5068.3594
 21
9296.875
 31
281.25
  0
LINE
  8
0
 10
5068.3594
 20
9296.875
 30
281.25
 11
5058.5938
 21
9622.3958
 31
151.0417
  0
LINE
  8
0
 10
5058.5938
 20
9622.3958
 30
151.0417
 11
5058.5938
 21
9635.4167
 31
145.8333
  0
LINE
  8
0
 10
5664.0625
 20
9596.3542
 30
161.4583
 11
5644.5312
 21
9296.875
 31
281.25
  0
LINE
  8
0
 10
5644.5312
 20
9296.875
 30
281.25
 11
5664.0625
 21
9583.3333
 31
166.6667
  0
LINE
  8
0
 10
5664.0625
 20
9583.3333
 30
166.6667
 11
5664.0625
 21
9596.3542
 31
161.4583
  0
LINE
  8
0
 10
7119.1406
 20
9596.3542
 30
161.4583
 11
7138.6719
 21
9557.2917
 31
177.0833
  0
LINE
  8
0
 10
7138.6719
 20
9557.2917
 30
177.0833
 11
6669.9219
 21
8229.1667
 31
708.3333
  0
LINE
  8
0
 10
6669.9219
 20
8229.1667
 30
708.3333
 11
6689.4531
 21
8372.3958
 31
651.0417
  0
LINE
  8
0
 10
6689.4531
 20
8372.3958
 30
651.0417
 11
6210.9375
 21
8515.625
 31
593.75
  0
LINE
  8
0
 10
6210.9375
 20
8515.625
 30
593.75
 11
6230.4688
 21
8593.75
 31
562.5
  0
LINE
  8
0
 10
6230.4688
 20
8593.75
 30
562.5
 11
6240.2344
 21
8515.625
 31
593.75
  0
LINE
  8
0
 10
6240.2344
 20
8515.625
 30
593.75
 11
6708.9844
 21
8385.4167
 31
645.8333
  0
LINE
  8
0
 10
6708.9844
 20
8385.4167
 30
645.8333
 11
6757.8125
 21
8515.625
 31
593.75
  0
LINE
  8
0
 10
6757.8125
 20
8515.625
 30
593.75
 11
6738.2812
 21
8541.6667
 31
583.3333
  0
LINE
  8
0
 10
6738.2812
 20
8541.6667
 30
583.3333
 11
6767.5781
 21
8541.6667
 31
583.3333
  0
LINE
  8
0
 10
6767.5781
 20
8541.6667
 30
583.3333
 11
6796.875
 21
8632.8125
 31
546.875
  0
LINE
  8
0
 10
6796.875
 20
8632.8125
 30
546.875
 11
6757.8125
 21
8606.7708
 31
557.2917
  0
LINE
  8
0
 10
6757.8125
 20
8606.7708
 30
557.2917
 11
7109.375
 21
9583.3333
 31
166.6667
  0
LINE
  8
0
 10
7109.375
 20
9583.3333
 30
166.6667
 11
7119.1406
 21
9596.3542
 31
161.4583
  0
LINE
  8
0
 10
4853.5156
 20
9570.3125
 30
171.875
 11
4863.2812
 21
9335.9375
 31
265.625
  0
LINE
  8
0
 10
4863.2812
 20
9335.9375
 30
265.625
 11
4853.5156
 21
9557.2917
 31
177.0833
  0
LINE
  8
0
 10
4853.5156
 20
9557.2917
 30
177.0833
 11
4853.5156
 21
9570.3125
 31
171.875
  0
LINE
  8
0
 10
7236.3281
 20
9544.2708
 30
182.2917
 11
6914.0625
 21
8658.8542
 31
536.4583
  0
LINE
  8
0
 10
6914.0625
 20
8658.8542
 30
536.4583
 11
6904.2969
 21
8710.9375
 31
515.625
  0
LINE
  8
0
 10
6904.2969
 20
8710.9375
 30
515.625
 11
6943.3594
 21
8736.9792
 31
505.2083
  0
LINE
  8
0
 10
6943.3594
 20
8736.9792
 30
505.2083
 11
6982.4219
 21
8919.2708
 31
432.2917
  0
LINE
  8
0
 10
6982.4219
 20
8919.2708
 30
432.2917
 11
6992.1875
 21
8893.2292
 31
442.7083
  0
LINE
  8
0
 10
6992.1875
 20
8893.2292
 30
442.7083
 11
7226.5625
 21
9531.25
 31
187.5
  0
LINE
  8
0
 10
7226.5625
 20
9531.25
 30
187.5
 11
7236.3281
 21
9544.2708
 31
182.2917
  0
LINE
  8
0
 10
7109.375
 20
9518.2292
 30
192.7083
 11
7099.6094
 21
9544.2708
 31
182.2917
  0
LINE
  8
0
 10
7099.6094
 20
9544.2708
 30
182.2917
 11
7080.0781
 21
9440.1042
 31
223.9583
  0
LINE
  8
0
 10
7080.0781
 20
9440.1042
 30
223.9583
 11
7109.375
 21
9505.2083
 31
197.9167
  0
LINE
  8
0
 10
7109.375
 20
9505.2083
 30
197.9167
 11
7109.375
 21
9518.2292
 31
192.7083
  0
LINE
  8
0
 10
9960.9375
 20
9518.2292
 30
192.7083
 11
9960.9375
 21
9466.1458
 31
213.5417
  0
LINE
  8
0
 10
9960.9375
 20
9466.1458
 30
213.5417
 11
9794.9219
 21
9283.8542
 31
286.4583
  0
LINE
  8
0
 10
9794.9219
 20
9283.8542
 30
286.4583
 11
9960.9375
 21
9505.2083
 31
197.9167
  0
LINE
  8
0
 10
9960.9375
 20
9505.2083
 30
197.9167
 11
9960.9375
 21
9518.2292
 31
192.7083
  0
LINE
  8
0
 10
5009.7656
 20
9492.1875
 30
203.125
 11
5000.0
 21
9531.25
 31
187.5
  0
LINE
  8
0
 10
5000.0
 20
9531.25
 30
187.5
 11
5000.0
 21
9348.9583
 31
260.4167
  0
LINE
  8
0
 10
5000.0
 20
9348.9583
 30
260.4167
 11
5009.7656
 21
9479.1667
 31
208.3333
  0
LINE
  8
0
 10
5009.7656
 20
9479.1667
 30
208.3333
 11
5009.7656
 21
9492.1875
 31
203.125
  0
LINE
  8
0
 10
7412.1094
 20
9492.1875
 30
203.125
 11
7529.2969
 21
9453.125
 31
218.75
  0
LINE
  8
0
 10
7529.2969
 20
9453.125
 30
218.75
 11
7578.125
 21
9388.0208
 31
244.7917
  0
LINE
  8
0
 10
7578.125
 20
9388.0208
 30
244.7917
 11
7587.8906
 21
9414.0625
 31
234.375
  0
LINE
  8
0
 10
7587.8906
 20
9414.0625
 30
234.375
 11
7734.375
 21
9062.5
 31
375.0
  0
LINE
  8
0
 10
7734.375
 20
9062.5
 30
375.0
 11
7705.0781
 21
9075.5208
 31
369.7917
  0
LINE
  8
0
 10
7705.0781
 20
9075.5208
 30
369.7917
 11
7714.8438
 21
9023.4375
 31
390.625
  0
LINE
  8
0
 10
7714.8438
 20
9023.4375
 30
390.625
 11
7558.5938
 21
9414.0625
 31
234.375
  0
LINE
  8
0
 10
7558.5938
 20
9414.0625
 30
234.375
 11
7421.875
 21
9479.1667
 31
208.3333
  0
LINE
  8
0
 10
7421.875
 20
9479.1667
 30
208.3333
 11
7412.1094
 21
9492.1875
 31
203.125
  0
LINE
  8
0
 10
2763.6719
 20
9479.1667
 30
208.3333
 11
2802.7344
 21
9466.1458
 31
213.5417
  0
LINE
  8
0
 10
2802.7344
 20
9466.1458
 30
213.5417
 11
3164.0625
 21
8593.75
 31
562.5
  0
LINE
  8
0
 10
3164.0625
 20
8593.75
 30
562.5
 11
2832.0312
 21
9375.0
 31
250.0
  0
LINE
  8
0
 10
2832.0312
 20
9375.0
 30
250.0
 11
2753.9062
 21
9466.1458
 31
213.5417
  0
LINE
  8
0
 10
2753.9062
 20
9466.1458
 30
213.5417
 11
2763.6719
 21
9479.1667
 31
208.3333
  0
LINE
  8
0
 10
2753.9062
 20
9440.1042
 30
223.9583
 11
2783.2031
 21
9375.0
 31
250.0
  0
LINE
  8
0
 10
2783.2031
 20
9375.0
 30
250.0
 11
2763.6719
 21
9427.0833
 31
229.1667
  0
LINE
  8
0
 10
2763.6719
 20
9427.0833
 30
229.1667
 11
2753.9062
 21
9440.1042
 31
223.9583
  0
LINE
  8
0
 10
7607.4219
 20
9427.0833
 30
229.1667
 11
7851.5625
 21
9335.9375
 31
265.625
  0
LINE
  8
0
 10
7851.5625
 20
9335.9375
 30
265.625
 11
7617.1875
 21
9414.0625
 31
234.375
  0
LINE
  8
0
 10
7617.1875
 20
9414.0625
 30
234.375
 11
7607.4219
 21
9427.0833
 31
229.1667
  0
LINE
  8
0
 10
1259.7656
 20
9414.0625
 30
234.375
 11
1201.1719
 21
9388.0208
 31
244.7917
  0
LINE
  8
0
 10
1201.1719
 20
9388.0208
 30
244.7917
 11
1250.0
 21
9401.0417
 31
239.5833
  0
LINE
  8
0
 10
1250.0
 20
9401.0417
 30
239.5833
 11
1259.7656
 21
9414.0625
 31
234.375
  0
LINE
  8
0
 10
2460.9375
 20
9361.9792
 30
255.2083
 11
2500.0
 21
9361.9792
 31
255.2083
  0
LINE
  8
0
 10
2500.0
 20
9361.9792
 30
255.2083
 11
2343.75
 21
9283.8542
 31
286.4583
  0
LINE
  8
0
 10
2343.75
 20
9283.8542
 30
286.4583
 11
2216.7969
 21
8854.1667
 31
458.3333
  0
LINE
  8
0
 10
2216.7969
 20
8854.1667
 30
458.3333
 11
2353.5156
 21
8776.0417
 31
489.5833
  0
LINE
  8
0
 10
2353.5156
 20
8776.0417
 30
489.5833
 11
2373.0469
 21
8697.9167
 31
520.8333
  0
LINE
  8
0
 10
2373.0469
 20
8697.9167
 30
520.8333
 11
2324.2188
 21
8658.8542
 31
536.4583
  0
LINE
  8
0
 10
2324.2188
 20
8658.8542
 30
536.4583
 11
2656.25
 21
8111.9792
 31
755.2083
  0
LINE
  8
0
 10
2656.25
 20
8111.9792
 30
755.2083
 11
2714.8438
 21
8059.8958
 31
776.0417
  0
LINE
  8
0
 10
2714.8438
 20
8059.8958
 30
776.0417
 11
2705.0781
 21
8085.9375
 31
765.625
  0
LINE
  8
0
 10
2705.0781
 20
8085.9375
 30
765.625
 11
2753.9062
 21
8072.9167
 31
770.8333
  0
LINE
  8
0
 10
2753.9062
 20
8072.9167
 30
770.8333
 11
2919.9219
 21
8138.0208
 31
744.7917
  0
LINE
  8
0
 10
2919.9219
 20
8138.0208
 30
744.7917
 11
2910.1562
 21
8164.0625
 31
734.375
  0
LINE
  8
0
 10
2910.1562
 20
8164.0625
 30
734.375
 11
2958.9844
 21
8151.0417
 31
739.5833
  0
LINE
  8
0
 10
2958.9844
 20
8151.0417
 30
739.5833
 11
3183.5938
 21
8242.1875
 31
703.125
  0
LINE
  8
0
 10
3183.5938
 20
8242.1875
 30
703.125
 11
3203.125
 21
8268.2292
 31
692.7083
  0
LINE
  8
0
 10
3203.125
 20
8268.2292
 30
692.7083
 11
3115.2344
 21
8450.5208
 31
619.7917
  0
LINE
  8
0
 10
3115.2344
 20
8450.5208
 30
619.7917
 11
3291.0156
 21
8111.9792
 31
755.2083
  0
LINE
  8
0
 10
3291.0156
 20
8111.9792
 30
755.2083
 11
3183.5938
 21
8229.1667
 31
708.3333
  0
LINE
  8
0
 10
3183.5938
 20
8229.1667
 30
708.3333
 11
3134.7656
 21
8203.125
 31
718.75
  0
LINE
  8
0
 10
3134.7656
 20
8203.125
 30
718.75
 11
3154.2969
 21
8190.1042
 31
723.9583
  0
LINE
  8
0
 10
3154.2969
 20
8190.1042
 30
723.9583
 11
3085.9375
 21
8190.1042
 31
723.9583
  0
LINE
  8
0
 10
3085.9375
 20
8190.1042
 30
723.9583
 11
3115.2344
 21
8138.0208
 31
744.7917
  0
LINE
  8
0
 10
3115.2344
 20
8138.0208
 30
744.7917
 11
3056.6406
 21
8125.0
 31
750.0
  0
LINE
  8
0
 10
3056.6406
 20
8125.0
 30
750.0
 11
3085.9375
 21
8111.9792
 31
755.2083
  0
LINE
  8
0
 10
3085.9375
 20
8111.9792
 30
755.2083
 11
2939.4531
 21
8138.0208
 31
744.7917
  0
LINE
  8
0
 10
2939.4531
 20
8138.0208
 30
744.7917
 11
2705.0781
 21
8046.875
 31
781.25
  0
LINE
  8
0
 10
2705.0781
 20
8046.875
 30
781.25
 11
2646.4844
 21
8111.9792
 31
755.2083
  0
LINE
  8
0
 10
2646.4844
 20
8111.9792
 30
755.2083
 11
2656.25
 21
8046.875
 31
781.25
  0
LINE
  8
0
 10
2656.25
 20
8046.875
 30
781.25
 11
2636.7188
 21
8072.9167
 31
770.8333
  0
LINE
  8
0
 10
2636.7188
 20
8072.9167
 30
770.8333
 11
2353.5156
 21
8528.6458
 31
588.5417
  0
LINE
  8
0
 10
2353.5156
 20
8528.6458
 30
588.5417
 11
2343.75
 21
8606.7708
 31
557.2917
  0
LINE
  8
0
 10
2343.75
 20
8606.7708
 30
557.2917
 11
2265.625
 21
8671.875
 31
531.25
  0
LINE
  8
0
 10
2265.625
 20
8671.875
 30
531.25
 11
1982.4219
 21
9140.625
 31
343.75
  0
LINE
  8
0
 10
1982.4219
 20
9140.625
 30
343.75
 11
2021.4844
 21
9166.6667
 31
333.3333
  0
LINE
  8
0
 10
2021.4844
 20
9166.6667
 30
333.3333
 11
2187.5
 21
8893.2292
 31
442.7083
  0
LINE
  8
0
 10
2187.5
 20
8893.2292
 30
442.7083
 11
2304.6875
 21
9270.8333
 31
291.6667
  0
LINE
  8
0
 10
2304.6875
 20
9270.8333
 30
291.6667
 11
2099.6094
 21
9205.7292
 31
317.7083
  0
LINE
  8
0
 10
2099.6094
 20
9205.7292
 30
317.7083
 11
2451.1719
 21
9348.9583
 31
260.4167
  0
LINE
  8
0
 10
2451.1719
 20
9348.9583
 30
260.4167
 11
2460.9375
 21
9361.9792
 31
255.2083
  0
LINE
  8
0
 10
1103.5156
 20
9348.9583
 30
260.4167
 11
1162.1094
 21
9361.9792
 31
255.2083
  0
LINE
  8
0
 10
1162.1094
 20
9361.9792
 30
255.2083
 11
1113.2812
 21
9348.9583
 31
260.4167
  0
LINE
  8
0
 10
1113.2812
 20
9348.9583
 30
260.4167
 11
1103.5156
 21
9348.9583
 31
260.4167
  0
LINE
  8
0
 10
1074.2188
 20
9335.9375
 30
265.625
 11
1162.1094
 21
9361.9792
 31
255.2083
  0
LINE
  8
0
 10
1162.1094
 20
9361.9792
 30
255.2083
 11
1083.9844
 21
9335.9375
 31
265.625
  0
LINE
  8
0
 10
1083.9844
 20
9335.9375
 30
265.625
 11
1074.2188
 21
9335.9375
 31
265.625
  0
LINE
  8
0
 10
7041.0156
 20
9322.9167
 30
270.8333
 11
7031.25
 21
9348.9583
 31
260.4167
  0
LINE
  8
0
 10
7031.25
 20
9348.9583
 30
260.4167
 11
7011.7188
 21
9283.8542
 31
286.4583
  0
LINE
  8
0
 10
7011.7188
 20
9283.8542
 30
286.4583
 11
7041.0156
 21
9309.8958
 31
276.0417
  0
LINE
  8
0
 10
7041.0156
 20
9309.8958
 30
276.0417
 11
7041.0156
 21
9322.9167
 31
270.8333
  0
LINE
  8
0
 10
5000.0
 20
9309.8958
 30
276.0417
 11
4990.2344
 21
9257.8125
 31
296.875
  0
LINE
  8
0
 10
4990.2344
 20
9257.8125
 30
296.875
 11
5000.0
 21
9296.875
 31
281.25
  0
LINE
  8
0
 10
5000.0
 20
9296.875
 30
281.25
 11
5000.0
 21
9309.8958
 31
276.0417
  0
LINE
  8
0
 10
7910.1562
 20
9309.8958
 30
276.0417
 11
7949.2188
 21
9309.8958
 31
276.0417
  0
LINE
  8
0
 10
7949.2188
 20
9309.8958
 30
276.0417
 11
7949.2188
 21
9270.8333
 31
291.6667
  0
LINE
  8
0
 10
7949.2188
 20
9270.8333
 30
291.6667
 11
7753.9062
 21
8945.3125
 31
421.875
  0
LINE
  8
0
 10
7753.9062
 20
8945.3125
 30
421.875
 11
7705.0781
 21
8802.0833
 31
479.1667
  0
LINE
  8
0
 10
7705.0781
 20
8802.0833
 30
479.1667
 11
7656.25
 21
8776.0417
 31
489.5833
  0
LINE
  8
0
 10
7656.25
 20
8776.0417
 30
489.5833
 11
7626.9531
 21
8658.8542
 31
536.4583
  0
LINE
  8
0
 10
7626.9531
 20
8658.8542
 30
536.4583
 11
7363.2812
 21
8164.0625
 31
734.375
  0
LINE
  8
0
 10
7363.2812
 20
8164.0625
 30
734.375
 11
7382.8125
 21
8229.1667
 31
708.3333
  0
LINE
  8
0
 10
7382.8125
 20
8229.1667
 30
708.3333
 11
7343.75
 21
8216.1458
 31
713.5417
  0
LINE
  8
0
 10
7343.75
 20
8216.1458
 30
713.5417
 11
7451.1719
 21
8437.5
 31
625.0
  0
LINE
  8
0
 10
7451.1719
 20
8437.5
 30
625.0
 11
7617.1875
 21
8750.0
 31
500.0
  0
LINE
  8
0
 10
7617.1875
 20
8750.0
 30
500.0
 11
7656.25
 21
8763.0208
 31
494.7917
  0
LINE
  8
0
 10
7656.25
 20
8763.0208
 30
494.7917
 11
7685.5469
 21
8906.25
 31
437.5
  0
LINE
  8
0
 10
7685.5469
 20
8906.25
 30
437.5
 11
7626.9531
 21
8906.25
 31
437.5
  0
LINE
  8
0
 10
7626.9531
 20
8906.25
 30
437.5
 11
7636.7188
 21
8802.0833
 31
479.1667
  0
LINE
  8
0
 10
7636.7188
 20
8802.0833
 30
479.1667
 11
7597.6562
 21
8841.1458
 31
463.5417
  0
LINE
  8
0
 10
7597.6562
 20
8841.1458
 30
463.5417
 11
7607.4219
 21
8906.25
 31
437.5
  0
LINE
  8
0
 10
7607.4219
 20
8906.25
 30
437.5
 11
7744.1406
 21
8971.3542
 31
411.4583
  0
LINE
  8
0
 10
7744.1406
 20
8971.3542
 30
411.4583
 11
7900.3906
 21
9296.875
 31
281.25
  0
LINE
  8
0
 10
7900.3906
 20
9296.875
 30
281.25
 11
7910.1562
 21
9309.8958
 31
276.0417
  0
LINE
  8
0
 10
7978.5156
 20
9270.8333
 30
291.6667
 11
7832.0312
 21
8971.3542
 31
411.4583
  0
LINE
  8
0
 10
7832.0312
 20
8971.3542
 30
411.4583
 11
7978.5156
 21
9257.8125
 31
296.875
  0
LINE
  8
0
 10
7978.5156
 20
9257.8125
 30
296.875
 11
7978.5156
 21
9270.8333
 31
291.6667
  0
LINE
  8
0
 10
8037.1094
 20
9270.8333
 30
291.6667
 11
8427.7344
 21
9140.625
 31
343.75
  0
LINE
  8
0
 10
8427.7344
 20
9140.625
 30
343.75
 11
8046.875
 21
9257.8125
 31
296.875
  0
LINE
  8
0
 10
8046.875
 20
9257.8125
 30
296.875
 11
8037.1094
 21
9270.8333
 31
291.6667
  0
LINE
  8
0
 10
9.7656
 20
9257.8125
 30
296.875
 11
195.3125
 21
9075.5208
 31
369.7917
  0
LINE
  8
0
 10
195.3125
 20
9075.5208
 30
369.7917
 11
195.3125
 21
9036.4583
 31
385.4167
  0
LINE
  8
0
 10
195.3125
 20
9036.4583
 30
385.4167
 11
9.7656
 21
9244.7917
 31
302.0833
  0
LINE
  8
0
 10
9.7656
 20
9244.7917
 30
302.0833
 11
9.7656
 21
9257.8125
 31
296.875
  0
LINE
  8
0
 10
6982.4219
 20
9153.6458
 30
338.5417
 11
6972.6562
 21
9179.6875
 31
328.125
  0
LINE
  8
0
 10
6972.6562
 20
9179.6875
 30
328.125
 11
6953.125
 21
9075.5208
 31
369.7917
  0
LINE
  8
0
 10
6953.125
 20
9075.5208
 30
369.7917
 11
6982.4219
 21
9140.625
 31
343.75
  0
LINE
  8
0
 10
6982.4219
 20
9140.625
 30
343.75
 11
6982.4219
 21
9153.6458
 31
338.5417
  0
LINE
  8
0
 10
8447.2656
 20
9127.6042
 30
348.9583
 11
8574.2188
 21
9088.5417
 31
364.5833
  0
LINE
  8
0
 10
8574.2188
 20
9088.5417
 30
364.5833
 11
8457.0312
 21
9127.6042
 31
348.9583
  0
LINE
  8
0
 10
8457.0312
 20
9127.6042
 30
348.9583
 11
8447.2656
 21
9127.6042
 31
348.9583
  0
LINE
  8
0
 10
1865.2344
 20
9114.5833
 30
354.1667
 11
1484.375
 21
8958.3333
 31
416.6667
  0
LINE
  8
0
 10
1484.375
 20
8958.3333
 30
416.6667
 11
1855.4688
 21
9101.5625
 31
359.375
  0
LINE
  8
0
 10
1855.4688
 20
9101.5625
 30
359.375
 11
1865.2344
 21
9114.5833
 31
354.1667
  0
LINE
  8
0
 10
419.9219
 20
9075.5208
 30
369.7917
 11
361.3281
 21
9036.4583
 31
385.4167
  0
LINE
  8
0
 10
361.3281
 20
9036.4583
 30
385.4167
 11
410.1562
 21
9062.5
 31
375.0
  0
LINE
  8
0
 10
410.1562
 20
9062.5
 30
375.0
 11
419.9219
 21
9075.5208
 31
369.7917
  0
LINE
  8
0
 10
4218.75
 20
9075.5208
 30
369.7917
 11
4228.5156
 21
8997.3958
 31
401.0417
  0
LINE
  8
0
 10
4228.5156
 20
8997.3958
 30
401.0417
 11
4218.75
 21
9062.5
 31
375.0
  0
LINE
  8
0
 10
4218.75
 20
9062.5
 30
375.0
 11
4218.75
 21
9075.5208
 31
369.7917
  0
LINE
  8
0
 10
4257.8125
 20
9075.5208
 30
369.7917
 11
4257.8125
 21
9010.4167
 31
395.8333
  0
LINE
  8
0
 10
4257.8125
 20
9010.4167
 30
395.8333
 11
4257.8125
 21
9062.5
 31
375.0
  0
LINE
  8
0
 10
4257.8125
 20
9062.5
 30
375.0
 11
4257.8125
 21
9075.5208
 31
369.7917
  0
LINE
  8
0
 10
8662.1094
 20
9062.5
 30
375.0
 11
8701.1719
 21
9036.4583
 31
385.4167
  0
LINE
  8
0
 10
8701.1719
 20
9036.4583
 30
385.4167
 11
8632.8125
 21
8919.2708
 31
432.2917
  0
LINE
  8
0
 10
8632.8125
 20
8919.2708
 30
432.2917
 11
8105.4688
 21
8177.0833
 31
729.1667
  0
LINE
  8
0
 10
8105.4688
 20
8177.0833
 30
729.1667
 11
8066.4062
 21
8177.0833
 31
729.1667
  0
LINE
  8
0
 10
8066.4062
 20
8177.0833
 30
729.1667
 11
8076.1719
 21
8125.0
 31
750.0
  0
LINE
  8
0
 10
8076.1719
 20
8125.0
 30
750.0
 11
7949.2188
 21
7955.7292
 31
817.7083
  0
LINE
  8
0
 10
7949.2188
 20
7955.7292
 30
817.7083
 11
7998.0469
 21
8072.9167
 31
770.8333
  0
LINE
  8
0
 10
7998.0469
 20
8072.9167
 30
770.8333
 11
7910.1562
 21
7981.7708
 31
807.2917
  0
LINE
  8
0
 10
7910.1562
 20
7981.7708
 30
807.2917
 11
8408.2031
 21
8684.8958
 31
526.0417
  0
LINE
  8
0
 10
8408.2031
 20
8684.8958
 30
526.0417
 11
8398.4375
 21
8710.9375
 31
515.625
  0
LINE
  8
0
 10
8398.4375
 20
8710.9375
 30
515.625
 11
7958.9844
 21
8541.6667
 31
583.3333
  0
LINE
  8
0
 10
7958.9844
 20
8541.6667
 30
583.3333
 11
8046.875
 21
8307.2917
 31
677.0833
  0
LINE
  8
0
 10
8046.875
 20
8307.2917
 30
677.0833
 11
8017.5781
 21
8359.375
 31
656.25
  0
LINE
  8
0
 10
8017.5781
 20
8359.375
 30
656.25
 11
8037.1094
 21
8268.2292
 31
692.7083
  0
LINE
  8
0
 10
8037.1094
 20
8268.2292
 30
692.7083
 11
7929.6875
 21
8515.625
 31
593.75
  0
LINE
  8
0
 10
7929.6875
 20
8515.625
 30
593.75
 11
7705.0781
 21
8463.5417
 31
614.5833
  0
LINE
  8
0
 10
7705.0781
 20
8463.5417
 30
614.5833
 11
7695.3125
 21
8359.375
 31
656.25
  0
LINE
  8
0
 10
7695.3125
 20
8359.375
 30
656.25
 11
7656.25
 21
8346.3542
 31
661.4583
  0
LINE
  8
0
 10
7656.25
 20
8346.3542
 30
661.4583
 11
7636.7188
 21
8385.4167
 31
645.8333
  0
LINE
  8
0
 10
7636.7188
 20
8385.4167
 30
645.8333
 11
7685.5469
 21
8424.4792
 31
630.2083
  0
LINE
  8
0
 10
7685.5469
 20
8424.4792
 30
630.2083
 11
7675.7812
 21
8450.5208
 31
619.7917
  0
LINE
  8
0
 10
7675.7812
 20
8450.5208
 30
619.7917
 11
7548.8281
 21
8411.4583
 31
635.4167
  0
LINE
  8
0
 10
7548.8281
 20
8411.4583
 30
635.4167
 11
7646.4844
 21
8489.5833
 31
604.1667
  0
LINE
  8
0
 10
7646.4844
 20
8489.5833
 30
604.1667
 11
7910.1562
 21
8567.7083
 31
572.9167
  0
LINE
  8
0
 10
7910.1562
 20
8567.7083
 30
572.9167
 11
7802.7344
 21
8815.1042
 31
473.9583
  0
LINE
  8
0
 10
7802.7344
 20
8815.1042
 30
473.9583
 11
7861.3281
 21
8697.9167
 31
520.8333
  0
LINE
  8
0
 10
7861.3281
 20
8697.9167
 30
520.8333
 11
7822.2656
 21
8854.1667
 31
458.3333
  0
LINE
  8
0
 10
7822.2656
 20
8854.1667
 30
458.3333
 11
7949.2188
 21
8567.7083
 31
572.9167
  0
LINE
  8
0
 10
7949.2188
 20
8567.7083
 30
572.9167
 11
8427.7344
 21
8723.9583
 31
510.4167
  0
LINE
  8
0
 10
8427.7344
 20
8723.9583
 30
510.4167
 11
8652.3438
 21
9049.4792
 31
380.2083
  0
LINE
  8
0
 10
8652.3438
 20
9049.4792
 30
380.2083
 11
8662.1094
 21
9062.5
 31
375.0
  0
LINE
  8
0
 10
4960.9375
 20
9010.4167
 30
395.8333
 11
4931.6406
 21
8958.3333
 31
416.6667
  0
LINE
  8
0
 10
4931.6406
 20
8958.3333
 30
416.6667
 11
5000.0
 21
8893.2292
 31
442.7083
  0
LINE
  8
0
 10
5000.0
 20
8893.2292
 30
442.7083
 11
5009.7656
 21
8945.3125
 31
421.875
  0
LINE
  8
0
 10
5009.7656
 20
8945.3125
 30
421.875
 11
4970.7031
 21
9023.4375
 31
390.625
  0
LINE
  8
0
 10
4970.7031
 20
9023.4375
 30
390.625
 11
4960.9375
 21
9010.4167
 31
395.8333
  0
LINE
  8
0
 10
4931.6406
 20
8997.3958
 30
401.0417
 11
4892.5781
 21
8893.2292
 31
442.7083
  0
LINE
  8
0
 10
4892.5781
 20
8893.2292
 30
442.7083
 11
4941.4062
 21
8932.2917
 31
427.0833
  0
LINE
  8
0
 10
4941.4062
 20
8932.2917
 30
427.0833
 11
4931.6406
 21
8984.375
 31
406.25
  0
LINE
  8
0
 10
4931.6406
 20
8984.375
 30
406.25
 11
4931.6406
 21
8997.3958
 31
401.0417
  0
LINE
  8
0
 10
4960.9375
 20
8997.3958
 30
401.0417
 11
4951.1719
 21
9023.4375
 31
390.625
  0
LINE
  8
0
 10
4951.1719
 20
9023.4375
 30
390.625
 11
4931.6406
 21
8958.3333
 31
416.6667
  0
LINE
  8
0
 10
4931.6406
 20
8958.3333
 30
416.6667
 11
5000.0
 21
8893.2292
 31
442.7083
  0
LINE
  8
0
 10
5000.0
 20
8893.2292
 30
442.7083
 11
4990.2344
 21
9010.4167
 31
395.8333
  0
LINE
  8
0
 10
4990.2344
 20
9010.4167
 30
395.8333
 11
4960.9375
 21
9010.4167
 31
395.8333
  0
LINE
  8
0
 10
4960.9375
 20
9010.4167
 30
395.8333
 11
4960.9375
 21
8997.3958
 31
401.0417
  0
LINE
  8
0
 10
5019.5312
 20
8997.3958
 30
401.0417
 11
5009.7656
 21
9075.5208
 31
369.7917
  0
LINE
  8
0
 10
5009.7656
 20
9075.5208
 30
369.7917
 11
4990.2344
 21
9010.4167
 31
395.8333
  0
LINE
  8
0
 10
4990.2344
 20
9010.4167
 30
395.8333
 11
5019.5312
 21
8984.375
 31
406.25
  0
LINE
  8
0
 10
5019.5312
 20
8984.375
 30
406.25
 11
5019.5312
 21
8997.3958
 31
401.0417
  0
LINE
  8
0
 10
8671.875
 20
8997.3958
 30
401.0417
 11
8662.1094
 21
9023.4375
 31
390.625
  0
LINE
  8
0
 10
8662.1094
 20
9023.4375
 30
390.625
 11
8535.1562
 21
8841.1458
 31
463.5417
  0
LINE
  8
0
 10
8535.1562
 20
8841.1458
 30
463.5417
 11
8662.1094
 21
8984.375
 31
406.25
  0
LINE
  8
0
 10
8662.1094
 20
8984.375
 30
406.25
 11
8671.875
 21
8997.3958
 31
401.0417
  0
LINE
  8
0
 10
8720.7031
 20
8997.3958
 30
401.0417
 11
8593.75
 21
8802.0833
 31
479.1667
  0
LINE
  8
0
 10
8593.75
 20
8802.0833
 30
479.1667
 11
8720.7031
 21
8984.375
 31
406.25
  0
LINE
  8
0
 10
8720.7031
 20
8984.375
 30
406.25
 11
8720.7031
 21
8997.3958
 31
401.0417
  0
LINE
  8
0
 10
4960.9375
 20
8984.375
 30
406.25
 11
4951.1719
 21
9023.4375
 31
390.625
  0
LINE
  8
0
 10
4951.1719
 20
9023.4375
 30
390.625
 11
4931.6406
 21
8958.3333
 31
416.6667
  0
LINE
  8
0
 10
4931.6406
 20
8958.3333
 30
416.6667
 11
5000.0
 21
8893.2292
 31
442.7083
  0
LINE
  8
0
 10
5000.0
 20
8893.2292
 30
442.7083
 11
4990.2344
 21
9010.4167
 31
395.8333
  0
LINE
  8
0
 10
4990.2344
 20
9010.4167
 30
395.8333
 11
4960.9375
 21
8997.3958
 31
401.0417
  0
LINE
  8
0
 10
4960.9375
 20
8997.3958
 30
401.0417
 11
4960.9375
 21
8984.375
 31
406.25
  0
LINE
  8
0
 10
7812.5
 20
8945.3125
 30
421.875
 11
7802.7344
 21
8880.2083
 31
447.9167
  0
LINE
  8
0
 10
7802.7344
 20
8880.2083
 30
447.9167
 11
7802.7344
 21
8932.2917
 31
427.0833
  0
LINE
  8
0
 10
7802.7344
 20
8932.2917
 30
427.0833
 11
7812.5
 21
8945.3125
 31
421.875
  0
LINE
  8
0
 10
9013.6719
 20
8932.2917
 30
427.0833
 11
9306.6406
 21
8828.125
 31
468.75
  0
LINE
  8
0
 10
9306.6406
 20
8828.125
 30
468.75
 11
9052.7344
 21
8893.2292
 31
442.7083
  0
LINE
  8
0
 10
9052.7344
 20
8893.2292
 30
442.7083
 11
8876.9531
 21
8802.0833
 31
479.1667
  0
LINE
  8
0
 10
8876.9531
 20
8802.0833
 30
479.1667
 11
8574.2188
 21
8750.0
 31
500.0
  0
LINE
  8
0
 10
8574.2188
 20
8750.0
 30
500.0
 11
8496.0938
 21
8658.8542
 31
536.4583
  0
LINE
  8
0
 10
8496.0938
 20
8658.8542
 30
536.4583
 11
8535.1562
 21
8736.9792
 31
505.2083
  0
LINE
  8
0
 10
8535.1562
 20
8736.9792
 30
505.2083
 11
8613.2812
 21
8789.0625
 31
484.375
  0
LINE
  8
0
 10
8613.2812
 20
8789.0625
 30
484.375
 11
9003.9062
 21
8919.2708
 31
432.2917
  0
LINE
  8
0
 10
9003.9062
 20
8919.2708
 30
432.2917
 11
9013.6719
 21
8932.2917
 31
427.0833
  0
LINE
  8
0
 10
9414.0625
 20
8932.2917
 30
427.0833
 11
9462.8906
 21
8919.2708
 31
432.2917
  0
LINE
  8
0
 10
9462.8906
 20
8919.2708
 30
432.2917
 11
9423.8281
 21
8932.2917
 31
427.0833
  0
LINE
  8
0
 10
9423.8281
 20
8932.2917
 30
427.0833
 11
9414.0625
 21
8932.2917
 31
427.0833
  0
LINE
  8
0
 10
2216.7969
 20
8906.25
 30
437.5
 11
2207.0312
 21
8932.2917
 31
427.0833
  0
LINE
  8
0
 10
2207.0312
 20
8932.2917
 30
427.0833
 11
2187.5
 21
8880.2083
 31
447.9167
  0
LINE
  8
0
 10
2187.5
 20
8880.2083
 30
447.9167
 11
2216.7969
 21
8893.2292
 31
442.7083
  0
LINE
  8
0
 10
2216.7969
 20
8893.2292
 30
442.7083
 11
2216.7969
 21
8906.25
 31
437.5
  0
LINE
  8
0
 10
5136.7188
 20
8893.2292
 30
442.7083
 11
5556.6406
 21
8750.0
 31
500.0
  0
LINE
  8
0
 10
5556.6406
 20
8750.0
 30
500.0
 11
5595.7031
 21
8789.0625
 31
484.375
  0
LINE
  8
0
 10
5595.7031
 20
8789.0625
 30
484.375
 11
5595.7031
 21
8750.0
 31
500.0
  0
LINE
  8
0
 10
5595.7031
 20
8750.0
 30
500.0
 11
5146.4844
 21
8893.2292
 31
442.7083
  0
LINE
  8
0
 10
5146.4844
 20
8893.2292
 30
442.7083
 11
5136.7188
 21
8893.2292
 31
442.7083
  0
LINE
  8
0
 10
1269.5312
 20
8880.2083
 30
447.9167
 11
1328.125
 21
8867.1875
 31
453.125
  0
LINE
  8
0
 10
1328.125
 20
8867.1875
 30
453.125
 11
1552.7344
 21
8567.7083
 31
572.9167
  0
LINE
  8
0
 10
1552.7344
 20
8567.7083
 30
572.9167
 11
2031.25
 21
8437.5
 31
625.0
  0
LINE
  8
0
 10
2031.25
 20
8437.5
 30
625.0
 11
2148.4375
 21
8789.0625
 31
484.375
  0
LINE
  8
0
 10
2148.4375
 20
8789.0625
 30
484.375
 11
2158.2031
 21
8697.9167
 31
520.8333
  0
LINE
  8
0
 10
2158.2031
 20
8697.9167
 30
520.8333
 11
2070.3125
 21
8437.5
 31
625.0
  0
LINE
  8
0
 10
2070.3125
 20
8437.5
 30
625.0
 11
2294.9219
 21
8372.3958
 31
651.0417
  0
LINE
  8
0
 10
2294.9219
 20
8372.3958
 30
651.0417
 11
2304.6875
 21
8515.625
 31
593.75
  0
LINE
  8
0
 10
2304.6875
 20
8515.625
 30
593.75
 11
2324.2188
 21
8372.3958
 31
651.0417
  0
LINE
  8
0
 10
2324.2188
 20
8372.3958
 30
651.0417
 11
2382.8125
 21
8346.3542
 31
661.4583
  0
LINE
  8
0
 10
2382.8125
 20
8346.3542
 30
661.4583
 11
2343.75
 21
8333.3333
 31
666.6667
  0
LINE
  8
0
 10
2343.75
 20
8333.3333
 30
666.6667
 11
2421.875
 21
8294.2708
 31
682.2917
  0
LINE
  8
0
 10
2421.875
 20
8294.2708
 30
682.2917
 11
2333.9844
 21
8307.2917
 31
677.0833
  0
LINE
  8
0
 10
2333.9844
 20
8307.2917
 30
677.0833
 11
2343.75
 21
8229.1667
 31
708.3333
  0
LINE
  8
0
 10
2343.75
 20
8229.1667
 30
708.3333
 11
2304.6875
 21
8203.125
 31
718.75
  0
LINE
  8
0
 10
2304.6875
 20
8203.125
 30
718.75
 11
2294.9219
 21
8111.9792
 31
755.2083
  0
LINE
  8
0
 10
2294.9219
 20
8111.9792
 30
755.2083
 11
2343.75
 21
8111.9792
 31
755.2083
  0
LINE
  8
0
 10
2343.75
 20
8111.9792
 30
755.2083
 11
2441.4062
 21
7955.7292
 31
817.7083
  0
LINE
  8
0
 10
2441.4062
 20
7955.7292
 30
817.7083
 11
2597.6562
 21
8007.8125
 31
796.875
  0
LINE
  8
0
 10
2597.6562
 20
8007.8125
 30
796.875
 11
2597.6562
 21
8046.875
 31
781.25
  0
LINE
  8
0
 10
2597.6562
 20
8046.875
 30
781.25
 11
2626.9531
 21
8020.8333
 31
791.6667
  0
LINE
  8
0
 10
2626.9531
 20
8020.8333
 30
791.6667
 11
2490.2344
 21
7955.7292
 31
817.7083
  0
LINE
  8
0
 10
2490.2344
 20
7955.7292
 30
817.7083
 11
2480.4688
 21
7877.6042
 31
848.9583
  0
LINE
  8
0
 10
2480.4688
 20
7877.6042
 30
848.9583
 11
2363.2812
 21
7786.4583
 31
885.4167
  0
LINE
  8
0
 10
2363.2812
 20
7786.4583
 30
885.4167
 11
2304.6875
 21
7773.4375
 31
890.625
  0
LINE
  8
0
 10
2304.6875
 20
7773.4375
 30
890.625
 11
2216.7969
 21
7838.5417
 31
864.5833
  0
LINE
  8
0
 10
2216.7969
 20
7838.5417
 30
864.5833
 11
2138.6719
 21
7825.5208
 31
869.7917
  0
LINE
  8
0
 10
2138.6719
 20
7825.5208
 30
869.7917
 11
2041.0156
 21
7929.6875
 31
828.125
  0
LINE
  8
0
 10
2041.0156
 20
7929.6875
 30
828.125
 11
2060.5469
 21
7864.5833
 31
854.1667
  0
LINE
  8
0
 10
2060.5469
 20
7864.5833
 30
854.1667
 11
1933.5938
 21
8020.8333
 31
791.6667
  0
LINE
  8
0
 10
1933.5938
 20
8020.8333
 30
791.6667
 11
1933.5938
 21
8072.9167
 31
770.8333
  0
LINE
  8
0
 10
1933.5938
 20
8072.9167
 30
770.8333
 11
1894.5312
 21
8059.8958
 31
776.0417
  0
LINE
  8
0
 10
1894.5312
 20
8059.8958
 30
776.0417
 11
1533.2031
 21
8515.625
 31
593.75
  0
LINE
  8
0
 10
1533.2031
 20
8515.625
 30
593.75
 11
1572.2656
 21
8515.625
 31
593.75
  0
LINE
  8
0
 10
1572.2656
 20
8515.625
 30
593.75
 11
1523.4375
 21
8580.7292
 31
567.7083
  0
LINE
  8
0
 10
1523.4375
 20
8580.7292
 30
567.7083
 11
1474.6094
 21
8593.75
 31
562.5
  0
LINE
  8
0
 10
1474.6094
 20
8593.75
 30
562.5
 11
1259.7656
 21
8867.1875
 31
453.125
  0
LINE
  8
0
 10
1259.7656
 20
8867.1875
 30
453.125
 11
1269.5312
 21
8880.2083
 31
447.9167
  0
LINE
  8
0
 10
4277.3438
 20
8880.2083
 30
447.9167
 11
4277.3438
 21
8802.0833
 31
479.1667
  0
LINE
  8
0
 10
4277.3438
 20
8802.0833
 30
479.1667
 11
4277.3438
 21
8867.1875
 31
453.125
  0
LINE
  8
0
 10
4277.3438
 20
8867.1875
 30
453.125
 11
4277.3438
 21
8880.2083
 31
447.9167
  0
LINE
  8
0
 10
4775.3906
 20
8880.2083
 30
447.9167
 11
4794.9219
 21
8867.1875
 31
453.125
  0
LINE
  8
0
 10
4794.9219
 20
8867.1875
 30
453.125
 11
4365.2344
 21
8710.9375
 31
515.625
  0
LINE
  8
0
 10
4365.2344
 20
8710.9375
 30
515.625
 11
4365.2344
 21
8763.0208
 31
494.7917
  0
LINE
  8
0
 10
4365.2344
 20
8763.0208
 30
494.7917
 11
4404.2969
 21
8723.9583
 31
510.4167
  0
LINE
  8
0
 10
4404.2969
 20
8723.9583
 30
510.4167
 11
4560.5469
 21
8789.0625
 31
484.375
  0
LINE
  8
0
 10
4560.5469
 20
8789.0625
 30
484.375
 11
4570.3125
 21
8828.125
 31
468.75
  0
LINE
  8
0
 10
4570.3125
 20
8828.125
 30
468.75
 11
4599.6094
 21
8802.0833
 31
479.1667
  0
LINE
  8
0
 10
4599.6094
 20
8802.0833
 30
479.1667
 11
4765.625
 21
8867.1875
 31
453.125
  0
LINE
  8
0
 10
4765.625
 20
8867.1875
 30
453.125
 11
4775.3906
 21
8880.2083
 31
447.9167
  0
LINE
  8
0
 10
8964.8438
 20
8880.2083
 30
447.9167
 11
8759.7656
 21
8828.125
 31
468.75
  0
LINE
  8
0
 10
8759.7656
 20
8828.125
 30
468.75
 11
8847.6562
 21
8802.0833
 31
479.1667
  0
LINE
  8
0
 10
8847.6562
 20
8802.0833
 30
479.1667
 11
8955.0781
 21
8867.1875
 31
453.125
  0
LINE
  8
0
 10
8955.0781
 20
8867.1875
 30
453.125
 11
8964.8438
 21
8880.2083
 31
447.9167
  0
LINE
  8
0
 10
7763.6719
 20
8867.1875
 30
453.125
 11
7695.3125
 21
8710.9375
 31
515.625
  0
LINE
  8
0
 10
7695.3125
 20
8710.9375
 30
515.625
 11
7763.6719
 21
8854.1667
 31
458.3333
  0
LINE
  8
0
 10
7763.6719
 20
8854.1667
 30
458.3333
 11
7763.6719
 21
8867.1875
 31
453.125
  0
LINE
  8
0
 10
1308.5938
 20
8854.1667
 30
458.3333
 11
1279.2969
 21
8854.1667
 31
458.3333
  0
LINE
  8
0
 10
1279.2969
 20
8854.1667
 30
458.3333
 11
1308.5938
 21
8815.1042
 31
473.9583
  0
LINE
  8
0
 10
1308.5938
 20
8815.1042
 30
473.9583
 11
1318.3594
 21
8841.1458
 31
463.5417
  0
LINE
  8
0
 10
1318.3594
 20
8841.1458
 30
463.5417
 11
1308.5938
 21
8854.1667
 31
458.3333
  0
LINE
  8
0
 10
7695.3125
 20
8854.1667
 30
458.3333
 11
7666.0156
 21
8841.1458
 31
463.5417
  0
LINE
  8
0
 10
7666.0156
 20
8841.1458
 30
463.5417
 11
7705.0781
 21
8841.1458
 31
463.5417
  0
LINE
  8
0
 10
7705.0781
 20
8841.1458
 30
463.5417
 11
7695.3125
 21
8854.1667
 31
458.3333
  0
LINE
  8
0
 10
4970.7031
 20
8828.125
 30
468.75
 11
4921.875
 21
8828.125
 31
468.75
  0
LINE
  8
0
 10
4921.875
 20
8828.125
 30
468.75
 11
4814.4531
 21
8723.9583
 31
510.4167
  0
LINE
  8
0
 10
4814.4531
 20
8723.9583
 30
510.4167
 11
4912.1094
 21
8632.8125
 31
546.875
  0
LINE
  8
0
 10
4912.1094
 20
8632.8125
 30
546.875
 11
5048.8281
 21
8658.8542
 31
536.4583
  0
LINE
  8
0
 10
5048.8281
 20
8658.8542
 30
536.4583
 11
5097.6562
 21
8736.9792
 31
505.2083
  0
LINE
  8
0
 10
5097.6562
 20
8736.9792
 30
505.2083
 11
4980.4688
 21
8828.125
 31
468.75
  0
LINE
  8
0
 10
4980.4688
 20
8828.125
 30
468.75
 11
4970.7031
 21
8828.125
 31
468.75
  0
LINE
  8
0
 10
771.4844
 20
8815.1042
 30
473.9583
 11
712.8906
 21
8789.0625
 31
484.375
  0
LINE
  8
0
 10
712.8906
 20
8789.0625
 30
484.375
 11
761.7188
 21
8802.0833
 31
479.1667
  0
LINE
  8
0
 10
761.7188
 20
8802.0833
 30
479.1667
 11
771.4844
 21
8815.1042
 31
473.9583
  0
LINE
  8
0
 10
9365.2344
 20
8815.1042
 30
473.9583
 11
9414.0625
 21
8789.0625
 31
484.375
  0
LINE
  8
0
 10
9414.0625
 20
8789.0625
 30
484.375
 11
9375.0
 21
8802.0833
 31
479.1667
  0
LINE
  8
0
 10
9375.0
 20
8802.0833
 30
479.1667
 11
8525.3906
 21
7773.4375
 31
890.625
  0
LINE
  8
0
 10
8525.3906
 20
7773.4375
 30
890.625
 11
8750.0
 21
8046.875
 31
781.25
  0
LINE
  8
0
 10
8750.0
 20
8046.875
 30
781.25
 11
8486.3281
 21
7786.4583
 31
885.4167
  0
LINE
  8
0
 10
8486.3281
 20
7786.4583
 30
885.4167
 11
9355.4688
 21
8802.0833
 31
479.1667
  0
LINE
  8
0
 10
9355.4688
 20
8802.0833
 30
479.1667
 11
9365.2344
 21
8815.1042
 31
473.9583
  0
LINE
  8
0
 10
3037.1094
 20
8802.0833
 30
479.1667
 11
3320.3125
 21
8164.0625
 31
734.375
  0
LINE
  8
0
 10
3320.3125
 20
8164.0625
 30
734.375
 11
3046.875
 21
8789.0625
 31
484.375
  0
LINE
  8
0
 10
3046.875
 20
8789.0625
 30
484.375
 11
3037.1094
 21
8802.0833
 31
479.1667
  0
LINE
  8
0
 10
5654.2969
 20
8789.0625
 30
484.375
 11
5683.5938
 21
8710.9375
 31
515.625
  0
LINE
  8
0
 10
5683.5938
 20
8710.9375
 30
515.625
 11
6132.8125
 21
8554.6875
 31
578.125
  0
LINE
  8
0
 10
6132.8125
 20
8554.6875
 30
578.125
 11
6171.875
 21
8606.7708
 31
557.2917
  0
LINE
  8
0
 10
6171.875
 20
8606.7708
 30
557.2917
 11
6181.6406
 21
8554.6875
 31
578.125
  0
LINE
  8
0
 10
6181.6406
 20
8554.6875
 30
578.125
 11
6113.2812
 21
8541.6667
 31
583.3333
  0
LINE
  8
0
 10
6113.2812
 20
8541.6667
 30
583.3333
 11
5693.3594
 21
8684.8958
 31
526.0417
  0
LINE
  8
0
 10
5693.3594
 20
8684.8958
 30
526.0417
 11
5634.7656
 21
8723.9583
 31
510.4167
  0
LINE
  8
0
 10
5634.7656
 20
8723.9583
 30
510.4167
 11
5644.5312
 21
8776.0417
 31
489.5833
  0
LINE
  8
0
 10
5644.5312
 20
8776.0417
 30
489.5833
 11
5654.2969
 21
8789.0625
 31
484.375
  0
LINE
  8
0
 10
8525.3906
 20
8789.0625
 30
484.375
 11
8515.625
 21
8815.1042
 31
473.9583
  0
LINE
  8
0
 10
8515.625
 20
8815.1042
 30
473.9583
 11
8466.7969
 21
8750.0
 31
500.0
  0
LINE
  8
0
 10
8466.7969
 20
8750.0
 30
500.0
 11
8515.625
 21
8776.0417
 31
489.5833
  0
LINE
  8
0
 10
8515.625
 20
8776.0417
 30
489.5833
 11
8525.3906
 21
8789.0625
 31
484.375
  0
LINE
  8
0
 10
8691.4062
 20
8789.0625
 30
484.375
 11
8603.5156
 21
8776.0417
 31
489.5833
  0
LINE
  8
0
 10
8603.5156
 20
8776.0417
 30
489.5833
 11
8681.6406
 21
8776.0417
 31
489.5833
  0
LINE
  8
0
 10
8681.6406
 20
8776.0417
 30
489.5833
 11
8691.4062
 21
8789.0625
 31
484.375
  0
LINE
  8
0
 10
1376.9531
 20
8763.0208
 30
494.7917
 11
1357.4219
 21
8750.0
 31
500.0
  0
LINE
  8
0
 10
1357.4219
 20
8750.0
 30
500.0
 11
1396.4844
 21
8710.9375
 31
515.625
  0
LINE
  8
0
 10
1396.4844
 20
8710.9375
 30
515.625
 11
1386.7188
 21
8750.0
 31
500.0
  0
LINE
  8
0
 10
1386.7188
 20
8750.0
 30
500.0
 11
1376.9531
 21
8763.0208
 31
494.7917
  0
LINE
  8
0
 10
2333.9844
 20
8763.0208
 30
494.7917
 11
2294.9219
 21
8763.0208
 31
494.7917
  0
LINE
  8
0
 10
2294.9219
 20
8763.0208
 30
494.7917
 11
2324.2188
 21
8697.9167
 31
520.8333
  0
LINE
  8
0
 10
2324.2188
 20
8697.9167
 30
520.8333
 11
2353.5156
 21
8710.9375
 31
515.625
  0
LINE
  8
0
 10
2353.5156
 20
8710.9375
 30
515.625
 11
2343.75
 21
8750.0
 31
500.0
  0
LINE
  8
0
 10
2343.75
 20
8750.0
 30
500.0
 11
2333.9844
 21
8763.0208
 31
494.7917
  0
LINE
  8
0
 10
957.0312
 20
8750.0
 30
500.0
 11
1357.4219
 21
8619.7917
 31
552.0833
  0
LINE
  8
0
 10
1357.4219
 20
8619.7917
 30
552.0833
 11
1328.125
 21
8606.7708
 31
557.2917
  0
LINE
  8
0
 10
1328.125
 20
8606.7708
 30
557.2917
 11
1406.25
 21
8567.7083
 31
572.9167
  0
LINE
  8
0
 10
1406.25
 20
8567.7083
 30
572.9167
 11
1015.625
 21
8645.8333
 31
541.6667
  0
LINE
  8
0
 10
1015.625
 20
8645.8333
 30
541.6667
 11
947.2656
 21
8697.9167
 31
520.8333
  0
LINE
  8
0
 10
947.2656
 20
8697.9167
 30
520.8333
 11
683.5938
 21
8632.8125
 31
546.875
  0
LINE
  8
0
 10
683.5938
 20
8632.8125
 30
546.875
 11
947.2656
 21
8736.9792
 31
505.2083
  0
LINE
  8
0
 10
947.2656
 20
8736.9792
 30
505.2083
 11
957.0312
 21
8750.0
 31
500.0
  0
LINE
  8
0
 10
6835.9375
 20
8723.9583
 30
510.4167
 11
6826.1719
 21
8750.0
 31
500.0
  0
LINE
  8
0
 10
6826.1719
 20
8750.0
 30
500.0
 11
6806.6406
 21
8697.9167
 31
520.8333
  0
LINE
  8
0
 10
6806.6406
 20
8697.9167
 30
520.8333
 11
6826.1719
 21
8710.9375
 31
515.625
  0
LINE
  8
0
 10
6826.1719
 20
8710.9375
 30
515.625
 11
6835.9375
 21
8723.9583
 31
510.4167
  0
LINE
  8
0
 10
8476.5625
 20
8723.9583
 30
510.4167
 11
8437.5
 21
8723.9583
 31
510.4167
  0
LINE
  8
0
 10
8437.5
 20
8723.9583
 30
510.4167
 11
8457.0312
 21
8684.8958
 31
526.0417
  0
LINE
  8
0
 10
8457.0312
 20
8684.8958
 30
526.0417
 11
8476.5625
 21
8710.9375
 31
515.625
  0
LINE
  8
0
 10
8476.5625
 20
8710.9375
 30
515.625
 11
8476.5625
 21
8723.9583
 31
510.4167
  0
LINE
  8
0
 10
2304.6875
 20
8710.9375
 30
515.625
 11
2265.625
 21
8697.9167
 31
520.8333
  0
LINE
  8
0
 10
2265.625
 20
8697.9167
 30
520.8333
 11
2294.9219
 21
8658.8542
 31
536.4583
  0
LINE
  8
0
 10
2294.9219
 20
8658.8542
 30
536.4583
 11
2304.6875
 21
8697.9167
 31
520.8333
  0
LINE
  8
0
 10
2304.6875
 20
8697.9167
 30
520.8333
 11
2304.6875
 21
8710.9375
 31
515.625
  0
LINE
  8
0
 10
1064.4531
 20
8697.9167
 30
520.8333
 11
1005.8594
 21
8684.8958
 31
526.0417
  0
LINE
  8
0
 10
1005.8594
 20
8684.8958
 30
526.0417
 11
1113.2812
 21
8632.8125
 31
546.875
  0
LINE
  8
0
 10
1113.2812
 20
8632.8125
 30
546.875
 11
1191.4062
 21
8658.8542
 31
536.4583
  0
LINE
  8
0
 10
1191.4062
 20
8658.8542
 30
536.4583
 11
1074.2188
 21
8697.9167
 31
520.8333
  0
LINE
  8
0
 10
1074.2188
 20
8697.9167
 30
520.8333
 11
1064.4531
 21
8697.9167
 31
520.8333
  0
LINE
  8
0
 10
7666.0156
 20
8697.9167
 30
520.8333
 11
7666.0156
 21
8528.6458
 31
588.5417
  0
LINE
  8
0
 10
7666.0156
 20
8528.6458
 30
588.5417
 11
7666.0156
 21
8684.8958
 31
526.0417
  0
LINE
  8
0
 10
7666.0156
 20
8684.8958
 30
526.0417
 11
7666.0156
 21
8697.9167
 31
520.8333
  0
LINE
  8
0
 10
1445.3125
 20
8684.8958
 30
526.0417
 11
1416.0156
 21
8684.8958
 31
526.0417
  0
LINE
  8
0
 10
1416.0156
 20
8684.8958
 30
526.0417
 11
1503.9062
 21
8580.7292
 31
567.7083
  0
LINE
  8
0
 10
1503.9062
 20
8580.7292
 30
567.7083
 11
1455.0781
 21
8671.875
 31
531.25
  0
LINE
  8
0
 10
1455.0781
 20
8671.875
 30
531.25
 11
1445.3125
 21
8684.8958
 31
526.0417
  0
LINE
  8
0
 10
6816.4062
 20
8671.875
 30
531.25
 11
6806.6406
 21
8697.9167
 31
520.8333
  0
LINE
  8
0
 10
6806.6406
 20
8697.9167
 30
520.8333
 11
6787.1094
 21
8645.8333
 31
541.6667
  0
LINE
  8
0
 10
6787.1094
 20
8645.8333
 30
541.6667
 11
6806.6406
 21
8658.8542
 31
536.4583
  0
LINE
  8
0
 10
6806.6406
 20
8658.8542
 30
536.4583
 11
6816.4062
 21
8671.875
 31
531.25
  0
LINE
  8
0
 10
1240.2344
 20
8645.8333
 30
541.6667
 11
1191.4062
 21
8645.8333
 31
541.6667
  0
LINE
  8
0
 10
1191.4062
 20
8645.8333
 30
541.6667
 11
1230.4688
 21
8632.8125
 31
546.875
  0
LINE
  8
0
 10
1230.4688
 20
8632.8125
 30
546.875
 11
1240.2344
 21
8645.8333
 31
541.6667
  0
LINE
  8
0
 10
7900.3906
 20
8645.8333
 30
541.6667
 11
7880.8594
 21
8684.8958
 31
526.0417
  0
LINE
  8
0
 10
7880.8594
 20
8684.8958
 30
526.0417
 11
7900.3906
 21
8632.8125
 31
546.875
  0
LINE
  8
0
 10
7900.3906
 20
8632.8125
 30
546.875
 11
7900.3906
 21
8645.8333
 31
541.6667
  0
LINE
  8
0
 10
1279.2969
 20
8632.8125
 30
546.875
 11
1230.4688
 21
8632.8125
 31
546.875
  0
LINE
  8
0
 10
1230.4688
 20
8632.8125
 30
546.875
 11
1269.5312
 21
8619.7917
 31
552.0833
  0
LINE
  8
0
 10
1269.5312
 20
8619.7917
 30
552.0833
 11
1279.2969
 21
8632.8125
 31
546.875
  0
LINE
  8
0
 10
332.0312
 20
8619.7917
 30
552.0833
 11
322.2656
 21
8554.6875
 31
578.125
  0
LINE
  8
0
 10
322.2656
 20
8554.6875
 30
578.125
 11
332.0312
 21
8606.7708
 31
557.2917
  0
LINE
  8
0
 10
332.0312
 20
8606.7708
 30
557.2917
 11
332.0312
 21
8619.7917
 31
552.0833
  0
LINE
  8
0
 10
625.0
 20
8619.7917
 30
552.0833
 11
1572.2656
 21
7643.2292
 31
942.7083
  0
LINE
  8
0
 10
1572.2656
 20
7643.2292
 30
942.7083
 11
1445.3125
 21
7773.4375
 31
890.625
  0
LINE
  8
0
 10
1445.3125
 20
7773.4375
 30
890.625
 11
1425.7812
 21
7747.3958
 31
901.0417
  0
LINE
  8
0
 10
1425.7812
 20
7747.3958
 30
901.0417
 11
1386.7188
 21
7786.4583
 31
885.4167
  0
LINE
  8
0
 10
1386.7188
 20
7786.4583
 30
885.4167
 11
1347.6562
 21
7838.5417
 31
864.5833
  0
LINE
  8
0
 10
1347.6562
 20
7838.5417
 30
864.5833
 11
1435.5469
 21
7773.4375
 31
890.625
  0
LINE
  8
0
 10
1435.5469
 20
7773.4375
 30
890.625
 11
1318.3594
 21
7890.625
 31
843.75
  0
LINE
  8
0
 10
1318.3594
 20
7890.625
 30
843.75
 11
1328.125
 21
7851.5625
 31
859.375
  0
LINE
  8
0
 10
1328.125
 20
7851.5625
 30
859.375
 11
1230.4688
 21
7994.7917
 31
802.0833
  0
LINE
  8
0
 10
1230.4688
 20
7994.7917
 30
802.0833
 11
1210.9375
 21
7981.7708
 31
807.2917
  0
LINE
  8
0
 10
1210.9375
 20
7981.7708
 30
807.2917
 11
1289.0625
 21
7890.625
 31
843.75
  0
LINE
  8
0
 10
1289.0625
 20
7890.625
 30
843.75
 11
1181.6406
 21
7994.7917
 31
802.0833
  0
LINE
  8
0
 10
1181.6406
 20
7994.7917
 30
802.0833
 11
1220.7031
 21
7994.7917
 31
802.0833
  0
LINE
  8
0
 10
1220.7031
 20
7994.7917
 30
802.0833
 11
1064.4531
 21
8164.0625
 31
734.375
  0
LINE
  8
0
 10
1064.4531
 20
8164.0625
 30
734.375
 11
1054.6875
 21
8138.0208
 31
744.7917
  0
LINE
  8
0
 10
1054.6875
 20
8138.0208
 30
744.7917
 11
1005.8594
 21
8177.0833
 31
729.1667
  0
LINE
  8
0
 10
1005.8594
 20
8177.0833
 30
729.1667
 11
1044.9219
 21
8177.0833
 31
729.1667
  0
LINE
  8
0
 10
1044.9219
 20
8177.0833
 30
729.1667
 11
888.6719
 21
8333.3333
 31
666.6667
  0
LINE
  8
0
 10
888.6719
 20
8333.3333
 30
666.6667
 11
917.9688
 21
8268.2292
 31
692.7083
  0
LINE
  8
0
 10
917.9688
 20
8268.2292
 30
692.7083
 11
898.4375
 21
8281.25
 31
687.5
  0
LINE
  8
0
 10
898.4375
 20
8281.25
 30
687.5
 11
849.6094
 21
8385.4167
 31
645.8333
  0
LINE
  8
0
 10
849.6094
 20
8385.4167
 30
645.8333
 11
625.0
 21
8606.7708
 31
557.2917
  0
LINE
  8
0
 10
625.0
 20
8606.7708
 30
557.2917
 11
595.7031
 21
8593.75
 31
562.5
  0
LINE
  8
0
 10
595.7031
 20
8593.75
 30
562.5
 11
615.2344
 21
8606.7708
 31
557.2917
  0
LINE
  8
0
 10
615.2344
 20
8606.7708
 30
557.2917
 11
625.0
 21
8619.7917
 31
552.0833
  0
LINE
  8
0
 10
8388.6719
 20
8606.7708
 30
557.2917
 11
8320.3125
 21
8528.6458
 31
588.5417
  0
LINE
  8
0
 10
8320.3125
 20
8528.6458
 30
588.5417
 11
8388.6719
 21
8593.75
 31
562.5
  0
LINE
  8
0
 10
8388.6719
 20
8593.75
 30
562.5
 11
8388.6719
 21
8606.7708
 31
557.2917
  0
LINE
  8
0
 10
5126.9531
 20
8593.75
 30
562.5
 11
7988.2812
 21
7604.1667
 31
958.3333
  0
LINE
  8
0
 10
7988.2812
 20
7604.1667
 30
958.3333
 11
5136.7188
 21
8593.75
 31
562.5
  0
LINE
  8
0
 10
5136.7188
 20
8593.75
 30
562.5
 11
5126.9531
 21
8593.75
 31
562.5
  0
LINE
  8
0
 10
7626.9531
 20
8593.75
 30
562.5
 11
7558.5938
 21
8463.5417
 31
614.5833
  0
LINE
  8
0
 10
7558.5938
 20
8463.5417
 30
614.5833
 11
7617.1875
 21
8580.7292
 31
567.7083
  0
LINE
  8
0
 10
7617.1875
 20
8580.7292
 30
567.7083
 11
7626.9531
 21
8593.75
 31
562.5
  0
LINE
  8
0
 10
4794.9219
 20
8580.7292
 30
567.7083
 11
4824.2188
 21
8580.7292
 31
567.7083
  0
LINE
  8
0
 10
4824.2188
 20
8580.7292
 30
567.7083
 11
2041.0156
 21
7486.9792
 31
1005.2083
  0
LINE
  8
0
 10
2041.0156
 20
7486.9792
 30
1005.2083
 11
4785.1562
 21
8567.7083
 31
572.9167
  0
LINE
  8
0
 10
4785.1562
 20
8567.7083
 30
572.9167
 11
4794.9219
 21
8580.7292
 31
567.7083
  0
LINE
  8
0
 10
8437.5
 20
8580.7292
 30
567.7083
 11
8330.0781
 21
8424.4792
 31
630.2083
  0
LINE
  8
0
 10
8330.0781
 20
8424.4792
 30
630.2083
 11
8427.7344
 21
8567.7083
 31
572.9167
  0
LINE
  8
0
 10
8427.7344
 20
8567.7083
 30
572.9167
 11
8437.5
 21
8580.7292
 31
567.7083
  0
LINE
  8
0
 10
6855.4688
 20
8567.7083
 30
572.9167
 11
6796.875
 21
8333.3333
 31
666.6667
  0
LINE
  8
0
 10
6796.875
 20
8333.3333
 30
666.6667
 11
7021.4844
 21
8255.2083
 31
697.9167
  0
LINE
  8
0
 10
7021.4844
 20
8255.2083
 30
697.9167
 11
6865.2344
 21
8216.1458
 31
713.5417
  0
LINE
  8
0
 10
6865.2344
 20
8216.1458
 30
713.5417
 11
6972.6562
 21
8255.2083
 31
697.9167
  0
LINE
  8
0
 10
6972.6562
 20
8255.2083
 30
697.9167
 11
6787.1094
 21
8320.3125
 31
671.875
  0
LINE
  8
0
 10
6787.1094
 20
8320.3125
 30
671.875
 11
6738.2812
 21
8216.1458
 31
713.5417
  0
LINE
  8
0
 10
6738.2812
 20
8216.1458
 30
713.5417
 11
6689.4531
 21
8190.1042
 31
723.9583
  0
LINE
  8
0
 10
6689.4531
 20
8190.1042
 30
723.9583
 11
6855.4688
 21
8554.6875
 31
578.125
  0
LINE
  8
0
 10
6855.4688
 20
8554.6875
 30
578.125
 11
6855.4688
 21
8567.7083
 31
572.9167
  0
LINE
  8
0
 10
9208.9844
 20
8567.7083
 30
572.9167
 11
9062.5
 21
8385.4167
 31
645.8333
  0
LINE
  8
0
 10
9062.5
 20
8385.4167
 30
645.8333
 11
9199.2188
 21
8554.6875
 31
578.125
  0
LINE
  8
0
 10
9199.2188
 20
8554.6875
 30
578.125
 11
9208.9844
 21
8567.7083
 31
572.9167
  0
LINE
  8
0
 10
1621.0938
 20
8541.6667
 30
583.3333
 11
1572.2656
 21
8541.6667
 31
583.3333
  0
LINE
  8
0
 10
1572.2656
 20
8541.6667
 30
583.3333
 11
1611.3281
 21
8528.6458
 31
588.5417
  0
LINE
  8
0
 10
1611.3281
 20
8528.6458
 30
588.5417
 11
1621.0938
 21
8541.6667
 31
583.3333
  0
LINE
  8
0
 10
1660.1562
 20
8528.6458
 30
588.5417
 11
1601.5625
 21
8515.625
 31
593.75
  0
LINE
  8
0
 10
1601.5625
 20
8515.625
 30
593.75
 11
2119.1406
 21
7851.5625
 31
859.375
  0
LINE
  8
0
 10
2119.1406
 20
7851.5625
 30
859.375
 11
2177.7344
 21
7851.5625
 31
859.375
  0
LINE
  8
0
 10
2177.7344
 20
7851.5625
 30
859.375
 11
2119.1406
 21
7942.7083
 31
822.9167
  0
LINE
  8
0
 10
2119.1406
 20
7942.7083
 30
822.9167
 11
2304.6875
 21
8151.0417
 31
739.5833
  0
LINE
  8
0
 10
2304.6875
 20
8151.0417
 30
739.5833
 11
2294.9219
 21
8333.3333
 31
666.6667
  0
LINE
  8
0
 10
2294.9219
 20
8333.3333
 30
666.6667
 11
2060.5469
 21
8398.4375
 31
640.625
  0
LINE
  8
0
 10
2060.5469
 20
8398.4375
 30
640.625
 11
1953.125
 21
8098.9583
 31
760.4167
  0
LINE
  8
0
 10
1953.125
 20
8098.9583
 30
760.4167
 11
1943.3594
 21
8164.0625
 31
734.375
  0
LINE
  8
0
 10
1943.3594
 20
8164.0625
 30
734.375
 11
2021.4844
 21
8398.4375
 31
640.625
  0
LINE
  8
0
 10
2021.4844
 20
8398.4375
 30
640.625
 11
1650.3906
 21
8515.625
 31
593.75
  0
LINE
  8
0
 10
1650.3906
 20
8515.625
 30
593.75
 11
1660.1562
 21
8528.6458
 31
588.5417
  0
LINE
  8
0
 10
3720.7031
 20
8528.6458
 30
588.5417
 11
3759.7656
 21
8502.6042
 31
598.9583
  0
LINE
  8
0
 10
3759.7656
 20
8502.6042
 30
598.9583
 11
3730.4688
 21
8437.5
 31
625.0
  0
LINE
  8
0
 10
3730.4688
 20
8437.5
 30
625.0
 11
3300.7812
 21
8294.2708
 31
682.2917
  0
LINE
  8
0
 10
3300.7812
 20
8294.2708
 30
682.2917
 11
3740.2344
 21
8463.5417
 31
614.5833
  0
LINE
  8
0
 10
3740.2344
 20
8463.5417
 30
614.5833
 11
3730.4688
 21
8515.625
 31
593.75
  0
LINE
  8
0
 10
3730.4688
 20
8515.625
 30
593.75
 11
3720.7031
 21
8528.6458
 31
588.5417
  0
LINE
  8
0
 10
5146.4844
 20
8528.6458
 30
588.5417
 11
5507.8125
 21
8385.4167
 31
645.8333
  0
LINE
  8
0
 10
5507.8125
 20
8385.4167
 30
645.8333
 11
5175.7812
 21
8515.625
 31
593.75
  0
LINE
  8
0
 10
5175.7812
 20
8515.625
 30
593.75
 11
5087.8906
 21
8489.5833
 31
604.1667
  0
LINE
  8
0
 10
5087.8906
 20
8489.5833
 30
604.1667
 11
5136.7188
 21
8515.625
 31
593.75
  0
LINE
  8
0
 10
5136.7188
 20
8515.625
 30
593.75
 11
5146.4844
 21
8528.6458
 31
588.5417
  0
LINE
  8
0
 10
1708.9844
 20
8515.625
 30
593.75
 11
1660.1562
 21
8515.625
 31
593.75
  0
LINE
  8
0
 10
1660.1562
 20
8515.625
 30
593.75
 11
1699.2188
 21
8502.6042
 31
598.9583
  0
LINE
  8
0
 10
1699.2188
 20
8502.6042
 30
598.9583
 11
1708.9844
 21
8515.625
 31
593.75
  0
LINE
  8
0
 10
4794.9219
 20
8515.625
 30
593.75
 11
4892.5781
 21
8489.5833
 31
604.1667
  0
LINE
  8
0
 10
4892.5781
 20
8489.5833
 30
604.1667
 11
4804.6875
 21
8502.6042
 31
598.9583
  0
LINE
  8
0
 10
4804.6875
 20
8502.6042
 30
598.9583
 11
4453.125
 21
8346.3542
 31
661.4583
  0
LINE
  8
0
 10
4453.125
 20
8346.3542
 30
661.4583
 11
4541.0156
 21
7825.5208
 31
869.7917
  0
LINE
  8
0
 10
4541.0156
 20
7825.5208
 30
869.7917
 11
4433.5938
 21
8333.3333
 31
666.6667
  0
LINE
  8
0
 10
4433.5938
 20
8333.3333
 30
666.6667
 11
4453.125
 21
8372.3958
 31
651.0417
  0
LINE
  8
0
 10
4453.125
 20
8372.3958
 30
651.0417
 11
4785.1562
 21
8502.6042
 31
598.9583
  0
LINE
  8
0
 10
4785.1562
 20
8502.6042
 30
598.9583
 11
4794.9219
 21
8515.625
 31
593.75
  0
LINE
  8
0
 10
5029.2969
 20
8476.5625
 30
609.375
 11
5048.8281
 21
8281.25
 31
687.5
  0
LINE
  8
0
 10
5048.8281
 20
8281.25
 30
687.5
 11
5078.125
 21
8294.2708
 31
682.2917
  0
LINE
  8
0
 10
5078.125
 20
8294.2708
 30
682.2917
 11
5087.8906
 21
8411.4583
 31
635.4167
  0
LINE
  8
0
 10
5087.8906
 20
8411.4583
 30
635.4167
 11
5097.6562
 21
8294.2708
 31
682.2917
  0
LINE
  8
0
 10
5097.6562
 20
8294.2708
 30
682.2917
 11
5068.3594
 21
8255.2083
 31
697.9167
  0
LINE
  8
0
 10
5068.3594
 20
8255.2083
 30
697.9167
 11
5087.8906
 21
7994.7917
 31
802.0833
  0
LINE
  8
0
 10
5087.8906
 20
7994.7917
 30
802.0833
 11
5078.125
 21
8098.9583
 31
760.4167
  0
LINE
  8
0
 10
5078.125
 20
8098.9583
 30
760.4167
 11
5048.8281
 21
7760.4167
 31
895.8333
  0
LINE
  8
0
 10
5048.8281
 20
7760.4167
 30
895.8333
 11
5146.4844
 21
7578.125
 31
968.75
  0
LINE
  8
0
 10
5146.4844
 20
7578.125
 30
968.75
 11
6962.8906
 21
6927.0833
 31
1229.1667
  0
LINE
  8
0
 10
6962.8906
 20
6927.0833
 30
1229.1667
 11
7001.9531
 21
6940.1042
 31
1223.9583
  0
LINE
  8
0
 10
7001.9531
 20
6940.1042
 30
1223.9583
 11
6914.0625
 21
7031.25
 31
1187.5
  0
LINE
  8
0
 10
6914.0625
 20
7031.25
 30
1187.5
 11
6972.6562
 21
7161.4583
 31
1135.4167
  0
LINE
  8
0
 10
6972.6562
 20
7161.4583
 30
1135.4167
 11
6894.5312
 21
7213.5417
 31
1114.5833
  0
LINE
  8
0
 10
6894.5312
 20
7213.5417
 30
1114.5833
 11
6972.6562
 21
7213.5417
 31
1114.5833
  0
LINE
  8
0
 10
6972.6562
 20
7213.5417
 30
1114.5833
 11
6992.1875
 21
7135.4167
 31
1145.8333
  0
LINE
  8
0
 10
6992.1875
 20
7135.4167
 30
1145.8333
 11
7041.0156
 21
7265.625
 31
1093.75
  0
LINE
  8
0
 10
7041.0156
 20
7265.625
 30
1093.75
 11
7021.4844
 21
7291.6667
 31
1083.3333
  0
LINE
  8
0
 10
7021.4844
 20
7291.6667
 30
1083.3333
 11
7060.5469
 21
7317.7083
 31
1072.9167
  0
LINE
  8
0
 10
7060.5469
 20
7317.7083
 30
1072.9167
 11
7021.4844
 21
7161.4583
 31
1135.4167
  0
LINE
  8
0
 10
7021.4844
 20
7161.4583
 30
1135.4167
 11
7109.375
 21
7187.5
 31
1125.0
  0
LINE
  8
0
 10
7109.375
 20
7187.5
 30
1125.0
 11
7187.5
 21
7135.4167
 31
1145.8333
  0
LINE
  8
0
 10
7187.5
 20
7135.4167
 30
1145.8333
 11
7167.9688
 21
7109.375
 31
1156.25
  0
LINE
  8
0
 10
7167.9688
 20
7109.375
 30
1156.25
 11
7285.1562
 21
7070.3125
 31
1171.875
  0
LINE
  8
0
 10
7285.1562
 20
7070.3125
 30
1171.875
 11
7294.9219
 21
7135.4167
 31
1145.8333
  0
LINE
  8
0
 10
7294.9219
 20
7135.4167
 30
1145.8333
 11
7392.5781
 21
7213.5417
 31
1114.5833
  0
LINE
  8
0
 10
7392.5781
 20
7213.5417
 30
1114.5833
 11
7353.5156
 21
7265.625
 31
1093.75
  0
LINE
  8
0
 10
7353.5156
 20
7265.625
 30
1093.75
 11
7402.3438
 21
7239.5833
 31
1104.1667
  0
LINE
  8
0
 10
7402.3438
 20
7239.5833
 30
1104.1667
 11
7548.8281
 21
7460.9375
 31
1015.625
  0
LINE
  8
0
 10
7548.8281
 20
7460.9375
 30
1015.625
 11
7294.9219
 21
7421.875
 31
1031.25
  0
LINE
  8
0
 10
7294.9219
 20
7421.875
 30
1031.25
 11
7275.3906
 21
7395.8333
 31
1041.6667
  0
LINE
  8
0
 10
7275.3906
 20
7395.8333
 30
1041.6667
 11
7314.4531
 21
7330.7292
 31
1067.7083
  0
LINE
  8
0
 10
7314.4531
 20
7330.7292
 30
1067.7083
 11
7265.625
 21
7408.8542
 31
1036.4583
  0
LINE
  8
0
 10
7265.625
 20
7408.8542
 30
1036.4583
 11
7128.9062
 21
7369.7917
 31
1052.0833
  0
LINE
  8
0
 10
7128.9062
 20
7369.7917
 30
1052.0833
 11
7080.0781
 21
7395.8333
 31
1041.6667
  0
LINE
  8
0
 10
7080.0781
 20
7395.8333
 30
1041.6667
 11
7050.7812
 21
7343.75
 31
1062.5
  0
LINE
  8
0
 10
7050.7812
 20
7343.75
 30
1062.5
 11
7031.25
 21
7526.0417
 31
989.5833
  0
LINE
  8
0
 10
7031.25
 20
7526.0417
 30
989.5833
 11
6875.0
 21
7226.5625
 31
1109.375
  0
LINE
  8
0
 10
6875.0
 20
7226.5625
 30
1109.375
 11
6884.7656
 21
7304.6875
 31
1078.125
  0
LINE
  8
0
 10
6884.7656
 20
7304.6875
 30
1078.125
 11
6855.4688
 21
7239.5833
 31
1104.1667
  0
LINE
  8
0
 10
6855.4688
 20
7239.5833
 30
1104.1667
 11
6787.1094
 21
7226.5625
 31
1109.375
  0
LINE
  8
0
 10
6787.1094
 20
7226.5625
 30
1109.375
 11
6425.7812
 21
7356.7708
 31
1057.2917
  0
LINE
  8
0
 10
6425.7812
 20
7356.7708
 30
1057.2917
 11
6376.9531
 21
7252.6042
 31
1098.9583
  0
LINE
  8
0
 10
6376.9531
 20
7252.6042
 30
1098.9583
 11
6337.8906
 21
7252.6042
 31
1098.9583
  0
LINE
  8
0
 10
6337.8906
 20
7252.6042
 30
1098.9583
 11
6328.125
 21
7395.8333
 31
1041.6667
  0
LINE
  8
0
 10
6328.125
 20
7395.8333
 30
1041.6667
 11
5986.3281
 21
7526.0417
 31
989.5833
  0
LINE
  8
0
 10
5986.3281
 20
7526.0417
 30
989.5833
 11
6357.4219
 21
7382.8125
 31
1046.875
  0
LINE
  8
0
 10
6357.4219
 20
7382.8125
 30
1046.875
 11
6503.9062
 21
7877.6042
 31
848.9583
  0
LINE
  8
0
 10
6503.9062
 20
7877.6042
 30
848.9583
 11
6582.0312
 21
8020.8333
 31
791.6667
  0
LINE
  8
0
 10
6582.0312
 20
8020.8333
 30
791.6667
 11
6347.6562
 21
7265.625
 31
1093.75
  0
LINE
  8
0
 10
6347.6562
 20
7265.625
 30
1093.75
 11
6455.0781
 21
7473.9583
 31
1010.4167
  0
LINE
  8
0
 10
6455.0781
 20
7473.9583
 30
1010.4167
 11
6435.5469
 21
7369.7917
 31
1052.0833
  0
LINE
  8
0
 10
6435.5469
 20
7369.7917
 30
1052.0833
 11
6816.4062
 21
7226.5625
 31
1109.375
  0
LINE
  8
0
 10
6816.4062
 20
7226.5625
 30
1109.375
 11
6904.2969
 21
7356.7708
 31
1057.2917
  0
LINE
  8
0
 10
6904.2969
 20
7356.7708
 30
1057.2917
 11
7011.7188
 21
7578.125
 31
968.75
  0
LINE
  8
0
 10
7011.7188
 20
7578.125
 30
968.75
 11
7001.9531
 21
7695.3125
 31
921.875
  0
LINE
  8
0
 10
7001.9531
 20
7695.3125
 30
921.875
 11
7031.25
 21
7734.375
 31
906.25
  0
LINE
  8
0
 10
7031.25
 20
7734.375
 30
906.25
 11
6933.5938
 21
7890.625
 31
843.75
  0
LINE
  8
0
 10
6933.5938
 20
7890.625
 30
843.75
 11
6728.5156
 21
7968.75
 31
812.5
  0
LINE
  8
0
 10
6728.5156
 20
7968.75
 30
812.5
 11
6923.8281
 21
7916.6667
 31
833.3333
  0
LINE
  8
0
 10
6923.8281
 20
7916.6667
 30
833.3333
 11
6972.6562
 21
7838.5417
 31
864.5833
  0
LINE
  8
0
 10
6972.6562
 20
7838.5417
 30
864.5833
 11
6982.4219
 21
7890.625
 31
843.75
  0
LINE
  8
0
 10
6982.4219
 20
7890.625
 30
843.75
 11
7099.6094
 21
7851.5625
 31
859.375
  0
LINE
  8
0
 10
7099.6094
 20
7851.5625
 30
859.375
 11
6982.4219
 21
7864.5833
 31
854.1667
  0
LINE
  8
0
 10
6982.4219
 20
7864.5833
 30
854.1667
 11
7070.3125
 21
7734.375
 31
906.25
  0
LINE
  8
0
 10
7070.3125
 20
7734.375
 30
906.25
 11
7138.6719
 21
7825.5208
 31
869.7917
  0
LINE
  8
0
 10
7138.6719
 20
7825.5208
 30
869.7917
 11
7177.7344
 21
7825.5208
 31
869.7917
  0
LINE
  8
0
 10
7177.7344
 20
7825.5208
 30
869.7917
 11
7207.0312
 21
7786.4583
 31
885.4167
  0
LINE
  8
0
 10
7207.0312
 20
7786.4583
 30
885.4167
 11
7128.9062
 21
7630.2083
 31
947.9167
  0
LINE
  8
0
 10
7128.9062
 20
7630.2083
 30
947.9167
 11
7255.8594
 21
7434.8958
 31
1026.0417
  0
LINE
  8
0
 10
7255.8594
 20
7434.8958
 30
1026.0417
 11
7548.8281
 21
7500.0
 31
1000.0
  0
LINE
  8
0
 10
7548.8281
 20
7500.0
 30
1000.0
 11
7675.7812
 21
7643.2292
 31
942.7083
  0
LINE
  8
0
 10
7675.7812
 20
7643.2292
 30
942.7083
 11
7714.8438
 21
7617.1875
 31
953.125
  0
LINE
  8
0
 10
7714.8438
 20
7617.1875
 30
953.125
 11
7656.25
 21
7500.0
 31
1000.0
  0
LINE
  8
0
 10
7656.25
 20
7500.0
 30
1000.0
 11
7724.6094
 21
7513.0208
 31
994.7917
  0
LINE
  8
0
 10
7724.6094
 20
7513.0208
 30
994.7917
 11
7695.3125
 21
7539.0625
 31
984.375
  0
LINE
  8
0
 10
7695.3125
 20
7539.0625
 30
984.375
 11
7744.1406
 21
7604.1667
 31
958.3333
  0
LINE
  8
0
 10
7744.1406
 20
7604.1667
 30
958.3333
 11
7724.6094
 21
7539.0625
 31
984.375
  0
LINE
  8
0
 10
7724.6094
 20
7539.0625
 30
984.375
 11
7871.0938
 21
7578.125
 31
968.75
  0
LINE
  8
0
 10
7871.0938
 20
7578.125
 30
968.75
 11
7792.9688
 21
7552.0833
 31
979.1667
  0
LINE
  8
0
 10
7792.9688
 20
7552.0833
 30
979.1667
 11
7978.5156
 21
7539.0625
 31
984.375
  0
LINE
  8
0
 10
7978.5156
 20
7539.0625
 30
984.375
 11
8144.5312
 21
7473.9583
 31
1010.4167
  0
LINE
  8
0
 10
8144.5312
 20
7473.9583
 30
1010.4167
 11
7958.9844
 21
7539.0625
 31
984.375
  0
LINE
  8
0
 10
7958.9844
 20
7539.0625
 30
984.375
 11
7812.5
 21
7539.0625
 31
984.375
  0
LINE
  8
0
 10
7812.5
 20
7539.0625
 30
984.375
 11
7675.7812
 21
7500.0
 31
1000.0
  0
LINE
  8
0
 10
7675.7812
 20
7500.0
 30
1000.0
 11
7587.8906
 21
7382.8125
 31
1046.875
  0
LINE
  8
0
 10
7587.8906
 20
7382.8125
 30
1046.875
 11
7646.4844
 21
7513.0208
 31
994.7917
  0
LINE
  8
0
 10
7646.4844
 20
7513.0208
 30
994.7917
 11
7333.9844
 21
7070.3125
 31
1171.875
  0
LINE
  8
0
 10
7333.9844
 20
7070.3125
 30
1171.875
 11
7343.75
 21
7122.3958
 31
1151.0417
  0
LINE
  8
0
 10
7343.75
 20
7122.3958
 30
1151.0417
 11
7304.6875
 21
7070.3125
 31
1171.875
  0
LINE
  8
0
 10
7304.6875
 20
7070.3125
 30
1171.875
 11
7197.2656
 21
7083.3333
 31
1166.6667
  0
LINE
  8
0
 10
7197.2656
 20
7083.3333
 30
1166.6667
 11
7099.6094
 21
6914.0625
 31
1234.375
  0
LINE
  8
0
 10
7099.6094
 20
6914.0625
 30
1234.375
 11
6748.0469
 21
6992.1875
 31
1203.125
  0
LINE
  8
0
 10
6748.0469
 20
6992.1875
 30
1203.125
 11
6669.9219
 21
6822.9167
 31
1270.8333
  0
LINE
  8
0
 10
6669.9219
 20
6822.9167
 30
1270.8333
 11
6660.1562
 21
6861.9792
 31
1255.2083
  0
LINE
  8
0
 10
6660.1562
 20
6861.9792
 30
1255.2083
 11
6640.625
 21
6835.9375
 31
1265.625
  0
LINE
  8
0
 10
6640.625
 20
6835.9375
 30
1265.625
 11
6601.5625
 21
6705.7292
 31
1317.7083
  0
LINE
  8
0
 10
6601.5625
 20
6705.7292
 30
1317.7083
 11
6621.0938
 21
6783.8542
 31
1286.4583
  0
LINE
  8
0
 10
6621.0938
 20
6783.8542
 30
1286.4583
 11
6582.0312
 21
6718.75
 31
1312.5
  0
LINE
  8
0
 10
6582.0312
 20
6718.75
 30
1312.5
 11
6552.7344
 21
6731.7708
 31
1307.2917
  0
LINE
  8
0
 10
6552.7344
 20
6731.7708
 30
1307.2917
 11
6650.3906
 21
6875.0
 31
1250.0
  0
LINE
  8
0
 10
6650.3906
 20
6875.0
 30
1250.0
 11
6640.625
 21
6953.125
 31
1218.75
  0
LINE
  8
0
 10
6640.625
 20
6953.125
 30
1218.75
 11
6738.2812
 21
7005.2083
 31
1197.9167
  0
LINE
  8
0
 10
6738.2812
 20
7005.2083
 30
1197.9167
 11
5322.2656
 21
7473.9583
 31
1010.4167
  0
LINE
  8
0
 10
5322.2656
 20
7473.9583
 30
1010.4167
 11
5380.8594
 21
7421.875
 31
1031.25
  0
LINE
  8
0
 10
5380.8594
 20
7421.875
 30
1031.25
 11
5302.7344
 21
7473.9583
 31
1010.4167
  0
LINE
  8
0
 10
5302.7344
 20
7473.9583
 30
1010.4167
 11
5322.2656
 21
7500.0
 31
1000.0
  0
LINE
  8
0
 10
5322.2656
 20
7500.0
 30
1000.0
 11
5156.25
 21
7565.1042
 31
973.9583
  0
LINE
  8
0
 10
5156.25
 20
7565.1042
 30
973.9583
 11
5078.125
 21
7447.9167
 31
1020.8333
  0
LINE
  8
0
 10
5078.125
 20
7447.9167
 30
1020.8333
 11
5078.125
 21
7070.3125
 31
1171.875
  0
LINE
  8
0
 10
5078.125
 20
7070.3125
 30
1171.875
 11
5068.3594
 21
7356.7708
 31
1057.2917
  0
LINE
  8
0
 10
5068.3594
 20
7356.7708
 30
1057.2917
 11
5058.5938
 21
7408.8542
 31
1036.4583
  0
LINE
  8
0
 10
5058.5938
 20
7408.8542
 30
1036.4583
 11
5029.2969
 21
7408.8542
 31
1036.4583
  0
LINE
  8
0
 10
5029.2969
 20
7408.8542
 30
1036.4583
 11
5029.2969
 21
7083.3333
 31
1166.6667
  0
LINE
  8
0
 10
5029.2969
 20
7083.3333
 30
1166.6667
 11
5029.2969
 21
7291.6667
 31
1083.3333
  0
LINE
  8
0
 10
5029.2969
 20
7291.6667
 30
1083.3333
 11
5009.7656
 21
7252.6042
 31
1098.9583
  0
LINE
  8
0
 10
5009.7656
 20
7252.6042
 30
1098.9583
 11
4990.2344
 21
7408.8542
 31
1036.4583
  0
LINE
  8
0
 10
4990.2344
 20
7408.8542
 30
1036.4583
 11
4853.5156
 21
7526.0417
 31
989.5833
  0
LINE
  8
0
 10
4853.5156
 20
7526.0417
 30
989.5833
 11
4746.0938
 21
7460.9375
 31
1015.625
  0
LINE
  8
0
 10
4746.0938
 20
7460.9375
 30
1015.625
 11
4638.6719
 21
7265.625
 31
1093.75
  0
LINE
  8
0
 10
4638.6719
 20
7265.625
 30
1093.75
 11
4638.6719
 21
7343.75
 31
1062.5
  0
LINE
  8
0
 10
4638.6719
 20
7343.75
 30
1062.5
 11
4785.1562
 21
7500.0
 31
1000.0
  0
LINE
  8
0
 10
4785.1562
 20
7500.0
 30
1000.0
 11
4335.9375
 21
7317.7083
 31
1072.9167
  0
LINE
  8
0
 10
4335.9375
 20
7317.7083
 30
1072.9167
 11
4365.2344
 21
7304.6875
 31
1078.125
  0
LINE
  8
0
 10
4365.2344
 20
7304.6875
 30
1078.125
 11
4169.9219
 21
7265.625
 31
1093.75
  0
LINE
  8
0
 10
4169.9219
 20
7265.625
 30
1093.75
 11
4238.2812
 21
7200.5208
 31
1119.7917
  0
LINE
  8
0
 10
4238.2812
 20
7200.5208
 30
1119.7917
 11
4453.125
 21
7148.4375
 31
1140.625
  0
LINE
  8
0
 10
4453.125
 20
7148.4375
 30
1140.625
 11
4501.9531
 21
7174.4792
 31
1130.2083
  0
LINE
  8
0
 10
4501.9531
 20
7174.4792
 30
1130.2083
 11
4550.7812
 21
7135.4167
 31
1145.8333
  0
LINE
  8
0
 10
4550.7812
 20
7135.4167
 30
1145.8333
 11
4472.6562
 21
7109.375
 31
1156.25
  0
LINE
  8
0
 10
4472.6562
 20
7109.375
 30
1156.25
 11
4414.0625
 21
7135.4167
 31
1145.8333
  0
LINE
  8
0
 10
4414.0625
 20
7135.4167
 30
1145.8333
 11
4423.8281
 21
7161.4583
 31
1135.4167
  0
LINE
  8
0
 10
4423.8281
 20
7161.4583
 30
1135.4167
 11
4248.0469
 21
7174.4792
 31
1130.2083
  0
LINE
  8
0
 10
4248.0469
 20
7174.4792
 30
1130.2083
 11
4316.4062
 21
6927.0833
 31
1229.1667
  0
LINE
  8
0
 10
4316.4062
 20
6927.0833
 30
1229.1667
 11
4609.375
 21
7057.2917
 31
1177.0833
  0
LINE
  8
0
 10
4609.375
 20
7057.2917
 30
1177.0833
 11
4648.4375
 21
7031.25
 31
1187.5
  0
LINE
  8
0
 10
4648.4375
 20
7031.25
 30
1187.5
 11
4931.6406
 21
7200.5208
 31
1119.7917
  0
LINE
  8
0
 10
4931.6406
 20
7200.5208
 30
1119.7917
 11
4990.2344
 21
7187.5
 31
1125.0
  0
LINE
  8
0
 10
4990.2344
 20
7187.5
 30
1125.0
 11
4755.8594
 21
7083.3333
 31
1166.6667
  0
LINE
  8
0
 10
4755.8594
 20
7083.3333
 30
1166.6667
 11
4785.1562
 21
7070.3125
 31
1171.875
  0
LINE
  8
0
 10
4785.1562
 20
7070.3125
 30
1171.875
 11
4316.4062
 21
6914.0625
 31
1234.375
  0
LINE
  8
0
 10
4316.4062
 20
6914.0625
 30
1234.375
 11
4306.6406
 21
6875.0
 31
1250.0
  0
LINE
  8
0
 10
4306.6406
 20
6875.0
 30
1250.0
 11
4316.4062
 21
6914.0625
 31
1234.375
  0
LINE
  8
0
 10
4316.4062
 20
6914.0625
 30
1234.375
 11
4228.5156
 21
7148.4375
 31
1140.625
  0
LINE
  8
0
 10
4228.5156
 20
7148.4375
 30
1140.625
 11
4267.5781
 21
7187.5
 31
1125.0
  0
LINE
  8
0
 10
4267.5781
 20
7187.5
 30
1125.0
 11
4189.4531
 21
7239.5833
 31
1104.1667
  0
LINE
  8
0
 10
4189.4531
 20
7239.5833
 30
1104.1667
 11
4140.625
 21
7252.6042
 31
1098.9583
  0
LINE
  8
0
 10
4140.625
 20
7252.6042
 30
1098.9583
 11
4013.6719
 21
7200.5208
 31
1119.7917
  0
LINE
  8
0
 10
4013.6719
 20
7200.5208
 30
1119.7917
 11
4023.4375
 21
7174.4792
 31
1130.2083
  0
LINE
  8
0
 10
4023.4375
 20
7174.4792
 30
1130.2083
 11
3837.8906
 21
7135.4167
 31
1145.8333
  0
LINE
  8
0
 10
3837.8906
 20
7135.4167
 30
1145.8333
 11
3906.25
 21
6940.1042
 31
1223.9583
  0
LINE
  8
0
 10
3906.25
 20
6940.1042
 30
1223.9583
 11
3876.9531
 21
6992.1875
 31
1203.125
  0
LINE
  8
0
 10
3876.9531
 20
6992.1875
 30
1203.125
 11
3867.1875
 21
6966.1458
 31
1213.5417
  0
LINE
  8
0
 10
3867.1875
 20
6966.1458
 30
1213.5417
 11
3994.1406
 21
6679.6875
 31
1328.125
  0
LINE
  8
0
 10
3994.1406
 20
6679.6875
 30
1328.125
 11
3808.5938
 21
7057.2917
 31
1177.0833
  0
LINE
  8
0
 10
3808.5938
 20
7057.2917
 30
1177.0833
 11
3828.125
 21
7122.3958
 31
1151.0417
  0
LINE
  8
0
 10
3828.125
 20
7122.3958
 30
1151.0417
 11
3564.4531
 21
7018.2292
 31
1192.7083
  0
LINE
  8
0
 10
3564.4531
 20
7018.2292
 30
1192.7083
 11
3603.5156
 21
7005.2083
 31
1197.9167
  0
LINE
  8
0
 10
3603.5156
 20
7005.2083
 30
1197.9167
 11
3535.1562
 21
7018.2292
 31
1192.7083
  0
LINE
  8
0
 10
3535.1562
 20
7018.2292
 30
1192.7083
 11
3359.375
 21
6940.1042
 31
1223.9583
  0
LINE
  8
0
 10
3359.375
 20
6940.1042
 30
1223.9583
 11
3457.0312
 21
6901.0417
 31
1239.5833
  0
LINE
  8
0
 10
3457.0312
 20
6901.0417
 30
1239.5833
 11
3505.8594
 21
6966.1458
 31
1213.5417
  0
LINE
  8
0
 10
3505.8594
 20
6966.1458
 30
1213.5417
 11
3457.0312
 21
6848.9583
 31
1260.4167
  0
LINE
  8
0
 10
3457.0312
 20
6848.9583
 30
1260.4167
 11
3554.6875
 21
6653.6458
 31
1338.5417
  0
LINE
  8
0
 10
3554.6875
 20
6653.6458
 30
1338.5417
 11
3359.375
 21
6940.1042
 31
1223.9583
  0
LINE
  8
0
 10
3359.375
 20
6940.1042
 30
1223.9583
 11
3105.4688
 21
6848.9583
 31
1260.4167
  0
LINE
  8
0
 10
3105.4688
 20
6848.9583
 30
1260.4167
 11
2998.0469
 21
6848.9583
 31
1260.4167
  0
LINE
  8
0
 10
2998.0469
 20
6848.9583
 30
1260.4167
 11
3027.3438
 21
6822.9167
 31
1270.8333
  0
LINE
  8
0
 10
3027.3438
 20
6822.9167
 30
1270.8333
 11
2939.4531
 21
6783.8542
 31
1286.4583
  0
LINE
  8
0
 10
2939.4531
 20
6783.8542
 30
1286.4583
 11
3027.3438
 21
6757.8125
 31
1296.875
  0
LINE
  8
0
 10
3027.3438
 20
6757.8125
 30
1296.875
 11
3056.6406
 21
6705.7292
 31
1317.7083
  0
LINE
  8
0
 10
3056.6406
 20
6705.7292
 30
1317.7083
 11
3212.8906
 21
6692.7083
 31
1322.9167
  0
LINE
  8
0
 10
3212.8906
 20
6692.7083
 30
1322.9167
 11
3066.4062
 21
6679.6875
 31
1328.125
  0
LINE
  8
0
 10
3066.4062
 20
6679.6875
 30
1328.125
 11
3232.4219
 21
6497.3958
 31
1401.0417
  0
LINE
  8
0
 10
3232.4219
 20
6497.3958
 30
1401.0417
 11
3867.1875
 21
6744.7917
 31
1302.0833
  0
LINE
  8
0
 10
3867.1875
 20
6744.7917
 30
1302.0833
 11
3896.4844
 21
6770.8333
 31
1291.6667
  0
LINE
  8
0
 10
3896.4844
 20
6770.8333
 30
1291.6667
 11
3886.7188
 21
6809.8958
 31
1276.0417
  0
LINE
  8
0
 10
3886.7188
 20
6809.8958
 30
1276.0417
 11
3916.0156
 21
6770.8333
 31
1291.6667
  0
LINE
  8
0
 10
3916.0156
 20
6770.8333
 30
1291.6667
 11
3974.6094
 21
6640.625
 31
1343.75
  0
LINE
  8
0
 10
3974.6094
 20
6640.625
 30
1343.75
 11
3906.25
 21
6744.7917
 31
1302.0833
  0
LINE
  8
0
 10
3906.25
 20
6744.7917
 30
1302.0833
 11
3857.4219
 21
6744.7917
 31
1302.0833
  0
LINE
  8
0
 10
3857.4219
 20
6744.7917
 30
1302.0833
 11
3662.1094
 21
6653.6458
 31
1338.5417
  0
LINE
  8
0
 10
3662.1094
 20
6653.6458
 30
1338.5417
 11
3740.2344
 21
6640.625
 31
1343.75
  0
LINE
  8
0
 10
3740.2344
 20
6640.625
 30
1343.75
 11
3642.5781
 21
6653.6458
 31
1338.5417
  0
LINE
  8
0
 10
3642.5781
 20
6653.6458
 30
1338.5417
 11
3574.2188
 21
6614.5833
 31
1354.1667
  0
LINE
  8
0
 10
3574.2188
 20
6614.5833
 30
1354.1667
 11
3593.75
 21
6601.5625
 31
1359.375
  0
LINE
  8
0
 10
3593.75
 20
6601.5625
 30
1359.375
 11
3486.3281
 21
6588.5417
 31
1364.5833
  0
LINE
  8
0
 10
3486.3281
 20
6588.5417
 30
1364.5833
 11
3476.5625
 21
6523.4375
 31
1390.625
  0
LINE
  8
0
 10
3476.5625
 20
6523.4375
 30
1390.625
 11
3544.9219
 21
6445.3125
 31
1421.875
  0
LINE
  8
0
 10
3544.9219
 20
6445.3125
 30
1421.875
 11
3564.4531
 21
6367.1875
 31
1453.125
  0
LINE
  8
0
 10
3564.4531
 20
6367.1875
 30
1453.125
 11
4033.2031
 21
6562.5
 31
1375.0
  0
LINE
  8
0
 10
4033.2031
 20
6562.5
 30
1375.0
 11
4169.9219
 21
6562.5
 31
1375.0
  0
LINE
  8
0
 10
4169.9219
 20
6562.5
 30
1375.0
 11
3642.5781
 21
6354.1667
 31
1458.3333
  0
LINE
  8
0
 10
3642.5781
 20
6354.1667
 30
1458.3333
 11
3574.2188
 21
6367.1875
 31
1453.125
  0
LINE
  8
0
 10
3574.2188
 20
6367.1875
 30
1453.125
 11
3583.9844
 21
6341.1458
 31
1463.5417
  0
LINE
  8
0
 10
3583.9844
 20
6341.1458
 30
1463.5417
 11
3476.5625
 21
6263.0208
 31
1494.7917
  0
LINE
  8
0
 10
3476.5625
 20
6263.0208
 30
1494.7917
 11
3378.9062
 21
6302.0833
 31
1479.1667
  0
LINE
  8
0
 10
3378.9062
 20
6302.0833
 30
1479.1667
 11
3349.6094
 21
6354.1667
 31
1458.3333
  0
LINE
  8
0
 10
3349.6094
 20
6354.1667
 30
1458.3333
 11
3388.6719
 21
6471.3542
 31
1411.4583
  0
LINE
  8
0
 10
3388.6719
 20
6471.3542
 30
1411.4583
 11
3359.375
 21
6497.3958
 31
1401.0417
  0
LINE
  8
0
 10
3359.375
 20
6497.3958
 30
1401.0417
 11
3408.2031
 21
6549.4792
 31
1380.2083
  0
LINE
  8
0
 10
3408.2031
 20
6549.4792
 30
1380.2083
 11
3193.3594
 21
6445.3125
 31
1421.875
  0
LINE
  8
0
 10
3193.3594
 20
6445.3125
 30
1421.875
 11
3076.1719
 21
6432.2917
 31
1427.0833
  0
LINE
  8
0
 10
3076.1719
 20
6432.2917
 30
1427.0833
 11
3154.2969
 21
6419.2708
 31
1432.2917
  0
LINE
  8
0
 10
3154.2969
 20
6419.2708
 30
1432.2917
 11
3105.4688
 21
6406.25
 31
1437.5
  0
LINE
  8
0
 10
3105.4688
 20
6406.25
 30
1437.5
 11
3105.4688
 21
6367.1875
 31
1453.125
  0
LINE
  8
0
 10
3105.4688
 20
6367.1875
 30
1453.125
 11
3037.1094
 21
6380.2083
 31
1447.9167
  0
LINE
  8
0
 10
3037.1094
 20
6380.2083
 30
1447.9167
 11
3076.1719
 21
6406.25
 31
1437.5
  0
LINE
  8
0
 10
3076.1719
 20
6406.25
 30
1437.5
 11
3056.6406
 21
6419.2708
 31
1432.2917
  0
LINE
  8
0
 10
3056.6406
 20
6419.2708
 30
1432.2917
 11
2890.625
 21
6354.1667
 31
1458.3333
  0
LINE
  8
0
 10
2890.625
 20
6354.1667
 30
1458.3333
 11
2685.5469
 21
6523.4375
 31
1390.625
  0
LINE
  8
0
 10
2685.5469
 20
6523.4375
 30
1390.625
 11
2675.7812
 21
6484.375
 31
1406.25
  0
LINE
  8
0
 10
2675.7812
 20
6484.375
 30
1406.25
 11
2841.7969
 21
6315.1042
 31
1473.9583
  0
LINE
  8
0
 10
2841.7969
 20
6315.1042
 30
1473.9583
 11
2812.5
 21
6315.1042
 31
1473.9583
  0
LINE
  8
0
 10
2812.5
 20
6315.1042
 30
1473.9583
 11
2822.2656
 21
6276.0417
 31
1489.5833
  0
LINE
  8
0
 10
2822.2656
 20
6276.0417
 30
1489.5833
 11
2646.4844
 21
6445.3125
 31
1421.875
  0
LINE
  8
0
 10
2646.4844
 20
6445.3125
 30
1421.875
 11
2773.4375
 21
6354.1667
 31
1458.3333
  0
LINE
  8
0
 10
2773.4375
 20
6354.1667
 30
1458.3333
 11
2763.6719
 21
6393.2292
 31
1442.7083
  0
LINE
  8
0
 10
2763.6719
 20
6393.2292
 30
1442.7083
 11
2568.3594
 21
6575.5208
 31
1369.7917
  0
LINE
  8
0
 10
2568.3594
 20
6575.5208
 30
1369.7917
 11
2548.8281
 21
6549.4792
 31
1380.2083
  0
LINE
  8
0
 10
2548.8281
 20
6549.4792
 30
1380.2083
 11
2578.125
 21
6575.5208
 31
1369.7917
  0
LINE
  8
0
 10
2578.125
 20
6575.5208
 30
1369.7917
 11
2646.4844
 21
6510.4167
 31
1395.8333
  0
LINE
  8
0
 10
2646.4844
 20
6510.4167
 30
1395.8333
 11
2646.4844
 21
6562.5
 31
1375.0
  0
LINE
  8
0
 10
2646.4844
 20
6562.5
 30
1375.0
 11
2578.125
 21
6614.5833
 31
1354.1667
  0
LINE
  8
0
 10
2578.125
 20
6614.5833
 30
1354.1667
 11
2656.25
 21
6627.6042
 31
1348.9583
  0
LINE
  8
0
 10
2656.25
 20
6627.6042
 30
1348.9583
 11
2617.1875
 21
6614.5833
 31
1354.1667
  0
LINE
  8
0
 10
2617.1875
 20
6614.5833
 30
1354.1667
 11
2871.0938
 21
6367.1875
 31
1453.125
  0
LINE
  8
0
 10
2871.0938
 20
6367.1875
 30
1453.125
 11
3183.5938
 21
6484.375
 31
1406.25
  0
LINE
  8
0
 10
3183.5938
 20
6484.375
 30
1406.25
 11
2939.4531
 21
6783.8542
 31
1286.4583
  0
LINE
  8
0
 10
2939.4531
 20
6783.8542
 30
1286.4583
 11
2724.6094
 21
6705.7292
 31
1317.7083
  0
LINE
  8
0
 10
2724.6094
 20
6705.7292
 30
1317.7083
 11
2988.2812
 21
6822.9167
 31
1270.8333
  0
LINE
  8
0
 10
2988.2812
 20
6822.9167
 30
1270.8333
 11
2890.625
 21
6940.1042
 31
1223.9583
  0
LINE
  8
0
 10
2890.625
 20
6940.1042
 30
1223.9583
 11
2880.8594
 21
7005.2083
 31
1197.9167
  0
LINE
  8
0
 10
2880.8594
 20
7005.2083
 30
1197.9167
 11
2763.6719
 21
6992.1875
 31
1203.125
  0
LINE
  8
0
 10
2763.6719
 20
6992.1875
 30
1203.125
 11
2333.9844
 21
7539.0625
 31
984.375
  0
LINE
  8
0
 10
2333.9844
 20
7539.0625
 30
984.375
 11
2373.0469
 21
7539.0625
 31
984.375
  0
LINE
  8
0
 10
2373.0469
 20
7539.0625
 30
984.375
 11
2509.7656
 21
7395.8333
 31
1041.6667
  0
LINE
  8
0
 10
2509.7656
 20
7395.8333
 30
1041.6667
 11
2812.5
 21
7356.7708
 31
1057.2917
  0
LINE
  8
0
 10
2812.5
 20
7356.7708
 30
1057.2917
 11
2929.6875
 21
7565.1042
 31
973.9583
  0
LINE
  8
0
 10
2929.6875
 20
7565.1042
 30
973.9583
 11
2910.1562
 21
7513.0208
 31
994.7917
  0
LINE
  8
0
 10
2910.1562
 20
7513.0208
 30
994.7917
 11
2949.2188
 21
7526.0417
 31
989.5833
  0
LINE
  8
0
 10
2949.2188
 20
7526.0417
 30
989.5833
 11
2929.6875
 21
7513.0208
 31
994.7917
  0
LINE
  8
0
 10
2929.6875
 20
7513.0208
 30
994.7917
 11
3007.8125
 21
7434.8958
 31
1026.0417
  0
LINE
  8
0
 10
3007.8125
 20
7434.8958
 30
1026.0417
 11
3007.8125
 21
7343.75
 31
1062.5
  0
LINE
  8
0
 10
3007.8125
 20
7343.75
 30
1062.5
 11
2998.0469
 21
7434.8958
 31
1026.0417
  0
LINE
  8
0
 10
2998.0469
 20
7434.8958
 30
1026.0417
 11
2929.6875
 21
7500.0
 31
1000.0
  0
LINE
  8
0
 10
2929.6875
 20
7500.0
 30
1000.0
 11
2841.7969
 21
7356.7708
 31
1057.2917
  0
LINE
  8
0
 10
2841.7969
 20
7356.7708
 30
1057.2917
 11
3085.9375
 21
7278.6458
 31
1088.5417
  0
LINE
  8
0
 10
3085.9375
 20
7278.6458
 30
1088.5417
 11
2822.2656
 21
7317.7083
 31
1072.9167
  0
LINE
  8
0
 10
2822.2656
 20
7317.7083
 30
1072.9167
 11
2705.0781
 21
7122.3958
 31
1151.0417
  0
LINE
  8
0
 10
2705.0781
 20
7122.3958
 30
1151.0417
 11
2763.6719
 21
7057.2917
 31
1177.0833
  0
LINE
  8
0
 10
2763.6719
 20
7057.2917
 30
1177.0833
 11
2812.5
 21
7070.3125
 31
1171.875
  0
LINE
  8
0
 10
2812.5
 20
7070.3125
 30
1171.875
 11
2792.9688
 21
7018.2292
 31
1192.7083
  0
LINE
  8
0
 10
2792.9688
 20
7018.2292
 30
1192.7083
 11
2822.2656
 21
6992.1875
 31
1203.125
  0
LINE
  8
0
 10
2822.2656
 20
6992.1875
 30
1203.125
 11
3007.8125
 21
7109.375
 31
1156.25
  0
LINE
  8
0
 10
3007.8125
 20
7109.375
 30
1156.25
 11
2998.0469
 21
7226.5625
 31
1109.375
  0
LINE
  8
0
 10
2998.0469
 20
7226.5625
 30
1109.375
 11
3037.1094
 21
7226.5625
 31
1109.375
  0
LINE
  8
0
 10
3037.1094
 20
7226.5625
 30
1109.375
 11
3076.1719
 21
7122.3958
 31
1151.0417
  0
LINE
  8
0
 10
3076.1719
 20
7122.3958
 30
1151.0417
 11
3203.125
 21
7161.4583
 31
1135.4167
  0
LINE
  8
0
 10
3203.125
 20
7161.4583
 30
1135.4167
 11
3017.5781
 21
7460.9375
 31
1015.625
  0
LINE
  8
0
 10
3017.5781
 20
7460.9375
 30
1015.625
 11
3027.3438
 21
7500.0
 31
1000.0
  0
LINE
  8
0
 10
3027.3438
 20
7500.0
 30
1000.0
 11
2988.2812
 21
7513.0208
 31
994.7917
  0
LINE
  8
0
 10
2988.2812
 20
7513.0208
 30
994.7917
 11
2949.2188
 21
7565.1042
 31
973.9583
  0
LINE
  8
0
 10
2949.2188
 20
7565.1042
 30
973.9583
 11
2968.75
 21
7591.1458
 31
963.5417
  0
LINE
  8
0
 10
2968.75
 20
7591.1458
 30
963.5417
 11
2851.5625
 21
7734.375
 31
906.25
  0
LINE
  8
0
 10
2851.5625
 20
7734.375
 30
906.25
 11
2910.1562
 21
7734.375
 31
906.25
  0
LINE
  8
0
 10
2910.1562
 20
7734.375
 30
906.25
 11
2958.9844
 21
7643.2292
 31
942.7083
  0
LINE
  8
0
 10
2958.9844
 20
7643.2292
 30
942.7083
 11
3037.1094
 21
7773.4375
 31
890.625
  0
LINE
  8
0
 10
3037.1094
 20
7773.4375
 30
890.625
 11
2929.6875
 21
7773.4375
 31
890.625
  0
LINE
  8
0
 10
2929.6875
 20
7773.4375
 30
890.625
 11
3232.4219
 21
7877.6042
 31
848.9583
  0
LINE
  8
0
 10
3232.4219
 20
7877.6042
 30
848.9583
 11
3105.4688
 21
7825.5208
 31
869.7917
  0
LINE
  8
0
 10
3105.4688
 20
7825.5208
 30
869.7917
 11
2998.0469
 21
7643.2292
 31
942.7083
  0
LINE
  8
0
 10
2998.0469
 20
7643.2292
 30
942.7083
 11
3046.875
 21
7604.1667
 31
958.3333
  0
LINE
  8
0
 10
3046.875
 20
7604.1667
 30
958.3333
 11
3037.1094
 21
7513.0208
 31
994.7917
  0
LINE
  8
0
 10
3037.1094
 20
7513.0208
 30
994.7917
 11
3173.8281
 21
7278.6458
 31
1088.5417
  0
LINE
  8
0
 10
3173.8281
 20
7278.6458
 30
1088.5417
 11
3251.9531
 21
7226.5625
 31
1109.375
  0
LINE
  8
0
 10
3251.9531
 20
7226.5625
 30
1109.375
 11
3222.6562
 21
7200.5208
 31
1119.7917
  0
LINE
  8
0
 10
3222.6562
 20
7200.5208
 30
1119.7917
 11
3359.375
 21
7200.5208
 31
1119.7917
  0
LINE
  8
0
 10
3359.375
 20
7200.5208
 30
1119.7917
 11
3349.6094
 21
7226.5625
 31
1109.375
  0
LINE
  8
0
 10
3349.6094
 20
7226.5625
 30
1109.375
 11
3427.7344
 21
7226.5625
 31
1109.375
  0
LINE
  8
0
 10
3427.7344
 20
7226.5625
 30
1109.375
 11
3466.7969
 21
7278.6458
 31
1088.5417
  0
LINE
  8
0
 10
3466.7969
 20
7278.6458
 30
1088.5417
 11
3623.0469
 21
7304.6875
 31
1078.125
  0
LINE
  8
0
 10
3623.0469
 20
7304.6875
 30
1078.125
 11
3623.0469
 21
7343.75
 31
1062.5
  0
LINE
  8
0
 10
3623.0469
 20
7343.75
 30
1062.5
 11
3593.75
 21
7330.7292
 31
1067.7083
  0
LINE
  8
0
 10
3593.75
 20
7330.7292
 30
1067.7083
 11
3623.0469
 21
7343.75
 31
1062.5
  0
LINE
  8
0
 10
3623.0469
 20
7343.75
 30
1062.5
 11
3583.9844
 21
7434.8958
 31
1026.0417
  0
LINE
  8
0
 10
3583.9844
 20
7434.8958
 30
1026.0417
 11
3710.9375
 21
7213.5417
 31
1114.5833
  0
LINE
  8
0
 10
3710.9375
 20
7213.5417
 30
1114.5833
 11
3730.4688
 21
7252.6042
 31
1098.9583
  0
LINE
  8
0
 10
3730.4688
 20
7252.6042
 30
1098.9583
 11
3417.9688
 21
7929.6875
 31
828.125
  0
LINE
  8
0
 10
3417.9688
 20
7929.6875
 30
828.125
 11
3447.2656
 21
7968.75
 31
812.5
  0
LINE
  8
0
 10
3447.2656
 20
7968.75
 30
812.5
 11
3583.9844
 21
7656.25
 31
937.5
  0
LINE
  8
0
 10
3583.9844
 20
7656.25
 30
937.5
 11
3437.5
 21
7955.7292
 31
817.7083
  0
LINE
  8
0
 10
3437.5
 20
7955.7292
 30
817.7083
 11
3437.5
 21
7903.6458
 31
838.5417
  0
LINE
  8
0
 10
3437.5
 20
7903.6458
 30
838.5417
 11
3740.2344
 21
7226.5625
 31
1109.375
  0
LINE
  8
0
 10
3740.2344
 20
7226.5625
 30
1109.375
 11
3691.4062
 21
7200.5208
 31
1119.7917
  0
LINE
  8
0
 10
3691.4062
 20
7200.5208
 30
1119.7917
 11
3613.2812
 21
7291.6667
 31
1083.3333
  0
LINE
  8
0
 10
3613.2812
 20
7291.6667
 30
1083.3333
 11
3486.3281
 21
7239.5833
 31
1104.1667
  0
LINE
  8
0
 10
3486.3281
 20
7239.5833
 30
1104.1667
 11
3603.5156
 21
7213.5417
 31
1114.5833
  0
LINE
  8
0
 10
3603.5156
 20
7213.5417
 30
1114.5833
 11
3564.4531
 21
7187.5
 31
1125.0
  0
LINE
  8
0
 10
3564.4531
 20
7187.5
 30
1125.0
 11
3486.3281
 21
7187.5
 31
1125.0
  0
LINE
  8
0
 10
3486.3281
 20
7187.5
 30
1125.0
 11
3466.7969
 21
7239.5833
 31
1104.1667
  0
LINE
  8
0
 10
3466.7969
 20
7239.5833
 30
1104.1667
 11
3125.0
 21
7109.375
 31
1156.25
  0
LINE
  8
0
 10
3125.0
 20
7109.375
 30
1156.25
 11
3095.7031
 21
7083.3333
 31
1166.6667
  0
LINE
  8
0
 10
3095.7031
 20
7083.3333
 30
1166.6667
 11
3164.0625
 21
6940.1042
 31
1223.9583
  0
LINE
  8
0
 10
3164.0625
 20
6940.1042
 30
1223.9583
 11
3115.2344
 21
6888.0208
 31
1244.7917
  0
LINE
  8
0
 10
3115.2344
 20
6888.0208
 30
1244.7917
 11
3154.2969
 21
6875.0
 31
1250.0
  0
LINE
  8
0
 10
3154.2969
 20
6875.0
 30
1250.0
 11
4863.2812
 21
7552.0833
 31
979.1667
  0
LINE
  8
0
 10
4863.2812
 20
7552.0833
 30
979.1667
 11
4990.2344
 21
7799.4792
 31
880.2083
  0
LINE
  8
0
 10
4990.2344
 20
7799.4792
 30
880.2083
 11
4960.9375
 21
8463.5417
 31
614.5833
  0
LINE
  8
0
 10
4960.9375
 20
8463.5417
 30
614.5833
 11
4990.2344
 21
7877.6042
 31
848.9583
  0
LINE
  8
0
 10
4990.2344
 20
7877.6042
 30
848.9583
 11
5039.0625
 21
7786.4583
 31
885.4167
  0
LINE
  8
0
 10
5039.0625
 20
7786.4583
 30
885.4167
 11
5048.8281
 21
8229.1667
 31
708.3333
  0
LINE
  8
0
 10
5048.8281
 20
8229.1667
 30
708.3333
 11
5019.5312
 21
8229.1667
 31
708.3333
  0
LINE
  8
0
 10
5019.5312
 20
8229.1667
 30
708.3333
 11
5019.5312
 21
8372.3958
 31
651.0417
  0
LINE
  8
0
 10
5019.5312
 20
8372.3958
 30
651.0417
 11
5039.0625
 21
8294.2708
 31
682.2917
  0
LINE
  8
0
 10
5039.0625
 20
8294.2708
 30
682.2917
 11
5048.8281
 21
8437.5
 31
625.0
  0
LINE
  8
0
 10
5048.8281
 20
8437.5
 30
625.0
 11
5019.5312
 21
8411.4583
 31
635.4167
  0
LINE
  8
0
 10
5019.5312
 20
8411.4583
 30
635.4167
 11
5019.5312
 21
8463.5417
 31
614.5833
  0
LINE
  8
0
 10
5019.5312
 20
8463.5417
 30
614.5833
 11
5029.2969
 21
8476.5625
 31
609.375
  0
LINE
  8
0
 10
9677.7344
 20
8476.5625
 30
609.375
 11
9775.3906
 21
6966.1458
 31
1213.5417
  0
LINE
  8
0
 10
9775.3906
 20
6966.1458
 30
1213.5417
 11
9843.75
 21
5260.4167
 31
1895.8333
  0
LINE
  8
0
 10
9843.75
 20
5260.4167
 30
1895.8333
 11
9677.7344
 21
8463.5417
 31
614.5833
  0
LINE
  8
0
 10
9677.7344
 20
8463.5417
 30
614.5833
 11
9677.7344
 21
8476.5625
 31
609.375
  0
LINE
  8
0
 10
1630.8594
 20
8450.5208
 30
619.7917
 11
1601.5625
 21
8450.5208
 31
619.7917
  0
LINE
  8
0
 10
1601.5625
 20
8450.5208
 30
619.7917
 11
1679.6875
 21
8359.375
 31
656.25
  0
LINE
  8
0
 10
1679.6875
 20
8359.375
 30
656.25
 11
1640.625
 21
8437.5
 31
625.0
  0
LINE
  8
0
 10
1640.625
 20
8437.5
 30
625.0
 11
1630.8594
 21
8450.5208
 31
619.7917
  0
LINE
  8
0
 10
4921.875
 20
8450.5208
 30
619.7917
 11
4941.4062
 21
8072.9167
 31
770.8333
  0
LINE
  8
0
 10
4941.4062
 20
8072.9167
 30
770.8333
 11
4921.875
 21
8437.5
 31
625.0
  0
LINE
  8
0
 10
4921.875
 20
8437.5
 30
625.0
 11
4921.875
 21
8450.5208
 31
619.7917
  0
LINE
  8
0
 10
322.2656
 20
8437.5
 30
625.0
 11
87.8906
 21
1992.1875
 31
3203.125
  0
LINE
  8
0
 10
87.8906
 20
1992.1875
 30
3203.125
 11
48.8281
 21
2031.25
 31
3187.5
  0
LINE
  8
0
 10
48.8281
 20
2031.25
 30
3187.5
 11
78.125
 21
2044.2708
 31
3182.2917
  0
LINE
  8
0
 10
78.125
 20
2044.2708
 30
3182.2917
 11
97.6562
 21
2317.7083
 31
3072.9167
  0
LINE
  8
0
 10
97.6562
 20
2317.7083
 30
3072.9167
 11
322.2656
 21
8424.4792
 31
630.2083
  0
LINE
  8
0
 10
322.2656
 20
8424.4792
 30
630.2083
 11
322.2656
 21
8437.5
 31
625.0
  0
LINE
  8
0
 10
8271.4844
 20
8437.5
 30
625.0
 11
8203.125
 21
8359.375
 31
656.25
  0
LINE
  8
0
 10
8203.125
 20
8359.375
 30
656.25
 11
8271.4844
 21
8424.4792
 31
630.2083
  0
LINE
  8
0
 10
8271.4844
 20
8424.4792
 30
630.2083
 11
8271.4844
 21
8437.5
 31
625.0
  0
LINE
  8
0
 10
9560.5469
 20
8424.4792
 30
630.2083
 11
9570.3125
 21
8385.4167
 31
645.8333
  0
LINE
  8
0
 10
9570.3125
 20
8385.4167
 30
645.8333
 11
8652.3438
 21
7460.9375
 31
1015.625
  0
LINE
  8
0
 10
8652.3438
 20
7460.9375
 30
1015.625
 11
8837.8906
 21
2825.5208
 31
2869.7917
  0
LINE
  8
0
 10
8837.8906
 20
2825.5208
 30
2869.7917
 11
8847.6562
 21
2656.25
 31
2937.5
  0
LINE
  8
0
 10
8847.6562
 20
2656.25
 30
2937.5
 11
8876.9531
 21
2617.1875
 31
2953.125
  0
LINE
  8
0
 10
8876.9531
 20
2617.1875
 30
2953.125
 11
9101.5625
 21
2539.0625
 31
2984.375
  0
LINE
  8
0
 10
9101.5625
 20
2539.0625
 30
2984.375
 11
9140.625
 21
2773.4375
 31
2890.625
  0
LINE
  8
0
 10
9140.625
 20
2773.4375
 30
2890.625
 11
9169.9219
 21
2513.0208
 31
2994.7917
  0
LINE
  8
0
 10
9169.9219
 20
2513.0208
 30
2994.7917
 11
9169.9219
 21
2786.4583
 31
2885.4167
  0
LINE
  8
0
 10
9169.9219
 20
2786.4583
 30
2885.4167
 11
9169.9219
 21
2473.9583
 31
3010.4167
  0
LINE
  8
0
 10
9169.9219
 20
2473.9583
 30
3010.4167
 11
9882.8125
 21
2265.625
 31
3093.75
  0
LINE
  8
0
 10
9882.8125
 20
2265.625
 30
3093.75
 11
9833.9844
 21
3333.3333
 31
2666.6667
  0
LINE
  8
0
 10
9833.9844
 20
3333.3333
 30
2666.6667
 11
9687.5
 21
3385.4167
 31
2645.8333
  0
LINE
  8
0
 10
9687.5
 20
3385.4167
 30
2645.8333
 11
9501.9531
 21
3385.4167
 31
2645.8333
  0
LINE
  8
0
 10
9501.9531
 20
3385.4167
 30
2645.8333
 11
9453.125
 21
3424.4792
 31
2630.2083
  0
LINE
  8
0
 10
9453.125
 20
3424.4792
 30
2630.2083
 11
9404.2969
 21
3398.4375
 31
2640.625
  0
LINE
  8
0
 10
9404.2969
 20
3398.4375
 30
2640.625
 11
9003.9062
 21
3463.5417
 31
2614.5833
  0
LINE
  8
0
 10
9003.9062
 20
3463.5417
 30
2614.5833
 11
8974.6094
 21
3932.2917
 31
2427.0833
  0
LINE
  8
0
 10
8974.6094
 20
3932.2917
 30
2427.0833
 11
8964.8438
 21
4557.2917
 31
2177.0833
  0
LINE
  8
0
 10
8964.8438
 20
4557.2917
 30
2177.0833
 11
8984.375
 21
4309.8958
 31
2276.0417
  0
LINE
  8
0
 10
8984.375
 20
4309.8958
 30
2276.0417
 11
9003.9062
 21
4492.1875
 31
2203.125
  0
LINE
  8
0
 10
9003.9062
 20
4492.1875
 30
2203.125
 11
9082.0312
 21
4492.1875
 31
2203.125
  0
LINE
  8
0
 10
9082.0312
 20
4492.1875
 30
2203.125
 11
9091.7969
 21
4427.0833
 31
2229.1667
  0
LINE
  8
0
 10
9091.7969
 20
4427.0833
 30
2229.1667
 11
9394.5312
 21
4479.1667
 31
2208.3333
  0
LINE
  8
0
 10
9394.5312
 20
4479.1667
 30
2208.3333
 11
9267.5781
 21
4518.2292
 31
2192.7083
  0
LINE
  8
0
 10
9267.5781
 20
4518.2292
 30
2192.7083
 11
9306.6406
 21
4479.1667
 31
2208.3333
  0
LINE
  8
0
 10
9306.6406
 20
4479.1667
 30
2208.3333
 11
9160.1562
 21
4505.2083
 31
2197.9167
  0
LINE
  8
0
 10
9160.1562
 20
4505.2083
 30
2197.9167
 11
9179.6875
 21
4479.1667
 31
2208.3333
  0
LINE
  8
0
 10
9179.6875
 20
4479.1667
 30
2208.3333
 11
9111.3281
 21
4466.1458
 31
2213.5417
  0
LINE
  8
0
 10
9111.3281
 20
4466.1458
 30
2213.5417
 11
9111.3281
 21
4505.2083
 31
2197.9167
  0
LINE
  8
0
 10
9111.3281
 20
4505.2083
 30
2197.9167
 11
9189.4531
 21
4505.2083
 31
2197.9167
  0
LINE
  8
0
 10
9189.4531
 20
4505.2083
 30
2197.9167
 11
9189.4531
 21
4544.2708
 31
2182.2917
  0
LINE
  8
0
 10
9189.4531
 20
4544.2708
 30
2182.2917
 11
9414.0625
 21
4505.2083
 31
2197.9167
  0
LINE
  8
0
 10
9414.0625
 20
4505.2083
 30
2197.9167
 11
9443.3594
 21
4531.25
 31
2187.5
  0
LINE
  8
0
 10
9443.3594
 20
4531.25
 30
2187.5
 11
9453.125
 21
4505.2083
 31
2197.9167
  0
LINE
  8
0
 10
9453.125
 20
4505.2083
 30
2197.9167
 11
9404.2969
 21
4492.1875
 31
2203.125
  0
LINE
  8
0
 10
9404.2969
 20
4492.1875
 30
2203.125
 11
9414.0625
 21
4348.9583
 31
2260.4167
  0
LINE
  8
0
 10
9414.0625
 20
4348.9583
 30
2260.4167
 11
9423.8281
 21
4466.1458
 31
2213.5417
  0
LINE
  8
0
 10
9423.8281
 20
4466.1458
 30
2213.5417
 11
9775.3906
 21
4518.2292
 31
2192.7083
  0
LINE
  8
0
 10
9775.3906
 20
4518.2292
 30
2192.7083
 11
9746.0938
 21
4544.2708
 31
2182.2917
  0
LINE
  8
0
 10
9746.0938
 20
4544.2708
 30
2182.2917
 11
9775.3906
 21
4557.2917
 31
2177.0833
  0
LINE
  8
0
 10
9775.3906
 20
4557.2917
 30
2177.0833
 11
9775.3906
 21
4622.3958
 31
2151.0417
  0
LINE
  8
0
 10
9775.3906
 20
4622.3958
 30
2151.0417
 11
9736.3281
 21
4622.3958
 31
2151.0417
  0
LINE
  8
0
 10
9736.3281
 20
4622.3958
 30
2151.0417
 11
9775.3906
 21
4661.4583
 31
2135.4167
  0
LINE
  8
0
 10
9775.3906
 20
4661.4583
 30
2135.4167
 11
9755.8594
 21
4687.5
 31
2125.0
  0
LINE
  8
0
 10
9755.8594
 20
4687.5
 30
2125.0
 11
9570.3125
 21
4674.4792
 31
2130.2083
  0
LINE
  8
0
 10
9570.3125
 20
4674.4792
 30
2130.2083
 11
9765.625
 21
4713.5417
 31
2114.5833
  0
LINE
  8
0
 10
9765.625
 20
4713.5417
 30
2114.5833
 11
9609.375
 21
8125.0
 31
750.0
  0
LINE
  8
0
 10
9609.375
 20
8125.0
 30
750.0
 11
9912.1094
 21
2187.5
 31
3125.0
  0
LINE
  8
0
 10
9912.1094
 20
2187.5
 30
3125.0
 11
9833.9844
 21
2174.4792
 31
3130.2083
  0
LINE
  8
0
 10
9833.9844
 20
2174.4792
 30
3130.2083
 11
9736.3281
 21
2239.5833
 31
3104.1667
  0
LINE
  8
0
 10
9736.3281
 20
2239.5833
 30
3104.1667
 11
9599.6094
 21
2252.6042
 31
3098.9583
  0
LINE
  8
0
 10
9599.6094
 20
2252.6042
 30
3098.9583
 11
9531.25
 21
2317.7083
 31
3072.9167
  0
LINE
  8
0
 10
9531.25
 20
2317.7083
 30
3072.9167
 11
9248.0469
 21
2434.8958
 31
3026.0417
  0
LINE
  8
0
 10
9248.0469
 20
2434.8958
 30
3026.0417
 11
9189.4531
 21
2447.9167
 31
3020.8333
  0
LINE
  8
0
 10
9189.4531
 20
2447.9167
 30
3020.8333
 11
9160.1562
 21
2395.8333
 31
3041.6667
  0
LINE
  8
0
 10
9160.1562
 20
2395.8333
 30
3041.6667
 11
9902.3438
 21
2096.3542
 31
3161.4583
  0
LINE
  8
0
 10
9902.3438
 20
2096.3542
 30
3161.4583
 11
9912.1094
 21
2057.2917
 31
3177.0833
  0
LINE
  8
0
 10
9912.1094
 20
2057.2917
 30
3177.0833
 11
9833.9844
 21
1992.1875
 31
3203.125
  0
LINE
  8
0
 10
9833.9844
 20
1992.1875
 30
3203.125
 11
9843.75
 21
1927.0833
 31
3229.1667
  0
LINE
  8
0
 10
9843.75
 20
1927.0833
 30
3229.1667
 11
9833.9844
 21
1992.1875
 31
3203.125
  0
LINE
  8
0
 10
9833.9844
 20
1992.1875
 30
3203.125
 11
9765.625
 21
2018.2292
 31
3192.7083
  0
LINE
  8
0
 10
9765.625
 20
2018.2292
 30
3192.7083
 11
9775.3906
 21
2044.2708
 31
3182.2917
  0
LINE
  8
0
 10
9775.3906
 20
2044.2708
 30
3182.2917
 11
9628.9062
 21
2070.3125
 31
3171.875
  0
LINE
  8
0
 10
9628.9062
 20
2070.3125
 30
3171.875
 11
9765.625
 21
2096.3542
 31
3161.4583
  0
LINE
  8
0
 10
9765.625
 20
2096.3542
 30
3161.4583
 11
9697.2656
 21
2135.4167
 31
3145.8333
  0
LINE
  8
0
 10
9697.2656
 20
2135.4167
 30
3145.8333
 11
9599.6094
 21
2096.3542
 31
3161.4583
  0
LINE
  8
0
 10
9599.6094
 20
2096.3542
 30
3161.4583
 11
9394.5312
 21
2213.5417
 31
3114.5833
  0
LINE
  8
0
 10
9394.5312
 20
2213.5417
 30
3114.5833
 11
9345.7031
 21
2291.6667
 31
3083.3333
  0
LINE
  8
0
 10
9345.7031
 20
2291.6667
 30
3083.3333
 11
9189.4531
 21
2356.7708
 31
3057.2917
  0
LINE
  8
0
 10
9189.4531
 20
2356.7708
 30
3057.2917
 11
9150.3906
 21
2343.75
 31
3062.5
  0
LINE
  8
0
 10
9150.3906
 20
2343.75
 30
3062.5
 11
9179.6875
 21
2044.2708
 31
3182.2917
  0
LINE
  8
0
 10
9179.6875
 20
2044.2708
 30
3182.2917
 11
9150.3906
 21
1992.1875
 31
3203.125
  0
LINE
  8
0
 10
9150.3906
 20
1992.1875
 30
3203.125
 11
9101.5625
 21
2513.0208
 31
2994.7917
  0
LINE
  8
0
 10
9101.5625
 20
2513.0208
 30
2994.7917
 11
8818.3594
 21
2604.1667
 31
2958.3333
  0
LINE
  8
0
 10
8818.3594
 20
2604.1667
 30
2958.3333
 11
8847.6562
 21
2630.2083
 31
2947.9167
  0
LINE
  8
0
 10
8847.6562
 20
2630.2083
 30
2947.9167
 11
8642.5781
 21
7486.9792
 31
1005.2083
  0
LINE
  8
0
 10
8642.5781
 20
7486.9792
 30
1005.2083
 11
9550.7812
 21
8411.4583
 31
635.4167
  0
LINE
  8
0
 10
9550.7812
 20
8411.4583
 30
635.4167
 11
9560.5469
 21
8424.4792
 31
630.2083
  0
LINE
  8
0
 10
2197.2656
 20
8385.4167
 30
645.8333
 11
2148.4375
 21
8385.4167
 31
645.8333
  0
LINE
  8
0
 10
2148.4375
 20
8385.4167
 30
645.8333
 11
2187.5
 21
8372.3958
 31
651.0417
  0
LINE
  8
0
 10
2187.5
 20
8372.3958
 30
651.0417
 11
2197.2656
 21
8385.4167
 31
645.8333
  0
LINE
  8
0
 10
7373.0469
 20
8385.4167
 30
645.8333
 11
7294.9219
 21
8359.375
 31
656.25
  0
LINE
  8
0
 10
7294.9219
 20
8359.375
 30
656.25
 11
7363.2812
 21
8372.3958
 31
651.0417
  0
LINE
  8
0
 10
7363.2812
 20
8372.3958
 30
651.0417
 11
7373.0469
 21
8385.4167
 31
645.8333
  0
LINE
  8
0
 10
5556.6406
 20
8346.3542
 30
661.4583
 11
5537.1094
 21
8216.1458
 31
713.5417
  0
LINE
  8
0
 10
5537.1094
 20
8216.1458
 30
713.5417
 11
5556.6406
 21
8333.3333
 31
666.6667
  0
LINE
  8
0
 10
5556.6406
 20
8333.3333
 30
666.6667
 11
5556.6406
 21
8346.3542
 31
661.4583
  0
LINE
  8
0
 10
5595.7031
 20
8346.3542
 30
661.4583
 11
5683.5938
 21
8346.3542
 31
661.4583
  0
LINE
  8
0
 10
5683.5938
 20
8346.3542
 30
661.4583
 11
6035.1562
 21
8203.125
 31
718.75
  0
LINE
  8
0
 10
6035.1562
 20
8203.125
 30
718.75
 11
5615.2344
 21
8346.3542
 31
661.4583
  0
LINE
  8
0
 10
5615.2344
 20
8346.3542
 30
661.4583
 11
5556.6406
 21
7825.5208
 31
869.7917
  0
LINE
  8
0
 10
5556.6406
 20
7825.5208
 30
869.7917
 11
5595.7031
 21
8333.3333
 31
666.6667
  0
LINE
  8
0
 10
5595.7031
 20
8333.3333
 30
666.6667
 11
5595.7031
 21
8346.3542
 31
661.4583
  0
LINE
  8
0
 10
4345.7031
 20
8333.3333
 30
666.6667
 11
4365.2344
 21
8320.3125
 31
671.875
  0
LINE
  8
0
 10
4365.2344
 20
8320.3125
 30
671.875
 11
3935.5469
 21
8138.0208
 31
744.7917
  0
LINE
  8
0
 10
3935.5469
 20
8138.0208
 30
744.7917
 11
4130.8594
 21
7526.0417
 31
989.5833
  0
LINE
  8
0
 10
4130.8594
 20
7526.0417
 30
989.5833
 11
4482.4219
 21
7682.2917
 31
927.0833
  0
LINE
  8
0
 10
4482.4219
 20
7682.2917
 30
927.0833
 11
4521.4844
 21
7656.25
 31
937.5
  0
LINE
  8
0
 10
4521.4844
 20
7656.25
 30
937.5
 11
4130.8594
 21
7486.9792
 31
1005.2083
  0
LINE
  8
0
 10
4130.8594
 20
7486.9792
 30
1005.2083
 11
4082.0312
 21
7604.1667
 31
958.3333
  0
LINE
  8
0
 10
4082.0312
 20
7604.1667
 30
958.3333
 11
4091.7969
 21
7526.0417
 31
989.5833
  0
LINE
  8
0
 10
4091.7969
 20
7526.0417
 30
989.5833
 11
4062.5
 21
7539.0625
 31
984.375
  0
LINE
  8
0
 10
4062.5
 20
7539.0625
 30
984.375
 11
4082.0312
 21
7630.2083
 31
947.9167
  0
LINE
  8
0
 10
4082.0312
 20
7630.2083
 30
947.9167
 11
4042.9688
 21
7669.2708
 31
932.2917
  0
LINE
  8
0
 10
4042.9688
 20
7669.2708
 30
932.2917
 11
4042.9688
 21
7747.3958
 31
901.0417
  0
LINE
  8
0
 10
4042.9688
 20
7747.3958
 30
901.0417
 11
4023.4375
 21
7786.4583
 31
885.4167
  0
LINE
  8
0
 10
4023.4375
 20
7786.4583
 30
885.4167
 11
4013.6719
 21
7760.4167
 31
895.8333
  0
LINE
  8
0
 10
4013.6719
 20
7760.4167
 30
895.8333
 11
4023.4375
 21
7799.4792
 31
880.2083
  0
LINE
  8
0
 10
4023.4375
 20
7799.4792
 30
880.2083
 11
3896.4844
 21
8151.0417
 31
739.5833
  0
LINE
  8
0
 10
3896.4844
 20
8151.0417
 30
739.5833
 11
4335.9375
 21
8320.3125
 31
671.875
  0
LINE
  8
0
 10
4335.9375
 20
8320.3125
 30
671.875
 11
4345.7031
 21
8333.3333
 31
666.6667
  0
LINE
  8
0
 10
4394.5312
 20
8320.3125
 30
671.875
 11
4423.8281
 21
8046.875
 31
781.25
  0
LINE
  8
0
 10
4423.8281
 20
8046.875
 30
781.25
 11
4384.7656
 21
8307.2917
 31
677.0833
  0
LINE
  8
0
 10
4384.7656
 20
8307.2917
 30
677.0833
 11
4394.5312
 21
8320.3125
 31
671.875
  0
LINE
  8
0
 10
8984.375
 20
8307.2917
 30
677.0833
 11
8916.0156
 21
8229.1667
 31
708.3333
  0
LINE
  8
0
 10
8916.0156
 20
8229.1667
 30
708.3333
 11
8974.6094
 21
8294.2708
 31
682.2917
  0
LINE
  8
0
 10
8974.6094
 20
8294.2708
 30
682.2917
 11
8984.375
 21
8307.2917
 31
677.0833
  0
LINE
  8
0
 10
419.9219
 20
8294.2708
 30
682.2917
 11
1425.7812
 21
7356.7708
 31
1057.2917
  0
LINE
  8
0
 10
1425.7812
 20
7356.7708
 30
1057.2917
 11
1298.8281
 21
2656.25
 31
2937.5
  0
LINE
  8
0
 10
1298.8281
 20
2656.25
 30
2937.5
 11
1298.8281
 21
2604.1667
 31
2958.3333
  0
LINE
  8
0
 10
1298.8281
 20
2604.1667
 30
2958.3333
 11
1328.125
 21
2591.1458
 31
2963.5417
  0
LINE
  8
0
 10
1328.125
 20
2591.1458
 30
2963.5417
 11
1289.0625
 21
2526.0417
 31
2989.5833
  0
LINE
  8
0
 10
1289.0625
 20
2526.0417
 30
2989.5833
 11
1298.8281
 21
2604.1667
 31
2958.3333
  0
LINE
  8
0
 10
1298.8281
 20
2604.1667
 30
2958.3333
 11
1269.5312
 21
2591.1458
 31
2963.5417
  0
LINE
  8
0
 10
1269.5312
 20
2591.1458
 30
2963.5417
 11
1269.5312
 21
2539.0625
 31
2984.375
  0
LINE
  8
0
 10
1269.5312
 20
2539.0625
 30
2984.375
 11
1269.5312
 21
2578.125
 31
2968.75
  0
LINE
  8
0
 10
1269.5312
 20
2578.125
 30
2968.75
 11
1230.4688
 21
2591.1458
 31
2963.5417
  0
LINE
  8
0
 10
1230.4688
 20
2591.1458
 30
2963.5417
 11
1025.3906
 21
2500.0
 31
3000.0
  0
LINE
  8
0
 10
1025.3906
 20
2500.0
 30
3000.0
 11
986.3281
 21
2096.3542
 31
3161.4583
  0
LINE
  8
0
 10
986.3281
 20
2096.3542
 30
3161.4583
 11
966.7969
 21
2460.9375
 31
3015.625
  0
LINE
  8
0
 10
966.7969
 20
2460.9375
 30
3015.625
 11
273.4375
 21
2187.5
 31
3125.0
  0
LINE
  8
0
 10
273.4375
 20
2187.5
 30
3125.0
 11
175.7812
 21
2187.5
 31
3125.0
  0
LINE
  8
0
 10
175.7812
 20
2187.5
 30
3125.0
 11
322.2656
 21
5950.5208
 31
1619.7917
  0
LINE
  8
0
 10
322.2656
 20
5950.5208
 30
1619.7917
 11
332.0312
 21
6067.7083
 31
1572.9167
  0
LINE
  8
0
 10
332.0312
 20
6067.7083
 30
1572.9167
 11
283.2031
 21
4609.375
 31
2156.25
  0
LINE
  8
0
 10
283.2031
 20
4609.375
 30
2156.25
 11
312.5
 21
4570.3125
 31
2171.875
  0
LINE
  8
0
 10
312.5
 20
4570.3125
 30
2171.875
 11
283.2031
 21
4557.2917
 31
2177.0833
  0
LINE
  8
0
 10
283.2031
 20
4557.2917
 30
2177.0833
 11
263.6719
 21
3841.1458
 31
2463.5417
  0
LINE
  8
0
 10
263.6719
 20
3841.1458
 30
2463.5417
 11
312.5
 21
4492.1875
 31
2203.125
  0
LINE
  8
0
 10
312.5
 20
4492.1875
 30
2203.125
 11
556.6406
 21
4466.1458
 31
2213.5417
  0
LINE
  8
0
 10
556.6406
 20
4466.1458
 30
2213.5417
 11
527.3438
 21
4505.2083
 31
2197.9167
  0
LINE
  8
0
 10
527.3438
 20
4505.2083
 30
2197.9167
 11
556.6406
 21
4557.2917
 31
2177.0833
  0
LINE
  8
0
 10
556.6406
 20
4557.2917
 30
2177.0833
 11
537.1094
 21
4531.25
 31
2187.5
  0
LINE
  8
0
 10
537.1094
 20
4531.25
 30
2187.5
 11
566.4062
 21
4479.1667
 31
2208.3333
  0
LINE
  8
0
 10
566.4062
 20
4479.1667
 30
2208.3333
 11
1103.5156
 21
4440.1042
 31
2223.9583
  0
LINE
  8
0
 10
1103.5156
 20
4440.1042
 30
2223.9583
 11
1103.5156
 21
3593.75
 31
2562.5
  0
LINE
  8
0
 10
1103.5156
 20
3593.75
 30
2562.5
 11
1083.9844
 21
3528.6458
 31
2588.5417
  0
LINE
  8
0
 10
1083.9844
 20
3528.6458
 30
2588.5417
 11
1005.8594
 21
3580.7292
 31
2567.7083
  0
LINE
  8
0
 10
1005.8594
 20
3580.7292
 30
2567.7083
 11
742.1875
 21
3528.6458
 31
2588.5417
  0
LINE
  8
0
 10
742.1875
 20
3528.6458
 30
2588.5417
 11
673.8281
 21
3567.7083
 31
2572.9167
  0
LINE
  8
0
 10
673.8281
 20
3567.7083
 30
2572.9167
 11
654.2969
 21
3515.625
 31
2593.75
  0
LINE
  8
0
 10
654.2969
 20
3515.625
 30
2593.75
 11
703.125
 21
3515.625
 31
2593.75
  0
LINE
  8
0
 10
703.125
 20
3515.625
 30
2593.75
 11
634.7656
 21
3437.5
 31
2625.0
  0
LINE
  8
0
 10
634.7656
 20
3437.5
 30
2625.0
 11
537.1094
 21
3463.5417
 31
2614.5833
  0
LINE
  8
0
 10
537.1094
 20
3463.5417
 30
2614.5833
 11
576.1719
 21
3489.5833
 31
2604.1667
  0
LINE
  8
0
 10
576.1719
 20
3489.5833
 30
2604.1667
 11
537.1094
 21
3515.625
 31
2593.75
  0
LINE
  8
0
 10
537.1094
 20
3515.625
 30
2593.75
 11
507.8125
 21
3476.5625
 31
2609.375
  0
LINE
  8
0
 10
507.8125
 20
3476.5625
 30
2609.375
 11
488.2812
 21
3515.625
 31
2593.75
  0
LINE
  8
0
 10
488.2812
 20
3515.625
 30
2593.75
 11
312.5
 21
3476.5625
 31
2609.375
  0
LINE
  8
0
 10
312.5
 20
3476.5625
 30
2609.375
 11
273.4375
 21
3502.6042
 31
2598.9583
  0
LINE
  8
0
 10
273.4375
 20
3502.6042
 30
2598.9583
 11
263.6719
 21
3776.0417
 31
2489.5833
  0
LINE
  8
0
 10
263.6719
 20
3776.0417
 30
2489.5833
 11
244.1406
 21
3333.3333
 31
2666.6667
  0
LINE
  8
0
 10
244.1406
 20
3333.3333
 30
2666.6667
 11
380.8594
 21
3346.3542
 31
2661.4583
  0
LINE
  8
0
 10
380.8594
 20
3346.3542
 30
2661.4583
 11
351.5625
 21
3359.375
 31
2656.25
  0
LINE
  8
0
 10
351.5625
 20
3359.375
 30
2656.25
 11
341.7969
 21
3437.5
 31
2625.0
  0
LINE
  8
0
 10
341.7969
 20
3437.5
 30
2625.0
 11
292.9688
 21
3437.5
 31
2625.0
  0
LINE
  8
0
 10
292.9688
 20
3437.5
 30
2625.0
 11
322.2656
 21
3450.5208
 31
2619.7917
  0
LINE
  8
0
 10
322.2656
 20
3450.5208
 30
2619.7917
 11
517.5781
 21
3450.5208
 31
2619.7917
  0
LINE
  8
0
 10
517.5781
 20
3450.5208
 30
2619.7917
 11
400.3906
 21
3437.5
 31
2625.0
  0
LINE
  8
0
 10
400.3906
 20
3437.5
 30
2625.0
 11
390.625
 21
3385.4167
 31
2645.8333
  0
LINE
  8
0
 10
390.625
 20
3385.4167
 30
2645.8333
 11
351.5625
 21
3372.3958
 31
2651.0417
  0
LINE
  8
0
 10
351.5625
 20
3372.3958
 30
2651.0417
 11
429.6875
 21
3333.3333
 31
2666.6667
  0
LINE
  8
0
 10
429.6875
 20
3333.3333
 30
2666.6667
 11
537.1094
 21
3385.4167
 31
2645.8333
  0
LINE
  8
0
 10
537.1094
 20
3385.4167
 30
2645.8333
 11
683.5938
 21
3372.3958
 31
2651.0417
  0
LINE
  8
0
 10
683.5938
 20
3372.3958
 30
2651.0417
 11
732.4219
 21
3411.4583
 31
2635.4167
  0
LINE
  8
0
 10
732.4219
 20
3411.4583
 30
2635.4167
 11
908.2031
 21
3411.4583
 31
2635.4167
  0
LINE
  8
0
 10
908.2031
 20
3411.4583
 30
2635.4167
 11
917.9688
 21
3450.5208
 31
2619.7917
  0
LINE
  8
0
 10
917.9688
 20
3450.5208
 30
2619.7917
 11
1005.8594
 21
3424.4792
 31
2630.2083
  0
LINE
  8
0
 10
1005.8594
 20
3424.4792
 30
2630.2083
 11
1123.0469
 21
3463.5417
 31
2614.5833
  0
LINE
  8
0
 10
1123.0469
 20
3463.5417
 30
2614.5833
 11
1152.3438
 21
4453.125
 31
2218.75
  0
LINE
  8
0
 10
1152.3438
 20
4453.125
 30
2218.75
 11
1132.8125
 21
4518.2292
 31
2192.7083
  0
LINE
  8
0
 10
1132.8125
 20
4518.2292
 30
2192.7083
 11
1074.2188
 21
4531.25
 31
2187.5
  0
LINE
  8
0
 10
1074.2188
 20
4531.25
 30
2187.5
 11
1132.8125
 21
4531.25
 31
2187.5
  0
LINE
  8
0
 10
1132.8125
 20
4531.25
 30
2187.5
 11
1162.1094
 21
4453.125
 31
2218.75
  0
LINE
  8
0
 10
1162.1094
 20
4453.125
 30
2218.75
 11
1142.5781
 21
3697.9167
 31
2520.8333
  0
LINE
  8
0
 10
1142.5781
 20
3697.9167
 30
2520.8333
 11
1132.8125
 21
3450.5208
 31
2619.7917
  0
LINE
  8
0
 10
1132.8125
 20
3450.5208
 30
2619.7917
 11
1103.5156
 21
3424.4792
 31
2630.2083
  0
LINE
  8
0
 10
1103.5156
 20
3424.4792
 30
2630.2083
 11
234.375
 21
3294.2708
 31
2682.2917
  0
LINE
  8
0
 10
234.375
 20
3294.2708
 30
2682.2917
 11
214.8438
 21
2239.5833
 31
3104.1667
  0
LINE
  8
0
 10
214.8438
 20
2239.5833
 30
3104.1667
 11
791.0156
 21
2447.9167
 31
3020.8333
  0
LINE
  8
0
 10
791.0156
 20
2447.9167
 30
3020.8333
 11
927.7344
 21
2460.9375
 31
3015.625
  0
LINE
  8
0
 10
927.7344
 20
2460.9375
 30
3015.625
 11
957.0312
 21
2500.0
 31
3000.0
  0
LINE
  8
0
 10
957.0312
 20
2500.0
 30
3000.0
 11
966.7969
 21
2760.4167
 31
2895.8333
  0
LINE
  8
0
 10
966.7969
 20
2760.4167
 30
2895.8333
 11
976.5625
 21
2500.0
 31
3000.0
  0
LINE
  8
0
 10
976.5625
 20
2500.0
 30
3000.0
 11
986.3281
 21
2916.6667
 31
2833.3333
  0
LINE
  8
0
 10
986.3281
 20
2916.6667
 30
2833.3333
 11
1015.625
 21
2916.6667
 31
2833.3333
  0
LINE
  8
0
 10
1015.625
 20
2916.6667
 30
2833.3333
 11
1015.625
 21
2981.7708
 31
2807.2917
  0
LINE
  8
0
 10
1015.625
 20
2981.7708
 30
2807.2917
 11
1025.3906
 21
2929.6875
 31
2828.125
  0
LINE
  8
0
 10
1025.3906
 20
2929.6875
 30
2828.125
 11
1035.1562
 21
2981.7708
 31
2807.2917
  0
LINE
  8
0
 10
1035.1562
 20
2981.7708
 30
2807.2917
 11
1044.9219
 21
2955.7292
 31
2817.7083
  0
LINE
  8
0
 10
1044.9219
 20
2955.7292
 30
2817.7083
 11
1035.1562
 21
2773.4375
 31
2890.625
  0
LINE
  8
0
 10
1035.1562
 20
2773.4375
 30
2890.625
 11
1005.8594
 21
2747.3958
 31
2901.0417
  0
LINE
  8
0
 10
1005.8594
 20
2747.3958
 30
2901.0417
 11
1005.8594
 21
2591.1458
 31
2963.5417
  0
LINE
  8
0
 10
1005.8594
 20
2591.1458
 30
2963.5417
 11
1035.1562
 21
2539.0625
 31
2984.375
  0
LINE
  8
0
 10
1035.1562
 20
2539.0625
 30
2984.375
 11
1259.7656
 21
2617.1875
 31
2953.125
  0
LINE
  8
0
 10
1259.7656
 20
2617.1875
 30
2953.125
 11
1298.8281
 21
2682.2917
 31
2927.0833
  0
LINE
  8
0
 10
1298.8281
 20
2682.2917
 30
2927.0833
 11
1416.0156
 21
7330.7292
 31
1067.7083
  0
LINE
  8
0
 10
1416.0156
 20
7330.7292
 30
1067.7083
 11
429.6875
 21
8229.1667
 31
708.3333
  0
LINE
  8
0
 10
429.6875
 20
8229.1667
 30
708.3333
 11
351.5625
 21
6731.7708
 31
1307.2917
  0
LINE
  8
0
 10
351.5625
 20
6731.7708
 30
1307.2917
 11
419.9219
 21
8281.25
 31
687.5
  0
LINE
  8
0
 10
419.9219
 20
8281.25
 30
687.5
 11
419.9219
 21
8294.2708
 31
682.2917
  0
LINE
  8
0
 10
2636.7188
 20
8268.2292
 30
692.7083
 11
2714.8438
 21
8255.2083
 31
697.9167
  0
LINE
  8
0
 10
2714.8438
 20
8255.2083
 30
697.9167
 11
2646.4844
 21
8268.2292
 31
692.7083
  0
LINE
  8
0
 10
2646.4844
 20
8268.2292
 30
692.7083
 11
2636.7188
 21
8268.2292
 31
692.7083
  0
LINE
  8
0
 10
7041.0156
 20
8242.1875
 30
703.125
 11
7294.9219
 21
8151.0417
 31
739.5833
  0
LINE
  8
0
 10
7294.9219
 20
8151.0417
 30
739.5833
 11
7041.0156
 21
8229.1667
 31
708.3333
  0
LINE
  8
0
 10
7041.0156
 20
8229.1667
 30
708.3333
 11
7041.0156
 21
8242.1875
 31
703.125
  0
LINE
  8
0
 10
5068.3594
 20
8229.1667
 30
708.3333
 11
5068.3594
 21
8085.9375
 31
765.625
  0
LINE
  8
0
 10
5068.3594
 20
8085.9375
 30
765.625
 11
5078.125
 21
8229.1667
 31
708.3333
  0
LINE
  8
0
 10
5078.125
 20
8229.1667
 30
708.3333
 11
5068.3594
 21
8229.1667
 31
708.3333
  0
LINE
  8
0
 10
7646.4844
 20
8229.1667
 30
708.3333
 11
7685.5469
 21
8255.2083
 31
697.9167
  0
LINE
  8
0
 10
7685.5469
 20
8255.2083
 30
697.9167
 11
7666.0156
 21
8242.1875
 31
703.125
  0
LINE
  8
0
 10
7666.0156
 20
8242.1875
 30
703.125
 11
7773.4375
 21
8216.1458
 31
713.5417
  0
LINE
  8
0
 10
7773.4375
 20
8216.1458
 30
713.5417
 11
7822.2656
 21
8125.0
 31
750.0
  0
LINE
  8
0
 10
7822.2656
 20
8125.0
 30
750.0
 11
7832.0312
 21
8151.0417
 31
739.5833
  0
LINE
  8
0
 10
7832.0312
 20
8151.0417
 30
739.5833
 11
7861.3281
 21
8059.8958
 31
776.0417
  0
LINE
  8
0
 10
7861.3281
 20
8059.8958
 30
776.0417
 11
7822.2656
 21
7981.7708
 31
807.2917
  0
LINE
  8
0
 10
7822.2656
 20
7981.7708
 30
807.2917
 11
7871.0938
 21
7955.7292
 31
817.7083
  0
LINE
  8
0
 10
7871.0938
 20
7955.7292
 30
817.7083
 11
7607.4219
 21
7903.6458
 31
838.5417
  0
LINE
  8
0
 10
7607.4219
 20
7903.6458
 30
838.5417
 11
7500.0
 21
7994.7917
 31
802.0833
  0
LINE
  8
0
 10
7500.0
 20
7994.7917
 30
802.0833
 11
7490.2344
 21
8072.9167
 31
770.8333
  0
LINE
  8
0
 10
7490.2344
 20
8072.9167
 30
770.8333
 11
7382.8125
 21
8138.0208
 31
744.7917
  0
LINE
  8
0
 10
7382.8125
 20
8138.0208
 30
744.7917
 11
7509.7656
 21
8085.9375
 31
765.625
  0
LINE
  8
0
 10
7509.7656
 20
8085.9375
 30
765.625
 11
7636.7188
 21
8216.1458
 31
713.5417
  0
LINE
  8
0
 10
7636.7188
 20
8216.1458
 30
713.5417
 11
7646.4844
 21
8229.1667
 31
708.3333
  0
LINE
  8
0
 10
8134.7656
 20
8229.1667
 30
708.3333
 11
8125.0
 21
8255.2083
 31
697.9167
  0
LINE
  8
0
 10
8125.0
 20
8255.2083
 30
697.9167
 11
8085.9375
 21
8190.1042
 31
723.9583
  0
LINE
  8
0
 10
8085.9375
 20
8190.1042
 30
723.9583
 11
8125.0
 21
8216.1458
 31
713.5417
  0
LINE
  8
0
 10
8125.0
 20
8216.1458
 30
713.5417
 11
8134.7656
 21
8229.1667
 31
708.3333
  0
LINE
  8
0
 10
1816.4062
 20
8216.1458
 30
713.5417
 11
1787.1094
 21
8216.1458
 31
713.5417
  0
LINE
  8
0
 10
1787.1094
 20
8216.1458
 30
713.5417
 11
1835.9375
 21
8164.0625
 31
734.375
  0
LINE
  8
0
 10
1835.9375
 20
8164.0625
 30
734.375
 11
1826.1719
 21
8203.125
 31
718.75
  0
LINE
  8
0
 10
1826.1719
 20
8203.125
 30
718.75
 11
1816.4062
 21
8216.1458
 31
713.5417
  0
LINE
  8
0
 10
6992.1875
 20
8216.1458
 30
713.5417
 11
7011.7188
 21
8203.125
 31
718.75
  0
LINE
  8
0
 10
7011.7188
 20
8203.125
 30
718.75
 11
6904.2969
 21
8177.0833
 31
729.1667
  0
LINE
  8
0
 10
6904.2969
 20
8177.0833
 30
729.1667
 11
6982.4219
 21
8203.125
 31
718.75
  0
LINE
  8
0
 10
6982.4219
 20
8203.125
 30
718.75
 11
6992.1875
 21
8216.1458
 31
713.5417
  0
LINE
  8
0
 10
8896.4844
 20
8203.125
 30
718.75
 11
8837.8906
 21
8138.0208
 31
744.7917
  0
LINE
  8
0
 10
8837.8906
 20
8138.0208
 30
744.7917
 11
8886.7188
 21
8190.1042
 31
723.9583
  0
LINE
  8
0
 10
8886.7188
 20
8190.1042
 30
723.9583
 11
8896.4844
 21
8203.125
 31
718.75
  0
LINE
  8
0
 10
3017.5781
 20
8164.0625
 30
734.375
 11
2968.75
 21
8138.0208
 31
744.7917
  0
LINE
  8
0
 10
2968.75
 20
8138.0208
 30
744.7917
 11
3066.4062
 21
8138.0208
 31
744.7917
  0
LINE
  8
0
 10
3066.4062
 20
8138.0208
 30
744.7917
 11
3017.5781
 21
8151.0417
 31
739.5833
  0
LINE
  8
0
 10
3017.5781
 20
8151.0417
 30
739.5833
 11
3017.5781
 21
8164.0625
 31
734.375
  0
LINE
  8
0
 10
6074.2188
 20
8164.0625
 30
734.375
 11
6054.6875
 21
8033.8542
 31
786.4583
  0
LINE
  8
0
 10
6054.6875
 20
8033.8542
 30
786.4583
 11
6074.2188
 21
8151.0417
 31
739.5833
  0
LINE
  8
0
 10
6074.2188
 20
8151.0417
 30
739.5833
 11
6074.2188
 21
8164.0625
 31
734.375
  0
LINE
  8
0
 10
6132.8125
 20
8164.0625
 30
734.375
 11
6367.1875
 21
8098.9583
 31
760.4167
  0
LINE
  8
0
 10
6367.1875
 20
8098.9583
 30
760.4167
 11
6142.5781
 21
8164.0625
 31
734.375
  0
LINE
  8
0
 10
6142.5781
 20
8164.0625
 30
734.375
 11
6054.6875
 21
7825.5208
 31
869.7917
  0
LINE
  8
0
 10
6054.6875
 20
7825.5208
 30
869.7917
 11
6123.0469
 21
8151.0417
 31
739.5833
  0
LINE
  8
0
 10
6123.0469
 20
8151.0417
 30
739.5833
 11
6132.8125
 21
8164.0625
 31
734.375
  0
LINE
  8
0
 10
7734.375
 20
8138.0208
 30
744.7917
 11
7646.4844
 21
8138.0208
 31
744.7917
  0
LINE
  8
0
 10
7646.4844
 20
8138.0208
 30
744.7917
 11
7529.2969
 21
8033.8542
 31
786.4583
  0
LINE
  8
0
 10
7529.2969
 20
8033.8542
 30
786.4583
 11
7578.125
 21
7981.7708
 31
807.2917
  0
LINE
  8
0
 10
7578.125
 20
7981.7708
 30
807.2917
 11
7714.8438
 21
7981.7708
 31
807.2917
  0
LINE
  8
0
 10
7714.8438
 20
7981.7708
 30
807.2917
 11
7822.2656
 21
8085.9375
 31
765.625
  0
LINE
  8
0
 10
7822.2656
 20
8085.9375
 30
765.625
 11
7744.1406
 21
8138.0208
 31
744.7917
  0
LINE
  8
0
 10
7744.1406
 20
8138.0208
 30
744.7917
 11
7734.375
 21
8138.0208
 31
744.7917
  0
LINE
  8
0
 10
3828.125
 20
8125.0
 30
750.0
 11
3847.6562
 21
8111.9792
 31
755.2083
  0
LINE
  8
0
 10
3847.6562
 20
8111.9792
 30
755.2083
 11
3525.3906
 21
7994.7917
 31
802.0833
  0
LINE
  8
0
 10
3525.3906
 20
7994.7917
 30
802.0833
 11
3818.3594
 21
8111.9792
 31
755.2083
  0
LINE
  8
0
 10
3818.3594
 20
8111.9792
 30
755.2083
 11
3828.125
 21
8125.0
 31
750.0
  0
LINE
  8
0
 10
5058.5938
 20
8085.9375
 30
765.625
 11
5048.8281
 21
8007.8125
 31
796.875
  0
LINE
  8
0
 10
5048.8281
 20
8007.8125
 30
796.875
 11
5058.5938
 21
8072.9167
 31
770.8333
  0
LINE
  8
0
 10
5058.5938
 20
8072.9167
 30
770.8333
 11
5058.5938
 21
8085.9375
 31
765.625
  0
LINE
  8
0
 10
4443.3594
 20
8072.9167
 30
770.8333
 11
4453.125
 21
7916.6667
 31
833.3333
  0
LINE
  8
0
 10
4453.125
 20
7916.6667
 30
833.3333
 11
4443.3594
 21
8059.8958
 31
776.0417
  0
LINE
  8
0
 10
4443.3594
 20
8059.8958
 30
776.0417
 11
4443.3594
 21
8072.9167
 31
770.8333
  0
LINE
  8
0
 10
4960.9375
 20
8059.8958
 30
776.0417
 11
4941.4062
 21
7994.7917
 31
802.0833
  0
LINE
  8
0
 10
4941.4062
 20
7994.7917
 30
802.0833
 11
4960.9375
 21
8046.875
 31
781.25
  0
LINE
  8
0
 10
4960.9375
 20
8046.875
 30
781.25
 11
4960.9375
 21
8059.8958
 31
776.0417
  0
LINE
  8
0
 10
2304.6875
 20
8007.8125
 30
796.875
 11
2177.7344
 21
7942.7083
 31
822.9167
  0
LINE
  8
0
 10
2177.7344
 20
7942.7083
 30
822.9167
 11
2294.9219
 21
7851.5625
 31
859.375
  0
LINE
  8
0
 10
2294.9219
 20
7851.5625
 30
859.375
 11
2431.6406
 21
7916.6667
 31
833.3333
  0
LINE
  8
0
 10
2431.6406
 20
7916.6667
 30
833.3333
 11
2314.4531
 21
8007.8125
 31
796.875
  0
LINE
  8
0
 10
2314.4531
 20
8007.8125
 30
796.875
 11
2304.6875
 21
8007.8125
 31
796.875
  0
LINE
  8
0
 10
6582.0312
 20
8007.8125
 30
796.875
 11
6552.7344
 21
7994.7917
 31
802.0833
  0
LINE
  8
0
 10
6552.7344
 20
7994.7917
 30
802.0833
 11
6552.7344
 21
7929.6875
 31
828.125
  0
LINE
  8
0
 10
6552.7344
 20
7929.6875
 30
828.125
 11
6582.0312
 21
7994.7917
 31
802.0833
  0
LINE
  8
0
 10
6582.0312
 20
7994.7917
 30
802.0833
 11
6582.0312
 21
8007.8125
 31
796.875
  0
LINE
  8
0
 10
2001.9531
 20
7981.7708
 30
807.2917
 11
1972.6562
 21
7981.7708
 31
807.2917
  0
LINE
  8
0
 10
1972.6562
 20
7981.7708
 30
807.2917
 11
2001.9531
 21
7942.7083
 31
822.9167
  0
LINE
  8
0
 10
2001.9531
 20
7942.7083
 30
822.9167
 11
2011.7188
 21
7968.75
 31
812.5
  0
LINE
  8
0
 10
2011.7188
 20
7968.75
 30
812.5
 11
2001.9531
 21
7981.7708
 31
807.2917
  0
LINE
  8
0
 10
6660.1562
 20
7981.7708
 30
807.2917
 11
6562.5
 21
7708.3333
 31
916.6667
  0
LINE
  8
0
 10
6562.5
 20
7708.3333
 30
916.6667
 11
6650.3906
 21
7968.75
 31
812.5
  0
LINE
  8
0
 10
6650.3906
 20
7968.75
 30
812.5
 11
6660.1562
 21
7981.7708
 31
807.2917
  0
LINE
  8
0
 10
3925.7812
 20
7890.625
 30
843.75
 11
3955.0781
 21
7812.5
 31
875.0
  0
LINE
  8
0
 10
3955.0781
 20
7812.5
 30
875.0
 11
3925.7812
 21
7877.6042
 31
848.9583
  0
LINE
  8
0
 10
3925.7812
 20
7877.6042
 30
848.9583
 11
3925.7812
 21
7890.625
 31
843.75
  0
LINE
  8
0
 10
4453.125
 20
7890.625
 30
843.75
 11
4472.6562
 21
7786.4583
 31
885.4167
  0
LINE
  8
0
 10
4472.6562
 20
7786.4583
 30
885.4167
 11
4453.125
 21
7877.6042
 31
848.9583
  0
LINE
  8
0
 10
4453.125
 20
7877.6042
 30
848.9583
 11
4453.125
 21
7890.625
 31
843.75
  0
LINE
  8
0
 10
4941.4062
 20
7864.5833
 30
854.1667
 11
4941.4062
 21
7812.5
 31
875.0
  0
LINE
  8
0
 10
4941.4062
 20
7812.5
 30
875.0
 11
4541.0156
 21
7669.2708
 31
932.2917
  0
LINE
  8
0
 10
4541.0156
 20
7669.2708
 30
932.2917
 11
4560.5469
 21
7708.3333
 31
916.6667
  0
LINE
  8
0
 10
4560.5469
 20
7708.3333
 30
916.6667
 11
4599.6094
 21
7682.2917
 31
927.0833
  0
LINE
  8
0
 10
4599.6094
 20
7682.2917
 30
927.0833
 11
4628.9062
 21
7708.3333
 31
916.6667
  0
LINE
  8
0
 10
4628.9062
 20
7708.3333
 30
916.6667
 11
4609.375
 21
7721.3542
 31
911.4583
  0
LINE
  8
0
 10
4609.375
 20
7721.3542
 30
911.4583
 11
4687.5
 21
7721.3542
 31
911.4583
  0
LINE
  8
0
 10
4687.5
 20
7721.3542
 30
911.4583
 11
4726.5625
 21
7747.3958
 31
901.0417
  0
LINE
  8
0
 10
4726.5625
 20
7747.3958
 30
901.0417
 11
4697.2656
 21
7760.4167
 31
895.8333
  0
LINE
  8
0
 10
4697.2656
 20
7760.4167
 30
895.8333
 11
4794.9219
 21
7799.4792
 31
880.2083
  0
LINE
  8
0
 10
4794.9219
 20
7799.4792
 30
880.2083
 11
4755.8594
 21
7773.4375
 31
890.625
  0
LINE
  8
0
 10
4755.8594
 20
7773.4375
 30
890.625
 11
4902.3438
 21
7799.4792
 31
880.2083
  0
LINE
  8
0
 10
4902.3438
 20
7799.4792
 30
880.2083
 11
4951.1719
 21
7838.5417
 31
864.5833
  0
LINE
  8
0
 10
4951.1719
 20
7838.5417
 30
864.5833
 11
4931.6406
 21
7851.5625
 31
859.375
  0
LINE
  8
0
 10
4931.6406
 20
7851.5625
 30
859.375
 11
4941.4062
 21
7864.5833
 31
854.1667
  0
LINE
  8
0
 10
6533.2031
 20
7864.5833
 30
854.1667
 11
6533.2031
 21
7916.6667
 31
833.3333
  0
LINE
  8
0
 10
6533.2031
 20
7916.6667
 30
833.3333
 11
6474.6094
 21
7708.3333
 31
916.6667
  0
LINE
  8
0
 10
6474.6094
 20
7708.3333
 30
916.6667
 11
6533.2031
 21
7851.5625
 31
859.375
  0
LINE
  8
0
 10
6533.2031
 20
7851.5625
 30
859.375
 11
6533.2031
 21
7864.5833
 31
854.1667
  0
LINE
  8
0
 10
5107.4219
 20
7825.5208
 30
869.7917
 11
5439.4531
 21
7734.375
 31
906.25
  0
LINE
  8
0
 10
5439.4531
 20
7734.375
 30
906.25
 11
5400.3906
 21
7760.4167
 31
895.8333
  0
LINE
  8
0
 10
5400.3906
 20
7760.4167
 30
895.8333
 11
5507.8125
 21
7695.3125
 31
921.875
  0
LINE
  8
0
 10
5507.8125
 20
7695.3125
 30
921.875
 11
5117.1875
 21
7812.5
 31
875.0
  0
LINE
  8
0
 10
5117.1875
 20
7812.5
 30
875.0
 11
5107.4219
 21
7825.5208
 31
869.7917
  0
LINE
  8
0
 10
8261.7188
 20
7812.5
 30
875.0
 11
8437.5
 21
7734.375
 31
906.25
  0
LINE
  8
0
 10
8437.5
 20
7734.375
 30
906.25
 11
8271.4844
 21
7799.4792
 31
880.2083
  0
LINE
  8
0
 10
8271.4844
 20
7799.4792
 30
880.2083
 11
8261.7188
 21
7812.5
 31
875.0
  0
LINE
  8
0
 10
7226.5625
 20
7799.4792
 30
880.2083
 11
7529.2969
 21
7695.3125
 31
921.875
  0
LINE
  8
0
 10
7529.2969
 20
7695.3125
 30
921.875
 11
7226.5625
 21
7786.4583
 31
885.4167
  0
LINE
  8
0
 10
7226.5625
 20
7786.4583
 30
885.4167
 11
7226.5625
 21
7799.4792
 31
880.2083
  0
LINE
  8
0
 10
1337.8906
 20
7786.4583
 30
885.4167
 11
1503.9062
 21
7630.2083
 31
947.9167
  0
LINE
  8
0
 10
1503.9062
 20
7630.2083
 30
947.9167
 11
1347.6562
 21
7773.4375
 31
890.625
  0
LINE
  8
0
 10
1347.6562
 20
7773.4375
 30
890.625
 11
1337.8906
 21
7786.4583
 31
885.4167
  0
LINE
  8
0
 10
2031.25
 20
7786.4583
 30
885.4167
 11
1972.6562
 21
7773.4375
 31
890.625
  0
LINE
  8
0
 10
1972.6562
 20
7773.4375
 30
890.625
 11
2021.4844
 21
7773.4375
 31
890.625
  0
LINE
  8
0
 10
2021.4844
 20
7773.4375
 30
890.625
 11
2031.25
 21
7786.4583
 31
885.4167
  0
LINE
  8
0
 10
5039.0625
 20
7747.3958
 30
901.0417
 11
5029.2969
 21
7695.3125
 31
921.875
  0
LINE
  8
0
 10
5029.2969
 20
7695.3125
 30
921.875
 11
5039.0625
 21
7734.375
 31
906.25
  0
LINE
  8
0
 10
5039.0625
 20
7734.375
 30
906.25
 11
5039.0625
 21
7747.3958
 31
901.0417
  0
LINE
  8
0
 10
4990.2344
 20
7734.375
 30
906.25
 11
4960.9375
 21
7695.3125
 31
921.875
  0
LINE
  8
0
 10
4960.9375
 20
7695.3125
 30
921.875
 11
4990.2344
 21
7721.3542
 31
911.4583
  0
LINE
  8
0
 10
4990.2344
 20
7721.3542
 30
911.4583
 11
4990.2344
 21
7734.375
 31
906.25
  0
LINE
  8
0
 10
7167.9688
 20
7734.375
 30
906.25
 11
7158.2031
 21
7760.4167
 31
895.8333
  0
LINE
  8
0
 10
7158.2031
 20
7760.4167
 30
895.8333
 11
7138.6719
 21
7708.3333
 31
916.6667
  0
LINE
  8
0
 10
7138.6719
 20
7708.3333
 30
916.6667
 11
7158.2031
 21
7721.3542
 31
911.4583
  0
LINE
  8
0
 10
7158.2031
 20
7721.3542
 30
911.4583
 11
7167.9688
 21
7734.375
 31
906.25
  0
LINE
  8
0
 10
1357.4219
 20
7708.3333
 30
916.6667
 11
1406.25
 21
7669.2708
 31
932.2917
  0
LINE
  8
0
 10
1406.25
 20
7669.2708
 30
932.2917
 11
1367.1875
 21
7695.3125
 31
921.875
  0
LINE
  8
0
 10
1367.1875
 20
7695.3125
 30
921.875
 11
1357.4219
 21
7708.3333
 31
916.6667
  0
LINE
  8
0
 10
5546.875
 20
7708.3333
 30
916.6667
 11
5703.125
 21
7656.25
 31
937.5
  0
LINE
  8
0
 10
5703.125
 20
7656.25
 30
937.5
 11
5654.2969
 21
7643.2292
 31
942.7083
  0
LINE
  8
0
 10
5654.2969
 20
7643.2292
 30
942.7083
 11
5732.4219
 21
7604.1667
 31
958.3333
  0
LINE
  8
0
 10
5732.4219
 20
7604.1667
 30
958.3333
 11
5947.2656
 21
7565.1042
 31
973.9583
  0
LINE
  8
0
 10
5947.2656
 20
7565.1042
 30
973.9583
 11
5908.2031
 21
7552.0833
 31
979.1667
  0
LINE
  8
0
 10
5908.2031
 20
7552.0833
 30
979.1667
 11
5947.2656
 21
7526.0417
 31
989.5833
  0
LINE
  8
0
 10
5947.2656
 20
7526.0417
 30
989.5833
 11
5576.1719
 21
7643.2292
 31
942.7083
  0
LINE
  8
0
 10
5576.1719
 20
7643.2292
 30
942.7083
 11
5537.1094
 21
7695.3125
 31
921.875
  0
LINE
  8
0
 10
5537.1094
 20
7695.3125
 30
921.875
 11
5546.875
 21
7708.3333
 31
916.6667
  0
LINE
  8
0
 10
7089.8438
 20
7708.3333
 30
916.6667
 11
7021.4844
 21
7669.2708
 31
932.2917
  0
LINE
  8
0
 10
7021.4844
 20
7669.2708
 30
932.2917
 11
7099.6094
 21
7708.3333
 31
916.6667
  0
LINE
  8
0
 10
7099.6094
 20
7708.3333
 30
916.6667
 11
7089.8438
 21
7708.3333
 31
916.6667
  0
LINE
  8
0
 10
1748.0469
 20
7695.3125
 30
921.875
 11
1787.1094
 21
7669.2708
 31
932.2917
  0
LINE
  8
0
 10
1787.1094
 20
7669.2708
 30
932.2917
 11
1757.8125
 21
7617.1875
 31
953.125
  0
LINE
  8
0
 10
1757.8125
 20
7617.1875
 30
953.125
 11
1767.5781
 21
7669.2708
 31
932.2917
  0
LINE
  8
0
 10
1767.5781
 20
7669.2708
 30
932.2917
 11
1621.0938
 21
7617.1875
 31
953.125
  0
LINE
  8
0
 10
1621.0938
 20
7617.1875
 30
953.125
 11
1757.8125
 21
7682.2917
 31
927.0833
  0
LINE
  8
0
 10
1757.8125
 20
7682.2917
 30
927.0833
 11
1748.0469
 21
7695.3125
 31
921.875
  0
LINE
  8
0
 10
2685.5469
 20
7669.2708
 30
932.2917
 11
2529.2969
 21
7604.1667
 31
958.3333
  0
LINE
  8
0
 10
2529.2969
 20
7604.1667
 30
958.3333
 11
2675.7812
 21
7656.25
 31
937.5
  0
LINE
  8
0
 10
2675.7812
 20
7656.25
 30
937.5
 11
2685.5469
 21
7669.2708
 31
932.2917
  0
LINE
  8
0
 10
5625.0
 20
7669.2708
 30
932.2917
 11
5576.1719
 21
7669.2708
 31
932.2917
  0
LINE
  8
0
 10
5576.1719
 20
7669.2708
 30
932.2917
 11
5615.2344
 21
7656.25
 31
937.5
  0
LINE
  8
0
 10
5615.2344
 20
7656.25
 30
937.5
 11
5625.0
 21
7669.2708
 31
932.2917
  0
LINE
  8
0
 10
6464.8438
 20
7669.2708
 30
932.2917
 11
6464.8438
 21
7721.3542
 31
911.4583
  0
LINE
  8
0
 10
6464.8438
 20
7721.3542
 30
911.4583
 11
6425.7812
 21
7565.1042
 31
973.9583
  0
LINE
  8
0
 10
6425.7812
 20
7565.1042
 30
973.9583
 11
6464.8438
 21
7656.25
 31
937.5
  0
LINE
  8
0
 10
6464.8438
 20
7656.25
 30
937.5
 11
6464.8438
 21
7669.2708
 31
932.2917
  0
LINE
  8
0
 10
7128.9062
 20
7669.2708
 30
932.2917
 11
7138.6719
 21
7708.3333
 31
916.6667
  0
LINE
  8
0
 10
7138.6719
 20
7708.3333
 30
916.6667
 11
7119.1406
 21
7656.25
 31
937.5
  0
LINE
  8
0
 10
7119.1406
 20
7656.25
 30
937.5
 11
7128.9062
 21
7669.2708
 31
932.2917
  0
LINE
  8
0
 10
7109.375
 20
7656.25
 30
937.5
 11
7070.3125
 21
7604.1667
 31
958.3333
  0
LINE
  8
0
 10
7070.3125
 20
7604.1667
 30
958.3333
 11
7031.25
 21
7643.2292
 31
942.7083
  0
LINE
  8
0
 10
7031.25
 20
7643.2292
 30
942.7083
 11
7060.5469
 21
7539.0625
 31
984.375
  0
LINE
  8
0
 10
7060.5469
 20
7539.0625
 30
984.375
 11
7119.1406
 21
7643.2292
 31
942.7083
  0
LINE
  8
0
 10
7119.1406
 20
7643.2292
 30
942.7083
 11
7109.375
 21
7656.25
 31
937.5
  0
LINE
  8
0
 10
3603.5156
 20
7630.2083
 30
947.9167
 11
3671.875
 21
7486.9792
 31
1005.2083
  0
LINE
  8
0
 10
3671.875
 20
7486.9792
 30
1005.2083
 11
3613.2812
 21
7617.1875
 31
953.125
  0
LINE
  8
0
 10
3613.2812
 20
7617.1875
 30
953.125
 11
3603.5156
 21
7630.2083
 31
947.9167
  0
LINE
  8
0
 10
5039.0625
 20
7617.1875
 30
953.125
 11
4990.2344
 21
7630.2083
 31
947.9167
  0
LINE
  8
0
 10
4990.2344
 20
7630.2083
 30
947.9167
 11
4912.1094
 21
7552.0833
 31
979.1667
  0
LINE
  8
0
 10
4912.1094
 20
7552.0833
 30
979.1667
 11
5029.2969
 21
7473.9583
 31
1010.4167
  0
LINE
  8
0
 10
5029.2969
 20
7473.9583
 30
1010.4167
 11
5107.4219
 21
7539.0625
 31
984.375
  0
LINE
  8
0
 10
5107.4219
 20
7539.0625
 30
984.375
 11
5048.8281
 21
7617.1875
 31
953.125
  0
LINE
  8
0
 10
5048.8281
 20
7617.1875
 30
953.125
 11
5039.0625
 21
7617.1875
 31
953.125
  0
LINE
  8
0
 10
7128.9062
 20
7617.1875
 30
953.125
 11
7050.7812
 21
7500.0
 31
1000.0
  0
LINE
  8
0
 10
7050.7812
 20
7500.0
 30
1000.0
 11
7060.5469
 21
7382.8125
 31
1046.875
  0
LINE
  8
0
 10
7060.5469
 20
7382.8125
 30
1046.875
 11
7216.7969
 21
7434.8958
 31
1026.0417
  0
LINE
  8
0
 10
7216.7969
 20
7434.8958
 30
1026.0417
 11
7128.9062
 21
7578.125
 31
968.75
  0
LINE
  8
0
 10
7128.9062
 20
7578.125
 30
968.75
 11
7207.0312
 21
7460.9375
 31
1015.625
  0
LINE
  8
0
 10
7207.0312
 20
7460.9375
 30
1015.625
 11
7216.7969
 21
7486.9792
 31
1005.2083
  0
LINE
  8
0
 10
7216.7969
 20
7486.9792
 30
1005.2083
 11
7138.6719
 21
7604.1667
 31
958.3333
  0
LINE
  8
0
 10
7138.6719
 20
7604.1667
 30
958.3333
 11
7128.9062
 21
7617.1875
 31
953.125
  0
LINE
  8
0
 10
3017.5781
 20
7604.1667
 30
958.3333
 11
2998.0469
 21
7591.1458
 31
963.5417
  0
LINE
  8
0
 10
2998.0469
 20
7591.1458
 30
963.5417
 11
3027.3438
 21
7552.0833
 31
979.1667
  0
LINE
  8
0
 10
3027.3438
 20
7552.0833
 30
979.1667
 11
3027.3438
 21
7604.1667
 31
958.3333
  0
LINE
  8
0
 10
3027.3438
 20
7604.1667
 30
958.3333
 11
3017.5781
 21
7604.1667
 31
958.3333
  0
LINE
  8
0
 10
4306.6406
 20
7578.125
 30
968.75
 11
4345.7031
 21
7591.1458
 31
963.5417
  0
LINE
  8
0
 10
4345.7031
 20
7591.1458
 30
963.5417
 11
4267.5781
 21
7578.125
 31
968.75
  0
LINE
  8
0
 10
4267.5781
 20
7578.125
 30
968.75
 11
4296.875
 21
7565.1042
 31
973.9583
  0
LINE
  8
0
 10
4296.875
 20
7565.1042
 30
973.9583
 11
4306.6406
 21
7578.125
 31
968.75
  0
LINE
  8
0
 10
4023.4375
 20
7552.0833
 30
979.1667
 11
3916.0156
 21
7500.0
 31
1000.0
  0
LINE
  8
0
 10
3916.0156
 20
7500.0
 30
1000.0
 11
4013.6719
 21
7539.0625
 31
984.375
  0
LINE
  8
0
 10
4013.6719
 20
7539.0625
 30
984.375
 11
4023.4375
 21
7552.0833
 31
979.1667
  0
LINE
  8
0
 10
7792.9688
 20
7539.0625
 30
984.375
 11
7734.375
 21
7539.0625
 31
984.375
  0
LINE
  8
0
 10
7734.375
 20
7539.0625
 30
984.375
 11
7783.2031
 21
7526.0417
 31
989.5833
  0
LINE
  8
0
 10
7783.2031
 20
7526.0417
 30
989.5833
 11
7792.9688
 21
7539.0625
 31
984.375
  0
LINE
  8
0
 10
8183.5938
 20
7526.0417
 30
989.5833
 11
8232.4219
 21
7513.0208
 31
994.7917
  0
LINE
  8
0
 10
8232.4219
 20
7513.0208
 30
994.7917
 11
8193.3594
 21
7526.0417
 31
989.5833
  0
LINE
  8
0
 10
8193.3594
 20
7526.0417
 30
989.5833
 11
8183.5938
 21
7526.0417
 31
989.5833
  0
LINE
  8
0
 10
4033.2031
 20
7500.0
 30
1000.0
 11
4082.0312
 21
7486.9792
 31
1005.2083
  0
LINE
  8
0
 10
4082.0312
 20
7486.9792
 30
1005.2083
 11
3750.0
 21
7343.75
 31
1062.5
  0
LINE
  8
0
 10
3750.0
 20
7343.75
 30
1062.5
 11
3837.8906
 21
7395.8333
 31
1041.6667
  0
LINE
  8
0
 10
3837.8906
 20
7395.8333
 30
1041.6667
 11
3818.3594
 21
7408.8542
 31
1036.4583
  0
LINE
  8
0
 10
3818.3594
 20
7408.8542
 30
1036.4583
 11
3916.0156
 21
7408.8542
 31
1036.4583
  0
LINE
  8
0
 10
3916.0156
 20
7408.8542
 30
1036.4583
 11
3974.6094
 21
7447.9167
 31
1020.8333
  0
LINE
  8
0
 10
3974.6094
 20
7447.9167
 30
1020.8333
 11
3945.3125
 21
7460.9375
 31
1015.625
  0
LINE
  8
0
 10
3945.3125
 20
7460.9375
 30
1015.625
 11
4023.4375
 21
7486.9792
 31
1005.2083
  0
LINE
  8
0
 10
4023.4375
 20
7486.9792
 30
1005.2083
 11
4033.2031
 21
7500.0
 31
1000.0
  0
LINE
  8
0
 10
7578.125
 20
7486.9792
 30
1005.2083
 11
7529.2969
 21
7486.9792
 31
1005.2083
  0
LINE
  8
0
 10
7529.2969
 20
7486.9792
 30
1005.2083
 11
7568.3594
 21
7473.9583
 31
1010.4167
  0
LINE
  8
0
 10
7568.3594
 20
7473.9583
 30
1010.4167
 11
7578.125
 21
7486.9792
 31
1005.2083
  0
LINE
  8
0
 10
3867.1875
 20
7473.9583
 30
1010.4167
 11
3896.4844
 21
7473.9583
 31
1010.4167
  0
LINE
  8
0
 10
3896.4844
 20
7473.9583
 30
1010.4167
 11
3857.4219
 21
7460.9375
 31
1015.625
  0
LINE
  8
0
 10
3857.4219
 20
7460.9375
 30
1015.625
 11
3867.1875
 21
7473.9583
 31
1010.4167
  0
LINE
  8
0
 10
2119.1406
 20
7460.9375
 30
1015.625
 11
2246.0938
 21
7447.9167
 31
1020.8333
  0
LINE
  8
0
 10
2246.0938
 20
7447.9167
 30
1020.8333
 11
2167.9688
 21
7421.875
 31
1031.25
  0
LINE
  8
0
 10
2167.9688
 20
7421.875
 30
1031.25
 11
2324.2188
 21
7434.8958
 31
1026.0417
  0
LINE
  8
0
 10
2324.2188
 20
7434.8958
 30
1026.0417
 11
2255.8594
 21
7421.875
 31
1031.25
  0
LINE
  8
0
 10
2255.8594
 20
7421.875
 30
1031.25
 11
2392.5781
 21
7395.8333
 31
1041.6667
  0
LINE
  8
0
 10
2392.5781
 20
7395.8333
 30
1041.6667
 11
2451.1719
 21
7330.7292
 31
1067.7083
  0
LINE
  8
0
 10
2451.1719
 20
7330.7292
 30
1067.7083
 11
2392.5781
 21
7395.8333
 31
1041.6667
  0
LINE
  8
0
 10
2392.5781
 20
7395.8333
 30
1041.6667
 11
2099.6094
 21
7434.8958
 31
1026.0417
  0
LINE
  8
0
 10
2099.6094
 20
7434.8958
 30
1026.0417
 11
1904.2969
 21
7330.7292
 31
1067.7083
  0
LINE
  8
0
 10
1904.2969
 20
7330.7292
 30
1067.7083
 11
2363.2812
 21
6875.0
 31
1250.0
  0
LINE
  8
0
 10
2363.2812
 20
6875.0
 30
1250.0
 11
2343.75
 21
6835.9375
 31
1265.625
  0
LINE
  8
0
 10
2343.75
 20
6835.9375
 30
1265.625
 11
2294.9219
 21
6875.0
 31
1250.0
  0
LINE
  8
0
 10
2294.9219
 20
6875.0
 30
1250.0
 11
2304.6875
 21
6822.9167
 31
1270.8333
  0
LINE
  8
0
 10
2304.6875
 20
6822.9167
 30
1270.8333
 11
2236.3281
 21
6888.0208
 31
1244.7917
  0
LINE
  8
0
 10
2236.3281
 20
6888.0208
 30
1244.7917
 11
2285.1562
 21
6809.8958
 31
1276.0417
  0
LINE
  8
0
 10
2285.1562
 20
6809.8958
 30
1276.0417
 11
2265.625
 21
6796.875
 31
1281.25
  0
LINE
  8
0
 10
2265.625
 20
6796.875
 30
1281.25
 11
2167.9688
 21
6914.0625
 31
1234.375
  0
LINE
  8
0
 10
2167.9688
 20
6914.0625
 30
1234.375
 11
2226.5625
 21
6875.0
 31
1250.0
  0
LINE
  8
0
 10
2226.5625
 20
6875.0
 30
1250.0
 11
2216.7969
 21
6914.0625
 31
1234.375
  0
LINE
  8
0
 10
2216.7969
 20
6914.0625
 30
1234.375
 11
1923.8281
 21
7213.5417
 31
1114.5833
  0
LINE
  8
0
 10
1923.8281
 20
7213.5417
 30
1114.5833
 11
1835.9375
 21
7291.6667
 31
1083.3333
  0
LINE
  8
0
 10
1835.9375
 20
7291.6667
 30
1083.3333
 11
1806.6406
 21
7239.5833
 31
1104.1667
  0
LINE
  8
0
 10
1806.6406
 20
7239.5833
 30
1104.1667
 11
1835.9375
 21
7304.6875
 31
1078.125
  0
LINE
  8
0
 10
1835.9375
 20
7304.6875
 30
1078.125
 11
1972.6562
 21
7174.4792
 31
1130.2083
  0
LINE
  8
0
 10
1972.6562
 20
7174.4792
 30
1130.2083
 11
1855.4688
 21
7343.75
 31
1062.5
  0
LINE
  8
0
 10
1855.4688
 20
7343.75
 30
1062.5
 11
1904.2969
 21
7330.7292
 31
1067.7083
  0
LINE
  8
0
 10
1904.2969
 20
7330.7292
 30
1067.7083
 11
2119.1406
 21
7447.9167
 31
1020.8333
  0
LINE
  8
0
 10
2119.1406
 20
7447.9167
 30
1020.8333
 11
2119.1406
 21
7460.9375
 31
1015.625
  0
LINE
  8
0
 10
8193.3594
 20
7460.9375
 30
1015.625
 11
8212.8906
 21
7421.875
 31
1031.25
  0
LINE
  8
0
 10
8212.8906
 20
7421.875
 30
1031.25
 11
8164.0625
 21
7356.7708
 31
1057.2917
  0
LINE
  8
0
 10
8164.0625
 20
7356.7708
 30
1057.2917
 11
8232.4219
 21
7395.8333
 31
1041.6667
  0
LINE
  8
0
 10
8232.4219
 20
7395.8333
 30
1041.6667
 11
8242.1875
 21
7369.7917
 31
1052.0833
  0
LINE
  8
0
 10
8242.1875
 20
7369.7917
 30
1052.0833
 11
8203.125
 21
7369.7917
 31
1052.0833
  0
LINE
  8
0
 10
8203.125
 20
7369.7917
 30
1052.0833
 11
8056.6406
 21
7200.5208
 31
1119.7917
  0
LINE
  8
0
 10
8056.6406
 20
7200.5208
 30
1119.7917
 11
8173.8281
 21
7343.75
 31
1062.5
  0
LINE
  8
0
 10
8173.8281
 20
7343.75
 30
1062.5
 11
8154.2969
 21
7356.7708
 31
1057.2917
  0
LINE
  8
0
 10
8154.2969
 20
7356.7708
 30
1057.2917
 11
7792.9688
 21
6940.1042
 31
1223.9583
  0
LINE
  8
0
 10
7792.9688
 20
6940.1042
 30
1223.9583
 11
7753.9062
 21
6953.125
 31
1218.75
  0
LINE
  8
0
 10
7753.9062
 20
6953.125
 30
1218.75
 11
8183.5938
 21
7447.9167
 31
1020.8333
  0
LINE
  8
0
 10
8183.5938
 20
7447.9167
 30
1020.8333
 11
8193.3594
 21
7460.9375
 31
1015.625
  0
LINE
  8
0
 10
3789.0625
 20
7447.9167
 30
1020.8333
 11
3818.3594
 21
7447.9167
 31
1020.8333
  0
LINE
  8
0
 10
3818.3594
 20
7447.9167
 30
1020.8333
 11
3720.7031
 21
7421.875
 31
1031.25
  0
LINE
  8
0
 10
3720.7031
 20
7421.875
 30
1031.25
 11
3779.2969
 21
7434.8958
 31
1026.0417
  0
LINE
  8
0
 10
3779.2969
 20
7434.8958
 30
1026.0417
 11
3789.0625
 21
7447.9167
 31
1020.8333
  0
LINE
  8
0
 10
7402.3438
 20
7447.9167
 30
1020.8333
 11
7343.75
 21
7447.9167
 31
1020.8333
  0
LINE
  8
0
 10
7343.75
 20
7447.9167
 30
1020.8333
 11
7392.5781
 21
7434.8958
 31
1026.0417
  0
LINE
  8
0
 10
7392.5781
 20
7434.8958
 30
1026.0417
 11
7402.3438
 21
7447.9167
 31
1020.8333
  0
LINE
  8
0
 10
7333.9844
 20
7434.8958
 30
1026.0417
 11
7285.1562
 21
7434.8958
 31
1026.0417
  0
LINE
  8
0
 10
7285.1562
 20
7434.8958
 30
1026.0417
 11
7324.2188
 21
7421.875
 31
1031.25
  0
LINE
  8
0
 10
7324.2188
 20
7421.875
 30
1031.25
 11
7333.9844
 21
7434.8958
 31
1026.0417
  0
LINE
  8
0
 10
1835.9375
 20
7408.8542
 30
1036.4583
 11
1855.4688
 21
7395.8333
 31
1041.6667
  0
LINE
  8
0
 10
1855.4688
 20
7395.8333
 30
1041.6667
 11
1796.875
 21
7382.8125
 31
1046.875
  0
LINE
  8
0
 10
1796.875
 20
7382.8125
 30
1046.875
 11
1826.1719
 21
7395.8333
 31
1041.6667
  0
LINE
  8
0
 10
1826.1719
 20
7395.8333
 30
1041.6667
 11
1835.9375
 21
7408.8542
 31
1036.4583
  0
LINE
  8
0
 10
5019.5312
 20
7408.8542
 30
1036.4583
 11
4990.2344
 21
7382.8125
 31
1046.875
  0
LINE
  8
0
 10
4990.2344
 20
7382.8125
 30
1046.875
 11
5009.7656
 21
7330.7292
 31
1067.7083
  0
LINE
  8
0
 10
5009.7656
 20
7330.7292
 30
1067.7083
 11
5019.5312
 21
7395.8333
 31
1041.6667
  0
LINE
  8
0
 10
5019.5312
 20
7395.8333
 30
1041.6667
 11
5019.5312
 21
7408.8542
 31
1036.4583
  0
LINE
  8
0
 10
5097.6562
 20
7395.8333
 30
1041.6667
 11
5107.4219
 21
7304.6875
 31
1078.125
  0
LINE
  8
0
 10
5107.4219
 20
7304.6875
 30
1078.125
 11
5097.6562
 21
7382.8125
 31
1046.875
  0
LINE
  8
0
 10
5097.6562
 20
7382.8125
 30
1046.875
 11
5097.6562
 21
7395.8333
 31
1041.6667
  0
LINE
  8
0
 10
8183.5938
 20
7395.8333
 30
1041.6667
 11
8134.7656
 21
7369.7917
 31
1052.0833
  0
LINE
  8
0
 10
8134.7656
 20
7369.7917
 30
1052.0833
 11
8173.8281
 21
7382.8125
 31
1046.875
  0
LINE
  8
0
 10
8173.8281
 20
7382.8125
 30
1046.875
 11
8183.5938
 21
7395.8333
 31
1041.6667
  0
LINE
  8
0
 10
2568.3594
 20
7382.8125
 30
1046.875
 11
2500.0
 21
7369.7917
 31
1052.0833
  0
LINE
  8
0
 10
2500.0
 20
7369.7917
 30
1052.0833
 11
2539.0625
 21
7369.7917
 31
1052.0833
  0
LINE
  8
0
 10
2539.0625
 20
7369.7917
 30
1052.0833
 11
2519.5312
 21
7356.7708
 31
1057.2917
  0
LINE
  8
0
 10
2519.5312
 20
7356.7708
 30
1057.2917
 11
2685.5469
 21
7148.4375
 31
1140.625
  0
LINE
  8
0
 10
2685.5469
 20
7148.4375
 30
1140.625
 11
2783.2031
 21
7304.6875
 31
1078.125
  0
LINE
  8
0
 10
2783.2031
 20
7304.6875
 30
1078.125
 11
2558.5938
 21
7369.7917
 31
1052.0833
  0
LINE
  8
0
 10
2558.5938
 20
7369.7917
 30
1052.0833
 11
2568.3594
 21
7382.8125
 31
1046.875
  0
LINE
  8
0
 10
2626.9531
 20
7369.7917
 30
1052.0833
 11
2568.3594
 21
7369.7917
 31
1052.0833
  0
LINE
  8
0
 10
2568.3594
 20
7369.7917
 30
1052.0833
 11
2617.1875
 21
7356.7708
 31
1057.2917
  0
LINE
  8
0
 10
2617.1875
 20
7356.7708
 30
1057.2917
 11
2626.9531
 21
7369.7917
 31
1052.0833
  0
LINE
  8
0
 10
5507.8125
 20
7369.7917
 30
1052.0833
 11
5537.1094
 21
7278.6458
 31
1088.5417
  0
LINE
  8
0
 10
5537.1094
 20
7278.6458
 30
1088.5417
 11
5507.8125
 21
7356.7708
 31
1057.2917
  0
LINE
  8
0
 10
5507.8125
 20
7356.7708
 30
1057.2917
 11
5507.8125
 21
7369.7917
 31
1052.0833
  0
LINE
  8
0
 10
7529.2969
 20
7369.7917
 30
1052.0833
 11
7470.7031
 21
7304.6875
 31
1078.125
  0
LINE
  8
0
 10
7470.7031
 20
7304.6875
 30
1078.125
 11
7529.2969
 21
7356.7708
 31
1057.2917
  0
LINE
  8
0
 10
7529.2969
 20
7356.7708
 30
1057.2917
 11
7529.2969
 21
7369.7917
 31
1052.0833
  0
LINE
  8
0
 10
2724.6094
 20
7356.7708
 30
1057.2917
 11
2646.4844
 21
7356.7708
 31
1057.2917
  0
LINE
  8
0
 10
2646.4844
 20
7356.7708
 30
1057.2917
 11
2714.8438
 21
7343.75
 31
1062.5
  0
LINE
  8
0
 10
2714.8438
 20
7343.75
 30
1062.5
 11
2724.6094
 21
7356.7708
 31
1057.2917
  0
LINE
  8
0
 10
2783.2031
 20
7343.75
 30
1062.5
 11
2724.6094
 21
7343.75
 31
1062.5
  0
LINE
  8
0
 10
2724.6094
 20
7343.75
 30
1062.5
 11
2773.4375
 21
7330.7292
 31
1067.7083
  0
LINE
  8
0
 10
2773.4375
 20
7330.7292
 30
1067.7083
 11
2783.2031
 21
7343.75
 31
1062.5
  0
LINE
  8
0
 10
1669.9219
 20
7330.7292
 30
1067.7083
 11
1669.9219
 21
7265.625
 31
1093.75
  0
LINE
  8
0
 10
1669.9219
 20
7265.625
 30
1093.75
 11
1669.9219
 21
7317.7083
 31
1072.9167
  0
LINE
  8
0
 10
1669.9219
 20
7317.7083
 30
1072.9167
 11
1669.9219
 21
7330.7292
 31
1067.7083
  0
LINE
  8
0
 10
2939.4531
 20
7317.7083
 30
1072.9167
 11
2880.8594
 21
7317.7083
 31
1072.9167
  0
LINE
  8
0
 10
2880.8594
 20
7317.7083
 30
1072.9167
 11
2929.6875
 21
7304.6875
 31
1078.125
  0
LINE
  8
0
 10
2929.6875
 20
7304.6875
 30
1078.125
 11
2939.4531
 21
7317.7083
 31
1072.9167
  0
LINE
  8
0
 10
8115.2344
 20
7317.7083
 30
1072.9167
 11
8046.875
 21
7265.625
 31
1093.75
  0
LINE
  8
0
 10
8046.875
 20
7265.625
 30
1093.75
 11
8105.4688
 21
7304.6875
 31
1078.125
  0
LINE
  8
0
 10
8105.4688
 20
7304.6875
 30
1078.125
 11
8115.2344
 21
7317.7083
 31
1072.9167
  0
LINE
  8
0
 10
4560.5469
 20
7265.625
 30
1093.75
 11
4531.25
 21
7200.5208
 31
1119.7917
  0
LINE
  8
0
 10
4531.25
 20
7200.5208
 30
1119.7917
 11
4560.5469
 21
7252.6042
 31
1098.9583
  0
LINE
  8
0
 10
4560.5469
 20
7252.6042
 30
1098.9583
 11
4560.5469
 21
7265.625
 31
1093.75
  0
LINE
  8
0
 10
6513.6719
 20
7265.625
 30
1093.75
 11
6591.7969
 21
7265.625
 31
1093.75
  0
LINE
  8
0
 10
6591.7969
 20
7265.625
 30
1093.75
 11
6503.9062
 21
7252.6042
 31
1098.9583
  0
LINE
  8
0
 10
6503.9062
 20
7252.6042
 30
1098.9583
 11
6513.6719
 21
7265.625
 31
1093.75
  0
LINE
  8
0
 10
5839.8438
 20
7252.6042
 30
1098.9583
 11
5888.6719
 21
7252.6042
 31
1098.9583
  0
LINE
  8
0
 10
5888.6719
 20
7252.6042
 30
1098.9583
 11
5810.5469
 21
7239.5833
 31
1104.1667
  0
LINE
  8
0
 10
5810.5469
 20
7239.5833
 30
1104.1667
 11
5830.0781
 21
7213.5417
 31
1114.5833
  0
LINE
  8
0
 10
5830.0781
 20
7213.5417
 30
1114.5833
 11
5800.7812
 21
7200.5208
 31
1119.7917
  0
LINE
  8
0
 10
5800.7812
 20
7200.5208
 30
1119.7917
 11
5761.7188
 21
7226.5625
 31
1109.375
  0
LINE
  8
0
 10
5761.7188
 20
7226.5625
 30
1109.375
 11
5625.0
 21
7174.4792
 31
1130.2083
  0
LINE
  8
0
 10
5625.0
 20
7174.4792
 30
1130.2083
 11
5654.2969
 21
7161.4583
 31
1135.4167
  0
LINE
  8
0
 10
5654.2969
 20
7161.4583
 30
1135.4167
 11
5605.4688
 21
7174.4792
 31
1130.2083
  0
LINE
  8
0
 10
5605.4688
 20
7174.4792
 30
1130.2083
 11
5830.0781
 21
7239.5833
 31
1104.1667
  0
LINE
  8
0
 10
5830.0781
 20
7239.5833
 30
1104.1667
 11
5839.8438
 21
7252.6042
 31
1098.9583
  0
LINE
  8
0
 10
8398.4375
 20
7239.5833
 30
1104.1667
 11
8496.0938
 21
4713.5417
 31
2114.5833
  0
LINE
  8
0
 10
8496.0938
 20
4713.5417
 30
2114.5833
 11
8398.4375
 21
7226.5625
 31
1109.375
  0
LINE
  8
0
 10
8398.4375
 20
7226.5625
 30
1109.375
 11
8398.4375
 21
7239.5833
 31
1104.1667
  0
LINE
  8
0
 10
1669.9219
 20
7200.5208
 30
1119.7917
 11
1572.2656
 21
2591.1458
 31
2963.5417
  0
LINE
  8
0
 10
1572.2656
 20
2591.1458
 30
2963.5417
 11
1542.9688
 21
2578.125
 31
2968.75
  0
LINE
  8
0
 10
1542.9688
 20
2578.125
 30
2968.75
 11
1513.6719
 21
2591.1458
 31
2963.5417
  0
LINE
  8
0
 10
1513.6719
 20
2591.1458
 30
2963.5417
 11
1552.7344
 21
2604.1667
 31
2958.3333
  0
LINE
  8
0
 10
1552.7344
 20
2604.1667
 30
2958.3333
 11
1562.5
 21
2695.3125
 31
2921.875
  0
LINE
  8
0
 10
1562.5
 20
2695.3125
 30
2921.875
 11
1669.9219
 21
7187.5
 31
1125.0
  0
LINE
  8
0
 10
1669.9219
 20
7187.5
 30
1125.0
 11
1669.9219
 21
7200.5208
 31
1119.7917
  0
LINE
  8
0
 10
4091.7969
 20
7200.5208
 30
1119.7917
 11
4160.1562
 21
7187.5
 31
1125.0
  0
LINE
  8
0
 10
4160.1562
 20
7187.5
 30
1125.0
 11
4101.5625
 21
7200.5208
 31
1119.7917
  0
LINE
  8
0
 10
4101.5625
 20
7200.5208
 30
1119.7917
 11
4091.7969
 21
7200.5208
 31
1119.7917
  0
LINE
  8
0
 10
5117.1875
 20
7187.5
 30
1125.0
 11
5400.3906
 21
7122.3958
 31
1151.0417
  0
LINE
  8
0
 10
5400.3906
 20
7122.3958
 30
1151.0417
 11
5458.9844
 21
7057.2917
 31
1177.0833
  0
LINE
  8
0
 10
5458.9844
 20
7057.2917
 30
1177.0833
 11
5429.6875
 21
7031.25
 31
1187.5
  0
LINE
  8
0
 10
5429.6875
 20
7031.25
 30
1187.5
 11
5449.2188
 21
7057.2917
 31
1177.0833
  0
LINE
  8
0
 10
5449.2188
 20
7057.2917
 30
1177.0833
 11
5419.9219
 21
7083.3333
 31
1166.6667
  0
LINE
  8
0
 10
5419.9219
 20
7083.3333
 30
1166.6667
 11
5126.9531
 21
7187.5
 31
1125.0
  0
LINE
  8
0
 10
5126.9531
 20
7187.5
 30
1125.0
 11
5117.1875
 21
7187.5
 31
1125.0
  0
LINE
  8
0
 10
8339.8438
 20
7187.5
 30
1125.0
 11
8291.0156
 21
7096.3542
 31
1161.4583
  0
LINE
  8
0
 10
8291.0156
 20
7096.3542
 30
1161.4583
 11
7900.3906
 21
6692.7083
 31
1322.9167
  0
LINE
  8
0
 10
7900.3906
 20
6692.7083
 30
1322.9167
 11
7939.4531
 21
5247.3958
 31
1901.0417
  0
LINE
  8
0
 10
7939.4531
 20
5247.3958
 30
1901.0417
 11
7968.75
 21
5065.1042
 31
1973.9583
  0
LINE
  8
0
 10
7968.75
 20
5065.1042
 30
1973.9583
 11
8398.4375
 21
5234.375
 31
1906.25
  0
LINE
  8
0
 10
8398.4375
 20
5234.375
 30
1906.25
 11
8417.9688
 21
5273.4375
 31
1890.625
  0
LINE
  8
0
 10
8417.9688
 20
5273.4375
 30
1890.625
 11
8359.375
 21
6979.1667
 31
1208.3333
  0
LINE
  8
0
 10
8359.375
 20
6979.1667
 30
1208.3333
 11
8417.9688
 21
5117.1875
 31
1953.125
  0
LINE
  8
0
 10
8417.9688
 20
5117.1875
 30
1953.125
 11
8505.8594
 21
3867.1875
 31
2453.125
  0
LINE
  8
0
 10
8505.8594
 20
3867.1875
 30
2453.125
 11
8486.3281
 21
3489.5833
 31
2604.1667
  0
LINE
  8
0
 10
8486.3281
 20
3489.5833
 30
2604.1667
 11
8515.625
 21
2656.25
 31
2937.5
  0
LINE
  8
0
 10
8515.625
 20
2656.25
 30
2937.5
 11
8476.5625
 21
2799.4792
 31
2880.2083
  0
LINE
  8
0
 10
8476.5625
 20
2799.4792
 30
2880.2083
 11
8193.3594
 21
2890.625
 31
2843.75
  0
LINE
  8
0
 10
8193.3594
 20
2890.625
 30
2843.75
 11
8193.3594
 21
2799.4792
 31
2880.2083
  0
LINE
  8
0
 10
8193.3594
 20
2799.4792
 30
2880.2083
 11
8154.2969
 21
2786.4583
 31
2885.4167
  0
LINE
  8
0
 10
8154.2969
 20
2786.4583
 30
2885.4167
 11
8154.2969
 21
2916.6667
 31
2833.3333
  0
LINE
  8
0
 10
8154.2969
 20
2916.6667
 30
2833.3333
 11
7978.5156
 21
2942.7083
 31
2822.9167
  0
LINE
  8
0
 10
7978.5156
 20
2942.7083
 30
2822.9167
 11
8007.8125
 21
3098.9583
 31
2760.4167
  0
LINE
  8
0
 10
8007.8125
 20
3098.9583
 30
2760.4167
 11
7939.4531
 21
4934.8958
 31
2026.0417
  0
LINE
  8
0
 10
7939.4531
 20
4934.8958
 30
2026.0417
 11
7900.3906
 21
5013.0208
 31
1994.7917
  0
LINE
  8
0
 10
7900.3906
 20
5013.0208
 30
1994.7917
 11
7929.6875
 21
5052.0833
 31
1979.1667
  0
LINE
  8
0
 10
7929.6875
 20
5052.0833
 30
1979.1667
 11
7929.6875
 21
5286.4583
 31
1885.4167
  0
LINE
  8
0
 10
7929.6875
 20
5286.4583
 30
1885.4167
 11
7880.8594
 21
6718.75
 31
1312.5
  0
LINE
  8
0
 10
7880.8594
 20
6718.75
 30
1312.5
 11
8330.0781
 21
7174.4792
 31
1130.2083
  0
LINE
  8
0
 10
8330.0781
 20
7174.4792
 30
1130.2083
 11
8339.8438
 21
7187.5
 31
1125.0
  0
LINE
  8
0
 10
2011.7188
 20
7161.4583
 30
1135.4167
 11
1972.6562
 21
7174.4792
 31
1130.2083
  0
LINE
  8
0
 10
1972.6562
 20
7174.4792
 30
1130.2083
 11
2050.7812
 21
7096.3542
 31
1161.4583
  0
LINE
  8
0
 10
2050.7812
 20
7096.3542
 30
1161.4583
 11
2021.4844
 21
7148.4375
 31
1140.625
  0
LINE
  8
0
 10
2021.4844
 20
7148.4375
 30
1140.625
 11
2011.7188
 21
7161.4583
 31
1135.4167
  0
LINE
  8
0
 10
4375.0
 20
7161.4583
 30
1135.4167
 11
4326.1719
 21
7161.4583
 31
1135.4167
  0
LINE
  8
0
 10
4326.1719
 20
7161.4583
 30
1135.4167
 11
4365.2344
 21
7148.4375
 31
1140.625
  0
LINE
  8
0
 10
4365.2344
 20
7148.4375
 30
1140.625
 11
4375.0
 21
7161.4583
 31
1135.4167
  0
LINE
  8
0
 10
6259.7656
 20
7135.4167
 30
1145.8333
 11
6269.5312
 21
7083.3333
 31
1166.6667
  0
LINE
  8
0
 10
6269.5312
 20
7083.3333
 30
1166.6667
 11
6123.0469
 21
6692.7083
 31
1322.9167
  0
LINE
  8
0
 10
6123.0469
 20
6692.7083
 30
1322.9167
 11
6142.5781
 21
6822.9167
 31
1270.8333
  0
LINE
  8
0
 10
6142.5781
 20
6822.9167
 30
1270.8333
 11
5859.375
 21
6927.0833
 31
1229.1667
  0
LINE
  8
0
 10
5859.375
 20
6927.0833
 30
1229.1667
 11
5898.4375
 21
6875.0
 31
1250.0
  0
LINE
  8
0
 10
5898.4375
 20
6875.0
 30
1250.0
 11
5878.9062
 21
6835.9375
 31
1265.625
  0
LINE
  8
0
 10
5878.9062
 20
6835.9375
 30
1265.625
 11
5849.6094
 21
6888.0208
 31
1244.7917
  0
LINE
  8
0
 10
5849.6094
 20
6888.0208
 30
1244.7917
 11
5878.9062
 21
6953.125
 31
1218.75
  0
LINE
  8
0
 10
5878.9062
 20
6953.125
 30
1218.75
 11
6162.1094
 21
6822.9167
 31
1270.8333
  0
LINE
  8
0
 10
6162.1094
 20
6822.9167
 30
1270.8333
 11
6269.5312
 21
7122.3958
 31
1151.0417
  0
LINE
  8
0
 10
6269.5312
 20
7122.3958
 30
1151.0417
 11
6259.7656
 21
7135.4167
 31
1145.8333
  0
LINE
  8
0
 10
3046.875
 20
7122.3958
 30
1151.0417
 11
3017.5781
 21
7096.3542
 31
1161.4583
  0
LINE
  8
0
 10
3017.5781
 20
7096.3542
 30
1161.4583
 11
3066.4062
 21
7070.3125
 31
1171.875
  0
LINE
  8
0
 10
3066.4062
 20
7070.3125
 30
1171.875
 11
3056.6406
 21
7109.375
 31
1156.25
  0
LINE
  8
0
 10
3056.6406
 20
7109.375
 30
1156.25
 11
3046.875
 21
7122.3958
 31
1151.0417
  0
LINE
  8
0
 10
4482.4219
 20
7122.3958
 30
1151.0417
 11
4511.7188
 21
7148.4375
 31
1140.625
  0
LINE
  8
0
 10
4511.7188
 20
7148.4375
 30
1140.625
 11
4443.3594
 21
7135.4167
 31
1145.8333
  0
LINE
  8
0
 10
4443.3594
 20
7135.4167
 30
1145.8333
 11
4472.6562
 21
7109.375
 31
1156.25
  0
LINE
  8
0
 10
4472.6562
 20
7109.375
 30
1156.25
 11
4482.4219
 21
7122.3958
 31
1151.0417
  0
LINE
  8
0
 10
6250.0
 20
7122.3958
 30
1151.0417
 11
6269.5312
 21
7135.4167
 31
1145.8333
  0
LINE
  8
0
 10
6269.5312
 20
7135.4167
 30
1145.8333
 11
6269.5312
 21
7083.3333
 31
1166.6667
  0
LINE
  8
0
 10
6269.5312
 20
7083.3333
 30
1166.6667
 11
6123.0469
 21
6692.7083
 31
1322.9167
  0
LINE
  8
0
 10
6123.0469
 20
6692.7083
 30
1322.9167
 11
6142.5781
 21
6822.9167
 31
1270.8333
  0
LINE
  8
0
 10
6142.5781
 20
6822.9167
 30
1270.8333
 11
5859.375
 21
6927.0833
 31
1229.1667
  0
LINE
  8
0
 10
5859.375
 20
6927.0833
 30
1229.1667
 11
5898.4375
 21
6875.0
 31
1250.0
  0
LINE
  8
0
 10
5898.4375
 20
6875.0
 30
1250.0
 11
5878.9062
 21
6835.9375
 31
1265.625
  0
LINE
  8
0
 10
5878.9062
 20
6835.9375
 30
1265.625
 11
5849.6094
 21
6888.0208
 31
1244.7917
  0
LINE
  8
0
 10
5849.6094
 20
6888.0208
 30
1244.7917
 11
5878.9062
 21
6953.125
 31
1218.75
  0
LINE
  8
0
 10
5878.9062
 20
6953.125
 30
1218.75
 11
6162.1094
 21
6822.9167
 31
1270.8333
  0
LINE
  8
0
 10
6162.1094
 20
6822.9167
 30
1270.8333
 11
6269.5312
 21
7096.3542
 31
1161.4583
  0
LINE
  8
0
 10
6269.5312
 20
7096.3542
 30
1161.4583
 11
6259.7656
 21
7135.4167
 31
1145.8333
  0
LINE
  8
0
 10
6259.7656
 20
7135.4167
 30
1145.8333
 11
6250.0
 21
7122.3958
 31
1151.0417
  0
LINE
  8
0
 10
1689.4531
 20
7109.375
 30
1156.25
 11
1699.2188
 21
7070.3125
 31
1171.875
  0
LINE
  8
0
 10
1699.2188
 20
7070.3125
 30
1171.875
 11
1738.2812
 21
7083.3333
 31
1166.6667
  0
LINE
  8
0
 10
1738.2812
 20
7083.3333
 30
1166.6667
 11
2265.625
 21
6627.6042
 31
1348.9583
  0
LINE
  8
0
 10
2265.625
 20
6627.6042
 30
1348.9583
 11
2216.7969
 21
5091.1458
 31
1963.5417
  0
LINE
  8
0
 10
2216.7969
 20
5091.1458
 30
1963.5417
 11
2246.0938
 21
4908.8542
 31
2036.4583
  0
LINE
  8
0
 10
2246.0938
 20
4908.8542
 30
2036.4583
 11
2216.7969
 21
4895.8333
 31
2041.6667
  0
LINE
  8
0
 10
2216.7969
 20
4895.8333
 30
2041.6667
 11
2177.7344
 21
3359.375
 31
2656.25
  0
LINE
  8
0
 10
2177.7344
 20
3359.375
 30
2656.25
 11
2177.7344
 21
2981.7708
 31
2807.2917
  0
LINE
  8
0
 10
2177.7344
 20
2981.7708
 30
2807.2917
 11
2207.0312
 21
2929.6875
 31
2828.125
  0
LINE
  8
0
 10
2207.0312
 20
2929.6875
 30
2828.125
 11
2197.2656
 21
2890.625
 31
2843.75
  0
LINE
  8
0
 10
2197.2656
 20
2890.625
 30
2843.75
 11
2021.4844
 21
2851.5625
 31
2859.375
  0
LINE
  8
0
 10
2021.4844
 20
2851.5625
 30
2859.375
 11
2001.9531
 21
2773.4375
 31
2890.625
  0
LINE
  8
0
 10
2001.9531
 20
2773.4375
 30
2890.625
 11
1972.6562
 21
2773.4375
 31
2890.625
  0
LINE
  8
0
 10
1972.6562
 20
2773.4375
 30
2890.625
 11
1972.6562
 21
2708.3333
 31
2916.6667
  0
LINE
  8
0
 10
1972.6562
 20
2708.3333
 30
2916.6667
 11
1953.125
 21
2812.5
 31
2875.0
  0
LINE
  8
0
 10
1953.125
 20
2812.5
 30
2875.0
 11
1621.0938
 21
2695.3125
 31
2921.875
  0
LINE
  8
0
 10
1621.0938
 20
2695.3125
 30
2921.875
 11
1611.3281
 21
2799.4792
 31
2880.2083
  0
LINE
  8
0
 10
1611.3281
 20
2799.4792
 30
2880.2083
 11
1660.1562
 21
5039.0625
 31
1984.375
  0
LINE
  8
0
 10
1660.1562
 20
5039.0625
 30
1984.375
 11
1669.9219
 21
5078.125
 31
1968.75
  0
LINE
  8
0
 10
1669.9219
 20
5078.125
 30
1968.75
 11
1718.75
 21
5078.125
 31
1968.75
  0
LINE
  8
0
 10
1718.75
 20
5078.125
 30
1968.75
 11
2001.9531
 21
5000.0
 31
2000.0
  0
LINE
  8
0
 10
2001.9531
 20
5000.0
 30
2000.0
 11
1669.9219
 21
5104.1667
 31
1958.3333
  0
LINE
  8
0
 10
1669.9219
 20
5104.1667
 30
1958.3333
 11
1660.1562
 21
5156.25
 31
1937.5
  0
LINE
  8
0
 10
1660.1562
 20
5156.25
 30
1937.5
 11
1708.9844
 21
6875.0
 31
1250.0
  0
LINE
  8
0
 10
1708.9844
 20
6875.0
 30
1250.0
 11
1679.6875
 21
5195.3125
 31
1921.875
  0
LINE
  8
0
 10
1679.6875
 20
5195.3125
 30
1921.875
 11
2187.5
 21
5013.0208
 31
1994.7917
  0
LINE
  8
0
 10
2187.5
 20
5013.0208
 30
1994.7917
 11
2226.5625
 21
6614.5833
 31
1354.1667
  0
LINE
  8
0
 10
2226.5625
 20
6614.5833
 30
1354.1667
 11
1689.4531
 21
7096.3542
 31
1161.4583
  0
LINE
  8
0
 10
1689.4531
 20
7096.3542
 30
1161.4583
 11
1689.4531
 21
7109.375
 31
1156.25
  0
LINE
  8
0
 10
6250.0
 20
7109.375
 30
1156.25
 11
6269.5312
 21
7135.4167
 31
1145.8333
  0
LINE
  8
0
 10
6269.5312
 20
7135.4167
 30
1145.8333
 11
6123.0469
 21
6692.7083
 31
1322.9167
  0
LINE
  8
0
 10
6123.0469
 20
6692.7083
 30
1322.9167
 11
6142.5781
 21
6822.9167
 31
1270.8333
  0
LINE
  8
0
 10
6142.5781
 20
6822.9167
 30
1270.8333
 11
5859.375
 21
6927.0833
 31
1229.1667
  0
LINE
  8
0
 10
5859.375
 20
6927.0833
 30
1229.1667
 11
5898.4375
 21
6875.0
 31
1250.0
  0
LINE
  8
0
 10
5898.4375
 20
6875.0
 30
1250.0
 11
5878.9062
 21
6835.9375
 31
1265.625
  0
LINE
  8
0
 10
5878.9062
 20
6835.9375
 30
1265.625
 11
5849.6094
 21
6888.0208
 31
1244.7917
  0
LINE
  8
0
 10
5849.6094
 20
6888.0208
 30
1244.7917
 11
5878.9062
 21
6953.125
 31
1218.75
  0
LINE
  8
0
 10
5878.9062
 20
6953.125
 30
1218.75
 11
6162.1094
 21
6822.9167
 31
1270.8333
  0
LINE
  8
0
 10
6162.1094
 20
6822.9167
 30
1270.8333
 11
6269.5312
 21
7096.3542
 31
1161.4583
  0
LINE
  8
0
 10
6269.5312
 20
7096.3542
 30
1161.4583
 11
6250.0
 21
7122.3958
 31
1151.0417
  0
LINE
  8
0
 10
6250.0
 20
7122.3958
 30
1151.0417
 11
6250.0
 21
7109.375
 31
1156.25
  0
LINE
  8
0
 10
4443.3594
 20
7096.3542
 30
1161.4583
 11
4375.0
 21
7005.2083
 31
1197.9167
  0
LINE
  8
0
 10
4375.0
 20
7005.2083
 30
1197.9167
 11
4433.5938
 21
7083.3333
 31
1166.6667
  0
LINE
  8
0
 10
4433.5938
 20
7083.3333
 30
1166.6667
 11
4443.3594
 21
7096.3542
 31
1161.4583
  0
LINE
  8
0
 10
8818.3594
 20
7096.3542
 30
1161.4583
 11
8828.125
 21
6744.7917
 31
1302.0833
  0
LINE
  8
0
 10
8828.125
 20
6744.7917
 30
1302.0833
 11
8818.3594
 21
7083.3333
 31
1166.6667
  0
LINE
  8
0
 10
8818.3594
 20
7083.3333
 30
1166.6667
 11
8818.3594
 21
7096.3542
 31
1161.4583
  0
LINE
  8
0
 10
5498.0469
 20
7083.3333
 30
1166.6667
 11
5791.0156
 21
6966.1458
 31
1213.5417
  0
LINE
  8
0
 10
5791.0156
 20
6966.1458
 30
1213.5417
 11
5820.3125
 21
6914.0625
 31
1234.375
  0
LINE
  8
0
 10
5820.3125
 20
6914.0625
 30
1234.375
 11
5478.5156
 21
7044.2708
 31
1182.2917
  0
LINE
  8
0
 10
5478.5156
 20
7044.2708
 30
1182.2917
 11
5498.0469
 21
7070.3125
 31
1171.875
  0
LINE
  8
0
 10
5498.0469
 20
7070.3125
 30
1171.875
 11
5498.0469
 21
7083.3333
 31
1166.6667
  0
LINE
  8
0
 10
7099.6094
 20
7083.3333
 30
1166.6667
 11
7031.25
 21
7096.3542
 31
1161.4583
  0
LINE
  8
0
 10
7031.25
 20
7096.3542
 30
1161.4583
 11
6962.8906
 21
7031.25
 31
1187.5
  0
LINE
  8
0
 10
6962.8906
 20
7031.25
 30
1187.5
 11
7070.3125
 21
6979.1667
 31
1208.3333
  0
LINE
  8
0
 10
7070.3125
 20
6979.1667
 30
1208.3333
 11
7148.4375
 21
7057.2917
 31
1177.0833
  0
LINE
  8
0
 10
7148.4375
 20
7057.2917
 30
1177.0833
 11
7109.375
 21
7083.3333
 31
1166.6667
  0
LINE
  8
0
 10
7109.375
 20
7083.3333
 30
1166.6667
 11
7099.6094
 21
7083.3333
 31
1166.6667
  0
LINE
  8
0
 10
2099.6094
 20
7070.3125
 30
1171.875
 11
2050.7812
 21
7096.3542
 31
1161.4583
  0
LINE
  8
0
 10
2050.7812
 20
7096.3542
 30
1161.4583
 11
2128.9062
 21
7018.2292
 31
1192.7083
  0
LINE
  8
0
 10
2128.9062
 20
7018.2292
 30
1192.7083
 11
2109.375
 21
7070.3125
 31
1171.875
  0
LINE
  8
0
 10
2109.375
 20
7070.3125
 30
1171.875
 11
2099.6094
 21
7070.3125
 31
1171.875
  0
LINE
  8
0
 10
7929.6875
 20
7057.2917
 30
1177.0833
 11
7802.7344
 21
6914.0625
 31
1234.375
  0
LINE
  8
0
 10
7802.7344
 20
6914.0625
 30
1234.375
 11
7919.9219
 21
7044.2708
 31
1182.2917
  0
LINE
  8
0
 10
7919.9219
 20
7044.2708
 30
1182.2917
 11
7929.6875
 21
7057.2917
 31
1177.0833
  0
LINE
  8
0
 10
2919.9219
 20
7044.2708
 30
1182.2917
 11
2861.3281
 21
7031.25
 31
1187.5
  0
LINE
  8
0
 10
2861.3281
 20
7031.25
 30
1187.5
 11
2910.1562
 21
7031.25
 31
1187.5
  0
LINE
  8
0
 10
2910.1562
 20
7031.25
 30
1187.5
 11
2919.9219
 21
7044.2708
 31
1182.2917
  0
LINE
  8
0
 10
3857.4219
 20
7044.2708
 30
1182.2917
 11
3818.3594
 21
7070.3125
 31
1171.875
  0
LINE
  8
0
 10
3818.3594
 20
7070.3125
 30
1171.875
 11
3867.1875
 21
6979.1667
 31
1208.3333
  0
LINE
  8
0
 10
3867.1875
 20
6979.1667
 30
1208.3333
 11
3867.1875
 21
7031.25
 31
1187.5
  0
LINE
  8
0
 10
3867.1875
 20
7031.25
 30
1187.5
 11
3857.4219
 21
7044.2708
 31
1182.2917
  0
LINE
  8
0
 10
5019.5312
 20
7044.2708
 30
1182.2917
 11
5078.125
 21
7044.2708
 31
1182.2917
  0
LINE
  8
0
 10
5078.125
 20
7044.2708
 30
1182.2917
 11
5117.1875
 21
6953.125
 31
1218.75
  0
LINE
  8
0
 10
5117.1875
 20
6953.125
 30
1218.75
 11
5175.7812
 21
6927.0833
 31
1229.1667
  0
LINE
  8
0
 10
5175.7812
 20
6927.0833
 30
1229.1667
 11
5166.0156
 21
6835.9375
 31
1265.625
  0
LINE
  8
0
 10
5166.0156
 20
6835.9375
 30
1265.625
 11
5283.2031
 21
6835.9375
 31
1265.625
  0
LINE
  8
0
 10
5283.2031
 20
6835.9375
 30
1265.625
 11
5244.1406
 21
6861.9792
 31
1255.2083
  0
LINE
  8
0
 10
5244.1406
 20
6861.9792
 30
1255.2083
 11
5283.2031
 21
6888.0208
 31
1244.7917
  0
LINE
  8
0
 10
5283.2031
 20
6888.0208
 30
1244.7917
 11
5849.6094
 21
6679.6875
 31
1328.125
  0
LINE
  8
0
 10
5849.6094
 20
6679.6875
 30
1328.125
 11
5791.0156
 21
6653.6458
 31
1338.5417
  0
LINE
  8
0
 10
5791.0156
 20
6653.6458
 30
1338.5417
 11
5546.875
 21
6731.7708
 31
1307.2917
  0
LINE
  8
0
 10
5546.875
 20
6731.7708
 30
1307.2917
 11
5507.8125
 21
6757.8125
 31
1296.875
  0
LINE
  8
0
 10
5507.8125
 20
6757.8125
 30
1296.875
 11
5537.1094
 21
6783.8542
 31
1286.4583
  0
LINE
  8
0
 10
5537.1094
 20
6783.8542
 30
1286.4583
 11
5478.5156
 21
6809.8958
 31
1276.0417
  0
LINE
  8
0
 10
5478.5156
 20
6809.8958
 30
1276.0417
 11
5429.6875
 21
6796.875
 31
1281.25
  0
LINE
  8
0
 10
5429.6875
 20
6796.875
 30
1281.25
 11
5488.2812
 21
6770.8333
 31
1291.6667
  0
LINE
  8
0
 10
5488.2812
 20
6770.8333
 30
1291.6667
 11
5351.5625
 21
6822.9167
 31
1270.8333
  0
LINE
  8
0
 10
5351.5625
 20
6822.9167
 30
1270.8333
 11
5146.4844
 21
6822.9167
 31
1270.8333
  0
LINE
  8
0
 10
5146.4844
 20
6822.9167
 30
1270.8333
 11
5097.6562
 21
6757.8125
 31
1296.875
  0
LINE
  8
0
 10
5097.6562
 20
6757.8125
 30
1296.875
 11
5019.5312
 21
6757.8125
 31
1296.875
  0
LINE
  8
0
 10
5019.5312
 20
6757.8125
 30
1296.875
 11
4970.7031
 21
6809.8958
 31
1276.0417
  0
LINE
  8
0
 10
4970.7031
 20
6809.8958
 30
1276.0417
 11
4765.625
 21
6822.9167
 31
1270.8333
  0
LINE
  8
0
 10
4765.625
 20
6822.9167
 30
1270.8333
 11
4287.1094
 21
6614.5833
 31
1354.1667
  0
LINE
  8
0
 10
4287.1094
 20
6614.5833
 30
1354.1667
 11
4267.5781
 21
6223.9583
 31
1510.4167
  0
LINE
  8
0
 10
4267.5781
 20
6223.9583
 30
1510.4167
 11
5849.6094
 21
6223.9583
 31
1510.4167
  0
LINE
  8
0
 10
5849.6094
 20
6223.9583
 30
1510.4167
 11
5869.1406
 21
6614.5833
 31
1354.1667
  0
LINE
  8
0
 10
5869.1406
 20
6614.5833
 30
1354.1667
 11
5820.3125
 21
6640.625
 31
1343.75
  0
LINE
  8
0
 10
5820.3125
 20
6640.625
 30
1343.75
 11
5869.1406
 21
6627.6042
 31
1348.9583
  0
LINE
  8
0
 10
5869.1406
 20
6627.6042
 30
1348.9583
 11
5898.4375
 21
4908.8542
 31
2036.4583
  0
LINE
  8
0
 10
5898.4375
 20
4908.8542
 30
2036.4583
 11
5908.2031
 21
5312.5
 31
1875.0
  0
LINE
  8
0
 10
5908.2031
 20
5312.5
 30
1875.0
 11
5888.6719
 21
4739.5833
 31
2104.1667
  0
LINE
  8
0
 10
5888.6719
 20
4739.5833
 30
2104.1667
 11
5917.9688
 21
3216.1458
 31
2713.5417
  0
LINE
  8
0
 10
5917.9688
 20
3216.1458
 30
2713.5417
 11
5947.2656
 21
3125.0
 31
2750.0
  0
LINE
  8
0
 10
5947.2656
 20
3125.0
 30
2750.0
 11
5976.5625
 21
3138.0208
 31
2744.7917
  0
LINE
  8
0
 10
5976.5625
 20
3138.0208
 30
2744.7917
 11
5976.5625
 21
3216.1458
 31
2713.5417
  0
LINE
  8
0
 10
5976.5625
 20
3216.1458
 30
2713.5417
 11
5937.5
 21
6041.6667
 31
1583.3333
  0
LINE
  8
0
 10
5937.5
 20
6041.6667
 30
1583.3333
 11
5966.7969
 21
4856.7708
 31
2057.2917
  0
LINE
  8
0
 10
5966.7969
 20
4856.7708
 30
2057.2917
 11
7207.0312
 21
4856.7708
 31
2057.2917
  0
LINE
  8
0
 10
7207.0312
 20
4856.7708
 30
2057.2917
 11
7197.2656
 21
5976.5625
 31
1609.375
  0
LINE
  8
0
 10
7197.2656
 20
5976.5625
 30
1609.375
 11
7226.5625
 21
6054.6875
 31
1578.125
  0
LINE
  8
0
 10
7226.5625
 20
6054.6875
 30
1578.125
 11
7265.625
 21
4570.3125
 31
2171.875
  0
LINE
  8
0
 10
7265.625
 20
4570.3125
 30
2171.875
 11
7246.0938
 21
4856.7708
 31
2057.2917
  0
LINE
  8
0
 10
7246.0938
 20
4856.7708
 30
2057.2917
 11
7216.7969
 21
4765.625
 31
2093.75
  0
LINE
  8
0
 10
7216.7969
 20
4765.625
 30
2093.75
 11
7285.1562
 21
3151.0417
 31
2739.5833
  0
LINE
  8
0
 10
7285.1562
 20
3151.0417
 30
2739.5833
 11
6308.5938
 21
3177.0833
 31
2729.1667
  0
LINE
  8
0
 10
6308.5938
 20
3177.0833
 30
2729.1667
 11
6103.5156
 21
3164.0625
 31
2734.375
  0
LINE
  8
0
 10
6103.5156
 20
3164.0625
 30
2734.375
 11
6103.5156
 21
3125.0
 31
2750.0
  0
LINE
  8
0
 10
6103.5156
 20
3125.0
 30
2750.0
 11
6025.3906
 21
3125.0
 31
2750.0
  0
LINE
  8
0
 10
6025.3906
 20
3125.0
 30
2750.0
 11
6015.625
 21
3085.9375
 31
2765.625
  0
LINE
  8
0
 10
6015.625
 20
3085.9375
 30
2765.625
 11
5888.6719
 21
3072.9167
 31
2770.8333
  0
LINE
  8
0
 10
5888.6719
 20
3072.9167
 30
2770.8333
 11
5771.4844
 21
3085.9375
 31
2765.625
  0
LINE
  8
0
 10
5771.4844
 20
3085.9375
 30
2765.625
 11
5996.0938
 21
3085.9375
 31
2765.625
  0
LINE
  8
0
 10
5996.0938
 20
3085.9375
 30
2765.625
 11
6015.625
 21
3138.0208
 31
2744.7917
  0
LINE
  8
0
 10
6015.625
 20
3138.0208
 30
2744.7917
 11
6074.2188
 21
3151.0417
 31
2739.5833
  0
LINE
  8
0
 10
6074.2188
 20
3151.0417
 30
2739.5833
 11
5996.0938
 21
3177.0833
 31
2729.1667
  0
LINE
  8
0
 10
5996.0938
 20
3177.0833
 30
2729.1667
 11
5937.5
 21
3111.9792
 31
2755.2083
  0
LINE
  8
0
 10
5937.5
 20
3111.9792
 30
2755.2083
 11
5908.2031
 21
3190.1042
 31
2723.9583
  0
LINE
  8
0
 10
5908.2031
 20
3190.1042
 30
2723.9583
 11
4765.625
 21
3190.1042
 31
2723.9583
  0
LINE
  8
0
 10
4765.625
 20
3190.1042
 30
2723.9583
 11
4833.9844
 21
3164.0625
 31
2734.375
  0
LINE
  8
0
 10
4833.9844
 20
3164.0625
 30
2734.375
 11
4257.8125
 21
3177.0833
 31
2729.1667
  0
LINE
  8
0
 10
4257.8125
 20
3177.0833
 30
2729.1667
 11
4208.9844
 21
3125.0
 31
2750.0
  0
LINE
  8
0
 10
4208.9844
 20
3125.0
 30
2750.0
 11
4248.0469
 21
3203.125
 31
2718.75
  0
LINE
  8
0
 10
4248.0469
 20
3203.125
 30
2718.75
 11
4228.5156
 21
4882.8125
 31
2046.875
  0
LINE
  8
0
 10
4228.5156
 20
4882.8125
 30
2046.875
 11
4238.2812
 21
4856.7708
 31
2057.2917
  0
LINE
  8
0
 10
4238.2812
 20
4856.7708
 30
2057.2917
 11
4257.8125
 21
6640.625
 31
1343.75
  0
LINE
  8
0
 10
4257.8125
 20
6640.625
 30
1343.75
 11
4941.4062
 21
6914.0625
 31
1234.375
  0
LINE
  8
0
 10
4941.4062
 20
6914.0625
 30
1234.375
 11
5019.5312
 21
7031.25
 31
1187.5
  0
LINE
  8
0
 10
5019.5312
 20
7031.25
 30
1187.5
 11
5019.5312
 21
7044.2708
 31
1182.2917
  0
LINE
  8
0
 10
7373.0469
 20
7031.25
 30
1187.5
 11
7431.6406
 21
7031.25
 31
1187.5
  0
LINE
  8
0
 10
7431.6406
 20
7031.25
 30
1187.5
 11
7382.8125
 21
7031.25
 31
1187.5
  0
LINE
  8
0
 10
7382.8125
 20
7031.25
 30
1187.5
 11
7373.0469
 21
7031.25
 31
1187.5
  0
LINE
  8
0
 10
7460.9375
 20
7018.2292
 30
1192.7083
 11
7509.7656
 21
7031.25
 31
1187.5
  0
LINE
  8
0
 10
7509.7656
 20
7031.25
 30
1187.5
 11
7480.4688
 21
7018.2292
 31
1192.7083
  0
LINE
  8
0
 10
7480.4688
 20
7018.2292
 30
1192.7083
 11
7509.7656
 21
6992.1875
 31
1203.125
  0
LINE
  8
0
 10
7509.7656
 20
6992.1875
 30
1203.125
 11
7470.7031
 21
7018.2292
 31
1192.7083
  0
LINE
  8
0
 10
7470.7031
 20
7018.2292
 30
1192.7083
 11
7460.9375
 21
7018.2292
 31
1192.7083
  0
LINE
  8
0
 10
3056.6406
 20
7005.2083
 30
1197.9167
 11
2988.2812
 21
7018.2292
 31
1192.7083
  0
LINE
  8
0
 10
2988.2812
 20
7018.2292
 30
1192.7083
 11
2919.9219
 21
6966.1458
 31
1213.5417
  0
LINE
  8
0
 10
2919.9219
 20
6966.1458
 30
1213.5417
 11
3046.875
 21
6901.0417
 31
1239.5833
  0
LINE
  8
0
 10
3046.875
 20
6901.0417
 30
1239.5833
 11
3115.2344
 21
6953.125
 31
1218.75
  0
LINE
  8
0
 10
3115.2344
 20
6953.125
 30
1218.75
 11
3066.4062
 21
6992.1875
 31
1203.125
  0
LINE
  8
0
 10
3066.4062
 20
6992.1875
 30
1203.125
 11
3056.6406
 21
7005.2083
 31
1197.9167
  0
LINE
  8
0
 10
2177.7344
 20
6992.1875
 30
1203.125
 11
2128.9062
 21
7018.2292
 31
1192.7083
  0
LINE
  8
0
 10
2128.9062
 20
7018.2292
 30
1192.7083
 11
2167.9688
 21
6979.1667
 31
1208.3333
  0
LINE
  8
0
 10
2167.9688
 20
6979.1667
 30
1208.3333
 11
2177.7344
 21
6992.1875
 31
1203.125
  0
LINE
  8
0
 10
2216.7969
 20
6992.1875
 30
1203.125
 11
2167.9688
 21
6979.1667
 31
1208.3333
  0
LINE
  8
0
 10
2167.9688
 20
6979.1667
 30
1208.3333
 11
2285.1562
 21
6861.9792
 31
1255.2083
  0
LINE
  8
0
 10
2285.1562
 20
6861.9792
 30
1255.2083
 11
2226.5625
 21
6979.1667
 31
1208.3333
  0
LINE
  8
0
 10
2226.5625
 20
6979.1667
 30
1208.3333
 11
2216.7969
 21
6992.1875
 31
1203.125
  0
LINE
  8
0
 10
2568.3594
 20
6979.1667
 30
1208.3333
 11
2519.5312
 21
6953.125
 31
1218.75
  0
LINE
  8
0
 10
2519.5312
 20
6953.125
 30
1218.75
 11
2558.5938
 21
6966.1458
 31
1213.5417
  0
LINE
  8
0
 10
2558.5938
 20
6966.1458
 30
1213.5417
 11
2568.3594
 21
6979.1667
 31
1208.3333
  0
LINE
  8
0
 10
7900.3906
 20
6979.1667
 30
1208.3333
 11
7929.6875
 21
6979.1667
 31
1208.3333
  0
LINE
  8
0
 10
7929.6875
 20
6979.1667
 30
1208.3333
 11
7841.7969
 21
6901.0417
 31
1239.5833
  0
LINE
  8
0
 10
7841.7969
 20
6901.0417
 30
1239.5833
 11
7890.625
 21
6966.1458
 31
1213.5417
  0
LINE
  8
0
 10
7890.625
 20
6966.1458
 30
1213.5417
 11
7900.3906
 21
6979.1667
 31
1208.3333
  0
LINE
  8
0
 10
1250.0
 20
6966.1458
 30
1213.5417
 11
1250.0
 21
6770.8333
 31
1291.6667
  0
LINE
  8
0
 10
1250.0
 20
6770.8333
 30
1291.6667
 11
1250.0
 21
6953.125
 31
1218.75
  0
LINE
  8
0
 10
1250.0
 20
6953.125
 30
1218.75
 11
1250.0
 21
6966.1458
 31
1213.5417
  0
LINE
  8
0
 10
7568.3594
 20
6966.1458
 30
1213.5417
 11
7636.7188
 21
6940.1042
 31
1223.9583
  0
LINE
  8
0
 10
7636.7188
 20
6940.1042
 30
1223.9583
 11
7578.125
 21
6953.125
 31
1218.75
  0
LINE
  8
0
 10
7578.125
 20
6953.125
 30
1218.75
 11
7568.3594
 21
6966.1458
 31
1213.5417
  0
LINE
  8
0
 10
2675.7812
 20
6953.125
 30
1218.75
 11
2724.6094
 21
6953.125
 31
1218.75
  0
LINE
  8
0
 10
2724.6094
 20
6953.125
 30
1218.75
 11
2675.7812
 21
6940.1042
 31
1223.9583
  0
LINE
  8
0
 10
2675.7812
 20
6940.1042
 30
1223.9583
 11
2675.7812
 21
6953.125
 31
1218.75
  0
LINE
  8
0
 10
2636.7188
 20
6940.1042
 30
1223.9583
 11
2587.8906
 21
6914.0625
 31
1234.375
  0
LINE
  8
0
 10
2587.8906
 20
6914.0625
 30
1234.375
 11
2626.9531
 21
6927.0833
 31
1229.1667
  0
LINE
  8
0
 10
2626.9531
 20
6927.0833
 30
1229.1667
 11
2636.7188
 21
6940.1042
 31
1223.9583
  0
LINE
  8
0
 10
6689.4531
 20
6927.0833
 30
1229.1667
 11
6650.3906
 21
6940.1042
 31
1223.9583
  0
LINE
  8
0
 10
6650.3906
 20
6940.1042
 30
1223.9583
 11
6679.6875
 21
6914.0625
 31
1234.375
  0
LINE
  8
0
 10
6679.6875
 20
6914.0625
 30
1234.375
 11
6689.4531
 21
6927.0833
 31
1229.1667
  0
LINE
  8
0
 10
7666.0156
 20
6927.0833
 30
1229.1667
 11
7724.6094
 21
6914.0625
 31
1234.375
  0
LINE
  8
0
 10
7724.6094
 20
6914.0625
 30
1234.375
 11
7675.7812
 21
6914.0625
 31
1234.375
  0
LINE
  8
0
 10
7675.7812
 20
6914.0625
 30
1234.375
 11
7666.0156
 21
6927.0833
 31
1229.1667
  0
LINE
  8
0
 10
4228.5156
 20
6901.0417
 30
1239.5833
 11
4287.1094
 21
6875.0
 31
1250.0
  0
LINE
  8
0
 10
4287.1094
 20
6875.0
 30
1250.0
 11
4238.2812
 21
6875.0
 31
1250.0
  0
LINE
  8
0
 10
4238.2812
 20
6875.0
 30
1250.0
 11
4287.1094
 21
6848.9583
 31
1260.4167
  0
LINE
  8
0
 10
4287.1094
 20
6848.9583
 30
1260.4167
 11
4248.0469
 21
6809.8958
 31
1276.0417
  0
LINE
  8
0
 10
4248.0469
 20
6809.8958
 30
1276.0417
 11
4208.9844
 21
6835.9375
 31
1265.625
  0
LINE
  8
0
 10
4208.9844
 20
6835.9375
 30
1265.625
 11
4248.0469
 21
6861.9792
 31
1255.2083
  0
LINE
  8
0
 10
4248.0469
 20
6861.9792
 30
1255.2083
 11
4218.75
 21
6875.0
 31
1250.0
  0
LINE
  8
0
 10
4218.75
 20
6875.0
 30
1250.0
 11
3984.375
 21
6783.8542
 31
1286.4583
  0
LINE
  8
0
 10
3984.375
 20
6783.8542
 30
1286.4583
 11
4218.75
 21
6888.0208
 31
1244.7917
  0
LINE
  8
0
 10
4218.75
 20
6888.0208
 30
1244.7917
 11
4228.5156
 21
6901.0417
 31
1239.5833
  0
LINE
  8
0
 10
4365.2344
 20
6901.0417
 30
1239.5833
 11
4414.0625
 21
6914.0625
 31
1234.375
  0
LINE
  8
0
 10
4414.0625
 20
6914.0625
 30
1234.375
 11
4355.4688
 21
6888.0208
 31
1244.7917
  0
LINE
  8
0
 10
4355.4688
 20
6888.0208
 30
1244.7917
 11
4365.2344
 21
6901.0417
 31
1239.5833
  0
LINE
  8
0
 10
4960.9375
 20
6901.0417
 30
1239.5833
 11
4824.2188
 21
6861.9792
 31
1255.2083
  0
LINE
  8
0
 10
4824.2188
 20
6861.9792
 30
1255.2083
 11
4892.5781
 21
6861.9792
 31
1255.2083
  0
LINE
  8
0
 10
4892.5781
 20
6861.9792
 30
1255.2083
 11
4863.2812
 21
6848.9583
 31
1260.4167
  0
LINE
  8
0
 10
4863.2812
 20
6848.9583
 30
1260.4167
 11
4912.1094
 21
6822.9167
 31
1270.8333
  0
LINE
  8
0
 10
4912.1094
 20
6822.9167
 30
1270.8333
 11
4951.1719
 21
6888.0208
 31
1244.7917
  0
LINE
  8
0
 10
4951.1719
 20
6888.0208
 30
1244.7917
 11
4960.9375
 21
6901.0417
 31
1239.5833
  0
LINE
  8
0
 10
6240.2344
 20
6901.0417
 30
1239.5833
 11
6230.4688
 21
6796.875
 31
1281.25
  0
LINE
  8
0
 10
6230.4688
 20
6796.875
 30
1281.25
 11
6884.7656
 21
6575.5208
 31
1369.7917
  0
LINE
  8
0
 10
6884.7656
 20
6575.5208
 30
1369.7917
 11
6953.125
 21
6575.5208
 31
1369.7917
  0
LINE
  8
0
 10
6953.125
 20
6575.5208
 30
1369.7917
 11
7089.8438
 21
6809.8958
 31
1276.0417
  0
LINE
  8
0
 10
7089.8438
 20
6809.8958
 30
1276.0417
 11
7158.2031
 21
6809.8958
 31
1276.0417
  0
LINE
  8
0
 10
7158.2031
 20
6809.8958
 30
1276.0417
 11
6943.3594
 21
6549.4792
 31
1380.2083
  0
LINE
  8
0
 10
6943.3594
 20
6549.4792
 30
1380.2083
 11
7021.4844
 21
6510.4167
 31
1395.8333
  0
LINE
  8
0
 10
7021.4844
 20
6510.4167
 30
1395.8333
 11
6718.75
 21
6614.5833
 31
1354.1667
  0
LINE
  8
0
 10
6718.75
 20
6614.5833
 30
1354.1667
 11
6777.3438
 21
6562.5
 31
1375.0
  0
LINE
  8
0
 10
6777.3438
 20
6562.5
 30
1375.0
 11
6738.2812
 21
6549.4792
 31
1380.2083
  0
LINE
  8
0
 10
6738.2812
 20
6549.4792
 30
1380.2083
 11
6796.875
 21
6458.3333
 31
1416.6667
  0
LINE
  8
0
 10
6796.875
 20
6458.3333
 30
1416.6667
 11
6787.1094
 21
6393.2292
 31
1442.7083
  0
LINE
  8
0
 10
6787.1094
 20
6393.2292
 30
1442.7083
 11
6738.2812
 21
6328.125
 31
1468.75
  0
LINE
  8
0
 10
6738.2812
 20
6328.125
 30
1468.75
 11
6660.1562
 21
6328.125
 31
1468.75
  0
LINE
  8
0
 10
6660.1562
 20
6328.125
 30
1468.75
 11
6601.5625
 21
6393.2292
 31
1442.7083
  0
LINE
  8
0
 10
6601.5625
 20
6393.2292
 30
1442.7083
 11
6386.7188
 21
6445.3125
 31
1421.875
  0
LINE
  8
0
 10
6386.7188
 20
6445.3125
 30
1421.875
 11
6406.25
 21
6471.3542
 31
1411.4583
  0
LINE
  8
0
 10
6406.25
 20
6471.3542
 30
1411.4583
 11
6347.6562
 21
6458.3333
 31
1416.6667
  0
LINE
  8
0
 10
6347.6562
 20
6458.3333
 30
1416.6667
 11
6025.3906
 21
6575.5208
 31
1369.7917
  0
LINE
  8
0
 10
6025.3906
 20
6575.5208
 30
1369.7917
 11
6113.2812
 21
6549.4792
 31
1380.2083
  0
LINE
  8
0
 10
6113.2812
 20
6549.4792
 30
1380.2083
 11
6054.6875
 21
6601.5625
 31
1359.375
  0
LINE
  8
0
 10
6054.6875
 20
6601.5625
 30
1359.375
 11
6132.8125
 21
6588.5417
 31
1364.5833
  0
LINE
  8
0
 10
6132.8125
 20
6588.5417
 30
1364.5833
 11
6533.2031
 21
6432.2917
 31
1427.0833
  0
LINE
  8
0
 10
6533.2031
 20
6432.2917
 30
1427.0833
 11
6611.3281
 21
6497.3958
 31
1401.0417
  0
LINE
  8
0
 10
6611.3281
 20
6497.3958
 30
1401.0417
 11
6640.625
 21
6601.5625
 31
1359.375
  0
LINE
  8
0
 10
6640.625
 20
6601.5625
 30
1359.375
 11
6601.5625
 21
6614.5833
 31
1354.1667
  0
LINE
  8
0
 10
6601.5625
 20
6614.5833
 30
1354.1667
 11
6640.625
 21
6614.5833
 31
1354.1667
  0
LINE
  8
0
 10
6640.625
 20
6614.5833
 30
1354.1667
 11
6630.8594
 21
6653.6458
 31
1338.5417
  0
LINE
  8
0
 10
6630.8594
 20
6653.6458
 30
1338.5417
 11
6582.0312
 21
6666.6667
 31
1333.3333
  0
LINE
  8
0
 10
6582.0312
 20
6666.6667
 30
1333.3333
 11
6542.9688
 21
6627.6042
 31
1348.9583
  0
LINE
  8
0
 10
6542.9688
 20
6627.6042
 30
1348.9583
 11
6513.6719
 21
6653.6458
 31
1338.5417
  0
LINE
  8
0
 10
6513.6719
 20
6653.6458
 30
1338.5417
 11
6552.7344
 21
6640.625
 31
1343.75
  0
LINE
  8
0
 10
6552.7344
 20
6640.625
 30
1343.75
 11
6562.5
 21
6679.6875
 31
1328.125
  0
LINE
  8
0
 10
6562.5
 20
6679.6875
 30
1328.125
 11
6240.2344
 21
6796.875
 31
1281.25
  0
LINE
  8
0
 10
6240.2344
 20
6796.875
 30
1281.25
 11
6171.875
 21
6679.6875
 31
1328.125
  0
LINE
  8
0
 10
6171.875
 20
6679.6875
 30
1328.125
 11
6240.2344
 21
6888.0208
 31
1244.7917
  0
LINE
  8
0
 10
6240.2344
 20
6888.0208
 30
1244.7917
 11
6240.2344
 21
6901.0417
 31
1239.5833
  0
LINE
  8
0
 10
2529.2969
 20
6888.0208
 30
1244.7917
 11
2382.8125
 21
6822.9167
 31
1270.8333
  0
LINE
  8
0
 10
2382.8125
 20
6822.9167
 30
1270.8333
 11
2519.5312
 21
6875.0
 31
1250.0
  0
LINE
  8
0
 10
2519.5312
 20
6875.0
 30
1250.0
 11
2529.2969
 21
6888.0208
 31
1244.7917
  0
LINE
  8
0
 10
3457.0312
 20
6888.0208
 30
1244.7917
 11
3417.9688
 21
6888.0208
 31
1244.7917
  0
LINE
  8
0
 10
3417.9688
 20
6888.0208
 30
1244.7917
 11
3466.7969
 21
6875.0
 31
1250.0
  0
LINE
  8
0
 10
3466.7969
 20
6875.0
 30
1250.0
 11
3457.0312
 21
6888.0208
 31
1244.7917
  0
LINE
  8
0
 10
5078.125
 20
6888.0208
 30
1244.7917
 11
5039.0625
 21
6901.0417
 31
1239.5833
  0
LINE
  8
0
 10
5039.0625
 20
6901.0417
 30
1239.5833
 11
4990.2344
 21
6848.9583
 31
1260.4167
  0
LINE
  8
0
 10
4990.2344
 20
6848.9583
 30
1260.4167
 11
5058.5938
 21
6796.875
 31
1281.25
  0
LINE
  8
0
 10
5058.5938
 20
6796.875
 30
1281.25
 11
5117.1875
 21
6848.9583
 31
1260.4167
  0
LINE
  8
0
 10
5117.1875
 20
6848.9583
 30
1260.4167
 11
5087.8906
 21
6888.0208
 31
1244.7917
  0
LINE
  8
0
 10
5087.8906
 20
6888.0208
 30
1244.7917
 11
5078.125
 21
6888.0208
 31
1244.7917
  0
LINE
  8
0
 10
7080.0781
 20
6888.0208
 30
1244.7917
 11
7373.0469
 21
6796.875
 31
1281.25
  0
LINE
  8
0
 10
7373.0469
 20
6796.875
 30
1281.25
 11
7089.8438
 21
6888.0208
 31
1244.7917
  0
LINE
  8
0
 10
7089.8438
 20
6888.0208
 30
1244.7917
 11
7080.0781
 21
6888.0208
 31
1244.7917
  0
LINE
  8
0
 10
5332.0312
 20
6861.9792
 30
1255.2083
 11
5283.2031
 21
6861.9792
 31
1255.2083
  0
LINE
  8
0
 10
5283.2031
 20
6861.9792
 30
1255.2083
 11
5341.7969
 21
6861.9792
 31
1255.2083
  0
LINE
  8
0
 10
5341.7969
 20
6861.9792
 30
1255.2083
 11
5332.0312
 21
6861.9792
 31
1255.2083
  0
LINE
  8
0
 10
4824.2188
 20
6848.9583
 30
1260.4167
 11
4775.3906
 21
6835.9375
 31
1265.625
  0
LINE
  8
0
 10
4775.3906
 20
6835.9375
 30
1265.625
 11
4863.2812
 21
6835.9375
 31
1265.625
  0
LINE
  8
0
 10
4863.2812
 20
6835.9375
 30
1265.625
 11
4833.9844
 21
6848.9583
 31
1260.4167
  0
LINE
  8
0
 10
4833.9844
 20
6848.9583
 30
1260.4167
 11
4824.2188
 21
6848.9583
 31
1260.4167
  0
LINE
  8
0
 10
5585.9375
 20
6757.8125
 30
1296.875
 11
5537.1094
 21
6757.8125
 31
1296.875
  0
LINE
  8
0
 10
5537.1094
 20
6757.8125
 30
1296.875
 11
5576.1719
 21
6744.7917
 31
1302.0833
  0
LINE
  8
0
 10
5576.1719
 20
6744.7917
 30
1302.0833
 11
5585.9375
 21
6757.8125
 31
1296.875
  0
LINE
  8
0
 10
6845.7031
 20
6757.8125
 30
1296.875
 11
6923.8281
 21
6744.7917
 31
1302.0833
  0
LINE
  8
0
 10
6923.8281
 20
6744.7917
 30
1302.0833
 11
6835.9375
 21
6744.7917
 31
1302.0833
  0
LINE
  8
0
 10
6835.9375
 20
6744.7917
 30
1302.0833
 11
6845.7031
 21
6757.8125
 31
1296.875
  0
LINE
  8
0
 10
7363.2812
 20
6744.7917
 30
1302.0833
 11
7412.1094
 21
6718.75
 31
1312.5
  0
LINE
  8
0
 10
7412.1094
 20
6718.75
 30
1312.5
 11
7373.0469
 21
6731.7708
 31
1307.2917
  0
LINE
  8
0
 10
7373.0469
 20
6731.7708
 30
1307.2917
 11
7363.2812
 21
6744.7917
 31
1302.0833
  0
LINE
  8
0
 10
7509.7656
 20
6744.7917
 30
1302.0833
 11
7568.3594
 21
6731.7708
 31
1307.2917
  0
LINE
  8
0
 10
7568.3594
 20
6731.7708
 30
1307.2917
 11
7519.5312
 21
6744.7917
 31
1302.0833
  0
LINE
  8
0
 10
7519.5312
 20
6744.7917
 30
1302.0833
 11
7509.7656
 21
6744.7917
 31
1302.0833
  0
LINE
  8
0
 10
2880.8594
 20
6718.75
 30
1312.5
 11
2929.6875
 21
6718.75
 31
1312.5
  0
LINE
  8
0
 10
2929.6875
 20
6718.75
 30
1312.5
 11
2890.625
 21
6718.75
 31
1312.5
  0
LINE
  8
0
 10
2890.625
 20
6718.75
 30
1312.5
 11
2880.8594
 21
6718.75
 31
1312.5
  0
LINE
  8
0
 10
2636.7188
 20
6692.7083
 30
1322.9167
 11
2705.0781
 21
6705.7292
 31
1317.7083
  0
LINE
  8
0
 10
2705.0781
 20
6705.7292
 30
1317.7083
 11
2626.9531
 21
6679.6875
 31
1328.125
  0
LINE
  8
0
 10
2626.9531
 20
6679.6875
 30
1328.125
 11
2636.7188
 21
6692.7083
 31
1322.9167
  0
LINE
  8
0
 10
2822.2656
 20
6692.7083
 30
1322.9167
 11
2968.75
 21
6692.7083
 31
1322.9167
  0
LINE
  8
0
 10
2968.75
 20
6692.7083
 30
1322.9167
 11
2832.0312
 21
6692.7083
 31
1322.9167
  0
LINE
  8
0
 10
2832.0312
 20
6692.7083
 30
1322.9167
 11
2822.2656
 21
6692.7083
 31
1322.9167
  0
LINE
  8
0
 10
5791.0156
 20
6692.7083
 30
1322.9167
 11
5742.1875
 21
6692.7083
 31
1322.9167
  0
LINE
  8
0
 10
5742.1875
 20
6692.7083
 30
1322.9167
 11
5800.7812
 21
6692.7083
 31
1322.9167
  0
LINE
  8
0
 10
5800.7812
 20
6692.7083
 30
1322.9167
 11
5791.0156
 21
6692.7083
 31
1322.9167
  0
LINE
  8
0
 10
7519.5312
 20
6692.7083
 30
1322.9167
 11
7509.7656
 21
6627.6042
 31
1348.9583
  0
LINE
  8
0
 10
7509.7656
 20
6627.6042
 30
1348.9583
 11
7304.6875
 21
6393.2292
 31
1442.7083
  0
LINE
  8
0
 10
7304.6875
 20
6393.2292
 30
1442.7083
 11
7060.5469
 21
6497.3958
 31
1401.0417
  0
LINE
  8
0
 10
7060.5469
 20
6497.3958
 30
1401.0417
 11
7089.8438
 21
6445.3125
 31
1421.875
  0
LINE
  8
0
 10
7089.8438
 20
6445.3125
 30
1421.875
 11
7041.0156
 21
6510.4167
 31
1395.8333
  0
LINE
  8
0
 10
7041.0156
 20
6510.4167
 30
1395.8333
 11
7304.6875
 21
6432.2917
 31
1427.0833
  0
LINE
  8
0
 10
7304.6875
 20
6432.2917
 30
1427.0833
 11
7509.7656
 21
6679.6875
 31
1328.125
  0
LINE
  8
0
 10
7509.7656
 20
6679.6875
 30
1328.125
 11
7519.5312
 21
6692.7083
 31
1322.9167
  0
LINE
  8
0
 10
2753.9062
 20
6679.6875
 30
1328.125
 11
2675.7812
 21
6640.625
 31
1343.75
  0
LINE
  8
0
 10
2675.7812
 20
6640.625
 30
1343.75
 11
2744.1406
 21
6666.6667
 31
1333.3333
  0
LINE
  8
0
 10
2744.1406
 20
6666.6667
 30
1333.3333
 11
2753.9062
 21
6679.6875
 31
1328.125
  0
LINE
  8
0
 10
3232.4219
 20
6679.6875
 30
1328.125
 11
3339.8438
 21
6679.6875
 31
1328.125
  0
LINE
  8
0
 10
3339.8438
 20
6679.6875
 30
1328.125
 11
3242.1875
 21
6679.6875
 31
1328.125
  0
LINE
  8
0
 10
3242.1875
 20
6679.6875
 30
1328.125
 11
3232.4219
 21
6679.6875
 31
1328.125
  0
LINE
  8
0
 10
2587.8906
 20
6666.6667
 30
1333.3333
 11
2509.7656
 21
6640.625
 31
1343.75
  0
LINE
  8
0
 10
2509.7656
 20
6640.625
 30
1343.75
 11
2578.125
 21
6653.6458
 31
1338.5417
  0
LINE
  8
0
 10
2578.125
 20
6653.6458
 30
1338.5417
 11
2587.8906
 21
6666.6667
 31
1333.3333
  0
LINE
  8
0
 10
3125.0
 20
6666.6667
 30
1333.3333
 11
3203.125
 21
6666.6667
 31
1333.3333
  0
LINE
  8
0
 10
3203.125
 20
6666.6667
 30
1333.3333
 11
3134.7656
 21
6666.6667
 31
1333.3333
  0
LINE
  8
0
 10
3134.7656
 20
6666.6667
 30
1333.3333
 11
3125.0
 21
6666.6667
 31
1333.3333
  0
LINE
  8
0
 10
4404.2969
 20
6666.6667
 30
1333.3333
 11
4326.1719
 21
6653.6458
 31
1338.5417
  0
LINE
  8
0
 10
4326.1719
 20
6653.6458
 30
1338.5417
 11
4394.5312
 21
6653.6458
 31
1338.5417
  0
LINE
  8
0
 10
4394.5312
 20
6653.6458
 30
1338.5417
 11
4404.2969
 21
6666.6667
 31
1333.3333
  0
LINE
  8
0
 10
3242.1875
 20
6653.6458
 30
1338.5417
 11
3203.125
 21
6575.5208
 31
1369.7917
  0
LINE
  8
0
 10
3203.125
 20
6575.5208
 30
1369.7917
 11
3242.1875
 21
6640.625
 31
1343.75
  0
LINE
  8
0
 10
3242.1875
 20
6640.625
 30
1343.75
 11
3242.1875
 21
6653.6458
 31
1338.5417
  0
LINE
  8
0
 10
3271.4844
 20
6653.6458
 30
1338.5417
 11
3320.3125
 21
6653.6458
 31
1338.5417
  0
LINE
  8
0
 10
3320.3125
 20
6653.6458
 30
1338.5417
 11
3281.25
 21
6653.6458
 31
1338.5417
  0
LINE
  8
0
 10
3281.25
 20
6653.6458
 30
1338.5417
 11
3271.4844
 21
6653.6458
 31
1338.5417
  0
LINE
  8
0
 10
3808.5938
 20
6640.625
 30
1343.75
 11
3896.4844
 21
6627.6042
 31
1348.9583
  0
LINE
  8
0
 10
3896.4844
 20
6627.6042
 30
1348.9583
 11
3818.3594
 21
6640.625
 31
1343.75
  0
LINE
  8
0
 10
3818.3594
 20
6640.625
 30
1343.75
 11
3808.5938
 21
6640.625
 31
1343.75
  0
LINE
  8
0
 10
2451.1719
 20
6614.5833
 30
1354.1667
 11
2490.2344
 21
6627.6042
 31
1348.9583
  0
LINE
  8
0
 10
2490.2344
 20
6627.6042
 30
1348.9583
 11
2441.4062
 21
6562.5
 31
1375.0
  0
LINE
  8
0
 10
2441.4062
 20
6562.5
 30
1375.0
 11
2451.1719
 21
6393.2292
 31
1442.7083
  0
LINE
  8
0
 10
2451.1719
 20
6393.2292
 30
1442.7083
 11
2460.9375
 21
6445.3125
 31
1421.875
  0
LINE
  8
0
 10
2460.9375
 20
6445.3125
 30
1421.875
 11
2802.7344
 21
6158.8542
 31
1536.4583
  0
LINE
  8
0
 10
2802.7344
 20
6158.8542
 30
1536.4583
 11
2812.5
 21
5911.4583
 31
1635.4167
  0
LINE
  8
0
 10
2812.5
 20
5911.4583
 30
1635.4167
 11
2763.6719
 21
3203.125
 31
2718.75
  0
LINE
  8
0
 10
2763.6719
 20
3203.125
 30
2718.75
 11
2714.8438
 21
3138.0208
 31
2744.7917
  0
LINE
  8
0
 10
2714.8438
 20
3138.0208
 30
2744.7917
 11
2441.4062
 21
3046.875
 31
2781.25
  0
LINE
  8
0
 10
2441.4062
 20
3046.875
 30
2781.25
 11
2402.3438
 21
2890.625
 31
2843.75
  0
LINE
  8
0
 10
2402.3438
 20
2890.625
 30
2843.75
 11
2363.2812
 21
2903.6458
 31
2838.5417
  0
LINE
  8
0
 10
2363.2812
 20
2903.6458
 30
2838.5417
 11
2441.4062
 21
6601.5625
 31
1359.375
  0
LINE
  8
0
 10
2441.4062
 20
6601.5625
 30
1359.375
 11
2451.1719
 21
6614.5833
 31
1354.1667
  0
LINE
  8
0
 10
7529.2969
 20
6601.5625
 30
1359.375
 11
7578.125
 21
6627.6042
 31
1348.9583
  0
LINE
  8
0
 10
7578.125
 20
6627.6042
 30
1348.9583
 11
7539.0625
 21
6614.5833
 31
1354.1667
  0
LINE
  8
0
 10
7539.0625
 20
6614.5833
 30
1354.1667
 11
7529.2969
 21
6601.5625
 31
1359.375
  0
LINE
  8
0
 10
6689.4531
 20
6588.5417
 30
1364.5833
 11
6669.9219
 21
6601.5625
 31
1359.375
  0
LINE
  8
0
 10
6669.9219
 20
6601.5625
 30
1359.375
 11
6650.3906
 21
6549.4792
 31
1380.2083
  0
LINE
  8
0
 10
6650.3906
 20
6549.4792
 30
1380.2083
 11
6699.2188
 21
6575.5208
 31
1369.7917
  0
LINE
  8
0
 10
6699.2188
 20
6575.5208
 30
1369.7917
 11
6689.4531
 21
6588.5417
 31
1364.5833
  0
LINE
  8
0
 10
7519.5312
 20
6588.5417
 30
1364.5833
 11
7578.125
 21
6627.6042
 31
1348.9583
  0
LINE
  8
0
 10
7578.125
 20
6627.6042
 30
1348.9583
 11
7529.2969
 21
6601.5625
 31
1359.375
  0
LINE
  8
0
 10
7529.2969
 20
6601.5625
 30
1359.375
 11
7519.5312
 21
6588.5417
 31
1364.5833
  0
LINE
  8
0
 10
7500.0
 20
6575.5208
 30
1369.7917
 11
7324.2188
 21
6380.2083
 31
1447.9167
  0
LINE
  8
0
 10
7324.2188
 20
6380.2083
 30
1447.9167
 11
7490.2344
 21
6562.5
 31
1375.0
  0
LINE
  8
0
 10
7490.2344
 20
6562.5
 30
1375.0
 11
7500.0
 21
6575.5208
 31
1369.7917
  0
LINE
  8
0
 10
7685.5469
 20
6549.4792
 30
1380.2083
 11
7744.1406
 21
4479.1667
 31
2208.3333
  0
LINE
  8
0
 10
7744.1406
 20
4479.1667
 30
2208.3333
 11
7714.8438
 21
4973.9583
 31
2010.4167
  0
LINE
  8
0
 10
7714.8438
 20
4973.9583
 30
2010.4167
 11
7695.3125
 21
4856.7708
 31
2057.2917
  0
LINE
  8
0
 10
7695.3125
 20
4856.7708
 30
2057.2917
 11
7753.9062
 21
3880.2083
 31
2447.9167
  0
LINE
  8
0
 10
7753.9062
 20
3880.2083
 30
2447.9167
 11
7753.9062
 21
3177.0833
 31
2729.1667
  0
LINE
  8
0
 10
7753.9062
 20
3177.0833
 30
2729.1667
 11
7734.375
 21
3619.7917
 31
2552.0833
  0
LINE
  8
0
 10
7734.375
 20
3619.7917
 30
2552.0833
 11
7529.2969
 21
3671.875
 31
2531.25
  0
LINE
  8
0
 10
7529.2969
 20
3671.875
 30
2531.25
 11
7509.7656
 21
4088.5417
 31
2364.5833
  0
LINE
  8
0
 10
7509.7656
 20
4088.5417
 30
2364.5833
 11
7529.2969
 21
4361.9792
 31
2255.2083
  0
LINE
  8
0
 10
7529.2969
 20
4361.9792
 30
2255.2083
 11
7529.2969
 21
4296.875
 31
2281.25
  0
LINE
  8
0
 10
7529.2969
 20
4296.875
 30
2281.25
 11
7705.0781
 21
4309.8958
 31
2276.0417
  0
LINE
  8
0
 10
7705.0781
 20
4309.8958
 30
2276.0417
 11
7675.7812
 21
4375.0
 31
2250.0
  0
LINE
  8
0
 10
7675.7812
 20
4375.0
 30
2250.0
 11
7548.8281
 21
4361.9792
 31
2255.2083
  0
LINE
  8
0
 10
7548.8281
 20
4361.9792
 30
2255.2083
 11
7705.0781
 21
4388.0208
 31
2244.7917
  0
LINE
  8
0
 10
7705.0781
 20
4388.0208
 30
2244.7917
 11
7695.3125
 21
4830.7292
 31
2067.7083
  0
LINE
  8
0
 10
7695.3125
 20
4830.7292
 30
2067.7083
 11
7470.7031
 21
4778.6458
 31
2088.5417
  0
LINE
  8
0
 10
7470.7031
 20
4778.6458
 30
2088.5417
 11
7441.4062
 21
4700.5208
 31
2119.7917
  0
LINE
  8
0
 10
7441.4062
 20
4700.5208
 30
2119.7917
 11
7490.2344
 21
3190.1042
 31
2723.9583
  0
LINE
  8
0
 10
7490.2344
 20
3190.1042
 30
2723.9583
 11
7568.3594
 21
3138.0208
 31
2744.7917
  0
LINE
  8
0
 10
7568.3594
 20
3138.0208
 30
2744.7917
 11
7587.8906
 21
3164.0625
 31
2734.375
  0
LINE
  8
0
 10
7587.8906
 20
3164.0625
 30
2734.375
 11
7548.8281
 21
3515.625
 31
2593.75
  0
LINE
  8
0
 10
7548.8281
 20
3515.625
 30
2593.75
 11
7597.6562
 21
3528.6458
 31
2588.5417
  0
LINE
  8
0
 10
7597.6562
 20
3528.6458
 30
2588.5417
 11
7597.6562
 21
3164.0625
 31
2734.375
  0
LINE
  8
0
 10
7597.6562
 20
3164.0625
 30
2734.375
 11
7753.9062
 21
3085.9375
 31
2765.625
  0
LINE
  8
0
 10
7753.9062
 20
3085.9375
 30
2765.625
 11
7763.6719
 21
2942.7083
 31
2822.9167
  0
LINE
  8
0
 10
7763.6719
 20
2942.7083
 30
2822.9167
 11
7753.9062
 21
3046.875
 31
2781.25
  0
LINE
  8
0
 10
7753.9062
 20
3046.875
 30
2781.25
 11
7724.6094
 21
3072.9167
 31
2770.8333
  0
LINE
  8
0
 10
7724.6094
 20
3072.9167
 30
2770.8333
 11
7607.4219
 21
3111.9792
 31
2755.2083
  0
LINE
  8
0
 10
7607.4219
 20
3111.9792
 30
2755.2083
 11
7568.3594
 21
3072.9167
 31
2770.8333
  0
LINE
  8
0
 10
7568.3594
 20
3072.9167
 30
2770.8333
 11
7568.3594
 21
3125.0
 31
2750.0
  0
LINE
  8
0
 10
7568.3594
 20
3125.0
 30
2750.0
 11
7451.1719
 21
3138.0208
 31
2744.7917
  0
LINE
  8
0
 10
7451.1719
 20
3138.0208
 30
2744.7917
 11
7382.8125
 21
5260.4167
 31
1895.8333
  0
LINE
  8
0
 10
7382.8125
 20
5260.4167
 30
1895.8333
 11
7363.2812
 21
6171.875
 31
1531.25
  0
LINE
  8
0
 10
7363.2812
 20
6171.875
 30
1531.25
 11
7382.8125
 21
5924.4792
 31
1630.2083
  0
LINE
  8
0
 10
7382.8125
 20
5924.4792
 30
1630.2083
 11
7392.5781
 21
6223.9583
 31
1510.4167
  0
LINE
  8
0
 10
7392.5781
 20
6223.9583
 30
1510.4167
 11
7656.25
 21
6471.3542
 31
1411.4583
  0
LINE
  8
0
 10
7656.25
 20
6471.3542
 30
1411.4583
 11
7402.3438
 21
6197.9167
 31
1520.8333
  0
LINE
  8
0
 10
7402.3438
 20
6197.9167
 30
1520.8333
 11
7402.3438
 21
6015.625
 31
1593.75
  0
LINE
  8
0
 10
7402.3438
 20
6015.625
 30
1593.75
 11
7441.4062
 21
4895.8333
 31
2041.6667
  0
LINE
  8
0
 10
7441.4062
 20
4895.8333
 30
2041.6667
 11
7685.5469
 21
4973.9583
 31
2010.4167
  0
LINE
  8
0
 10
7685.5469
 20
4973.9583
 30
2010.4167
 11
7656.25
 21
6054.6875
 31
1578.125
  0
LINE
  8
0
 10
7656.25
 20
6054.6875
 30
1578.125
 11
7656.25
 21
6119.7917
 31
1552.0833
  0
LINE
  8
0
 10
7656.25
 20
6119.7917
 30
1552.0833
 11
7685.5469
 21
6041.6667
 31
1583.3333
  0
LINE
  8
0
 10
7685.5469
 20
6041.6667
 30
1583.3333
 11
7685.5469
 21
6536.4583
 31
1385.4167
  0
LINE
  8
0
 10
7685.5469
 20
6536.4583
 30
1385.4167
 11
7685.5469
 21
6549.4792
 31
1380.2083
  0
LINE
  8
0
 10
3466.7969
 20
6536.4583
 30
1385.4167
 11
3447.2656
 21
6549.4792
 31
1380.2083
  0
LINE
  8
0
 10
3447.2656
 20
6549.4792
 30
1380.2083
 11
3427.7344
 21
6497.3958
 31
1401.0417
  0
LINE
  8
0
 10
3427.7344
 20
6497.3958
 30
1401.0417
 11
3457.0312
 21
6484.375
 31
1406.25
  0
LINE
  8
0
 10
3457.0312
 20
6484.375
 30
1406.25
 11
3466.7969
 21
6523.4375
 31
1390.625
  0
LINE
  8
0
 10
3466.7969
 20
6523.4375
 30
1390.625
 11
3466.7969
 21
6536.4583
 31
1385.4167
  0
LINE
  8
0
 10
3994.1406
 20
6510.4167
 30
1395.8333
 11
3945.3125
 21
6510.4167
 31
1395.8333
  0
LINE
  8
0
 10
3945.3125
 20
6510.4167
 30
1395.8333
 11
3984.375
 21
6497.3958
 31
1401.0417
  0
LINE
  8
0
 10
3984.375
 20
6497.3958
 30
1401.0417
 11
3994.1406
 21
6510.4167
 31
1395.8333
  0
LINE
  8
0
 10
6718.75
 20
6458.3333
 30
1416.6667
 11
6660.1562
 21
6471.3542
 31
1411.4583
  0
LINE
  8
0
 10
6660.1562
 20
6471.3542
 30
1411.4583
 11
6611.3281
 21
6432.2917
 31
1427.0833
  0
LINE
  8
0
 10
6611.3281
 20
6432.2917
 30
1427.0833
 11
6689.4531
 21
6380.2083
 31
1447.9167
  0
LINE
  8
0
 10
6689.4531
 20
6380.2083
 30
1447.9167
 11
6748.0469
 21
6445.3125
 31
1421.875
  0
LINE
  8
0
 10
6748.0469
 20
6445.3125
 30
1421.875
 11
6728.5156
 21
6458.3333
 31
1416.6667
  0
LINE
  8
0
 10
6728.5156
 20
6458.3333
 30
1416.6667
 11
6718.75
 21
6458.3333
 31
1416.6667
  0
LINE
  8
0
 10
7431.6406
 20
6445.3125
 30
1421.875
 11
7353.5156
 21
6354.1667
 31
1458.3333
  0
LINE
  8
0
 10
7353.5156
 20
6354.1667
 30
1458.3333
 11
7421.875
 21
6432.2917
 31
1427.0833
  0
LINE
  8
0
 10
7421.875
 20
6432.2917
 30
1427.0833
 11
7431.6406
 21
6445.3125
 31
1421.875
  0
LINE
  8
0
 10
6552.7344
 20
6419.2708
 30
1432.2917
 11
6523.4375
 21
6406.25
 31
1437.5
  0
LINE
  8
0
 10
6523.4375
 20
6406.25
 30
1437.5
 11
6562.5
 21
6380.2083
 31
1447.9167
  0
LINE
  8
0
 10
6562.5
 20
6380.2083
 30
1447.9167
 11
6562.5
 21
6419.2708
 31
1432.2917
  0
LINE
  8
0
 10
6562.5
 20
6419.2708
 30
1432.2917
 11
6552.7344
 21
6419.2708
 31
1432.2917
  0
LINE
  8
0
 10
3466.7969
 20
6406.25
 30
1437.5
 11
3388.6719
 21
6380.2083
 31
1447.9167
  0
LINE
  8
0
 10
3388.6719
 20
6380.2083
 30
1447.9167
 11
3486.3281
 21
6328.125
 31
1468.75
  0
LINE
  8
0
 10
3486.3281
 20
6328.125
 30
1468.75
 11
3515.625
 21
6367.1875
 31
1453.125
  0
LINE
  8
0
 10
3515.625
 20
6367.1875
 30
1453.125
 11
3476.5625
 21
6406.25
 31
1437.5
  0
LINE
  8
0
 10
3476.5625
 20
6406.25
 30
1437.5
 11
3466.7969
 21
6406.25
 31
1437.5
  0
LINE
  8
0
 10
2470.7031
 20
6393.2292
 30
1442.7083
 11
2441.4062
 21
6250.0
 31
1500.0
  0
LINE
  8
0
 10
2441.4062
 20
6250.0
 30
1500.0
 11
2451.1719
 21
5625.0
 31
1750.0
  0
LINE
  8
0
 10
2451.1719
 20
5625.0
 30
1750.0
 11
2470.7031
 21
6250.0
 31
1500.0
  0
LINE
  8
0
 10
2470.7031
 20
6250.0
 30
1500.0
 11
2460.9375
 21
4934.8958
 31
2026.0417
  0
LINE
  8
0
 10
2460.9375
 20
4934.8958
 30
2026.0417
 11
2744.1406
 21
4843.75
 31
2062.5
  0
LINE
  8
0
 10
2744.1406
 20
4843.75
 30
2062.5
 11
2773.4375
 21
6132.8125
 31
1546.875
  0
LINE
  8
0
 10
2773.4375
 20
6132.8125
 30
1546.875
 11
2470.7031
 21
6380.2083
 31
1447.9167
  0
LINE
  8
0
 10
2470.7031
 20
6380.2083
 30
1447.9167
 11
2470.7031
 21
6393.2292
 31
1442.7083
  0
LINE
  8
0
 10
2138.6719
 20
6354.1667
 30
1458.3333
 11
2138.6719
 21
6171.875
 31
1531.25
  0
LINE
  8
0
 10
2138.6719
 20
6171.875
 30
1531.25
 11
2138.6719
 21
6341.1458
 31
1463.5417
  0
LINE
  8
0
 10
2138.6719
 20
6341.1458
 30
1463.5417
 11
2138.6719
 21
6354.1667
 31
1458.3333
  0
LINE
  8
0
 10
6767.5781
 20
6315.1042
 30
1473.9583
 11
6904.2969
 21
6276.0417
 31
1489.5833
  0
LINE
  8
0
 10
6904.2969
 20
6276.0417
 30
1489.5833
 11
6777.3438
 21
6315.1042
 31
1473.9583
  0
LINE
  8
0
 10
6777.3438
 20
6315.1042
 30
1473.9583
 11
6767.5781
 21
6315.1042
 31
1473.9583
  0
LINE
  8
0
 10
3349.6094
 20
6263.0208
 30
1494.7917
 11
3398.4375
 21
6263.0208
 31
1494.7917
  0
LINE
  8
0
 10
3398.4375
 20
6263.0208
 30
1494.7917
 11
3251.9531
 21
6223.9583
 31
1510.4167
  0
LINE
  8
0
 10
3251.9531
 20
6223.9583
 30
1510.4167
 11
3339.8438
 21
6250.0
 31
1500.0
  0
LINE
  8
0
 10
3339.8438
 20
6250.0
 30
1500.0
 11
3349.6094
 21
6263.0208
 31
1494.7917
  0
LINE
  8
0
 10
6484.375
 20
6250.0
 30
1500.0
 11
6943.3594
 21
6236.9792
 31
1505.2083
  0
LINE
  8
0
 10
6943.3594
 20
6236.9792
 30
1505.2083
 11
5937.5
 21
6184.8958
 31
1526.0417
  0
LINE
  8
0
 10
5937.5
 20
6184.8958
 30
1526.0417
 11
7099.6094
 21
6197.9167
 31
1520.8333
  0
LINE
  8
0
 10
7099.6094
 20
6197.9167
 30
1520.8333
 11
7187.5
 21
6028.6458
 31
1588.5417
  0
LINE
  8
0
 10
7187.5
 20
6028.6458
 30
1588.5417
 11
7109.375
 21
6171.875
 31
1531.25
  0
LINE
  8
0
 10
7109.375
 20
6171.875
 30
1531.25
 11
5927.7344
 21
6171.875
 31
1531.25
  0
LINE
  8
0
 10
5927.7344
 20
6171.875
 30
1531.25
 11
5957.0312
 21
6236.9792
 31
1505.2083
  0
LINE
  8
0
 10
5957.0312
 20
6236.9792
 30
1505.2083
 11
6474.6094
 21
6236.9792
 31
1505.2083
  0
LINE
  8
0
 10
6474.6094
 20
6236.9792
 30
1505.2083
 11
6484.375
 21
6250.0
 31
1500.0
  0
LINE
  8
0
 10
3437.5
 20
6210.9375
 30
1515.625
 11
4189.4531
 21
6210.9375
 31
1515.625
  0
LINE
  8
0
 10
4189.4531
 20
6210.9375
 30
1515.625
 11
4208.9844
 21
6145.8333
 31
1541.6667
  0
LINE
  8
0
 10
4208.9844
 20
6145.8333
 30
1541.6667
 11
4189.4531
 21
6106.7708
 31
1557.2917
  0
LINE
  8
0
 10
4189.4531
 20
6106.7708
 30
1557.2917
 11
3056.6406
 21
6119.7917
 31
1552.0833
  0
LINE
  8
0
 10
3056.6406
 20
6119.7917
 30
1552.0833
 11
2978.5156
 21
5950.5208
 31
1619.7917
  0
LINE
  8
0
 10
2978.5156
 20
5950.5208
 30
1619.7917
 11
2968.75
 21
4830.7292
 31
2067.7083
  0
LINE
  8
0
 10
2968.75
 20
4830.7292
 30
2067.7083
 11
4179.6875
 21
4843.75
 31
2062.5
  0
LINE
  8
0
 10
4179.6875
 20
4843.75
 30
2062.5
 11
4199.2188
 21
5846.3542
 31
1661.4583
  0
LINE
  8
0
 10
4199.2188
 20
5846.3542
 30
1661.4583
 11
4189.4531
 21
3138.0208
 31
2744.7917
  0
LINE
  8
0
 10
4189.4531
 20
3138.0208
 30
2744.7917
 11
4121.0938
 21
3177.0833
 31
2729.1667
  0
LINE
  8
0
 10
4121.0938
 20
3177.0833
 30
2729.1667
 11
2919.9219
 21
3164.0625
 31
2734.375
  0
LINE
  8
0
 10
2919.9219
 20
3164.0625
 30
2734.375
 11
2958.9844
 21
4166.6667
 31
2333.3333
  0
LINE
  8
0
 10
2958.9844
 20
4166.6667
 30
2333.3333
 11
2939.4531
 21
3190.1042
 31
2723.9583
  0
LINE
  8
0
 10
2939.4531
 20
3190.1042
 30
2723.9583
 11
4169.9219
 21
3203.125
 31
2718.75
  0
LINE
  8
0
 10
4169.9219
 20
3203.125
 30
2718.75
 11
4189.4531
 21
4713.5417
 31
2114.5833
  0
LINE
  8
0
 10
4189.4531
 20
4713.5417
 30
2114.5833
 11
4121.0938
 21
4739.5833
 31
2104.1667
  0
LINE
  8
0
 10
4121.0938
 20
4739.5833
 30
2104.1667
 11
2988.2812
 21
4713.5417
 31
2114.5833
  0
LINE
  8
0
 10
2988.2812
 20
4713.5417
 30
2114.5833
 11
2958.9844
 21
4674.4792
 31
2130.2083
  0
LINE
  8
0
 10
2958.9844
 20
4674.4792
 30
2130.2083
 11
2958.9844
 21
4309.8958
 31
2276.0417
  0
LINE
  8
0
 10
2958.9844
 20
4309.8958
 30
2276.0417
 11
2958.9844
 21
4401.0417
 31
2239.5833
  0
LINE
  8
0
 10
2958.9844
 20
4401.0417
 30
2239.5833
 11
2929.6875
 21
4414.0625
 31
2234.375
  0
LINE
  8
0
 10
2929.6875
 20
4414.0625
 30
2234.375
 11
2900.3906
 21
3242.1875
 31
2703.125
  0
LINE
  8
0
 10
2900.3906
 20
3242.1875
 30
2703.125
 11
2929.6875
 21
4583.3333
 31
2166.6667
  0
LINE
  8
0
 10
2929.6875
 20
4583.3333
 30
2166.6667
 11
2910.1562
 21
5325.5208
 31
1869.7917
  0
LINE
  8
0
 10
2910.1562
 20
5325.5208
 30
1869.7917
 11
2919.9219
 21
5638.0208
 31
1744.7917
  0
LINE
  8
0
 10
2919.9219
 20
5638.0208
 30
1744.7917
 11
2929.6875
 21
5156.25
 31
1937.5
  0
LINE
  8
0
 10
2929.6875
 20
5156.25
 30
1937.5
 11
2949.2188
 21
6119.7917
 31
1552.0833
  0
LINE
  8
0
 10
2949.2188
 20
6119.7917
 30
1552.0833
 11
2968.75
 21
5768.2292
 31
1692.7083
  0
LINE
  8
0
 10
2968.75
 20
5768.2292
 30
1692.7083
 11
2978.5156
 21
5989.5833
 31
1604.1667
  0
LINE
  8
0
 10
2978.5156
 20
5989.5833
 30
1604.1667
 11
3066.4062
 21
6158.8542
 31
1536.4583
  0
LINE
  8
0
 10
3066.4062
 20
6158.8542
 30
1536.4583
 11
4199.2188
 21
6158.8542
 31
1536.4583
  0
LINE
  8
0
 10
4199.2188
 20
6158.8542
 30
1536.4583
 11
3242.1875
 21
6184.8958
 31
1526.0417
  0
LINE
  8
0
 10
3242.1875
 20
6184.8958
 30
1526.0417
 11
3427.7344
 21
6197.9167
 31
1520.8333
  0
LINE
  8
0
 10
3427.7344
 20
6197.9167
 30
1520.8333
 11
3437.5
 21
6210.9375
 31
1515.625
  0
LINE
  8
0
 10
5878.9062
 20
6197.9167
 30
1520.8333
 11
5146.4844
 21
6184.8958
 31
1526.0417
  0
LINE
  8
0
 10
5146.4844
 20
6184.8958
 30
1526.0417
 11
5869.1406
 21
6184.8958
 31
1526.0417
  0
LINE
  8
0
 10
5869.1406
 20
6184.8958
 30
1526.0417
 11
5878.9062
 21
6197.9167
 31
1520.8333
  0
LINE
  8
0
 10
4677.7344
 20
6171.875
 30
1531.25
 11
4257.8125
 21
6171.875
 31
1531.25
  0
LINE
  8
0
 10
4257.8125
 20
6171.875
 30
1531.25
 11
4667.9688
 21
6158.8542
 31
1536.4583
  0
LINE
  8
0
 10
4667.9688
 20
6158.8542
 30
1536.4583
 11
4677.7344
 21
6171.875
 31
1531.25
  0
LINE
  8
0
 10
5839.8438
 20
6132.8125
 30
1546.875
 11
4277.3438
 21
6119.7917
 31
1552.0833
  0
LINE
  8
0
 10
4277.3438
 20
6119.7917
 30
1552.0833
 11
4267.5781
 21
4856.7708
 31
2057.2917
  0
LINE
  8
0
 10
4267.5781
 20
4856.7708
 30
2057.2917
 11
5869.1406
 21
4843.75
 31
2062.5
  0
LINE
  8
0
 10
5869.1406
 20
4843.75
 30
2062.5
 11
5878.9062
 21
5924.4792
 31
1630.2083
  0
LINE
  8
0
 10
5878.9062
 20
5924.4792
 30
1630.2083
 11
5849.6094
 21
6145.8333
 31
1541.6667
  0
LINE
  8
0
 10
5849.6094
 20
6145.8333
 30
1541.6667
 11
5839.8438
 21
6132.8125
 31
1546.875
  0
LINE
  8
0
 10
2802.7344
 20
6028.6458
 30
1588.5417
 11
2792.9688
 21
5677.0833
 31
1729.1667
  0
LINE
  8
0
 10
2792.9688
 20
5677.0833
 30
1729.1667
 11
2802.7344
 21
6015.625
 31
1593.75
  0
LINE
  8
0
 10
2802.7344
 20
6015.625
 30
1593.75
 11
2802.7344
 21
6028.6458
 31
1588.5417
  0
LINE
  8
0
 10
7695.3125
 20
5976.5625
 30
1609.375
 11
7685.5469
 21
5859.375
 31
1656.25
  0
LINE
  8
0
 10
7685.5469
 20
5859.375
 30
1656.25
 11
7695.3125
 21
5963.5417
 31
1614.5833
  0
LINE
  8
0
 10
7695.3125
 20
5963.5417
 30
1614.5833
 11
7695.3125
 21
5976.5625
 31
1609.375
  0
LINE
  8
0
 10
7695.3125
 20
5846.3542
 30
1661.4583
 11
7685.5469
 21
5729.1667
 31
1708.3333
  0
LINE
  8
0
 10
7685.5469
 20
5729.1667
 30
1708.3333
 11
7695.3125
 21
5833.3333
 31
1666.6667
  0
LINE
  8
0
 10
7695.3125
 20
5833.3333
 30
1666.6667
 11
7695.3125
 21
5846.3542
 31
1661.4583
  0
LINE
  8
0
 10
2919.9219
 20
5807.2917
 30
1677.0833
 11
2919.9219
 21
5703.125
 31
1718.75
  0
LINE
  8
0
 10
2919.9219
 20
5703.125
 30
1718.75
 11
2919.9219
 21
5794.2708
 31
1682.2917
  0
LINE
  8
0
 10
2919.9219
 20
5794.2708
 30
1682.2917
 11
2919.9219
 21
5807.2917
 31
1677.0833
  0
LINE
  8
0
 10
2968.75
 20
5729.1667
 30
1708.3333
 11
2958.9844
 21
5416.6667
 31
1833.3333
  0
LINE
  8
0
 10
2958.9844
 20
5416.6667
 30
1833.3333
 11
2968.75
 21
5716.1458
 31
1713.5417
  0
LINE
  8
0
 10
2968.75
 20
5716.1458
 30
1713.5417
 11
2968.75
 21
5729.1667
 31
1708.3333
  0
LINE
  8
0
 10
7402.3438
 20
5729.1667
 30
1708.3333
 11
7392.5781
 21
5546.875
 31
1781.25
  0
LINE
  8
0
 10
7392.5781
 20
5546.875
 30
1781.25
 11
7402.3438
 21
5716.1458
 31
1713.5417
  0
LINE
  8
0
 10
7402.3438
 20
5716.1458
 30
1713.5417
 11
7402.3438
 21
5729.1667
 31
1708.3333
  0
LINE
  8
0
 10
7226.5625
 20
5651.0417
 30
1739.5833
 11
7216.7969
 21
5559.8958
 31
1776.0417
  0
LINE
  8
0
 10
7216.7969
 20
5559.8958
 30
1776.0417
 11
7226.5625
 21
5638.0208
 31
1744.7917
  0
LINE
  8
0
 10
7226.5625
 20
5638.0208
 30
1744.7917
 11
7226.5625
 21
5651.0417
 31
1739.5833
  0
LINE
  8
0
 10
7705.0781
 20
5559.8958
 30
1776.0417
 11
7695.3125
 21
5416.6667
 31
1833.3333
  0
LINE
  8
0
 10
7695.3125
 20
5416.6667
 30
1833.3333
 11
7705.0781
 21
5546.875
 31
1781.25
  0
LINE
  8
0
 10
7705.0781
 20
5546.875
 30
1781.25
 11
7705.0781
 21
5559.8958
 31
1776.0417
  0
LINE
  8
0
 10
2451.1719
 20
5416.6667
 30
1833.3333
 11
2441.4062
 21
4986.9792
 31
2005.2083
  0
LINE
  8
0
 10
2441.4062
 20
4986.9792
 30
2005.2083
 11
2451.1719
 21
5403.6458
 31
1838.5417
  0
LINE
  8
0
 10
2451.1719
 20
5403.6458
 30
1838.5417
 11
2451.1719
 21
5416.6667
 31
1833.3333
  0
LINE
  8
0
 10
7236.3281
 20
5403.6458
 30
1838.5417
 11
7226.5625
 21
5312.5
 31
1875.0
  0
LINE
  8
0
 10
7226.5625
 20
5312.5
 30
1875.0
 11
7236.3281
 21
5390.625
 31
1843.75
  0
LINE
  8
0
 10
7236.3281
 20
5390.625
 30
1843.75
 11
7236.3281
 21
5403.6458
 31
1838.5417
  0
LINE
  8
0
 10
7412.1094
 20
5338.5417
 30
1864.5833
 11
7402.3438
 21
5169.2708
 31
1932.2917
  0
LINE
  8
0
 10
7402.3438
 20
5169.2708
 30
1932.2917
 11
7412.1094
 21
5325.5208
 31
1869.7917
  0
LINE
  8
0
 10
7412.1094
 20
5325.5208
 30
1869.7917
 11
7412.1094
 21
5338.5417
 31
1864.5833
  0
LINE
  8
0
 10
7714.8438
 20
5299.4792
 30
1880.2083
 11
7705.0781
 21
5013.0208
 31
1994.7917
  0
LINE
  8
0
 10
7705.0781
 20
5013.0208
 30
1994.7917
 11
7714.8438
 21
5286.4583
 31
1885.4167
  0
LINE
  8
0
 10
7714.8438
 20
5286.4583
 30
1885.4167
 11
7714.8438
 21
5299.4792
 31
1880.2083
  0
LINE
  8
0
 10
7236.3281
 20
5286.4583
 30
1885.4167
 11
7226.5625
 21
5208.3333
 31
1916.6667
  0
LINE
  8
0
 10
7226.5625
 20
5208.3333
 30
1916.6667
 11
7236.3281
 21
5273.4375
 31
1890.625
  0
LINE
  8
0
 10
7236.3281
 20
5273.4375
 30
1890.625
 11
7236.3281
 21
5286.4583
 31
1885.4167
  0
LINE
  8
0
 10
8378.9062
 20
5182.2917
 30
1927.0833
 11
8310.5469
 21
5169.2708
 31
1932.2917
  0
LINE
  8
0
 10
8310.5469
 20
5169.2708
 30
1932.2917
 11
8369.1406
 21
5169.2708
 31
1932.2917
  0
LINE
  8
0
 10
8369.1406
 20
5169.2708
 30
1932.2917
 11
8378.9062
 21
5182.2917
 31
1927.0833
  0
LINE
  8
0
 10
8310.5469
 20
5156.25
 30
1937.5
 11
8105.4688
 21
5091.1458
 31
1963.5417
  0
LINE
  8
0
 10
8105.4688
 20
5091.1458
 30
1963.5417
 11
8125.0
 21
5065.1042
 31
1973.9583
  0
LINE
  8
0
 10
8125.0
 20
5065.1042
 30
1973.9583
 11
8300.7812
 21
5143.2292
 31
1942.7083
  0
LINE
  8
0
 10
8300.7812
 20
5143.2292
 30
1942.7083
 11
8310.5469
 21
5156.25
 31
1937.5
  0
LINE
  8
0
 10
8417.9688
 20
5156.25
 30
1937.5
 11
7949.2188
 21
4986.9792
 31
2005.2083
  0
LINE
  8
0
 10
7949.2188
 20
4986.9792
 30
2005.2083
 11
8417.9688
 21
5143.2292
 31
1942.7083
  0
LINE
  8
0
 10
8417.9688
 20
5143.2292
 30
1942.7083
 11
8417.9688
 21
5156.25
 31
1937.5
  0
LINE
  8
0
 10
1748.0469
 20
5130.2083
 30
1947.9167
 11
1708.9844
 21
5117.1875
 31
1953.125
  0
LINE
  8
0
 10
1708.9844
 20
5117.1875
 30
1953.125
 11
1914.0625
 21
5065.1042
 31
1973.9583
  0
LINE
  8
0
 10
1914.0625
 20
5065.1042
 30
1973.9583
 11
1757.8125
 21
5130.2083
 31
1947.9167
  0
LINE
  8
0
 10
1757.8125
 20
5130.2083
 30
1947.9167
 11
1748.0469
 21
5130.2083
 31
1947.9167
  0
LINE
  8
0
 10
8105.4688
 20
5078.125
 30
1968.75
 11
8027.3438
 21
5065.1042
 31
1973.9583
  0
LINE
  8
0
 10
8027.3438
 20
5065.1042
 30
1973.9583
 11
8095.7031
 21
5065.1042
 31
1973.9583
  0
LINE
  8
0
 10
8095.7031
 20
5065.1042
 30
1973.9583
 11
8105.4688
 21
5078.125
 31
1968.75
  0
LINE
  8
0
 10
8417.9688
 20
5078.125
 30
1968.75
 11
7958.9844
 21
4921.875
 31
2031.25
  0
LINE
  8
0
 10
7958.9844
 20
4921.875
 30
2031.25
 11
7998.0469
 21
3450.5208
 31
2619.7917
  0
LINE
  8
0
 10
7998.0469
 20
3450.5208
 30
2619.7917
 11
8046.875
 21
2968.75
 31
2812.5
  0
LINE
  8
0
 10
8046.875
 20
2968.75
 30
2812.5
 11
8496.0938
 21
2838.5417
 31
2864.5833
  0
LINE
  8
0
 10
8496.0938
 20
2838.5417
 30
2864.5833
 11
8476.5625
 21
3502.6042
 31
2598.9583
  0
LINE
  8
0
 10
8476.5625
 20
3502.6042
 30
2598.9583
 11
8095.7031
 21
3580.7292
 31
2567.7083
  0
LINE
  8
0
 10
8095.7031
 20
3580.7292
 30
2567.7083
 11
8066.4062
 21
4270.8333
 31
2291.6667
  0
LINE
  8
0
 10
8066.4062
 20
4270.8333
 30
2291.6667
 11
8066.4062
 21
4414.0625
 31
2234.375
  0
LINE
  8
0
 10
8066.4062
 20
4414.0625
 30
2234.375
 11
8115.2344
 21
4440.1042
 31
2223.9583
  0
LINE
  8
0
 10
8115.2344
 20
4440.1042
 30
2223.9583
 11
8134.7656
 21
4427.0833
 31
2229.1667
  0
LINE
  8
0
 10
8134.7656
 20
4427.0833
 30
2229.1667
 11
8076.1719
 21
4401.0417
 31
2239.5833
  0
LINE
  8
0
 10
8076.1719
 20
4401.0417
 30
2239.5833
 11
8085.9375
 21
4348.9583
 31
2260.4167
  0
LINE
  8
0
 10
8085.9375
 20
4348.9583
 30
2260.4167
 11
8447.2656
 21
4348.9583
 31
2260.4167
  0
LINE
  8
0
 10
8447.2656
 20
4348.9583
 30
2260.4167
 11
8437.5
 21
4466.1458
 31
2213.5417
  0
LINE
  8
0
 10
8437.5
 20
4466.1458
 30
2213.5417
 11
8154.2969
 21
4440.1042
 31
2223.9583
  0
LINE
  8
0
 10
8154.2969
 20
4440.1042
 30
2223.9583
 11
8437.5
 21
4492.1875
 31
2203.125
  0
LINE
  8
0
 10
8437.5
 20
4492.1875
 30
2203.125
 11
8417.9688
 21
5065.1042
 31
1973.9583
  0
LINE
  8
0
 10
8417.9688
 20
5065.1042
 30
1973.9583
 11
8417.9688
 21
5078.125
 31
1968.75
  0
LINE
  8
0
 10
1943.3594
 20
5065.1042
 30
1973.9583
 11
1914.0625
 21
5052.0833
 31
1979.1667
  0
LINE
  8
0
 10
1914.0625
 20
5052.0833
 30
1979.1667
 11
2041.0156
 21
5000.0
 31
2000.0
  0
LINE
  8
0
 10
2041.0156
 20
5000.0
 30
2000.0
 11
2060.5469
 21
5026.0417
 31
1989.5833
  0
LINE
  8
0
 10
2060.5469
 20
5026.0417
 30
1989.5833
 11
1953.125
 21
5065.1042
 31
1973.9583
  0
LINE
  8
0
 10
1953.125
 20
5065.1042
 30
1973.9583
 11
1943.3594
 21
5065.1042
 31
1973.9583
  0
LINE
  8
0
 10
7978.5156
 20
5026.0417
 30
1989.5833
 11
8007.8125
 21
5039.0625
 31
1984.375
  0
LINE
  8
0
 10
8007.8125
 20
5039.0625
 30
1984.375
 11
7939.4531
 21
5026.0417
 31
1989.5833
  0
LINE
  8
0
 10
7939.4531
 20
5026.0417
 30
1989.5833
 11
7968.75
 21
5013.0208
 31
1994.7917
  0
LINE
  8
0
 10
7968.75
 20
5013.0208
 30
1994.7917
 11
7978.5156
 21
5026.0417
 31
1989.5833
  0
LINE
  8
0
 10
1738.2812
 20
5013.0208
 30
1994.7917
 11
1669.9219
 21
5000.0
 31
2000.0
  0
LINE
  8
0
 10
1669.9219
 20
5000.0
 30
2000.0
 11
1660.1562
 21
4466.1458
 31
2213.5417
  0
LINE
  8
0
 10
1660.1562
 20
4466.1458
 30
2213.5417
 11
1757.8125
 21
4440.1042
 31
2223.9583
  0
LINE
  8
0
 10
1757.8125
 20
4440.1042
 30
2223.9583
 11
1669.9219
 21
4440.1042
 31
2223.9583
  0
LINE
  8
0
 10
1669.9219
 20
4440.1042
 30
2223.9583
 11
1660.1562
 21
4375.0
 31
2250.0
  0
LINE
  8
0
 10
1660.1562
 20
4375.0
 30
2250.0
 11
2050.7812
 21
4322.9167
 31
2270.8333
  0
LINE
  8
0
 10
2050.7812
 20
4322.9167
 30
2270.8333
 11
2060.5469
 21
4270.8333
 31
2291.6667
  0
LINE
  8
0
 10
2060.5469
 20
4270.8333
 30
2291.6667
 11
2089.8438
 21
4309.8958
 31
2276.0417
  0
LINE
  8
0
 10
2089.8438
 20
4309.8958
 30
2276.0417
 11
2080.0781
 21
4375.0
 31
2250.0
  0
LINE
  8
0
 10
2080.0781
 20
4375.0
 30
2250.0
 11
2031.25
 21
4401.0417
 31
2239.5833
  0
LINE
  8
0
 10
2031.25
 20
4401.0417
 30
2239.5833
 11
2089.8438
 21
4388.0208
 31
2244.7917
  0
LINE
  8
0
 10
2089.8438
 20
4388.0208
 30
2244.7917
 11
2080.0781
 21
3697.9167
 31
2520.8333
  0
LINE
  8
0
 10
2080.0781
 20
3697.9167
 30
2520.8333
 11
2050.7812
 21
3554.6875
 31
2578.125
  0
LINE
  8
0
 10
2050.7812
 20
3554.6875
 30
2578.125
 11
1640.625
 21
3489.5833
 31
2604.1667
  0
LINE
  8
0
 10
1640.625
 20
3489.5833
 30
2604.1667
 11
1640.625
 21
2812.5
 31
2875.0
  0
LINE
  8
0
 10
1640.625
 20
2812.5
 30
2875.0
 11
1904.2969
 21
2890.625
 31
2843.75
  0
LINE
  8
0
 10
1904.2969
 20
2890.625
 30
2843.75
 11
1933.5938
 21
2929.6875
 31
2828.125
  0
LINE
  8
0
 10
1933.5938
 20
2929.6875
 30
2828.125
 11
1933.5938
 21
3125.0
 31
2750.0
  0
LINE
  8
0
 10
1933.5938
 20
3125.0
 30
2750.0
 11
1943.3594
 21
2916.6667
 31
2833.3333
  0
LINE
  8
0
 10
1943.3594
 20
2916.6667
 30
2833.3333
 11
2167.9688
 21
2981.7708
 31
2807.2917
  0
LINE
  8
0
 10
2167.9688
 20
2981.7708
 30
2807.2917
 11
2148.4375
 21
2994.7917
 31
2802.0833
  0
LINE
  8
0
 10
2148.4375
 20
2994.7917
 30
2802.0833
 11
2187.5
 21
3880.2083
 31
2447.9167
  0
LINE
  8
0
 10
2187.5
 20
3880.2083
 30
2447.9167
 11
2187.5
 21
4882.8125
 31
2046.875
  0
LINE
  8
0
 10
2187.5
 20
4882.8125
 30
2046.875
 11
1748.0469
 21
5013.0208
 31
1994.7917
  0
LINE
  8
0
 10
1748.0469
 20
5013.0208
 30
1994.7917
 11
1738.2812
 21
5013.0208
 31
1994.7917
  0
LINE
  8
0
 10
2099.6094
 20
5013.0208
 30
1994.7917
 11
2060.5469
 21
5013.0208
 31
1994.7917
  0
LINE
  8
0
 10
2060.5469
 20
5013.0208
 30
1994.7917
 11
2109.375
 21
4960.9375
 31
2015.625
  0
LINE
  8
0
 10
2109.375
 20
4960.9375
 30
2015.625
 11
2187.5
 21
4973.9583
 31
2010.4167
  0
LINE
  8
0
 10
2187.5
 20
4973.9583
 30
2010.4167
 11
2109.375
 21
5013.0208
 31
1994.7917
  0
LINE
  8
0
 10
2109.375
 20
5013.0208
 30
1994.7917
 11
2099.6094
 21
5013.0208
 31
1994.7917
  0
LINE
  8
0
 10
2031.25
 20
5000.0
 30
2000.0
 11
2001.9531
 21
4986.9792
 31
2005.2083
  0
LINE
  8
0
 10
2001.9531
 20
4986.9792
 30
2005.2083
 11
2109.375
 21
4960.9375
 31
2015.625
  0
LINE
  8
0
 10
2109.375
 20
4960.9375
 30
2015.625
 11
2041.0156
 21
5000.0
 31
2000.0
  0
LINE
  8
0
 10
2041.0156
 20
5000.0
 30
2000.0
 11
2031.25
 21
5000.0
 31
2000.0
  0
LINE
  8
0
 10
7421.875
 20
4973.9583
 30
2010.4167
 11
7412.1094
 21
4856.7708
 31
2057.2917
  0
LINE
  8
0
 10
7412.1094
 20
4856.7708
 30
2057.2917
 11
7421.875
 21
4960.9375
 31
2015.625
  0
LINE
  8
0
 10
7421.875
 20
4960.9375
 30
2015.625
 11
7421.875
 21
4973.9583
 31
2010.4167
  0
LINE
  8
0
 10
2167.9688
 20
4947.9167
 30
2020.8333
 11
2119.1406
 21
4960.9375
 31
2015.625
  0
LINE
  8
0
 10
2119.1406
 20
4960.9375
 30
2015.625
 11
2158.2031
 21
4934.8958
 31
2026.0417
  0
LINE
  8
0
 10
2158.2031
 20
4934.8958
 30
2026.0417
 11
2167.9688
 21
4947.9167
 31
2020.8333
  0
LINE
  8
0
 10
7246.0938
 20
4947.9167
 30
2020.8333
 11
7236.3281
 21
4843.75
 31
2062.5
  0
LINE
  8
0
 10
7236.3281
 20
4843.75
 30
2062.5
 11
7246.0938
 21
4934.8958
 31
2026.0417
  0
LINE
  8
0
 10
7246.0938
 20
4934.8958
 30
2026.0417
 11
7246.0938
 21
4947.9167
 31
2020.8333
  0
LINE
  8
0
 10
2441.4062
 20
4895.8333
 30
2041.6667
 11
2431.6406
 21
4817.7083
 31
2072.9167
  0
LINE
  8
0
 10
2431.6406
 20
4817.7083
 30
2072.9167
 11
2441.4062
 21
4882.8125
 31
2046.875
  0
LINE
  8
0
 10
2441.4062
 20
4882.8125
 30
2046.875
 11
2441.4062
 21
4895.8333
 31
2041.6667
  0
LINE
  8
0
 10
2509.7656
 20
4882.8125
 30
2046.875
 11
2460.9375
 21
4882.8125
 31
2046.875
  0
LINE
  8
0
 10
2460.9375
 20
4882.8125
 30
2046.875
 11
2500.0
 21
4869.7917
 31
2052.0833
  0
LINE
  8
0
 10
2500.0
 20
4869.7917
 30
2052.0833
 11
2509.7656
 21
4882.8125
 31
2046.875
  0
LINE
  8
0
 10
2548.8281
 20
4869.7917
 30
2052.0833
 11
2500.0
 21
4869.7917
 31
2052.0833
  0
LINE
  8
0
 10
2500.0
 20
4869.7917
 30
2052.0833
 11
2539.0625
 21
4856.7708
 31
2057.2917
  0
LINE
  8
0
 10
2539.0625
 20
4856.7708
 30
2057.2917
 11
2548.8281
 21
4869.7917
 31
2052.0833
  0
LINE
  8
0
 10
2958.9844
 20
4869.7917
 30
2052.0833
 11
2949.2188
 21
4804.6875
 31
2078.125
  0
LINE
  8
0
 10
2949.2188
 20
4804.6875
 30
2078.125
 11
2958.9844
 21
4856.7708
 31
2057.2917
  0
LINE
  8
0
 10
2958.9844
 20
4856.7708
 30
2057.2917
 11
2958.9844
 21
4869.7917
 31
2052.0833
  0
LINE
  8
0
 10
7597.6562
 20
4856.7708
 30
2057.2917
 11
7529.2969
 21
4843.75
 31
2062.5
  0
LINE
  8
0
 10
7529.2969
 20
4843.75
 30
2062.5
 11
7587.8906
 21
4843.75
 31
2062.5
  0
LINE
  8
0
 10
7587.8906
 20
4843.75
 30
2062.5
 11
7597.6562
 21
4856.7708
 31
2057.2917
  0
LINE
  8
0
 10
2675.7812
 20
4830.7292
 30
2067.7083
 11
2626.9531
 21
4830.7292
 31
2067.7083
  0
LINE
  8
0
 10
2626.9531
 20
4830.7292
 30
2067.7083
 11
2666.0156
 21
4817.7083
 31
2072.9167
  0
LINE
  8
0
 10
2666.0156
 20
4817.7083
 30
2072.9167
 11
2675.7812
 21
4830.7292
 31
2067.7083
  0
LINE
  8
0
 10
7226.5625
 20
4817.7083
 30
2072.9167
 11
6972.6562
 21
4817.7083
 31
2072.9167
  0
LINE
  8
0
 10
6972.6562
 20
4817.7083
 30
2072.9167
 11
7216.7969
 21
4804.6875
 31
2078.125
  0
LINE
  8
0
 10
7216.7969
 20
4804.6875
 30
2078.125
 11
7226.5625
 21
4817.7083
 31
2072.9167
  0
LINE
  8
0
 10
2480.4688
 20
4804.6875
 30
2078.125
 11
2451.1719
 21
4791.6667
 31
2083.3333
  0
LINE
  8
0
 10
2451.1719
 20
4791.6667
 30
2083.3333
 11
2451.1719
 21
4348.9583
 31
2260.4167
  0
LINE
  8
0
 10
2451.1719
 20
4348.9583
 30
2260.4167
 11
2617.1875
 21
4322.9167
 31
2270.8333
  0
LINE
  8
0
 10
2617.1875
 20
4322.9167
 30
2270.8333
 11
2460.9375
 21
4335.9375
 31
2265.625
  0
LINE
  8
0
 10
2460.9375
 20
4335.9375
 30
2265.625
 11
2451.1719
 21
4283.8542
 31
2286.4583
  0
LINE
  8
0
 10
2451.1719
 20
4283.8542
 30
2286.4583
 11
2656.25
 21
4231.7708
 31
2307.2917
  0
LINE
  8
0
 10
2656.25
 20
4231.7708
 30
2307.2917
 11
2685.5469
 21
4296.875
 31
2281.25
  0
LINE
  8
0
 10
2685.5469
 20
4296.875
 30
2281.25
 11
2675.7812
 21
3763.0208
 31
2494.7917
  0
LINE
  8
0
 10
2675.7812
 20
3763.0208
 30
2494.7917
 11
2656.25
 21
3632.8125
 31
2546.875
  0
LINE
  8
0
 10
2656.25
 20
3632.8125
 30
2546.875
 11
2431.6406
 21
3593.75
 31
2562.5
  0
LINE
  8
0
 10
2431.6406
 20
3593.75
 30
2562.5
 11
2421.875
 21
3411.4583
 31
2635.4167
  0
LINE
  8
0
 10
2421.875
 20
3411.4583
 30
2635.4167
 11
2402.3438
 21
3619.7917
 31
2552.0833
  0
LINE
  8
0
 10
2402.3438
 20
3619.7917
 30
2552.0833
 11
2402.3438
 21
2903.6458
 31
2838.5417
  0
LINE
  8
0
 10
2402.3438
 20
2903.6458
 30
2838.5417
 11
2421.875
 21
3059.8958
 31
2776.0417
  0
LINE
  8
0
 10
2421.875
 20
3059.8958
 30
2776.0417
 11
2607.4219
 21
3151.0417
 31
2739.5833
  0
LINE
  8
0
 10
2607.4219
 20
3151.0417
 30
2739.5833
 11
2597.6562
 21
3515.625
 31
2593.75
  0
LINE
  8
0
 10
2597.6562
 20
3515.625
 30
2593.75
 11
2646.4844
 21
3502.6042
 31
2598.9583
  0
LINE
  8
0
 10
2646.4844
 20
3502.6042
 30
2598.9583
 11
2617.1875
 21
3411.4583
 31
2635.4167
  0
LINE
  8
0
 10
2617.1875
 20
3411.4583
 30
2635.4167
 11
2617.1875
 21
3138.0208
 31
2744.7917
  0
LINE
  8
0
 10
2617.1875
 20
3138.0208
 30
2744.7917
 11
2724.6094
 21
3203.125
 31
2718.75
  0
LINE
  8
0
 10
2724.6094
 20
3203.125
 30
2718.75
 11
2753.9062
 21
4687.5
 31
2125.0
  0
LINE
  8
0
 10
2753.9062
 20
4687.5
 30
2125.0
 11
2734.375
 21
4648.4375
 31
2140.625
  0
LINE
  8
0
 10
2734.375
 20
4648.4375
 30
2140.625
 11
2744.1406
 21
4713.5417
 31
2114.5833
  0
LINE
  8
0
 10
2744.1406
 20
4713.5417
 30
2114.5833
 11
2714.8438
 21
4739.5833
 31
2104.1667
  0
LINE
  8
0
 10
2714.8438
 20
4739.5833
 30
2104.1667
 11
2490.2344
 21
4791.6667
 31
2083.3333
  0
LINE
  8
0
 10
2490.2344
 20
4791.6667
 30
2083.3333
 11
2480.4688
 21
4804.6875
 31
2078.125
  0
LINE
  8
0
 10
5136.7188
 20
4804.6875
 30
2078.125
 11
4248.0469
 21
4791.6667
 31
2083.3333
  0
LINE
  8
0
 10
4248.0469
 20
4791.6667
 30
2083.3333
 11
5126.9531
 21
4791.6667
 31
2083.3333
  0
LINE
  8
0
 10
5126.9531
 20
4791.6667
 30
2083.3333
 11
5136.7188
 21
4804.6875
 31
2078.125
  0
LINE
  8
0
 10
5898.4375
 20
4804.6875
 30
2078.125
 11
5214.8438
 21
4804.6875
 31
2078.125
  0
LINE
  8
0
 10
5214.8438
 20
4804.6875
 30
2078.125
 11
5888.6719
 21
4791.6667
 31
2083.3333
  0
LINE
  8
0
 10
5888.6719
 20
4791.6667
 30
2083.3333
 11
5898.4375
 21
4804.6875
 31
2078.125
  0
LINE
  8
0
 10
6669.9219
 20
4804.6875
 30
2078.125
 11
5957.0312
 21
4804.6875
 31
2078.125
  0
LINE
  8
0
 10
5957.0312
 20
4804.6875
 30
2078.125
 11
6660.1562
 21
4791.6667
 31
2083.3333
  0
LINE
  8
0
 10
6660.1562
 20
4791.6667
 30
2083.3333
 11
6669.9219
 21
4804.6875
 31
2078.125
  0
LINE
  8
0
 10
2441.4062
 20
4791.6667
 30
2083.3333
 11
2431.6406
 21
4479.1667
 31
2208.3333
  0
LINE
  8
0
 10
2431.6406
 20
4479.1667
 30
2208.3333
 11
2441.4062
 21
4778.6458
 31
2088.5417
  0
LINE
  8
0
 10
2441.4062
 20
4778.6458
 30
2088.5417
 11
2441.4062
 21
4791.6667
 31
2083.3333
  0
LINE
  8
0
 10
4072.2656
 20
4791.6667
 30
2083.3333
 11
3876.9531
 21
4791.6667
 31
2083.3333
  0
LINE
  8
0
 10
3876.9531
 20
4791.6667
 30
2083.3333
 11
4062.5
 21
4778.6458
 31
2088.5417
  0
LINE
  8
0
 10
4062.5
 20
4778.6458
 30
2088.5417
 11
4072.2656
 21
4791.6667
 31
2083.3333
  0
LINE
  8
0
 10
4130.8594
 20
4791.6667
 30
2083.3333
 11
4072.2656
 21
4791.6667
 31
2083.3333
  0
LINE
  8
0
 10
4072.2656
 20
4791.6667
 30
2083.3333
 11
4121.0938
 21
4778.6458
 31
2088.5417
  0
LINE
  8
0
 10
4121.0938
 20
4778.6458
 30
2088.5417
 11
4130.8594
 21
4791.6667
 31
2083.3333
  0
LINE
  8
0
 10
5195.3125
 20
4791.6667
 30
2083.3333
 11
5146.4844
 21
4791.6667
 31
2083.3333
  0
LINE
  8
0
 10
5146.4844
 20
4791.6667
 30
2083.3333
 11
5185.5469
 21
4778.6458
 31
2088.5417
  0
LINE
  8
0
 10
5185.5469
 20
4778.6458
 30
2088.5417
 11
5195.3125
 21
4791.6667
 31
2083.3333
  0
LINE
  8
0
 10
3417.9688
 20
4778.6458
 30
2088.5417
 11
2958.9844
 21
4778.6458
 31
2088.5417
  0
LINE
  8
0
 10
2958.9844
 20
4778.6458
 30
2088.5417
 11
3408.2031
 21
4765.625
 31
2093.75
  0
LINE
  8
0
 10
3408.2031
 20
4765.625
 30
2093.75
 11
3417.9688
 21
4778.6458
 31
2088.5417
  0
LINE
  8
0
 10
3720.7031
 20
4778.6458
 30
2088.5417
 11
3427.7344
 21
4778.6458
 31
2088.5417
  0
LINE
  8
0
 10
3427.7344
 20
4778.6458
 30
2088.5417
 11
3710.9375
 21
4765.625
 31
2093.75
  0
LINE
  8
0
 10
3710.9375
 20
4765.625
 30
2093.75
 11
3720.7031
 21
4778.6458
 31
2088.5417
  0
LINE
  8
0
 10
3818.3594
 20
4778.6458
 30
2088.5417
 11
3750.0
 21
4778.6458
 31
2088.5417
  0
LINE
  8
0
 10
3750.0
 20
4778.6458
 30
2088.5417
 11
3808.5938
 21
4765.625
 31
2093.75
  0
LINE
  8
0
 10
3808.5938
 20
4765.625
 30
2093.75
 11
3818.3594
 21
4778.6458
 31
2088.5417
  0
LINE
  8
0
 10
7031.25
 20
4752.6042
 30
2098.9583
 11
5957.0312
 21
4726.5625
 31
2109.375
  0
LINE
  8
0
 10
5957.0312
 20
4726.5625
 30
2109.375
 11
5996.0938
 21
3203.125
 31
2718.75
  0
LINE
  8
0
 10
5996.0938
 20
3203.125
 30
2718.75
 11
7236.3281
 21
3216.1458
 31
2713.5417
  0
LINE
  8
0
 10
7236.3281
 20
3216.1458
 30
2713.5417
 11
7197.2656
 21
4674.4792
 31
2130.2083
  0
LINE
  8
0
 10
7197.2656
 20
4674.4792
 30
2130.2083
 11
7167.9688
 21
4752.6042
 31
2098.9583
  0
LINE
  8
0
 10
7167.9688
 20
4752.6042
 30
2098.9583
 11
7041.0156
 21
4752.6042
 31
2098.9583
  0
LINE
  8
0
 10
7041.0156
 20
4752.6042
 30
2098.9583
 11
7031.25
 21
4752.6042
 31
2098.9583
  0
LINE
  8
0
 10
2958.9844
 20
4739.5833
 30
2104.1667
 11
2949.2188
 21
4596.3542
 31
2161.4583
  0
LINE
  8
0
 10
2949.2188
 20
4596.3542
 30
2161.4583
 11
2958.9844
 21
4726.5625
 31
2109.375
  0
LINE
  8
0
 10
2958.9844
 20
4726.5625
 30
2109.375
 11
2958.9844
 21
4739.5833
 31
2104.1667
  0
LINE
  8
0
 10
4287.1094
 20
4739.5833
 30
2104.1667
 11
4257.8125
 21
4687.5
 31
2125.0
  0
LINE
  8
0
 10
4257.8125
 20
4687.5
 30
2125.0
 11
4267.5781
 21
3216.1458
 31
2713.5417
  0
LINE
  8
0
 10
4267.5781
 20
3216.1458
 30
2713.5417
 11
5908.2031
 21
3229.1667
 31
2708.3333
  0
LINE
  8
0
 10
5908.2031
 20
3229.1667
 30
2708.3333
 11
5898.4375
 21
4466.1458
 31
2213.5417
  0
LINE
  8
0
 10
5898.4375
 20
4466.1458
 30
2213.5417
 11
5869.1406
 21
4752.6042
 31
2098.9583
  0
LINE
  8
0
 10
5869.1406
 20
4752.6042
 30
2098.9583
 11
4296.875
 21
4739.5833
 31
2104.1667
  0
LINE
  8
0
 10
4296.875
 20
4739.5833
 30
2104.1667
 11
4287.1094
 21
4739.5833
 31
2104.1667
  0
LINE
  8
0
 10
7216.7969
 20
4726.5625
 30
2109.375
 11
7187.5
 21
4726.5625
 31
2109.375
  0
LINE
  8
0
 10
7187.5
 20
4726.5625
 30
2109.375
 11
7216.7969
 21
4596.3542
 31
2161.4583
  0
LINE
  8
0
 10
7216.7969
 20
4596.3542
 30
2161.4583
 11
7216.7969
 21
4713.5417
 31
2114.5833
  0
LINE
  8
0
 10
7216.7969
 20
4713.5417
 30
2114.5833
 11
7216.7969
 21
4726.5625
 31
2109.375
  0
LINE
  8
0
 10
2783.2031
 20
4687.5
 30
2125.0
 11
2773.4375
 21
4479.1667
 31
2208.3333
  0
LINE
  8
0
 10
2773.4375
 20
4479.1667
 30
2208.3333
 11
2783.2031
 21
4674.4792
 31
2130.2083
  0
LINE
  8
0
 10
2783.2031
 20
4674.4792
 30
2130.2083
 11
2783.2031
 21
4687.5
 31
2125.0
  0
LINE
  8
0
 10
9462.8906
 20
4661.4583
 30
2135.4167
 11
9570.3125
 21
4635.4167
 31
2145.8333
  0
LINE
  8
0
 10
9570.3125
 20
4635.4167
 30
2145.8333
 11
9472.6562
 21
4648.4375
 31
2140.625
  0
LINE
  8
0
 10
9472.6562
 20
4648.4375
 30
2140.625
 11
9462.8906
 21
4661.4583
 31
2135.4167
  0
LINE
  8
0
 10
9384.7656
 20
4648.4375
 30
2140.625
 11
9443.3594
 21
4661.4583
 31
2135.4167
  0
LINE
  8
0
 10
9443.3594
 20
4661.4583
 30
2135.4167
 11
9375.0
 21
4635.4167
 31
2145.8333
  0
LINE
  8
0
 10
9375.0
 20
4635.4167
 30
2145.8333
 11
9384.7656
 21
4648.4375
 31
2140.625
  0
LINE
  8
0
 10
9277.3438
 20
4635.4167
 30
2145.8333
 11
9345.7031
 21
4609.375
 31
2156.25
  0
LINE
  8
0
 10
9345.7031
 20
4609.375
 30
2156.25
 11
9267.5781
 21
4622.3958
 31
2151.0417
  0
LINE
  8
0
 10
9267.5781
 20
4622.3958
 30
2151.0417
 11
9277.3438
 21
4635.4167
 31
2145.8333
  0
LINE
  8
0
 10
332.0312
 20
4622.3958
 30
2151.0417
 11
429.6875
 21
4609.375
 31
2156.25
  0
LINE
  8
0
 10
429.6875
 20
4609.375
 30
2156.25
 11
332.0312
 21
4609.375
 31
2156.25
  0
LINE
  8
0
 10
332.0312
 20
4609.375
 30
2156.25
 11
332.0312
 21
4622.3958
 31
2151.0417
  0
LINE
  8
0
 10
7431.6406
 20
4622.3958
 30
2151.0417
 11
7421.875
 21
4479.1667
 31
2208.3333
  0
LINE
  8
0
 10
7421.875
 20
4479.1667
 30
2208.3333
 11
7431.6406
 21
4609.375
 31
2156.25
  0
LINE
  8
0
 10
7431.6406
 20
4609.375
 30
2156.25
 11
7431.6406
 21
4622.3958
 31
2151.0417
  0
LINE
  8
0
 10
9189.4531
 20
4622.3958
 30
2151.0417
 11
9238.2812
 21
4596.3542
 31
2161.4583
  0
LINE
  8
0
 10
9238.2812
 20
4596.3542
 30
2161.4583
 11
9179.6875
 21
4609.375
 31
2156.25
  0
LINE
  8
0
 10
9179.6875
 20
4609.375
 30
2156.25
 11
9189.4531
 21
4622.3958
 31
2151.0417
  0
LINE
  8
0
 10
449.2188
 20
4609.375
 30
2156.25
 11
644.5312
 21
4583.3333
 31
2166.6667
  0
LINE
  8
0
 10
644.5312
 20
4583.3333
 30
2166.6667
 11
585.9375
 21
4518.2292
 31
2192.7083
  0
LINE
  8
0
 10
585.9375
 20
4518.2292
 30
2192.7083
 11
615.2344
 21
4583.3333
 31
2166.6667
  0
LINE
  8
0
 10
615.2344
 20
4583.3333
 30
2166.6667
 11
458.9844
 21
4596.3542
 31
2161.4583
  0
LINE
  8
0
 10
458.9844
 20
4596.3542
 30
2161.4583
 11
449.2188
 21
4609.375
 31
2156.25
  0
LINE
  8
0
 10
9072.2656
 20
4609.375
 30
2156.25
 11
9130.8594
 21
4609.375
 31
2156.25
  0
LINE
  8
0
 10
9130.8594
 20
4609.375
 30
2156.25
 11
9082.0312
 21
4596.3542
 31
2161.4583
  0
LINE
  8
0
 10
9082.0312
 20
4596.3542
 30
2161.4583
 11
9072.2656
 21
4609.375
 31
2156.25
  0
LINE
  8
0
 10
9033.2031
 20
4596.3542
 30
2161.4583
 11
8974.6094
 21
4583.3333
 31
2166.6667
  0
LINE
  8
0
 10
8974.6094
 20
4583.3333
 30
2166.6667
 11
9023.4375
 21
4583.3333
 31
2166.6667
  0
LINE
  8
0
 10
9023.4375
 20
4583.3333
 30
2166.6667
 11
9033.2031
 21
4596.3542
 31
2161.4583
  0
LINE
  8
0
 10
410.1562
 20
4583.3333
 30
2166.6667
 11
439.4531
 21
4583.3333
 31
2166.6667
  0
LINE
  8
0
 10
439.4531
 20
4583.3333
 30
2166.6667
 11
410.1562
 21
4544.2708
 31
2182.2917
  0
LINE
  8
0
 10
410.1562
 20
4544.2708
 30
2182.2917
 11
439.4531
 21
4518.2292
 31
2192.7083
  0
LINE
  8
0
 10
439.4531
 20
4518.2292
 30
2192.7083
 11
410.1562
 21
4518.2292
 31
2192.7083
  0
LINE
  8
0
 10
410.1562
 20
4518.2292
 30
2192.7083
 11
419.9219
 21
4570.3125
 31
2171.875
  0
LINE
  8
0
 10
419.9219
 20
4570.3125
 30
2171.875
 11
410.1562
 21
4583.3333
 31
2166.6667
  0
LINE
  8
0
 10
693.3594
 20
4583.3333
 30
2166.6667
 11
859.375
 21
4557.2917
 31
2177.0833
  0
LINE
  8
0
 10
859.375
 20
4557.2917
 30
2177.0833
 11
664.0625
 21
4557.2917
 31
2177.0833
  0
LINE
  8
0
 10
664.0625
 20
4557.2917
 30
2177.0833
 11
683.5938
 21
4570.3125
 31
2171.875
  0
LINE
  8
0
 10
683.5938
 20
4570.3125
 30
2171.875
 11
693.3594
 21
4583.3333
 31
2166.6667
  0
LINE
  8
0
 10
2900.3906
 20
4570.3125
 30
2171.875
 11
2900.3906
 21
4440.1042
 31
2223.9583
  0
LINE
  8
0
 10
2900.3906
 20
4440.1042
 30
2223.9583
 11
2900.3906
 21
4557.2917
 31
2177.0833
  0
LINE
  8
0
 10
2900.3906
 20
4557.2917
 30
2177.0833
 11
2900.3906
 21
4570.3125
 31
2171.875
  0
LINE
  8
0
 10
9658.2031
 20
4570.3125
 30
2171.875
 11
9716.7969
 21
4544.2708
 31
2182.2917
  0
LINE
  8
0
 10
9716.7969
 20
4544.2708
 30
2182.2917
 11
9638.6719
 21
4531.25
 31
2187.5
  0
LINE
  8
0
 10
9638.6719
 20
4531.25
 30
2187.5
 11
9648.4375
 21
4557.2917
 31
2177.0833
  0
LINE
  8
0
 10
9648.4375
 20
4557.2917
 30
2177.0833
 11
9658.2031
 21
4570.3125
 31
2171.875
  0
LINE
  8
0
 10
878.9062
 20
4557.2917
 30
2177.0833
 11
957.0312
 21
4544.2708
 31
2182.2917
  0
LINE
  8
0
 10
957.0312
 20
4544.2708
 30
2182.2917
 11
888.6719
 21
4544.2708
 31
2182.2917
  0
LINE
  8
0
 10
888.6719
 20
4544.2708
 30
2182.2917
 11
878.9062
 21
4557.2917
 31
2177.0833
  0
LINE
  8
0
 10
9550.7812
 20
4557.2917
 30
2177.0833
 11
9609.375
 21
4531.25
 31
2187.5
  0
LINE
  8
0
 10
9609.375
 20
4531.25
 30
2187.5
 11
9531.25
 21
4518.2292
 31
2192.7083
  0
LINE
  8
0
 10
9531.25
 20
4518.2292
 30
2192.7083
 11
9541.0156
 21
4544.2708
 31
2182.2917
  0
LINE
  8
0
 10
9541.0156
 20
4544.2708
 30
2182.2917
 11
9550.7812
 21
4557.2917
 31
2177.0833
  0
LINE
  8
0
 10
1025.3906
 20
4544.2708
 30
2182.2917
 11
957.0312
 21
4518.2292
 31
2192.7083
  0
LINE
  8
0
 10
957.0312
 20
4518.2292
 30
2192.7083
 11
1015.625
 21
4531.25
 31
2187.5
  0
LINE
  8
0
 10
1015.625
 20
4531.25
 30
2187.5
 11
1025.3906
 21
4544.2708
 31
2182.2917
  0
LINE
  8
0
 10
5917.9688
 20
4492.1875
 30
2203.125
 11
5917.9688
 21
4375.0
 31
2250.0
  0
LINE
  8
0
 10
5917.9688
 20
4375.0
 30
2250.0
 11
5917.9688
 21
4479.1667
 31
2208.3333
  0
LINE
  8
0
 10
5917.9688
 20
4479.1667
 30
2208.3333
 11
5917.9688
 21
4492.1875
 31
2203.125
  0
LINE
  8
0
 10
351.5625
 20
4479.1667
 30
2208.3333
 11
322.2656
 21
4492.1875
 31
2203.125
  0
LINE
  8
0
 10
322.2656
 20
4492.1875
 30
2203.125
 11
312.5
 21
4440.1042
 31
2223.9583
  0
LINE
  8
0
 10
312.5
 20
4440.1042
 30
2223.9583
 11
615.2344
 21
4427.0833
 31
2229.1667
  0
LINE
  8
0
 10
615.2344
 20
4427.0833
 30
2229.1667
 11
605.4688
 21
4401.0417
 31
2239.5833
  0
LINE
  8
0
 10
605.4688
 20
4401.0417
 30
2239.5833
 11
664.0625
 21
4427.0833
 31
2229.1667
  0
LINE
  8
0
 10
664.0625
 20
4427.0833
 30
2229.1667
 11
361.3281
 21
4479.1667
 31
2208.3333
  0
LINE
  8
0
 10
361.3281
 20
4479.1667
 30
2208.3333
 11
351.5625
 21
4479.1667
 31
2208.3333
  0
LINE
  8
0
 10
9775.3906
 20
4466.1458
 30
2213.5417
 11
9453.125
 21
4440.1042
 31
2223.9583
  0
LINE
  8
0
 10
9453.125
 20
4440.1042
 30
2223.9583
 11
9462.8906
 21
3763.0208
 31
2494.7917
  0
LINE
  8
0
 10
9462.8906
 20
3763.0208
 30
2494.7917
 11
9472.6562
 21
3619.7917
 31
2552.0833
  0
LINE
  8
0
 10
9472.6562
 20
3619.7917
 30
2552.0833
 11
9492.1875
 21
3671.875
 31
2531.25
  0
LINE
  8
0
 10
9492.1875
 20
3671.875
 30
2531.25
 11
9501.9531
 21
3593.75
 31
2562.5
  0
LINE
  8
0
 10
9501.9531
 20
3593.75
 30
2562.5
 11
9824.2188
 21
3567.7083
 31
2572.9167
  0
LINE
  8
0
 10
9824.2188
 20
3567.7083
 30
2572.9167
 11
9775.3906
 21
4453.125
 31
2218.75
  0
LINE
  8
0
 10
9775.3906
 20
4453.125
 30
2218.75
 11
9775.3906
 21
4466.1458
 31
2213.5417
  0
LINE
  8
0
 10
9033.2031
 20
4453.125
 30
2218.75
 11
9013.6719
 21
4231.7708
 31
2307.2917
  0
LINE
  8
0
 10
9013.6719
 20
4231.7708
 30
2307.2917
 11
9062.5
 21
3580.7292
 31
2567.7083
  0
LINE
  8
0
 10
9062.5
 20
3580.7292
 30
2567.7083
 11
9082.0312
 21
3619.7917
 31
2552.0833
  0
LINE
  8
0
 10
9082.0312
 20
3619.7917
 30
2552.0833
 11
9042.9688
 21
4440.1042
 31
2223.9583
  0
LINE
  8
0
 10
9042.9688
 20
4440.1042
 30
2223.9583
 11
9033.2031
 21
4453.125
 31
2218.75
  0
LINE
  8
0
 10
732.4219
 20
4440.1042
 30
2223.9583
 11
693.3594
 21
4453.125
 31
2218.75
  0
LINE
  8
0
 10
693.3594
 20
4453.125
 30
2218.75
 11
683.5938
 21
4414.0625
 31
2234.375
  0
LINE
  8
0
 10
683.5938
 20
4414.0625
 30
2234.375
 11
908.2031
 21
4414.0625
 31
2234.375
  0
LINE
  8
0
 10
908.2031
 20
4414.0625
 30
2234.375
 11
888.6719
 21
4401.0417
 31
2239.5833
  0
LINE
  8
0
 10
888.6719
 20
4401.0417
 30
2239.5833
 11
966.7969
 21
4375.0
 31
2250.0
  0
LINE
  8
0
 10
966.7969
 20
4375.0
 30
2250.0
 11
1054.6875
 21
4401.0417
 31
2239.5833
  0
LINE
  8
0
 10
1054.6875
 20
4401.0417
 30
2239.5833
 11
742.1875
 21
4440.1042
 31
2223.9583
  0
LINE
  8
0
 10
742.1875
 20
4440.1042
 30
2223.9583
 11
732.4219
 21
4440.1042
 31
2223.9583
  0
LINE
  8
0
 10
1796.875
 20
4440.1042
 30
2223.9583
 11
1904.2969
 21
4401.0417
 31
2239.5833
  0
LINE
  8
0
 10
1904.2969
 20
4401.0417
 30
2239.5833
 11
1787.1094
 21
4427.0833
 31
2229.1667
  0
LINE
  8
0
 10
1787.1094
 20
4427.0833
 30
2229.1667
 11
1796.875
 21
4440.1042
 31
2223.9583
  0
LINE
  8
0
 10
9072.2656
 20
4440.1042
 30
2223.9583
 11
9052.7344
 21
4192.7083
 31
2322.9167
  0
LINE
  8
0
 10
9052.7344
 20
4192.7083
 30
2322.9167
 11
9091.7969
 21
3606.7708
 31
2557.2917
  0
LINE
  8
0
 10
9091.7969
 20
3606.7708
 30
2557.2917
 11
9072.2656
 21
4427.0833
 31
2229.1667
  0
LINE
  8
0
 10
9072.2656
 20
4427.0833
 30
2229.1667
 11
9072.2656
 21
4440.1042
 31
2223.9583
  0
LINE
  8
0
 10
9394.5312
 20
4440.1042
 30
2223.9583
 11
9121.0938
 21
4401.0417
 31
2239.5833
  0
LINE
  8
0
 10
9121.0938
 20
4401.0417
 30
2239.5833
 11
9140.625
 21
3658.8542
 31
2536.4583
  0
LINE
  8
0
 10
9140.625
 20
3658.8542
 30
2536.4583
 11
9277.3438
 21
3593.75
 31
2562.5
  0
LINE
  8
0
 10
9277.3438
 20
3593.75
 30
2562.5
 11
9296.875
 21
3528.6458
 31
2588.5417
  0
LINE
  8
0
 10
9296.875
 20
3528.6458
 30
2588.5417
 11
9462.8906
 21
3554.6875
 31
2578.125
  0
LINE
  8
0
 10
9462.8906
 20
3554.6875
 30
2578.125
 11
9433.5938
 21
3593.75
 31
2562.5
  0
LINE
  8
0
 10
9433.5938
 20
3593.75
 30
2562.5
 11
9345.7031
 21
3554.6875
 31
2578.125
  0
LINE
  8
0
 10
9345.7031
 20
3554.6875
 30
2578.125
 11
9433.5938
 21
3606.7708
 31
2557.2917
  0
LINE
  8
0
 10
9433.5938
 20
3606.7708
 30
2557.2917
 11
9394.5312
 21
4427.0833
 31
2229.1667
  0
LINE
  8
0
 10
9394.5312
 20
4427.0833
 30
2229.1667
 11
9394.5312
 21
4440.1042
 31
2223.9583
  0
LINE
  8
0
 10
1923.8281
 20
4414.0625
 30
2234.375
 11
2011.7188
 21
4388.0208
 31
2244.7917
  0
LINE
  8
0
 10
2011.7188
 20
4388.0208
 30
2244.7917
 11
1933.5938
 21
4414.0625
 31
2234.375
  0
LINE
  8
0
 10
1933.5938
 20
4414.0625
 30
2234.375
 11
1923.8281
 21
4414.0625
 31
2234.375
  0
LINE
  8
0
 10
351.5625
 20
4401.0417
 30
2239.5833
 11
332.0312
 21
4414.0625
 31
2234.375
  0
LINE
  8
0
 10
332.0312
 20
4414.0625
 30
2234.375
 11
312.5
 21
4348.9583
 31
2260.4167
  0
LINE
  8
0
 10
312.5
 20
4348.9583
 30
2260.4167
 11
332.0312
 21
4218.75
 31
2312.5
  0
LINE
  8
0
 10
332.0312
 20
4218.75
 30
2312.5
 11
302.7344
 21
4088.5417
 31
2364.5833
  0
LINE
  8
0
 10
302.7344
 20
4088.5417
 30
2364.5833
 11
292.9688
 21
3541.6667
 31
2583.3333
  0
LINE
  8
0
 10
292.9688
 20
3541.6667
 30
2583.3333
 11
595.7031
 21
3554.6875
 31
2578.125
  0
LINE
  8
0
 10
595.7031
 20
3554.6875
 30
2578.125
 11
625.0
 21
4023.4375
 31
2390.625
  0
LINE
  8
0
 10
625.0
 20
4023.4375
 30
2390.625
 11
605.4688
 21
4375.0
 31
2250.0
  0
LINE
  8
0
 10
605.4688
 20
4375.0
 30
2250.0
 11
361.3281
 21
4401.0417
 31
2239.5833
  0
LINE
  8
0
 10
361.3281
 20
4401.0417
 30
2239.5833
 11
351.5625
 21
4401.0417
 31
2239.5833
  0
LINE
  8
0
 10
2441.4062
 20
4388.0208
 30
2244.7917
 11
2412.1094
 21
4388.0208
 31
2244.7917
  0
LINE
  8
0
 10
2412.1094
 20
4388.0208
 30
2244.7917
 11
2421.875
 21
4153.6458
 31
2338.5417
  0
LINE
  8
0
 10
2421.875
 20
4153.6458
 30
2338.5417
 11
2441.4062
 21
4375.0
 31
2250.0
  0
LINE
  8
0
 10
2441.4062
 20
4375.0
 30
2250.0
 11
2441.4062
 21
4388.0208
 31
2244.7917
  0
LINE
  8
0
 10
9101.5625
 20
4375.0
 30
2250.0
 11
9091.7969
 21
4218.75
 31
2312.5
  0
LINE
  8
0
 10
9091.7969
 20
4218.75
 30
2312.5
 11
9101.5625
 21
4361.9792
 31
2255.2083
  0
LINE
  8
0
 10
9101.5625
 20
4361.9792
 30
2255.2083
 11
9101.5625
 21
4375.0
 31
2250.0
  0
LINE
  8
0
 10
634.7656
 20
4361.9792
 30
2255.2083
 11
605.4688
 21
4361.9792
 31
2255.2083
  0
LINE
  8
0
 10
605.4688
 20
4361.9792
 30
2255.2083
 11
625.0
 21
4296.875
 31
2281.25
  0
LINE
  8
0
 10
625.0
 20
4296.875
 30
2281.25
 11
634.7656
 21
4348.9583
 31
2260.4167
  0
LINE
  8
0
 10
634.7656
 20
4348.9583
 30
2260.4167
 11
634.7656
 21
4361.9792
 31
2255.2083
  0
LINE
  8
0
 10
673.8281
 20
4361.9792
 30
2255.2083
 11
664.0625
 21
4127.6042
 31
2348.9583
  0
LINE
  8
0
 10
664.0625
 20
4127.6042
 30
2348.9583
 11
673.8281
 21
4348.9583
 31
2260.4167
  0
LINE
  8
0
 10
673.8281
 20
4348.9583
 30
2260.4167
 11
673.8281
 21
4361.9792
 31
2255.2083
  0
LINE
  8
0
 10
849.6094
 20
4361.9792
 30
2255.2083
 11
712.8906
 21
4348.9583
 31
2260.4167
  0
LINE
  8
0
 10
712.8906
 20
4348.9583
 30
2260.4167
 11
693.3594
 21
3658.8542
 31
2536.4583
  0
LINE
  8
0
 10
693.3594
 20
3658.8542
 30
2536.4583
 11
751.9531
 21
3645.8333
 31
2541.6667
  0
LINE
  8
0
 10
751.9531
 20
3645.8333
 30
2541.6667
 11
693.3594
 21
3632.8125
 31
2546.875
  0
LINE
  8
0
 10
693.3594
 20
3632.8125
 30
2546.875
 11
703.125
 21
3567.7083
 31
2572.9167
  0
LINE
  8
0
 10
703.125
 20
3567.7083
 30
2572.9167
 11
1015.625
 21
3606.7708
 31
2557.2917
  0
LINE
  8
0
 10
1015.625
 20
3606.7708
 30
2557.2917
 11
1015.625
 21
4335.9375
 31
2265.625
  0
LINE
  8
0
 10
1015.625
 20
4335.9375
 30
2265.625
 11
859.375
 21
4361.9792
 31
2255.2083
  0
LINE
  8
0
 10
859.375
 20
4361.9792
 30
2255.2083
 11
849.6094
 21
4361.9792
 31
2255.2083
  0
LINE
  8
0
 10
8320.3125
 20
4361.9792
 30
2255.2083
 11
8173.8281
 21
4335.9375
 31
2265.625
  0
LINE
  8
0
 10
8173.8281
 20
4335.9375
 30
2265.625
 11
8222.6562
 21
4309.8958
 31
2276.0417
  0
LINE
  8
0
 10
8222.6562
 20
4309.8958
 30
2276.0417
 11
8330.0781
 21
4348.9583
 31
2260.4167
  0
LINE
  8
0
 10
8330.0781
 20
4348.9583
 30
2260.4167
 11
8320.3125
 21
4361.9792
 31
2255.2083
  0
LINE
  8
0
 10
703.125
 20
4348.9583
 30
2260.4167
 11
693.3594
 21
4192.7083
 31
2322.9167
  0
LINE
  8
0
 10
693.3594
 20
4192.7083
 30
2322.9167
 11
703.125
 21
4335.9375
 31
2265.625
  0
LINE
  8
0
 10
703.125
 20
4335.9375
 30
2265.625
 11
703.125
 21
4348.9583
 31
2260.4167
  0
LINE
  8
0
 10
1074.2188
 20
4348.9583
 30
2260.4167
 11
1064.4531
 21
4179.6875
 31
2328.125
  0
LINE
  8
0
 10
1064.4531
 20
4179.6875
 30
2328.125
 11
1074.2188
 21
4335.9375
 31
2265.625
  0
LINE
  8
0
 10
1074.2188
 20
4335.9375
 30
2265.625
 11
1074.2188
 21
4348.9583
 31
2260.4167
  0
LINE
  8
0
 10
5136.7188
 20
4348.9583
 30
2260.4167
 11
5214.8438
 21
4309.8958
 31
2276.0417
  0
LINE
  8
0
 10
5214.8438
 20
4309.8958
 30
2276.0417
 11
5224.6094
 21
4348.9583
 31
2260.4167
  0
LINE
  8
0
 10
5224.6094
 20
4348.9583
 30
2260.4167
 11
5537.1094
 21
4322.9167
 31
2270.8333
  0
LINE
  8
0
 10
5537.1094
 20
4322.9167
 30
2270.8333
 11
5546.875
 21
3684.8958
 31
2526.0417
  0
LINE
  8
0
 10
5546.875
 20
3684.8958
 30
2526.0417
 11
4648.4375
 21
3684.8958
 31
2526.0417
  0
LINE
  8
0
 10
4648.4375
 20
3684.8958
 30
2526.0417
 11
4648.4375
 21
4322.9167
 31
2270.8333
  0
LINE
  8
0
 10
4648.4375
 20
4322.9167
 30
2270.8333
 11
5126.9531
 21
4335.9375
 31
2265.625
  0
LINE
  8
0
 10
5126.9531
 20
4335.9375
 30
2265.625
 11
5136.7188
 21
4348.9583
 31
2260.4167
  0
LINE
  8
0
 10
1035.1562
 20
4335.9375
 30
2265.625
 11
1025.3906
 21
4192.7083
 31
2322.9167
  0
LINE
  8
0
 10
1025.3906
 20
4192.7083
 30
2322.9167
 11
1035.1562
 21
4322.9167
 31
2270.8333
  0
LINE
  8
0
 10
1035.1562
 20
4322.9167
 30
2270.8333
 11
1035.1562
 21
4335.9375
 31
2265.625
  0
LINE
  8
0
 10
1738.2812
 20
4335.9375
 30
2265.625
 11
1660.1562
 21
4322.9167
 31
2270.8333
  0
LINE
  8
0
 10
1660.1562
 20
4322.9167
 30
2270.8333
 11
1777.3438
 21
4322.9167
 31
2270.8333
  0
LINE
  8
0
 10
1777.3438
 20
4322.9167
 30
2270.8333
 11
1748.0469
 21
4335.9375
 31
2265.625
  0
LINE
  8
0
 10
1748.0469
 20
4335.9375
 30
2265.625
 11
1738.2812
 21
4335.9375
 31
2265.625
  0
LINE
  8
0
 10
1875.0
 20
4322.9167
 30
2270.8333
 11
1796.875
 21
4322.9167
 31
2270.8333
  0
LINE
  8
0
 10
1796.875
 20
4322.9167
 30
2270.8333
 11
2011.7188
 21
4296.875
 31
2281.25
  0
LINE
  8
0
 10
2011.7188
 20
4296.875
 30
2281.25
 11
1884.7656
 21
4322.9167
 31
2270.8333
  0
LINE
  8
0
 10
1884.7656
 20
4322.9167
 30
2270.8333
 11
1875.0
 21
4322.9167
 31
2270.8333
  0
LINE
  8
0
 10
4746.0938
 20
4322.9167
 30
2270.8333
 11
4648.4375
 21
4309.8958
 31
2276.0417
  0
LINE
  8
0
 10
4648.4375
 20
4309.8958
 30
2276.0417
 11
4658.2031
 21
3697.9167
 31
2520.8333
  0
LINE
  8
0
 10
4658.2031
 20
3697.9167
 30
2520.8333
 11
5537.1094
 21
3710.9375
 31
2515.625
  0
LINE
  8
0
 10
5537.1094
 20
3710.9375
 30
2515.625
 11
5517.5781
 21
4322.9167
 31
2270.8333
  0
LINE
  8
0
 10
5517.5781
 20
4322.9167
 30
2270.8333
 11
4755.8594
 21
4322.9167
 31
2270.8333
  0
LINE
  8
0
 10
4755.8594
 20
4322.9167
 30
2270.8333
 11
4746.0938
 21
4322.9167
 31
2270.8333
  0
LINE
  8
0
 10
8125.0
 20
4322.9167
 30
2270.8333
 11
8105.4688
 21
4140.625
 31
2343.75
  0
LINE
  8
0
 10
8105.4688
 20
4140.625
 30
2343.75
 11
8144.5312
 21
3658.8542
 31
2536.4583
  0
LINE
  8
0
 10
8144.5312
 20
3658.8542
 30
2536.4583
 11
8164.0625
 21
3867.1875
 31
2453.125
  0
LINE
  8
0
 10
8164.0625
 20
3867.1875
 30
2453.125
 11
8125.0
 21
4309.8958
 31
2276.0417
  0
LINE
  8
0
 10
8125.0
 20
4309.8958
 30
2276.0417
 11
8125.0
 21
4322.9167
 31
2270.8333
  0
LINE
  8
0
 10
8173.8281
 20
4322.9167
 30
2270.8333
 11
8164.0625
 21
4179.6875
 31
2328.125
  0
LINE
  8
0
 10
8164.0625
 20
4179.6875
 30
2328.125
 11
8173.8281
 21
4309.8958
 31
2276.0417
  0
LINE
  8
0
 10
8173.8281
 20
4309.8958
 30
2276.0417
 11
8173.8281
 21
4322.9167
 31
2270.8333
  0
LINE
  8
0
 10
4775.3906
 20
4296.875
 30
2281.25
 11
4794.9219
 21
4244.7917
 31
2302.0833
  0
LINE
  8
0
 10
4794.9219
 20
4244.7917
 30
2302.0833
 11
5000.0
 21
4244.7917
 31
2302.0833
  0
LINE
  8
0
 10
5000.0
 20
4244.7917
 30
2302.0833
 11
4990.2344
 21
4283.8542
 31
2286.4583
  0
LINE
  8
0
 10
4990.2344
 20
4283.8542
 30
2286.4583
 11
5087.8906
 21
4231.7708
 31
2307.2917
  0
LINE
  8
0
 10
5087.8906
 20
4231.7708
 30
2307.2917
 11
5205.0781
 21
4270.8333
 31
2291.6667
  0
LINE
  8
0
 10
5205.0781
 20
4270.8333
 30
2291.6667
 11
5292.9688
 21
4244.7917
 31
2302.0833
  0
LINE
  8
0
 10
5292.9688
 20
4244.7917
 30
2302.0833
 11
5312.5
 21
4283.8542
 31
2286.4583
  0
LINE
  8
0
 10
5312.5
 20
4283.8542
 30
2286.4583
 11
5341.7969
 21
4283.8542
 31
2286.4583
  0
LINE
  8
0
 10
5341.7969
 20
4283.8542
 30
2286.4583
 11
5312.5
 21
4244.7917
 31
2302.0833
  0
LINE
  8
0
 10
5312.5
 20
4244.7917
 30
2302.0833
 11
5478.5156
 21
4244.7917
 31
2302.0833
  0
LINE
  8
0
 10
5478.5156
 20
4244.7917
 30
2302.0833
 11
5478.5156
 21
3776.0417
 31
2489.5833
  0
LINE
  8
0
 10
5478.5156
 20
3776.0417
 30
2489.5833
 11
5097.6562
 21
3750.0
 31
2500.0
  0
LINE
  8
0
 10
5097.6562
 20
3750.0
 30
2500.0
 11
5097.6562
 21
3789.0625
 31
2484.375
  0
LINE
  8
0
 10
5097.6562
 20
3789.0625
 30
2484.375
 11
5000.0
 21
3736.9792
 31
2505.2083
  0
LINE
  8
0
 10
5000.0
 20
3736.9792
 30
2505.2083
 11
4746.0938
 21
3723.9583
 31
2510.4167
  0
LINE
  8
0
 10
4746.0938
 20
3723.9583
 30
2510.4167
 11
4687.5
 21
3750.0
 31
2500.0
  0
LINE
  8
0
 10
4687.5
 20
3750.0
 30
2500.0
 11
4677.7344
 21
4114.5833
 31
2354.1667
  0
LINE
  8
0
 10
4677.7344
 20
4114.5833
 30
2354.1667
 11
4697.2656
 21
3867.1875
 31
2453.125
  0
LINE
  8
0
 10
4697.2656
 20
3867.1875
 30
2453.125
 11
4707.0312
 21
4257.8125
 31
2296.875
  0
LINE
  8
0
 10
4707.0312
 20
4257.8125
 30
2296.875
 11
4775.3906
 21
4244.7917
 31
2302.0833
  0
LINE
  8
0
 10
4775.3906
 20
4244.7917
 30
2302.0833
 11
4765.625
 21
4283.8542
 31
2286.4583
  0
LINE
  8
0
 10
4765.625
 20
4283.8542
 30
2286.4583
 11
4775.3906
 21
4296.875
 31
2281.25
  0
LINE
  8
0
 10
7441.4062
 20
4296.875
 30
2281.25
 11
7431.6406
 21
4166.6667
 31
2333.3333
  0
LINE
  8
0
 10
7431.6406
 20
4166.6667
 30
2333.3333
 11
7441.4062
 21
4283.8542
 31
2286.4583
  0
LINE
  8
0
 10
7441.4062
 20
4283.8542
 30
2286.4583
 11
7441.4062
 21
4296.875
 31
2281.25
  0
LINE
  8
0
 10
8320.3125
 20
4296.875
 30
2281.25
 11
8183.5938
 21
4283.8542
 31
2286.4583
  0
LINE
  8
0
 10
8183.5938
 20
4283.8542
 30
2286.4583
 11
8193.3594
 21
3723.9583
 31
2510.4167
  0
LINE
  8
0
 10
8193.3594
 20
3723.9583
 30
2510.4167
 11
8310.5469
 21
3671.875
 31
2531.25
  0
LINE
  8
0
 10
8310.5469
 20
3671.875
 30
2531.25
 11
8271.4844
 21
3658.8542
 31
2536.4583
  0
LINE
  8
0
 10
8271.4844
 20
3658.8542
 30
2536.4583
 11
8310.5469
 21
3645.8333
 31
2541.6667
  0
LINE
  8
0
 10
8310.5469
 20
3645.8333
 30
2541.6667
 11
8300.7812
 21
3619.7917
 31
2552.0833
  0
LINE
  8
0
 10
8300.7812
 20
3619.7917
 30
2552.0833
 11
8349.6094
 21
3619.7917
 31
2552.0833
  0
LINE
  8
0
 10
8349.6094
 20
3619.7917
 30
2552.0833
 11
8320.3125
 21
4283.8542
 31
2286.4583
  0
LINE
  8
0
 10
8320.3125
 20
4283.8542
 30
2286.4583
 11
8320.3125
 21
4296.875
 31
2281.25
  0
LINE
  8
0
 10
8447.2656
 20
4296.875
 30
2281.25
 11
8359.375
 21
4296.875
 31
2281.25
  0
LINE
  8
0
 10
8359.375
 20
4296.875
 30
2281.25
 11
8378.9062
 21
3697.9167
 31
2520.8333
  0
LINE
  8
0
 10
8378.9062
 20
3697.9167
 30
2520.8333
 11
8417.9688
 21
3671.875
 31
2531.25
  0
LINE
  8
0
 10
8417.9688
 20
3671.875
 30
2531.25
 11
8466.7969
 21
3684.8958
 31
2526.0417
  0
LINE
  8
0
 10
8466.7969
 20
3684.8958
 30
2526.0417
 11
8447.2656
 21
4283.8542
 31
2286.4583
  0
LINE
  8
0
 10
8447.2656
 20
4283.8542
 30
2286.4583
 11
8447.2656
 21
4296.875
 31
2281.25
  0
LINE
  8
0
 10
2958.9844
 20
4283.8542
 30
2286.4583
 11
2958.9844
 21
4218.75
 31
2312.5
  0
LINE
  8
0
 10
2958.9844
 20
4218.75
 30
2312.5
 11
2949.2188
 21
4270.8333
 31
2291.6667
  0
LINE
  8
0
 10
2949.2188
 20
4270.8333
 30
2291.6667
 11
2958.9844
 21
4283.8542
 31
2286.4583
  0
LINE
  8
0
 10
5419.9219
 20
4283.8542
 30
2286.4583
 11
5488.2812
 21
4270.8333
 31
2291.6667
  0
LINE
  8
0
 10
5488.2812
 20
4270.8333
 30
2291.6667
 11
5429.6875
 21
4283.8542
 31
2286.4583
  0
LINE
  8
0
 10
5429.6875
 20
4283.8542
 30
2286.4583
 11
5419.9219
 21
4283.8542
 31
2286.4583
  0
LINE
  8
0
 10
7685.5469
 20
4283.8542
 30
2286.4583
 11
7626.9531
 21
4283.8542
 31
2286.4583
  0
LINE
  8
0
 10
7626.9531
 20
4283.8542
 30
2286.4583
 11
7675.7812
 21
4270.8333
 31
2291.6667
  0
LINE
  8
0
 10
7675.7812
 20
4270.8333
 30
2291.6667
 11
7685.5469
 21
4283.8542
 31
2286.4583
  0
LINE
  8
0
 10
9003.9062
 20
4283.8542
 30
2286.4583
 11
8974.6094
 21
4283.8542
 31
2286.4583
  0
LINE
  8
0
 10
8974.6094
 20
4283.8542
 30
2286.4583
 11
8994.1406
 21
4062.5
 31
2375.0
  0
LINE
  8
0
 10
8994.1406
 20
4062.5
 30
2375.0
 11
9003.9062
 21
4270.8333
 31
2291.6667
  0
LINE
  8
0
 10
9003.9062
 20
4270.8333
 30
2291.6667
 11
9003.9062
 21
4283.8542
 31
2286.4583
  0
LINE
  8
0
 10
1757.8125
 20
4270.8333
 30
2291.6667
 11
1660.1562
 21
4270.8333
 31
2291.6667
  0
LINE
  8
0
 10
1660.1562
 20
4270.8333
 30
2291.6667
 11
1650.3906
 21
3893.2292
 31
2442.7083
  0
LINE
  8
0
 10
1650.3906
 20
3893.2292
 30
2442.7083
 11
1708.9844
 21
3880.2083
 31
2447.9167
  0
LINE
  8
0
 10
1708.9844
 20
3880.2083
 30
2447.9167
 11
1718.75
 21
3958.3333
 31
2416.6667
  0
LINE
  8
0
 10
1718.75
 20
3958.3333
 30
2416.6667
 11
1728.5156
 21
3867.1875
 31
2453.125
  0
LINE
  8
0
 10
1728.5156
 20
3867.1875
 30
2453.125
 11
1728.5156
 21
3750.0
 31
2500.0
  0
LINE
  8
0
 10
1728.5156
 20
3750.0
 30
2500.0
 11
1728.5156
 21
3854.1667
 31
2458.3333
  0
LINE
  8
0
 10
1728.5156
 20
3854.1667
 30
2458.3333
 11
1650.3906
 21
3854.1667
 31
2458.3333
  0
LINE
  8
0
 10
1650.3906
 20
3854.1667
 30
2458.3333
 11
1660.1562
 21
3658.8542
 31
2536.4583
  0
LINE
  8
0
 10
1660.1562
 20
3658.8542
 30
2536.4583
 11
1748.0469
 21
3684.8958
 31
2526.0417
  0
LINE
  8
0
 10
1748.0469
 20
3684.8958
 30
2526.0417
 11
1738.2812
 21
3945.3125
 31
2421.875
  0
LINE
  8
0
 10
1738.2812
 20
3945.3125
 30
2421.875
 11
1767.5781
 21
3684.8958
 31
2526.0417
  0
LINE
  8
0
 10
1767.5781
 20
3684.8958
 30
2526.0417
 11
1767.5781
 21
4270.8333
 31
2291.6667
  0
LINE
  8
0
 10
1767.5781
 20
4270.8333
 30
2291.6667
 11
1757.8125
 21
4270.8333
 31
2291.6667
  0
LINE
  8
0
 10
1816.4062
 20
4270.8333
 30
2291.6667
 11
1806.6406
 21
4166.6667
 31
2333.3333
  0
LINE
  8
0
 10
1806.6406
 20
4166.6667
 30
2333.3333
 11
1816.4062
 21
4257.8125
 31
2296.875
  0
LINE
  8
0
 10
1816.4062
 20
4257.8125
 30
2296.875
 11
1816.4062
 21
4270.8333
 31
2291.6667
  0
LINE
  8
0
 10
1953.125
 20
4257.8125
 30
2296.875
 11
1835.9375
 21
4270.8333
 31
2291.6667
  0
LINE
  8
0
 10
1835.9375
 20
4270.8333
 30
2291.6667
 11
1816.4062
 21
4231.7708
 31
2307.2917
  0
LINE
  8
0
 10
1816.4062
 20
4231.7708
 30
2307.2917
 11
1816.4062
 21
3919.2708
 31
2432.2917
  0
LINE
  8
0
 10
1816.4062
 20
3919.2708
 30
2432.2917
 11
1855.4688
 21
3880.2083
 31
2447.9167
  0
LINE
  8
0
 10
1855.4688
 20
3880.2083
 30
2447.9167
 11
1943.3594
 21
3893.2292
 31
2442.7083
  0
LINE
  8
0
 10
1943.3594
 20
3893.2292
 30
2442.7083
 11
1962.8906
 21
4244.7917
 31
2302.0833
  0
LINE
  8
0
 10
1962.8906
 20
4244.7917
 30
2302.0833
 11
1953.125
 21
4257.8125
 31
2296.875
  0
LINE
  8
0
 10
7558.5938
 20
4244.7917
 30
2302.0833
 11
7539.0625
 21
4114.5833
 31
2354.1667
  0
LINE
  8
0
 10
7539.0625
 20
4114.5833
 30
2354.1667
 11
7568.3594
 21
3802.0833
 31
2479.1667
  0
LINE
  8
0
 10
7568.3594
 20
3802.0833
 30
2479.1667
 11
7558.5938
 21
4231.7708
 31
2307.2917
  0
LINE
  8
0
 10
7558.5938
 20
4231.7708
 30
2307.2917
 11
7558.5938
 21
4244.7917
 31
2302.0833
  0
LINE
  8
0
 10
1103.5156
 20
4231.7708
 30
2307.2917
 11
1093.75
 21
4127.6042
 31
2348.9583
  0
LINE
  8
0
 10
1093.75
 20
4127.6042
 30
2348.9583
 11
1103.5156
 21
4218.75
 31
2312.5
  0
LINE
  8
0
 10
1103.5156
 20
4218.75
 30
2312.5
 11
1103.5156
 21
4231.7708
 31
2307.2917
  0
LINE
  8
0
 10
7656.25
 20
4231.7708
 30
2307.2917
 11
7597.6562
 21
4231.7708
 31
2307.2917
  0
LINE
  8
0
 10
7597.6562
 20
4231.7708
 30
2307.2917
 11
7597.6562
 21
4114.5833
 31
2354.1667
  0
LINE
  8
0
 10
7597.6562
 20
4114.5833
 30
2354.1667
 11
7617.1875
 21
3776.0417
 31
2489.5833
  0
LINE
  8
0
 10
7617.1875
 20
3776.0417
 30
2489.5833
 11
7666.0156
 21
3776.0417
 31
2489.5833
  0
LINE
  8
0
 10
7666.0156
 20
3776.0417
 30
2489.5833
 11
7666.0156
 21
3893.2292
 31
2442.7083
  0
LINE
  8
0
 10
7666.0156
 20
3893.2292
 30
2442.7083
 11
7675.7812
 21
3710.9375
 31
2515.625
  0
LINE
  8
0
 10
7675.7812
 20
3710.9375
 30
2515.625
 11
7714.8438
 21
3736.9792
 31
2505.2083
  0
LINE
  8
0
 10
7714.8438
 20
3736.9792
 30
2505.2083
 11
7695.3125
 21
3906.25
 31
2437.5
  0
LINE
  8
0
 10
7695.3125
 20
3906.25
 30
2437.5
 11
7656.25
 21
3932.2917
 31
2427.0833
  0
LINE
  8
0
 10
7656.25
 20
3932.2917
 30
2427.0833
 11
7666.0156
 21
3984.375
 31
2406.25
  0
LINE
  8
0
 10
7666.0156
 20
3984.375
 30
2406.25
 11
7656.25
 21
3945.3125
 31
2421.875
  0
LINE
  8
0
 10
7656.25
 20
3945.3125
 30
2421.875
 11
7695.3125
 21
3932.2917
 31
2427.0833
  0
LINE
  8
0
 10
7695.3125
 20
3932.2917
 30
2427.0833
 11
7666.0156
 21
4244.7917
 31
2302.0833
  0
LINE
  8
0
 10
7666.0156
 20
4244.7917
 30
2302.0833
 11
7656.25
 21
4231.7708
 31
2307.2917
  0
LINE
  8
0
 10
9433.5938
 20
4231.7708
 30
2307.2917
 11
9423.8281
 21
4127.6042
 31
2348.9583
  0
LINE
  8
0
 10
9423.8281
 20
4127.6042
 30
2348.9583
 11
9433.5938
 21
4218.75
 31
2312.5
  0
LINE
  8
0
 10
9433.5938
 20
4218.75
 30
2312.5
 11
9433.5938
 21
4231.7708
 31
2307.2917
  0
LINE
  8
0
 10
4785.1562
 20
4218.75
 30
2312.5
 11
4716.7969
 21
4205.7292
 31
2317.7083
  0
LINE
  8
0
 10
4716.7969
 20
4205.7292
 30
2317.7083
 11
4716.7969
 21
3789.0625
 31
2484.375
  0
LINE
  8
0
 10
4716.7969
 20
3789.0625
 30
2484.375
 11
5068.3594
 21
3789.0625
 31
2484.375
  0
LINE
  8
0
 10
5068.3594
 20
3789.0625
 30
2484.375
 11
5068.3594
 21
4218.75
 31
2312.5
  0
LINE
  8
0
 10
5068.3594
 20
4218.75
 30
2312.5
 11
4794.9219
 21
4231.7708
 31
2307.2917
  0
LINE
  8
0
 10
4794.9219
 20
4231.7708
 30
2307.2917
 11
4785.1562
 21
4218.75
 31
2312.5
  0
LINE
  8
0
 10
5458.9844
 20
4218.75
 30
2312.5
 11
5126.9531
 21
4231.7708
 31
2307.2917
  0
LINE
  8
0
 10
5126.9531
 20
4231.7708
 30
2307.2917
 11
5117.1875
 21
3802.0833
 31
2479.1667
  0
LINE
  8
0
 10
5117.1875
 20
3802.0833
 30
2479.1667
 11
5458.9844
 21
3789.0625
 31
2484.375
  0
LINE
  8
0
 10
5458.9844
 20
3789.0625
 30
2484.375
 11
5458.9844
 21
4205.7292
 31
2317.7083
  0
LINE
  8
0
 10
5458.9844
 20
4205.7292
 30
2317.7083
 11
5458.9844
 21
4218.75
 31
2312.5
  0
LINE
  8
0
 10
2480.4688
 20
4205.7292
 30
2317.7083
 11
2441.4062
 21
4179.6875
 31
2328.125
  0
LINE
  8
0
 10
2441.4062
 20
4179.6875
 30
2328.125
 11
2460.9375
 21
4062.5
 31
2375.0
  0
LINE
  8
0
 10
2460.9375
 20
4062.5
 30
2375.0
 11
2480.4688
 21
4192.7083
 31
2322.9167
  0
LINE
  8
0
 10
2480.4688
 20
4192.7083
 30
2322.9167
 11
2480.4688
 21
4205.7292
 31
2317.7083
  0
LINE
  8
0
 10
2548.8281
 20
4205.7292
 30
2317.7083
 11
2500.0
 21
4205.7292
 31
2317.7083
  0
LINE
  8
0
 10
2500.0
 20
4205.7292
 30
2317.7083
 11
2490.2344
 21
3919.2708
 31
2432.2917
  0
LINE
  8
0
 10
2490.2344
 20
3919.2708
 30
2432.2917
 11
2519.5312
 21
3880.2083
 31
2447.9167
  0
LINE
  8
0
 10
2519.5312
 20
3880.2083
 30
2447.9167
 11
2578.125
 21
3893.2292
 31
2442.7083
  0
LINE
  8
0
 10
2578.125
 20
3893.2292
 30
2442.7083
 11
2558.5938
 21
4205.7292
 31
2317.7083
  0
LINE
  8
0
 10
2558.5938
 20
4205.7292
 30
2317.7083
 11
2548.8281
 21
4205.7292
 31
2317.7083
  0
LINE
  8
0
 10
2031.25
 20
4192.7083
 30
2322.9167
 11
2021.4844
 21
4049.4792
 31
2380.2083
  0
LINE
  8
0
 10
2021.4844
 20
4049.4792
 30
2380.2083
 11
2031.25
 21
4179.6875
 31
2328.125
  0
LINE
  8
0
 10
2031.25
 20
4179.6875
 30
2328.125
 11
2031.25
 21
4192.7083
 31
2322.9167
  0
LINE
  8
0
 10
2587.8906
 20
4192.7083
 30
2322.9167
 11
2578.125
 21
4140.625
 31
2343.75
  0
LINE
  8
0
 10
2578.125
 20
4140.625
 30
2343.75
 11
2587.8906
 21
4179.6875
 31
2328.125
  0
LINE
  8
0
 10
2587.8906
 20
4179.6875
 30
2328.125
 11
2587.8906
 21
4192.7083
 31
2322.9167
  0
LINE
  8
0
 10
1757.8125
 20
4179.6875
 30
2328.125
 11
1757.8125
 21
4114.5833
 31
2354.1667
  0
LINE
  8
0
 10
1757.8125
 20
4114.5833
 30
2354.1667
 11
1757.8125
 21
4166.6667
 31
2333.3333
  0
LINE
  8
0
 10
1757.8125
 20
4166.6667
 30
2333.3333
 11
1757.8125
 21
4179.6875
 31
2328.125
  0
LINE
  8
0
 10
2773.4375
 20
4179.6875
 30
2328.125
 11
2763.6719
 21
3971.3542
 31
2411.4583
  0
LINE
  8
0
 10
2763.6719
 20
3971.3542
 30
2411.4583
 11
2773.4375
 21
4166.6667
 31
2333.3333
  0
LINE
  8
0
 10
2773.4375
 20
4166.6667
 30
2333.3333
 11
2773.4375
 21
4179.6875
 31
2328.125
  0
LINE
  8
0
 10
2988.2812
 20
4179.6875
 30
2328.125
 11
2998.0469
 21
4075.5208
 31
2369.7917
  0
LINE
  8
0
 10
2998.0469
 20
4075.5208
 30
2369.7917
 11
2988.2812
 21
4166.6667
 31
2333.3333
  0
LINE
  8
0
 10
2988.2812
 20
4166.6667
 30
2333.3333
 11
2988.2812
 21
4179.6875
 31
2328.125
  0
LINE
  8
0
 10
986.3281
 20
4166.6667
 30
2333.3333
 11
986.3281
 21
4075.5208
 31
2369.7917
  0
LINE
  8
0
 10
986.3281
 20
4075.5208
 30
2369.7917
 11
986.3281
 21
4153.6458
 31
2338.5417
  0
LINE
  8
0
 10
986.3281
 20
4153.6458
 30
2338.5417
 11
986.3281
 21
4166.6667
 31
2333.3333
  0
LINE
  8
0
 10
371.0938
 20
4153.6458
 30
2338.5417
 11
371.0938
 21
4088.5417
 31
2364.5833
  0
LINE
  8
0
 10
371.0938
 20
4088.5417
 30
2364.5833
 11
371.0938
 21
4140.625
 31
2343.75
  0
LINE
  8
0
 10
371.0938
 20
4140.625
 30
2343.75
 11
371.0938
 21
4153.6458
 31
2338.5417
  0
LINE
  8
0
 10
7724.6094
 20
4153.6458
 30
2338.5417
 11
7714.8438
 21
4101.5625
 31
2359.375
  0
LINE
  8
0
 10
7714.8438
 20
4101.5625
 30
2359.375
 11
7724.6094
 21
4140.625
 31
2343.75
  0
LINE
  8
0
 10
7724.6094
 20
4140.625
 30
2343.75
 11
7724.6094
 21
4153.6458
 31
2338.5417
  0
LINE
  8
0
 10
9111.3281
 20
4153.6458
 30
2338.5417
 11
9101.5625
 21
3997.3958
 31
2401.0417
  0
LINE
  8
0
 10
9101.5625
 20
3997.3958
 30
2401.0417
 11
9111.3281
 21
4140.625
 31
2343.75
  0
LINE
  8
0
 10
9111.3281
 20
4140.625
 30
2343.75
 11
9111.3281
 21
4153.6458
 31
2338.5417
  0
LINE
  8
0
 10
664.0625
 20
4114.5833
 30
2354.1667
 11
654.2969
 21
4140.625
 31
2343.75
  0
LINE
  8
0
 10
654.2969
 20
4140.625
 30
2343.75
 11
654.2969
 21
4023.4375
 31
2390.625
  0
LINE
  8
0
 10
654.2969
 20
4023.4375
 30
2390.625
 11
664.0625
 21
4101.5625
 31
2359.375
  0
LINE
  8
0
 10
664.0625
 20
4101.5625
 30
2359.375
 11
664.0625
 21
4114.5833
 31
2354.1667
  0
LINE
  8
0
 10
8095.7031
 20
4114.5833
 30
2354.1667
 11
8085.9375
 21
4062.5
 31
2375.0
  0
LINE
  8
0
 10
8085.9375
 20
4062.5
 30
2375.0
 11
8095.7031
 21
4101.5625
 31
2359.375
  0
LINE
  8
0
 10
8095.7031
 20
4101.5625
 30
2359.375
 11
8095.7031
 21
4114.5833
 31
2354.1667
  0
LINE
  8
0
 10
1738.2812
 20
4101.5625
 30
2359.375
 11
1738.2812
 21
3997.3958
 31
2401.0417
  0
LINE
  8
0
 10
1738.2812
 20
3997.3958
 30
2401.0417
 11
1738.2812
 21
4088.5417
 31
2364.5833
  0
LINE
  8
0
 10
1738.2812
 20
4088.5417
 30
2364.5833
 11
1738.2812
 21
4101.5625
 31
2359.375
  0
LINE
  8
0
 10
2617.1875
 20
4101.5625
 30
2359.375
 11
2607.4219
 21
3997.3958
 31
2401.0417
  0
LINE
  8
0
 10
2607.4219
 20
3997.3958
 30
2401.0417
 11
2617.1875
 21
4088.5417
 31
2364.5833
  0
LINE
  8
0
 10
2617.1875
 20
4088.5417
 30
2364.5833
 11
2617.1875
 21
4101.5625
 31
2359.375
  0
LINE
  8
0
 10
2656.25
 20
4101.5625
 30
2359.375
 11
2646.4844
 21
3997.3958
 31
2401.0417
  0
LINE
  8
0
 10
2646.4844
 20
3997.3958
 30
2401.0417
 11
2656.25
 21
4088.5417
 31
2364.5833
  0
LINE
  8
0
 10
2656.25
 20
4088.5417
 30
2364.5833
 11
2656.25
 21
4101.5625
 31
2359.375
  0
LINE
  8
0
 10
7597.6562
 20
4101.5625
 30
2359.375
 11
7587.8906
 21
4192.7083
 31
2322.9167
  0
LINE
  8
0
 10
7587.8906
 20
4192.7083
 30
2322.9167
 11
7578.125
 21
4075.5208
 31
2369.7917
  0
LINE
  8
0
 10
7578.125
 20
4075.5208
 30
2369.7917
 11
7597.6562
 21
4088.5417
 31
2364.5833
  0
LINE
  8
0
 10
7597.6562
 20
4088.5417
 30
2364.5833
 11
7597.6562
 21
4101.5625
 31
2359.375
  0
LINE
  8
0
 10
1982.4219
 20
4088.5417
 30
2364.5833
 11
1972.6562
 21
3906.25
 31
2437.5
  0
LINE
  8
0
 10
1972.6562
 20
3906.25
 30
2437.5
 11
1982.4219
 21
4075.5208
 31
2369.7917
  0
LINE
  8
0
 10
1982.4219
 20
4075.5208
 30
2369.7917
 11
1982.4219
 21
4088.5417
 31
2364.5833
  0
LINE
  8
0
 10
8212.8906
 20
4075.5208
 30
2369.7917
 11
8212.8906
 21
4010.4167
 31
2395.8333
  0
LINE
  8
0
 10
8212.8906
 20
4010.4167
 30
2395.8333
 11
8212.8906
 21
4062.5
 31
2375.0
  0
LINE
  8
0
 10
8212.8906
 20
4062.5
 30
2375.0
 11
8212.8906
 21
4075.5208
 31
2369.7917
  0
LINE
  8
0
 10
8359.375
 20
4075.5208
 30
2369.7917
 11
8349.6094
 21
4023.4375
 31
2390.625
  0
LINE
  8
0
 10
8349.6094
 20
4023.4375
 30
2390.625
 11
8359.375
 21
4062.5
 31
2375.0
  0
LINE
  8
0
 10
8359.375
 20
4062.5
 30
2375.0
 11
8359.375
 21
4075.5208
 31
2369.7917
  0
LINE
  8
0
 10
2460.9375
 20
4049.4792
 30
2380.2083
 11
2451.1719
 21
4075.5208
 31
2369.7917
  0
LINE
  8
0
 10
2451.1719
 20
4075.5208
 30
2369.7917
 11
2451.1719
 21
3997.3958
 31
2401.0417
  0
LINE
  8
0
 10
2451.1719
 20
3997.3958
 30
2401.0417
 11
2460.9375
 21
4036.4583
 31
2385.4167
  0
LINE
  8
0
 10
2460.9375
 20
4036.4583
 30
2385.4167
 11
2460.9375
 21
4049.4792
 31
2380.2083
  0
LINE
  8
0
 10
7714.8438
 20
4049.4792
 30
2380.2083
 11
7705.0781
 21
3932.2917
 31
2427.0833
  0
LINE
  8
0
 10
7705.0781
 20
3932.2917
 30
2427.0833
 11
7714.8438
 21
4036.4583
 31
2385.4167
  0
LINE
  8
0
 10
7714.8438
 20
4036.4583
 30
2385.4167
 11
7714.8438
 21
4049.4792
 31
2380.2083
  0
LINE
  8
0
 10
2988.2812
 20
4036.4583
 30
2385.4167
 11
2988.2812
 21
3815.1042
 31
2473.9583
  0
LINE
  8
0
 10
2988.2812
 20
3815.1042
 30
2473.9583
 11
2988.2812
 21
4023.4375
 31
2390.625
  0
LINE
  8
0
 10
2988.2812
 20
4023.4375
 30
2390.625
 11
2988.2812
 21
4036.4583
 31
2385.4167
  0
LINE
  8
0
 10
1064.4531
 20
4023.4375
 30
2390.625
 11
1054.6875
 21
3828.125
 31
2468.75
  0
LINE
  8
0
 10
1054.6875
 20
3828.125
 30
2468.75
 11
1064.4531
 21
4010.4167
 31
2395.8333
  0
LINE
  8
0
 10
1064.4531
 20
4010.4167
 30
2395.8333
 11
1064.4531
 21
4023.4375
 31
2390.625
  0
LINE
  8
0
 10
9013.6719
 20
4023.4375
 30
2390.625
 11
8984.375
 21
4010.4167
 31
2395.8333
  0
LINE
  8
0
 10
8984.375
 20
4010.4167
 30
2395.8333
 11
9003.9062
 21
3802.0833
 31
2479.1667
  0
LINE
  8
0
 10
9003.9062
 20
3802.0833
 30
2479.1667
 11
9013.6719
 21
4010.4167
 31
2395.8333
  0
LINE
  8
0
 10
9013.6719
 20
4010.4167
 30
2395.8333
 11
9013.6719
 21
4023.4375
 31
2390.625
  0
LINE
  8
0
 10
693.3594
 20
4010.4167
 30
2395.8333
 11
664.0625
 21
3958.3333
 31
2416.6667
  0
LINE
  8
0
 10
664.0625
 20
3958.3333
 30
2416.6667
 11
683.5938
 21
3880.2083
 31
2447.9167
  0
LINE
  8
0
 10
683.5938
 20
3880.2083
 30
2447.9167
 11
693.3594
 21
3997.3958
 31
2401.0417
  0
LINE
  8
0
 10
693.3594
 20
3997.3958
 30
2401.0417
 11
693.3594
 21
4010.4167
 31
2395.8333
  0
LINE
  8
0
 10
2050.7812
 20
4010.4167
 30
2395.8333
 11
2041.0156
 21
3854.1667
 31
2458.3333
  0
LINE
  8
0
 10
2041.0156
 20
3854.1667
 30
2458.3333
 11
2050.7812
 21
3997.3958
 31
2401.0417
  0
LINE
  8
0
 10
2050.7812
 20
3997.3958
 30
2401.0417
 11
2050.7812
 21
4010.4167
 31
2395.8333
  0
LINE
  8
0
 10
8183.5938
 20
4010.4167
 30
2395.8333
 11
8173.8281
 21
4049.4792
 31
2380.2083
  0
LINE
  8
0
 10
8173.8281
 20
4049.4792
 30
2380.2083
 11
8173.8281
 21
3906.25
 31
2437.5
  0
LINE
  8
0
 10
8173.8281
 20
3906.25
 30
2437.5
 11
8183.5938
 21
3997.3958
 31
2401.0417
  0
LINE
  8
0
 10
8183.5938
 20
3997.3958
 30
2401.0417
 11
8183.5938
 21
4010.4167
 31
2395.8333
  0
LINE
  8
0
 10
9443.3594
 20
4010.4167
 30
2395.8333
 11
9433.5938
 21
3932.2917
 31
2427.0833
  0
LINE
  8
0
 10
9433.5938
 20
3932.2917
 30
2427.0833
 11
9443.3594
 21
3997.3958
 31
2401.0417
  0
LINE
  8
0
 10
9443.3594
 20
3997.3958
 30
2401.0417
 11
9443.3594
 21
4010.4167
 31
2395.8333
  0
LINE
  8
0
 10
2597.6562
 20
3997.3958
 30
2401.0417
 11
2587.8906
 21
3789.0625
 31
2484.375
  0
LINE
  8
0
 10
2587.8906
 20
3789.0625
 30
2484.375
 11
2597.6562
 21
3984.375
 31
2406.25
  0
LINE
  8
0
 10
2597.6562
 20
3984.375
 30
2406.25
 11
2597.6562
 21
3997.3958
 31
2401.0417
  0
LINE
  8
0
 10
2636.7188
 20
3997.3958
 30
2401.0417
 11
2626.9531
 21
4036.4583
 31
2385.4167
  0
LINE
  8
0
 10
2626.9531
 20
4036.4583
 30
2385.4167
 11
2626.9531
 21
3932.2917
 31
2427.0833
  0
LINE
  8
0
 10
2626.9531
 20
3932.2917
 30
2427.0833
 11
2636.7188
 21
3984.375
 31
2406.25
  0
LINE
  8
0
 10
2636.7188
 20
3984.375
 30
2406.25
 11
2636.7188
 21
3997.3958
 31
2401.0417
  0
LINE
  8
0
 10
2001.9531
 20
3984.375
 30
2406.25
 11
1992.1875
 21
3815.1042
 31
2473.9583
  0
LINE
  8
0
 10
1992.1875
 20
3815.1042
 30
2473.9583
 11
2001.9531
 21
3971.3542
 31
2411.4583
  0
LINE
  8
0
 10
2001.9531
 20
3971.3542
 30
2411.4583
 11
2001.9531
 21
3984.375
 31
2406.25
  0
LINE
  8
0
 10
2421.875
 20
3958.3333
 30
2416.6667
 11
2412.1094
 21
3632.8125
 31
2546.875
  0
LINE
  8
0
 10
2412.1094
 20
3632.8125
 30
2546.875
 11
2421.875
 21
3945.3125
 31
2421.875
  0
LINE
  8
0
 10
2421.875
 20
3945.3125
 30
2421.875
 11
2421.875
 21
3958.3333
 31
2416.6667
  0
LINE
  8
0
 10
7451.1719
 20
3958.3333
 30
2416.6667
 11
7441.4062
 21
3828.125
 31
2468.75
  0
LINE
  8
0
 10
7441.4062
 20
3828.125
 30
2468.75
 11
7451.1719
 21
3945.3125
 31
2421.875
  0
LINE
  8
0
 10
7451.1719
 20
3945.3125
 30
2421.875
 11
7451.1719
 21
3958.3333
 31
2416.6667
  0
LINE
  8
0
 10
2460.9375
 20
3945.3125
 30
2421.875
 11
2431.6406
 21
3854.1667
 31
2458.3333
  0
LINE
  8
0
 10
2431.6406
 20
3854.1667
 30
2458.3333
 11
2451.1719
 21
3723.9583
 31
2510.4167
  0
LINE
  8
0
 10
2451.1719
 20
3723.9583
 30
2510.4167
 11
2460.9375
 21
3932.2917
 31
2427.0833
  0
LINE
  8
0
 10
2460.9375
 20
3932.2917
 30
2427.0833
 11
2460.9375
 21
3945.3125
 31
2421.875
  0
LINE
  8
0
 10
9121.0938
 20
3932.2917
 30
2427.0833
 11
9111.3281
 21
3789.0625
 31
2484.375
  0
LINE
  8
0
 10
9111.3281
 20
3789.0625
 30
2484.375
 11
9121.0938
 21
3919.2708
 31
2432.2917
  0
LINE
  8
0
 10
9121.0938
 20
3919.2708
 30
2432.2917
 11
9121.0938
 21
3932.2917
 31
2427.0833
  0
LINE
  8
0
 10
1787.1094
 20
3919.2708
 30
2432.2917
 11
1777.3438
 21
3867.1875
 31
2453.125
  0
LINE
  8
0
 10
1777.3438
 20
3867.1875
 30
2453.125
 11
1787.1094
 21
3906.25
 31
2437.5
  0
LINE
  8
0
 10
1787.1094
 20
3906.25
 30
2437.5
 11
1787.1094
 21
3919.2708
 31
2432.2917
  0
LINE
  8
0
 10
371.0938
 20
3906.25
 30
2437.5
 11
390.625
 21
3841.1458
 31
2463.5417
  0
LINE
  8
0
 10
390.625
 20
3841.1458
 30
2463.5417
 11
361.3281
 21
3854.1667
 31
2458.3333
  0
LINE
  8
0
 10
361.3281
 20
3854.1667
 30
2458.3333
 11
371.0938
 21
3893.2292
 31
2442.7083
  0
LINE
  8
0
 10
371.0938
 20
3893.2292
 30
2442.7083
 11
371.0938
 21
3906.25
 31
2437.5
  0
LINE
  8
0
 10
664.0625
 20
3906.25
 30
2437.5
 11
654.2969
 21
3841.1458
 31
2463.5417
  0
LINE
  8
0
 10
654.2969
 20
3841.1458
 30
2463.5417
 11
664.0625
 21
3893.2292
 31
2442.7083
  0
LINE
  8
0
 10
664.0625
 20
3893.2292
 30
2442.7083
 11
664.0625
 21
3906.25
 31
2437.5
  0
LINE
  8
0
 10
1835.9375
 20
3880.2083
 30
2447.9167
 11
1806.6406
 21
3815.1042
 31
2473.9583
  0
LINE
  8
0
 10
1806.6406
 20
3815.1042
 30
2473.9583
 11
1816.4062
 21
3671.875
 31
2531.25
  0
LINE
  8
0
 10
1816.4062
 20
3671.875
 30
2531.25
 11
1845.7031
 21
3854.1667
 31
2458.3333
  0
LINE
  8
0
 10
1845.7031
 20
3854.1667
 30
2458.3333
 11
1923.8281
 21
3867.1875
 31
2453.125
  0
LINE
  8
0
 10
1923.8281
 20
3867.1875
 30
2453.125
 11
1845.7031
 21
3880.2083
 31
2447.9167
  0
LINE
  8
0
 10
1845.7031
 20
3880.2083
 30
2447.9167
 11
1835.9375
 21
3880.2083
 31
2447.9167
  0
LINE
  8
0
 10
2490.2344
 20
3880.2083
 30
2447.9167
 11
2480.4688
 21
3776.0417
 31
2489.5833
  0
LINE
  8
0
 10
2480.4688
 20
3776.0417
 30
2489.5833
 11
2490.2344
 21
3867.1875
 31
2453.125
  0
LINE
  8
0
 10
2490.2344
 20
3867.1875
 30
2453.125
 11
2490.2344
 21
3880.2083
 31
2447.9167
  0
LINE
  8
0
 10
7607.4219
 20
3880.2083
 30
2447.9167
 11
7597.6562
 21
3919.2708
 31
2432.2917
  0
LINE
  8
0
 10
7597.6562
 20
3919.2708
 30
2432.2917
 11
7597.6562
 21
3750.0
 31
2500.0
  0
LINE
  8
0
 10
7597.6562
 20
3750.0
 30
2500.0
 11
7607.4219
 21
3867.1875
 31
2453.125
  0
LINE
  8
0
 10
7607.4219
 20
3867.1875
 30
2453.125
 11
7607.4219
 21
3880.2083
 31
2447.9167
  0
LINE
  8
0
 10
810.5469
 20
3854.1667
 30
2458.3333
 11
976.5625
 21
3854.1667
 31
2458.3333
  0
LINE
  8
0
 10
976.5625
 20
3854.1667
 30
2458.3333
 11
810.5469
 21
3841.1458
 31
2463.5417
  0
LINE
  8
0
 10
810.5469
 20
3841.1458
 30
2463.5417
 11
810.5469
 21
3854.1667
 31
2458.3333
  0
LINE
  8
0
 10
2529.2969
 20
3854.1667
 30
2458.3333
 11
2578.125
 21
3867.1875
 31
2453.125
  0
LINE
  8
0
 10
2578.125
 20
3867.1875
 30
2453.125
 11
2509.7656
 21
3867.1875
 31
2453.125
  0
LINE
  8
0
 10
2509.7656
 20
3867.1875
 30
2453.125
 11
2500.0
 21
3750.0
 31
2500.0
  0
LINE
  8
0
 10
2500.0
 20
3750.0
 30
2500.0
 11
2558.5938
 21
3736.9792
 31
2505.2083
  0
LINE
  8
0
 10
2558.5938
 20
3736.9792
 30
2505.2083
 11
2568.3594
 21
3828.125
 31
2468.75
  0
LINE
  8
0
 10
2568.3594
 20
3828.125
 30
2468.75
 11
2529.2969
 21
3841.1458
 31
2463.5417
  0
LINE
  8
0
 10
2529.2969
 20
3841.1458
 30
2463.5417
 11
2529.2969
 21
3854.1667
 31
2458.3333
  0
LINE
  8
0
 10
1093.75
 20
3841.1458
 30
2463.5417
 11
1083.9844
 21
3723.9583
 31
2510.4167
  0
LINE
  8
0
 10
1083.9844
 20
3723.9583
 30
2510.4167
 11
1093.75
 21
3828.125
 31
2468.75
  0
LINE
  8
0
 10
1093.75
 20
3828.125
 30
2468.75
 11
1093.75
 21
3841.1458
 31
2463.5417
  0
LINE
  8
0
 10
7734.375
 20
3841.1458
 30
2463.5417
 11
7724.6094
 21
3776.0417
 31
2489.5833
  0
LINE
  8
0
 10
7724.6094
 20
3776.0417
 30
2489.5833
 11
7734.375
 21
3828.125
 31
2468.75
  0
LINE
  8
0
 10
7734.375
 20
3828.125
 30
2468.75
 11
7734.375
 21
3841.1458
 31
2463.5417
  0
LINE
  8
0
 10
1865.2344
 20
3828.125
 30
2468.75
 11
1845.7031
 21
3684.8958
 31
2526.0417
  0
LINE
  8
0
 10
1845.7031
 20
3684.8958
 30
2526.0417
 11
1933.5938
 21
3684.8958
 31
2526.0417
  0
LINE
  8
0
 10
1933.5938
 20
3684.8958
 30
2526.0417
 11
1953.125
 21
3828.125
 31
2468.75
  0
LINE
  8
0
 10
1953.125
 20
3828.125
 30
2468.75
 11
1875.0
 21
3841.1458
 31
2463.5417
  0
LINE
  8
0
 10
1875.0
 20
3841.1458
 30
2463.5417
 11
1865.2344
 21
3828.125
 31
2468.75
  0
LINE
  8
0
 10
8105.4688
 20
3828.125
 30
2468.75
 11
8095.7031
 21
3710.9375
 31
2515.625
  0
LINE
  8
0
 10
8095.7031
 20
3710.9375
 30
2515.625
 11
8105.4688
 21
3815.1042
 31
2473.9583
  0
LINE
  8
0
 10
8105.4688
 20
3815.1042
 30
2473.9583
 11
8105.4688
 21
3828.125
 31
2468.75
  0
LINE
  8
0
 10
8369.1406
 20
3815.1042
 30
2473.9583
 11
8359.375
 21
3723.9583
 31
2510.4167
  0
LINE
  8
0
 10
8359.375
 20
3723.9583
 30
2510.4167
 11
8369.1406
 21
3802.0833
 31
2479.1667
  0
LINE
  8
0
 10
8369.1406
 20
3802.0833
 30
2479.1667
 11
8369.1406
 21
3815.1042
 31
2473.9583
  0
LINE
  8
0
 10
9453.125
 20
3815.1042
 30
2473.9583
 11
9443.3594
 21
3710.9375
 31
2515.625
  0
LINE
  8
0
 10
9443.3594
 20
3710.9375
 30
2515.625
 11
9453.125
 21
3802.0833
 31
2479.1667
  0
LINE
  8
0
 10
9453.125
 20
3802.0833
 30
2479.1667
 11
9453.125
 21
3815.1042
 31
2473.9583
  0
LINE
  8
0
 10
2021.4844
 20
3789.0625
 30
2484.375
 11
1992.1875
 21
3632.8125
 31
2546.875
  0
LINE
  8
0
 10
1992.1875
 20
3632.8125
 30
2546.875
 11
1982.4219
 21
3671.875
 31
2531.25
  0
LINE
  8
0
 10
1982.4219
 20
3671.875
 30
2531.25
 11
1835.9375
 21
3658.8542
 31
2536.4583
  0
LINE
  8
0
 10
1835.9375
 20
3658.8542
 30
2536.4583
 11
1767.5781
 21
3606.7708
 31
2557.2917
  0
LINE
  8
0
 10
1767.5781
 20
3606.7708
 30
2557.2917
 11
1708.9844
 21
3645.8333
 31
2541.6667
  0
LINE
  8
0
 10
1708.9844
 20
3645.8333
 30
2541.6667
 11
1640.625
 21
3593.75
 31
2562.5
  0
LINE
  8
0
 10
1640.625
 20
3593.75
 30
2562.5
 11
1718.75
 21
3580.7292
 31
2567.7083
  0
LINE
  8
0
 10
1718.75
 20
3580.7292
 30
2567.7083
 11
1650.3906
 21
3580.7292
 31
2567.7083
  0
LINE
  8
0
 10
1650.3906
 20
3580.7292
 30
2567.7083
 11
1640.625
 21
3528.6458
 31
2588.5417
  0
LINE
  8
0
 10
1640.625
 20
3528.6458
 30
2588.5417
 11
2050.7812
 21
3567.7083
 31
2572.9167
  0
LINE
  8
0
 10
2050.7812
 20
3567.7083
 30
2572.9167
 11
2060.5469
 21
3632.8125
 31
2546.875
  0
LINE
  8
0
 10
2060.5469
 20
3632.8125
 30
2546.875
 11
2021.4844
 21
3632.8125
 31
2546.875
  0
LINE
  8
0
 10
2021.4844
 20
3632.8125
 30
2546.875
 11
2021.4844
 21
3776.0417
 31
2489.5833
  0
LINE
  8
0
 10
2021.4844
 20
3776.0417
 30
2489.5833
 11
2021.4844
 21
3789.0625
 31
2484.375
  0
LINE
  8
0
 10
9023.4375
 20
3789.0625
 30
2484.375
 11
9013.6719
 21
3463.5417
 31
2614.5833
  0
LINE
  8
0
 10
9013.6719
 20
3463.5417
 30
2614.5833
 11
9599.6094
 21
3385.4167
 31
2645.8333
  0
LINE
  8
0
 10
9599.6094
 20
3385.4167
 30
2645.8333
 11
9697.2656
 21
3411.4583
 31
2635.4167
  0
LINE
  8
0
 10
9697.2656
 20
3411.4583
 30
2635.4167
 11
9677.7344
 21
3398.4375
 31
2640.625
  0
LINE
  8
0
 10
9677.7344
 20
3398.4375
 30
2640.625
 11
9707.0312
 21
3372.3958
 31
2651.0417
  0
LINE
  8
0
 10
9707.0312
 20
3372.3958
 30
2651.0417
 11
9765.625
 21
3385.4167
 31
2645.8333
  0
LINE
  8
0
 10
9765.625
 20
3385.4167
 30
2645.8333
 11
9746.0938
 21
3359.375
 31
2656.25
  0
LINE
  8
0
 10
9746.0938
 20
3359.375
 30
2656.25
 11
9824.2188
 21
3411.4583
 31
2635.4167
  0
LINE
  8
0
 10
9824.2188
 20
3411.4583
 30
2635.4167
 11
9775.3906
 21
3463.5417
 31
2614.5833
  0
LINE
  8
0
 10
9775.3906
 20
3463.5417
 30
2614.5833
 11
9736.3281
 21
3450.5208
 31
2619.7917
  0
LINE
  8
0
 10
9736.3281
 20
3450.5208
 30
2619.7917
 11
9746.0938
 21
3476.5625
 31
2609.375
  0
LINE
  8
0
 10
9746.0938
 20
3476.5625
 30
2609.375
 11
9550.7812
 21
3476.5625
 31
2609.375
  0
LINE
  8
0
 10
9550.7812
 20
3476.5625
 30
2609.375
 11
9560.5469
 21
3515.625
 31
2593.75
  0
LINE
  8
0
 10
9560.5469
 20
3515.625
 30
2593.75
 11
9658.2031
 21
3541.6667
 31
2583.3333
  0
LINE
  8
0
 10
9658.2031
 20
3541.6667
 30
2583.3333
 11
9521.4844
 21
3580.7292
 31
2567.7083
  0
LINE
  8
0
 10
9521.4844
 20
3580.7292
 30
2567.7083
 11
9482.4219
 21
3528.6458
 31
2588.5417
  0
LINE
  8
0
 10
9482.4219
 20
3528.6458
 30
2588.5417
 11
9521.4844
 21
3515.625
 31
2593.75
  0
LINE
  8
0
 10
9521.4844
 20
3515.625
 30
2593.75
 11
9453.125
 21
3502.6042
 31
2598.9583
  0
LINE
  8
0
 10
9453.125
 20
3502.6042
 30
2598.9583
 11
9472.6562
 21
3463.5417
 31
2614.5833
  0
LINE
  8
0
 10
9472.6562
 20
3463.5417
 30
2614.5833
 11
9443.3594
 21
3450.5208
 31
2619.7917
  0
LINE
  8
0
 10
9443.3594
 20
3450.5208
 30
2619.7917
 11
9433.5938
 21
3502.6042
 31
2598.9583
  0
LINE
  8
0
 10
9433.5938
 20
3502.6042
 30
2598.9583
 11
9033.2031
 21
3554.6875
 31
2578.125
  0
LINE
  8
0
 10
9033.2031
 20
3554.6875
 30
2578.125
 11
9023.4375
 21
3776.0417
 31
2489.5833
  0
LINE
  8
0
 10
9023.4375
 20
3776.0417
 30
2489.5833
 11
9023.4375
 21
3789.0625
 31
2484.375
  0
LINE
  8
0
 10
4892.5781
 20
3763.0208
 30
2494.7917
 11
4833.9844
 21
3763.0208
 31
2494.7917
  0
LINE
  8
0
 10
4833.9844
 20
3763.0208
 30
2494.7917
 11
4882.8125
 21
3750.0
 31
2500.0
  0
LINE
  8
0
 10
4882.8125
 20
3750.0
 30
2500.0
 11
4892.5781
 21
3763.0208
 31
2494.7917
  0
LINE
  8
0
 10
4990.2344
 20
3763.0208
 30
2494.7917
 11
4921.875
 21
3763.0208
 31
2494.7917
  0
LINE
  8
0
 10
4921.875
 20
3763.0208
 30
2494.7917
 11
4990.2344
 21
3750.0
 31
2500.0
  0
LINE
  8
0
 10
4990.2344
 20
3750.0
 30
2500.0
 11
4990.2344
 21
3763.0208
 31
2494.7917
  0
LINE
  8
0
 10
2763.6719
 20
3750.0
 30
2500.0
 11
2753.9062
 21
3450.5208
 31
2619.7917
  0
LINE
  8
0
 10
2753.9062
 20
3450.5208
 30
2619.7917
 11
2763.6719
 21
3736.9792
 31
2505.2083
  0
LINE
  8
0
 10
2763.6719
 20
3736.9792
 30
2505.2083
 11
2763.6719
 21
3750.0
 31
2500.0
  0
LINE
  8
0
 10
654.2969
 20
3736.9792
 30
2505.2083
 11
644.5312
 21
3567.7083
 31
2572.9167
  0
LINE
  8
0
 10
644.5312
 20
3567.7083
 30
2572.9167
 11
654.2969
 21
3723.9583
 31
2510.4167
  0
LINE
  8
0
 10
654.2969
 20
3723.9583
 30
2510.4167
 11
654.2969
 21
3736.9792
 31
2505.2083
  0
LINE
  8
0
 10
878.9062
 20
3736.9792
 30
2505.2083
 11
908.2031
 21
3723.9583
 31
2510.4167
  0
LINE
  8
0
 10
908.2031
 20
3723.9583
 30
2510.4167
 11
830.0781
 21
3723.9583
 31
2510.4167
  0
LINE
  8
0
 10
830.0781
 20
3723.9583
 30
2510.4167
 11
869.1406
 21
3723.9583
 31
2510.4167
  0
LINE
  8
0
 10
869.1406
 20
3723.9583
 30
2510.4167
 11
878.9062
 21
3736.9792
 31
2505.2083
  0
LINE
  8
0
 10
1875.0
 20
3736.9792
 30
2505.2083
 11
1923.8281
 21
3736.9792
 31
2505.2083
  0
LINE
  8
0
 10
1923.8281
 20
3736.9792
 30
2505.2083
 11
1884.7656
 21
3736.9792
 31
2505.2083
  0
LINE
  8
0
 10
1884.7656
 20
3736.9792
 30
2505.2083
 11
1875.0
 21
3736.9792
 31
2505.2083
  0
LINE
  8
0
 10
2626.9531
 20
3723.9583
 30
2510.4167
 11
2441.4062
 21
3697.9167
 31
2520.8333
  0
LINE
  8
0
 10
2441.4062
 20
3697.9167
 30
2520.8333
 11
2431.6406
 21
3632.8125
 31
2546.875
  0
LINE
  8
0
 10
2431.6406
 20
3632.8125
 30
2546.875
 11
2646.4844
 21
3645.8333
 31
2541.6667
  0
LINE
  8
0
 10
2646.4844
 20
3645.8333
 30
2541.6667
 11
2656.25
 21
3684.8958
 31
2526.0417
  0
LINE
  8
0
 10
2656.25
 20
3684.8958
 30
2526.0417
 11
2626.9531
 21
3710.9375
 31
2515.625
  0
LINE
  8
0
 10
2626.9531
 20
3710.9375
 30
2515.625
 11
2626.9531
 21
3723.9583
 31
2510.4167
  0
LINE
  8
0
 10
9130.8594
 20
3710.9375
 30
2515.625
 11
9111.3281
 21
3606.7708
 31
2557.2917
  0
LINE
  8
0
 10
9111.3281
 20
3606.7708
 30
2557.2917
 11
9169.9219
 21
3567.7083
 31
2572.9167
  0
LINE
  8
0
 10
9169.9219
 20
3567.7083
 30
2572.9167
 11
9130.8594
 21
3619.7917
 31
2552.0833
  0
LINE
  8
0
 10
9130.8594
 20
3619.7917
 30
2552.0833
 11
9130.8594
 21
3697.9167
 31
2520.8333
  0
LINE
  8
0
 10
9130.8594
 20
3697.9167
 30
2520.8333
 11
9130.8594
 21
3710.9375
 31
2515.625
  0
LINE
  8
0
 10
7597.6562
 20
3697.9167
 30
2520.8333
 11
7539.0625
 21
3684.8958
 31
2526.0417
  0
LINE
  8
0
 10
7539.0625
 20
3684.8958
 30
2526.0417
 11
7734.375
 21
3658.8542
 31
2536.4583
  0
LINE
  8
0
 10
7734.375
 20
3658.8542
 30
2536.4583
 11
7714.8438
 21
3697.9167
 31
2520.8333
  0
LINE
  8
0
 10
7714.8438
 20
3697.9167
 30
2520.8333
 11
7607.4219
 21
3697.9167
 31
2520.8333
  0
LINE
  8
0
 10
7607.4219
 20
3697.9167
 30
2520.8333
 11
7597.6562
 21
3697.9167
 31
2520.8333
  0
LINE
  8
0
 10
878.9062
 20
3684.8958
 30
2526.0417
 11
966.7969
 21
3658.8542
 31
2536.4583
  0
LINE
  8
0
 10
966.7969
 20
3658.8542
 30
2536.4583
 11
878.9062
 21
3671.875
 31
2531.25
  0
LINE
  8
0
 10
878.9062
 20
3671.875
 30
2531.25
 11
878.9062
 21
3684.8958
 31
2526.0417
  0
LINE
  8
0
 10
1054.6875
 20
3684.8958
 30
2526.0417
 11
1044.9219
 21
3554.6875
 31
2578.125
  0
LINE
  8
0
 10
1044.9219
 20
3554.6875
 30
2578.125
 11
1054.6875
 21
3671.875
 31
2531.25
  0
LINE
  8
0
 10
1054.6875
 20
3671.875
 30
2531.25
 11
1054.6875
 21
3684.8958
 31
2526.0417
  0
LINE
  8
0
 10
7460.9375
 20
3684.8958
 30
2526.0417
 11
7451.1719
 21
3502.6042
 31
2598.9583
  0
LINE
  8
0
 10
7451.1719
 20
3502.6042
 30
2598.9583
 11
7460.9375
 21
3671.875
 31
2531.25
  0
LINE
  8
0
 10
7460.9375
 20
3671.875
 30
2531.25
 11
7460.9375
 21
3684.8958
 31
2526.0417
  0
LINE
  8
0
 10
683.5938
 20
3658.8542
 30
2536.4583
 11
673.8281
 21
3593.75
 31
2562.5
  0
LINE
  8
0
 10
673.8281
 20
3593.75
 30
2562.5
 11
683.5938
 21
3645.8333
 31
2541.6667
  0
LINE
  8
0
 10
683.5938
 20
3645.8333
 30
2541.6667
 11
683.5938
 21
3658.8542
 31
2536.4583
  0
LINE
  8
0
 10
8437.5
 20
3645.8333
 30
2541.6667
 11
8388.6719
 21
3632.8125
 31
2546.875
  0
LINE
  8
0
 10
8388.6719
 20
3632.8125
 30
2546.875
 11
8476.5625
 21
3632.8125
 31
2546.875
  0
LINE
  8
0
 10
8476.5625
 20
3632.8125
 30
2546.875
 11
8447.2656
 21
3645.8333
 31
2541.6667
  0
LINE
  8
0
 10
8447.2656
 20
3645.8333
 30
2541.6667
 11
8437.5
 21
3645.8333
 31
2541.6667
  0
LINE
  8
0
 10
8125.0
 20
3632.8125
 30
2546.875
 11
8125.0
 21
3567.7083
 31
2572.9167
  0
LINE
  8
0
 10
8125.0
 20
3567.7083
 30
2572.9167
 11
8476.5625
 21
3528.6458
 31
2588.5417
  0
LINE
  8
0
 10
8476.5625
 20
3528.6458
 30
2588.5417
 11
8466.7969
 21
3593.75
 31
2562.5
  0
LINE
  8
0
 10
8466.7969
 20
3593.75
 30
2562.5
 11
8134.7656
 21
3632.8125
 31
2546.875
  0
LINE
  8
0
 10
8134.7656
 20
3632.8125
 30
2546.875
 11
8125.0
 21
3632.8125
 31
2546.875
  0
LINE
  8
0
 10
9326.1719
 20
3619.7917
 30
2552.0833
 11
9296.875
 21
3593.75
 31
2562.5
  0
LINE
  8
0
 10
9296.875
 20
3593.75
 30
2562.5
 11
9316.4062
 21
3606.7708
 31
2557.2917
  0
LINE
  8
0
 10
9316.4062
 20
3606.7708
 30
2557.2917
 11
9326.1719
 21
3619.7917
 31
2552.0833
  0
LINE
  8
0
 10
9228.5156
 20
3593.75
 30
2562.5
 11
9179.6875
 21
3593.75
 31
2562.5
  0
LINE
  8
0
 10
9179.6875
 20
3593.75
 30
2562.5
 11
9218.75
 21
3580.7292
 31
2567.7083
  0
LINE
  8
0
 10
9218.75
 20
3580.7292
 30
2567.7083
 11
9228.5156
 21
3593.75
 31
2562.5
  0
LINE
  8
0
 10
9716.7969
 20
3541.6667
 30
2583.3333
 11
9658.2031
 21
3515.625
 31
2593.75
  0
LINE
  8
0
 10
9658.2031
 20
3515.625
 30
2593.75
 11
9775.3906
 21
3515.625
 31
2593.75
  0
LINE
  8
0
 10
9775.3906
 20
3515.625
 30
2593.75
 11
9726.5625
 21
3541.6667
 31
2583.3333
  0
LINE
  8
0
 10
9726.5625
 20
3541.6667
 30
2583.3333
 11
9716.7969
 21
3541.6667
 31
2583.3333
  0
LINE
  8
0
 10
605.4688
 20
3528.6458
 30
2588.5417
 11
537.1094
 21
3515.625
 31
2593.75
  0
LINE
  8
0
 10
537.1094
 20
3515.625
 30
2593.75
 11
605.4688
 21
3515.625
 31
2593.75
  0
LINE
  8
0
 10
605.4688
 20
3515.625
 30
2593.75
 11
605.4688
 21
3528.6458
 31
2588.5417
  0
LINE
  8
0
 10
761.7188
 20
3515.625
 30
2593.75
 11
810.5469
 21
3528.6458
 31
2588.5417
  0
LINE
  8
0
 10
810.5469
 20
3528.6458
 30
2588.5417
 11
771.4844
 21
3515.625
 31
2593.75
  0
LINE
  8
0
 10
771.4844
 20
3515.625
 30
2593.75
 11
761.7188
 21
3515.625
 31
2593.75
  0
LINE
  8
0
 10
898.4375
 20
3502.6042
 30
2598.9583
 11
966.7969
 21
3515.625
 31
2593.75
  0
LINE
  8
0
 10
966.7969
 20
3515.625
 30
2593.75
 11
908.2031
 21
3502.6042
 31
2598.9583
  0
LINE
  8
0
 10
908.2031
 20
3502.6042
 30
2598.9583
 11
898.4375
 21
3502.6042
 31
2598.9583
  0
LINE
  8
0
 10
9648.4375
 20
3502.6042
 30
2598.9583
 11
9580.0781
 21
3502.6042
 31
2598.9583
  0
LINE
  8
0
 10
9580.0781
 20
3502.6042
 30
2598.9583
 11
9638.6719
 21
3489.5833
 31
2604.1667
  0
LINE
  8
0
 10
9638.6719
 20
3489.5833
 30
2604.1667
 11
9648.4375
 21
3502.6042
 31
2598.9583
  0
LINE
  8
0
 10
2626.9531
 20
3489.5833
 30
2604.1667
 11
2617.1875
 21
3437.5
 31
2625.0
  0
LINE
  8
0
 10
2617.1875
 20
3437.5
 30
2625.0
 11
2626.9531
 21
3476.5625
 31
2609.375
  0
LINE
  8
0
 10
2626.9531
 20
3476.5625
 30
2609.375
 11
2626.9531
 21
3489.5833
 31
2604.1667
  0
LINE
  8
0
 10
9765.625
 20
3489.5833
 30
2604.1667
 11
9687.5
 21
3489.5833
 31
2604.1667
  0
LINE
  8
0
 10
9687.5
 20
3489.5833
 30
2604.1667
 11
9755.8594
 21
3476.5625
 31
2609.375
  0
LINE
  8
0
 10
9755.8594
 20
3476.5625
 30
2609.375
 11
9765.625
 21
3489.5833
 31
2604.1667
  0
LINE
  8
0
 10
703.125
 20
3476.5625
 30
2609.375
 11
742.1875
 21
3476.5625
 31
2609.375
  0
LINE
  8
0
 10
742.1875
 20
3476.5625
 30
2609.375
 11
742.1875
 21
3437.5
 31
2625.0
  0
LINE
  8
0
 10
742.1875
 20
3437.5
 30
2625.0
 11
703.125
 21
3450.5208
 31
2619.7917
  0
LINE
  8
0
 10
703.125
 20
3450.5208
 30
2619.7917
 11
742.1875
 21
3463.5417
 31
2614.5833
  0
LINE
  8
0
 10
742.1875
 20
3463.5417
 30
2614.5833
 11
712.8906
 21
3476.5625
 31
2609.375
  0
LINE
  8
0
 10
712.8906
 20
3476.5625
 30
2609.375
 11
703.125
 21
3476.5625
 31
2609.375
  0
LINE
  8
0
 10
2109.375
 20
3424.4792
 30
2630.2083
 11
2109.375
 21
3020.8333
 31
2791.6667
  0
LINE
  8
0
 10
2109.375
 20
3020.8333
 30
2791.6667
 11
2109.375
 21
3411.4583
 31
2635.4167
  0
LINE
  8
0
 10
2109.375
 20
3411.4583
 30
2635.4167
 11
2109.375
 21
3424.4792
 31
2630.2083
  0
LINE
  8
0
 10
8144.5312
 20
3411.4583
 30
2635.4167
 11
8173.8281
 21
3411.4583
 31
2635.4167
  0
LINE
  8
0
 10
8173.8281
 20
3411.4583
 30
2635.4167
 11
8144.5312
 21
3333.3333
 31
2666.6667
  0
LINE
  8
0
 10
8144.5312
 20
3333.3333
 30
2666.6667
 11
8183.5938
 21
3346.3542
 31
2661.4583
  0
LINE
  8
0
 10
8183.5938
 20
3346.3542
 30
2661.4583
 11
8183.5938
 21
3307.2917
 31
2677.0833
  0
LINE
  8
0
 10
8183.5938
 20
3307.2917
 30
2677.0833
 11
8144.5312
 21
3307.2917
 31
2677.0833
  0
LINE
  8
0
 10
8144.5312
 20
3307.2917
 30
2677.0833
 11
8134.7656
 21
3398.4375
 31
2640.625
  0
LINE
  8
0
 10
8134.7656
 20
3398.4375
 30
2640.625
 11
8144.5312
 21
3411.4583
 31
2635.4167
  0
LINE
  8
0
 10
1982.4219
 20
3385.4167
 30
2645.8333
 11
2001.9531
 21
3294.2708
 31
2682.2917
  0
LINE
  8
0
 10
2001.9531
 20
3294.2708
 30
2682.2917
 11
1962.8906
 21
3281.25
 31
2687.5
  0
LINE
  8
0
 10
1962.8906
 20
3281.25
 30
2687.5
 11
1992.1875
 21
3372.3958
 31
2651.0417
  0
LINE
  8
0
 10
1992.1875
 20
3372.3958
 30
2651.0417
 11
1982.4219
 21
3385.4167
 31
2645.8333
  0
LINE
  8
0
 10
9824.2188
 20
3385.4167
 30
2645.8333
 11
9785.1562
 21
3359.375
 31
2656.25
  0
LINE
  8
0
 10
9785.1562
 20
3359.375
 30
2656.25
 11
9833.9844
 21
3372.3958
 31
2651.0417
  0
LINE
  8
0
 10
9833.9844
 20
3372.3958
 30
2651.0417
 11
9824.2188
 21
3385.4167
 31
2645.8333
  0
LINE
  8
0
 10
1972.6562
 20
3372.3958
 30
2651.0417
 11
2001.9531
 21
3385.4167
 31
2645.8333
  0
LINE
  8
0
 10
2001.9531
 20
3385.4167
 30
2645.8333
 11
1992.1875
 21
3281.25
 31
2687.5
  0
LINE
  8
0
 10
1992.1875
 20
3281.25
 30
2687.5
 11
1962.8906
 21
3281.25
 31
2687.5
  0
LINE
  8
0
 10
1962.8906
 20
3281.25
 30
2687.5
 11
1972.6562
 21
3333.3333
 31
2666.6667
  0
LINE
  8
0
 10
1972.6562
 20
3333.3333
 30
2666.6667
 11
1992.1875
 21
3307.2917
 31
2677.0833
  0
LINE
  8
0
 10
1992.1875
 20
3307.2917
 30
2677.0833
 11
1982.4219
 21
3385.4167
 31
2645.8333
  0
LINE
  8
0
 10
1982.4219
 20
3385.4167
 30
2645.8333
 11
1972.6562
 21
3372.3958
 31
2651.0417
  0
LINE
  8
0
 10
1972.6562
 20
3359.375
 30
2656.25
 11
2001.9531
 21
3385.4167
 31
2645.8333
  0
LINE
  8
0
 10
2001.9531
 20
3385.4167
 30
2645.8333
 11
1992.1875
 21
3281.25
 31
2687.5
  0
LINE
  8
0
 10
1992.1875
 20
3281.25
 30
2687.5
 11
1962.8906
 21
3281.25
 31
2687.5
  0
LINE
  8
0
 10
1962.8906
 20
3281.25
 30
2687.5
 11
1972.6562
 21
3333.3333
 31
2666.6667
  0
LINE
  8
0
 10
1972.6562
 20
3333.3333
 30
2666.6667
 11
1992.1875
 21
3307.2917
 31
2677.0833
  0
LINE
  8
0
 10
1992.1875
 20
3307.2917
 30
2677.0833
 11
1972.6562
 21
3372.3958
 31
2651.0417
  0
LINE
  8
0
 10
1972.6562
 20
3372.3958
 30
2651.0417
 11
1972.6562
 21
3359.375
 31
2656.25
  0
LINE
  8
0
 10
7265.625
 20
3333.3333
 30
2666.6667
 11
7255.8594
 21
3229.1667
 31
2708.3333
  0
LINE
  8
0
 10
7255.8594
 20
3229.1667
 30
2708.3333
 11
7265.625
 21
3320.3125
 31
2671.875
  0
LINE
  8
0
 10
7265.625
 20
3320.3125
 30
2671.875
 11
7265.625
 21
3333.3333
 31
2666.6667
  0
LINE
  8
0
 10
7470.7031
 20
3333.3333
 30
2666.6667
 11
7460.9375
 21
3164.0625
 31
2734.375
  0
LINE
  8
0
 10
7460.9375
 20
3164.0625
 30
2734.375
 11
7470.7031
 21
3320.3125
 31
2671.875
  0
LINE
  8
0
 10
7470.7031
 20
3320.3125
 30
2671.875
 11
7470.7031
 21
3333.3333
 31
2666.6667
  0
LINE
  8
0
 10
2753.9062
 20
3320.3125
 30
2671.875
 11
2744.1406
 21
3177.0833
 31
2729.1667
  0
LINE
  8
0
 10
2744.1406
 20
3177.0833
 30
2729.1667
 11
2753.9062
 21
3307.2917
 31
2677.0833
  0
LINE
  8
0
 10
2753.9062
 20
3307.2917
 30
2677.0833
 11
2753.9062
 21
3320.3125
 31
2671.875
  0
LINE
  8
0
 10
7783.2031
 20
3307.2917
 30
2677.0833
 11
7802.7344
 21
2903.6458
 31
2838.5417
  0
LINE
  8
0
 10
7802.7344
 20
2903.6458
 30
2838.5417
 11
7763.6719
 21
2916.6667
 31
2833.3333
  0
LINE
  8
0
 10
7763.6719
 20
2916.6667
 30
2833.3333
 11
7792.9688
 21
2929.6875
 31
2828.125
  0
LINE
  8
0
 10
7792.9688
 20
2929.6875
 30
2828.125
 11
7783.2031
 21
3294.2708
 31
2682.2917
  0
LINE
  8
0
 10
7783.2031
 20
3294.2708
 30
2682.2917
 11
7783.2031
 21
3307.2917
 31
2677.0833
  0
LINE
  8
0
 10
8183.5938
 20
3216.1458
 30
2713.5417
 11
8183.5938
 21
3151.0417
 31
2739.5833
  0
LINE
  8
0
 10
8183.5938
 20
3151.0417
 30
2739.5833
 11
8183.5938
 21
3203.125
 31
2718.75
  0
LINE
  8
0
 10
8183.5938
 20
3203.125
 30
2718.75
 11
8183.5938
 21
3216.1458
 31
2713.5417
  0
LINE
  8
0
 10
1982.4219
 20
3177.0833
 30
2729.1667
 11
1982.4219
 21
3072.9167
 31
2770.8333
  0
LINE
  8
0
 10
1982.4219
 20
3072.9167
 30
2770.8333
 11
1982.4219
 21
3164.0625
 31
2734.375
  0
LINE
  8
0
 10
1982.4219
 20
3164.0625
 30
2734.375
 11
1982.4219
 21
3177.0833
 31
2729.1667
  0
LINE
  8
0
 10
3310.5469
 20
3164.0625
 30
2734.375
 11
3222.6562
 21
3164.0625
 31
2734.375
  0
LINE
  8
0
 10
3222.6562
 20
3164.0625
 30
2734.375
 11
3300.7812
 21
3151.0417
 31
2739.5833
  0
LINE
  8
0
 10
3300.7812
 20
3151.0417
 30
2739.5833
 11
3310.5469
 21
3164.0625
 31
2734.375
  0
LINE
  8
0
 10
4951.1719
 20
3164.0625
 30
2734.375
 11
5068.3594
 21
3164.0625
 31
2734.375
  0
LINE
  8
0
 10
5068.3594
 20
3164.0625
 30
2734.375
 11
4960.9375
 21
3164.0625
 31
2734.375
  0
LINE
  8
0
 10
4960.9375
 20
3164.0625
 30
2734.375
 11
4951.1719
 21
3164.0625
 31
2734.375
  0
LINE
  8
0
 10
5097.6562
 20
3164.0625
 30
2734.375
 11
5371.0938
 21
3151.0417
 31
2739.5833
  0
LINE
  8
0
 10
5371.0938
 20
3151.0417
 30
2739.5833
 11
5078.125
 21
3125.0
 31
2750.0
  0
LINE
  8
0
 10
5078.125
 20
3125.0
 30
2750.0
 11
5146.4844
 21
3151.0417
 31
2739.5833
  0
LINE
  8
0
 10
5146.4844
 20
3151.0417
 30
2739.5833
 11
5107.4219
 21
3164.0625
 31
2734.375
  0
LINE
  8
0
 10
5107.4219
 20
3164.0625
 30
2734.375
 11
5097.6562
 21
3164.0625
 31
2734.375
  0
LINE
  8
0
 10
5468.75
 20
3164.0625
 30
2734.375
 11
5722.6562
 21
3151.0417
 31
2739.5833
  0
LINE
  8
0
 10
5722.6562
 20
3151.0417
 30
2739.5833
 11
5390.625
 21
3151.0417
 31
2739.5833
  0
LINE
  8
0
 10
5390.625
 20
3151.0417
 30
2739.5833
 11
5458.9844
 21
3151.0417
 31
2739.5833
  0
LINE
  8
0
 10
5458.9844
 20
3151.0417
 30
2739.5833
 11
5468.75
 21
3164.0625
 31
2734.375
  0
LINE
  8
0
 10
3603.5156
 20
3151.0417
 30
2739.5833
 11
3671.875
 21
3151.0417
 31
2739.5833
  0
LINE
  8
0
 10
3671.875
 20
3151.0417
 30
2739.5833
 11
3613.2812
 21
3151.0417
 31
2739.5833
  0
LINE
  8
0
 10
3613.2812
 20
3151.0417
 30
2739.5833
 11
3603.5156
 21
3151.0417
 31
2739.5833
  0
LINE
  8
0
 10
3710.9375
 20
3151.0417
 30
2739.5833
 11
3818.3594
 21
3151.0417
 31
2739.5833
  0
LINE
  8
0
 10
3818.3594
 20
3151.0417
 30
2739.5833
 11
3720.7031
 21
3151.0417
 31
2739.5833
  0
LINE
  8
0
 10
3720.7031
 20
3151.0417
 30
2739.5833
 11
3710.9375
 21
3151.0417
 31
2739.5833
  0
LINE
  8
0
 10
7109.375
 20
3151.0417
 30
2739.5833
 11
7167.9688
 21
3151.0417
 31
2739.5833
  0
LINE
  8
0
 10
7167.9688
 20
3151.0417
 30
2739.5833
 11
7119.1406
 21
3151.0417
 31
2739.5833
  0
LINE
  8
0
 10
7119.1406
 20
3151.0417
 30
2739.5833
 11
7109.375
 21
3151.0417
 31
2739.5833
  0
LINE
  8
0
 10
8554.6875
 20
3125.0
 30
2750.0
 11
8574.2188
 21
2591.1458
 31
2963.5417
  0
LINE
  8
0
 10
8574.2188
 20
2591.1458
 30
2963.5417
 11
8544.9219
 21
2591.1458
 31
2963.5417
  0
LINE
  8
0
 10
8544.9219
 20
2591.1458
 30
2963.5417
 11
8554.6875
 21
3111.9792
 31
2755.2083
  0
LINE
  8
0
 10
8554.6875
 20
3111.9792
 30
2755.2083
 11
8554.6875
 21
3125.0
 31
2750.0
  0
LINE
  8
0
 10
4257.8125
 20
3085.9375
 30
2765.625
 11
4345.7031
 21
3085.9375
 31
2765.625
  0
LINE
  8
0
 10
4345.7031
 20
3085.9375
 30
2765.625
 11
4257.8125
 21
3072.9167
 31
2770.8333
  0
LINE
  8
0
 10
4257.8125
 20
3072.9167
 30
2770.8333
 11
4257.8125
 21
3085.9375
 31
2765.625
  0
LINE
  8
0
 10
5117.1875
 20
3085.9375
 30
2765.625
 11
5214.8438
 21
3085.9375
 31
2765.625
  0
LINE
  8
0
 10
5214.8438
 20
3085.9375
 30
2765.625
 11
5126.9531
 21
3085.9375
 31
2765.625
  0
LINE
  8
0
 10
5126.9531
 20
3085.9375
 30
2765.625
 11
5117.1875
 21
3085.9375
 31
2765.625
  0
LINE
  8
0
 10
6464.8438
 20
3085.9375
 30
2765.625
 11
6513.6719
 21
3085.9375
 31
2765.625
  0
LINE
  8
0
 10
6513.6719
 20
3085.9375
 30
2765.625
 11
6474.6094
 21
3085.9375
 31
2765.625
  0
LINE
  8
0
 10
6474.6094
 20
3085.9375
 30
2765.625
 11
6464.8438
 21
3085.9375
 31
2765.625
  0
LINE
  8
0
 10
7236.3281
 20
3085.9375
 30
2765.625
 11
7402.3438
 21
3072.9167
 31
2770.8333
  0
LINE
  8
0
 10
7402.3438
 20
3072.9167
 30
2770.8333
 11
7236.3281
 21
3072.9167
 31
2770.8333
  0
LINE
  8
0
 10
7236.3281
 20
3072.9167
 30
2770.8333
 11
7236.3281
 21
3085.9375
 31
2765.625
  0
LINE
  8
0
 10
5039.0625
 20
3059.8958
 30
2776.0417
 11
5898.4375
 21
3020.8333
 31
2791.6667
  0
LINE
  8
0
 10
5898.4375
 20
3020.8333
 30
2791.6667
 11
4755.8594
 21
3020.8333
 31
2791.6667
  0
LINE
  8
0
 10
4755.8594
 20
3020.8333
 30
2791.6667
 11
4492.1875
 21
2968.75
 31
2812.5
  0
LINE
  8
0
 10
4492.1875
 20
2968.75
 30
2812.5
 11
4941.4062
 21
2942.7083
 31
2822.9167
  0
LINE
  8
0
 10
4941.4062
 20
2942.7083
 30
2822.9167
 11
4501.9531
 21
2812.5
 31
2875.0
  0
LINE
  8
0
 10
4501.9531
 20
2812.5
 30
2875.0
 11
3525.3906
 21
2825.5208
 31
2869.7917
  0
LINE
  8
0
 10
3525.3906
 20
2825.5208
 30
2869.7917
 11
3857.4219
 21
2903.6458
 31
2838.5417
  0
LINE
  8
0
 10
3857.4219
 20
2903.6458
 30
2838.5417
 11
3847.6562
 21
2929.6875
 31
2828.125
  0
LINE
  8
0
 10
3847.6562
 20
2929.6875
 30
2828.125
 11
3974.6094
 21
2929.6875
 31
2828.125
  0
LINE
  8
0
 10
3974.6094
 20
2929.6875
 30
2828.125
 11
3945.3125
 21
2968.75
 31
2812.5
  0
LINE
  8
0
 10
3945.3125
 20
2968.75
 30
2812.5
 11
4042.9688
 21
2994.7917
 31
2802.0833
  0
LINE
  8
0
 10
4042.9688
 20
2994.7917
 30
2802.0833
 11
5029.2969
 21
3046.875
 31
2781.25
  0
LINE
  8
0
 10
5029.2969
 20
3046.875
 30
2781.25
 11
5039.0625
 21
3059.8958
 31
2776.0417
  0
LINE
  8
0
 10
6250.0
 20
3033.8542
 30
2786.4583
 11
6318.3594
 21
3033.8542
 31
2786.4583
  0
LINE
  8
0
 10
6318.3594
 20
3033.8542
 30
2786.4583
 11
6162.1094
 21
2994.7917
 31
2802.0833
  0
LINE
  8
0
 10
6162.1094
 20
2994.7917
 30
2802.0833
 11
5996.0938
 21
3007.8125
 31
2796.875
  0
LINE
  8
0
 10
5996.0938
 20
3007.8125
 30
2796.875
 11
6240.2344
 21
3020.8333
 31
2791.6667
  0
LINE
  8
0
 10
6240.2344
 20
3020.8333
 30
2791.6667
 11
6250.0
 21
3033.8542
 31
2786.4583
  0
LINE
  8
0
 10
6367.1875
 20
3033.8542
 30
2786.4583
 11
7275.3906
 21
3007.8125
 31
2796.875
  0
LINE
  8
0
 10
7275.3906
 20
3007.8125
 30
2796.875
 11
6904.2969
 21
3007.8125
 31
2796.875
  0
LINE
  8
0
 10
6904.2969
 20
3007.8125
 30
2796.875
 11
6865.2344
 21
2968.75
 31
2812.5
  0
LINE
  8
0
 10
6865.2344
 20
2968.75
 30
2812.5
 11
6748.0469
 21
2968.75
 31
2812.5
  0
LINE
  8
0
 10
6748.0469
 20
2968.75
 30
2812.5
 11
6875.0
 21
2994.7917
 31
2802.0833
  0
LINE
  8
0
 10
6875.0
 20
2994.7917
 30
2802.0833
 11
6357.4219
 21
3020.8333
 31
2791.6667
  0
LINE
  8
0
 10
6357.4219
 20
3020.8333
 30
2791.6667
 11
6367.1875
 21
3033.8542
 31
2786.4583
  0
LINE
  8
0
 10
9091.7969
 20
3033.8542
 30
2786.4583
 11
9091.7969
 21
2955.7292
 31
2817.7083
  0
LINE
  8
0
 10
9091.7969
 20
2955.7292
 30
2817.7083
 11
9150.3906
 21
2929.6875
 31
2828.125
  0
LINE
  8
0
 10
9150.3906
 20
2929.6875
 30
2828.125
 11
9082.0312
 21
2942.7083
 31
2822.9167
  0
LINE
  8
0
 10
9082.0312
 20
2942.7083
 30
2822.9167
 11
9091.7969
 21
3020.8333
 31
2791.6667
  0
LINE
  8
0
 10
9091.7969
 20
3020.8333
 30
2791.6667
 11
9091.7969
 21
3033.8542
 31
2786.4583
  0
LINE
  8
0
 10
3906.25
 20
2994.7917
 30
2802.0833
 11
3935.5469
 21
2994.7917
 31
2802.0833
  0
LINE
  8
0
 10
3935.5469
 20
2994.7917
 30
2802.0833
 11
3837.8906
 21
2981.7708
 31
2807.2917
  0
LINE
  8
0
 10
3837.8906
 20
2981.7708
 30
2807.2917
 11
3896.4844
 21
2981.7708
 31
2807.2917
  0
LINE
  8
0
 10
3896.4844
 20
2981.7708
 30
2807.2917
 11
3906.25
 21
2994.7917
 31
2802.0833
  0
LINE
  8
0
 10
7587.8906
 20
2942.7083
 30
2822.9167
 11
7773.4375
 21
2864.5833
 31
2854.1667
  0
LINE
  8
0
 10
7773.4375
 20
2864.5833
 30
2854.1667
 11
7988.2812
 21
2851.5625
 31
2859.375
  0
LINE
  8
0
 10
7988.2812
 20
2851.5625
 30
2859.375
 11
7763.6719
 21
2864.5833
 31
2854.1667
  0
LINE
  8
0
 10
7763.6719
 20
2864.5833
 30
2854.1667
 11
7763.6719
 21
2812.5
 31
2875.0
  0
LINE
  8
0
 10
7763.6719
 20
2812.5
 30
2875.0
 11
7705.0781
 21
2877.6042
 31
2848.9583
  0
LINE
  8
0
 10
7705.0781
 20
2877.6042
 30
2848.9583
 11
7558.5938
 21
2890.625
 31
2843.75
  0
LINE
  8
0
 10
7558.5938
 20
2890.625
 30
2843.75
 11
7617.1875
 21
2903.6458
 31
2838.5417
  0
LINE
  8
0
 10
7617.1875
 20
2903.6458
 30
2838.5417
 11
7587.8906
 21
2929.6875
 31
2828.125
  0
LINE
  8
0
 10
7587.8906
 20
2929.6875
 30
2828.125
 11
7587.8906
 21
2942.7083
 31
2822.9167
  0
LINE
  8
0
 10
2177.7344
 20
2929.6875
 30
2828.125
 11
1992.1875
 21
2864.5833
 31
2854.1667
  0
LINE
  8
0
 10
1992.1875
 20
2864.5833
 30
2854.1667
 11
2167.9688
 21
2916.6667
 31
2833.3333
  0
LINE
  8
0
 10
2167.9688
 20
2916.6667
 30
2833.3333
 11
2177.7344
 21
2929.6875
 31
2828.125
  0
LINE
  8
0
 10
4365.2344
 20
2929.6875
 30
2828.125
 11
4042.9688
 21
2929.6875
 31
2828.125
  0
LINE
  8
0
 10
4042.9688
 20
2929.6875
 30
2828.125
 11
3750.0
 21
2851.5625
 31
2859.375
  0
LINE
  8
0
 10
3750.0
 20
2851.5625
 30
2859.375
 11
4023.4375
 21
2838.5417
 31
2864.5833
  0
LINE
  8
0
 10
4023.4375
 20
2838.5417
 30
2864.5833
 11
4355.4688
 21
2916.6667
 31
2833.3333
  0
LINE
  8
0
 10
4355.4688
 20
2916.6667
 30
2833.3333
 11
4365.2344
 21
2929.6875
 31
2828.125
  0
LINE
  8
0
 10
4628.9062
 20
2929.6875
 30
2828.125
 11
4482.4219
 21
2929.6875
 31
2828.125
  0
LINE
  8
0
 10
4482.4219
 20
2929.6875
 30
2828.125
 11
4228.5156
 21
2851.5625
 31
2859.375
  0
LINE
  8
0
 10
4228.5156
 20
2851.5625
 30
2859.375
 11
4511.7188
 21
2838.5417
 31
2864.5833
  0
LINE
  8
0
 10
4511.7188
 20
2838.5417
 30
2864.5833
 11
4804.6875
 21
2929.6875
 31
2828.125
  0
LINE
  8
0
 10
4804.6875
 20
2929.6875
 30
2828.125
 11
4638.6719
 21
2942.7083
 31
2822.9167
  0
LINE
  8
0
 10
4638.6719
 20
2942.7083
 30
2822.9167
 11
4628.9062
 21
2929.6875
 31
2828.125
  0
LINE
  8
0
 10
966.7969
 20
2903.6458
 30
2838.5417
 11
976.5625
 21
2825.5208
 31
2869.7917
  0
LINE
  8
0
 10
976.5625
 20
2825.5208
 30
2869.7917
 11
966.7969
 21
2890.625
 31
2843.75
  0
LINE
  8
0
 10
966.7969
 20
2890.625
 30
2843.75
 11
966.7969
 21
2903.6458
 31
2838.5417
  0
LINE
  8
0
 10
5292.9688
 20
2903.6458
 30
2838.5417
 11
5380.8594
 21
2890.625
 31
2843.75
  0
LINE
  8
0
 10
5380.8594
 20
2890.625
 30
2843.75
 11
5283.2031
 21
2890.625
 31
2843.75
  0
LINE
  8
0
 10
5283.2031
 20
2890.625
 30
2843.75
 11
5292.9688
 21
2903.6458
 31
2838.5417
  0
LINE
  8
0
 10
5468.75
 20
2903.6458
 30
2838.5417
 11
5517.5781
 21
2890.625
 31
2843.75
  0
LINE
  8
0
 10
5517.5781
 20
2890.625
 30
2843.75
 11
5478.5156
 21
2903.6458
 31
2838.5417
  0
LINE
  8
0
 10
5478.5156
 20
2903.6458
 30
2838.5417
 11
5468.75
 21
2903.6458
 31
2838.5417
  0
LINE
  8
0
 10
7412.1094
 20
2890.625
 30
2843.75
 11
7470.7031
 21
2890.625
 31
2843.75
  0
LINE
  8
0
 10
7470.7031
 20
2890.625
 30
2843.75
 11
7470.7031
 21
2851.5625
 31
2859.375
  0
LINE
  8
0
 10
7470.7031
 20
2851.5625
 30
2859.375
 11
7529.2969
 21
2825.5208
 31
2869.7917
  0
LINE
  8
0
 10
7529.2969
 20
2825.5208
 30
2869.7917
 11
7529.2969
 21
2773.4375
 31
2890.625
  0
LINE
  8
0
 10
7529.2969
 20
2773.4375
 30
2890.625
 11
7597.6562
 21
2812.5
 31
2875.0
  0
LINE
  8
0
 10
7597.6562
 20
2812.5
 30
2875.0
 11
7656.25
 21
2773.4375
 31
2890.625
  0
LINE
  8
0
 10
7656.25
 20
2773.4375
 30
2890.625
 11
7490.2344
 21
2591.1458
 31
2963.5417
  0
LINE
  8
0
 10
7490.2344
 20
2591.1458
 30
2963.5417
 11
7392.5781
 21
2617.1875
 31
2953.125
  0
LINE
  8
0
 10
7392.5781
 20
2617.1875
 30
2953.125
 11
7382.8125
 21
2682.2917
 31
2927.0833
  0
LINE
  8
0
 10
7382.8125
 20
2682.2917
 30
2927.0833
 11
7343.75
 21
2656.25
 31
2937.5
  0
LINE
  8
0
 10
7343.75
 20
2656.25
 30
2937.5
 11
7216.7969
 21
2734.375
 31
2906.25
  0
LINE
  8
0
 10
7216.7969
 20
2734.375
 30
2906.25
 11
7402.3438
 21
2877.6042
 31
2848.9583
  0
LINE
  8
0
 10
7402.3438
 20
2877.6042
 30
2848.9583
 11
7412.1094
 21
2890.625
 31
2843.75
  0
LINE
  8
0
 10
2578.125
 20
2877.6042
 30
2848.9583
 11
2441.4062
 21
2838.5417
 31
2864.5833
  0
LINE
  8
0
 10
2441.4062
 20
2838.5417
 30
2864.5833
 11
2568.3594
 21
2864.5833
 31
2854.1667
  0
LINE
  8
0
 10
2568.3594
 20
2864.5833
 30
2854.1667
 11
2578.125
 21
2877.6042
 31
2848.9583
  0
LINE
  8
0
 10
1972.6562
 20
2851.5625
 30
2859.375
 11
1640.625
 21
2773.4375
 31
2890.625
  0
LINE
  8
0
 10
1640.625
 20
2773.4375
 30
2890.625
 11
1621.0938
 21
2721.3542
 31
2911.4583
  0
LINE
  8
0
 10
1621.0938
 20
2721.3542
 30
2911.4583
 11
1972.6562
 21
2838.5417
 31
2864.5833
  0
LINE
  8
0
 10
1972.6562
 20
2838.5417
 30
2864.5833
 11
1972.6562
 21
2851.5625
 31
2859.375
  0
LINE
  8
0
 10
1992.1875
 20
2851.5625
 30
2859.375
 11
1982.4219
 21
2877.6042
 31
2848.9583
  0
LINE
  8
0
 10
1982.4219
 20
2877.6042
 30
2848.9583
 11
1982.4219
 21
2799.4792
 31
2880.2083
  0
LINE
  8
0
 10
1982.4219
 20
2799.4792
 30
2880.2083
 11
1992.1875
 21
2838.5417
 31
2864.5833
  0
LINE
  8
0
 10
1992.1875
 20
2838.5417
 30
2864.5833
 11
1992.1875
 21
2851.5625
 31
2859.375
  0
LINE
  8
0
 10
4150.3906
 20
2851.5625
 30
2859.375
 11
4091.7969
 21
2838.5417
 31
2864.5833
  0
LINE
  8
0
 10
4091.7969
 20
2838.5417
 30
2864.5833
 11
4160.1562
 21
2838.5417
 31
2864.5833
  0
LINE
  8
0
 10
4160.1562
 20
2838.5417
 30
2864.5833
 11
4150.3906
 21
2851.5625
 31
2859.375
  0
LINE
  8
0
 10
7431.6406
 20
2838.5417
 30
2864.5833
 11
7402.3438
 21
2851.5625
 31
2859.375
  0
LINE
  8
0
 10
7402.3438
 20
2851.5625
 30
2859.375
 11
7265.625
 21
2734.375
 31
2906.25
  0
LINE
  8
0
 10
7265.625
 20
2734.375
 30
2906.25
 11
7333.9844
 21
2682.2917
 31
2927.0833
  0
LINE
  8
0
 10
7333.9844
 20
2682.2917
 30
2927.0833
 11
7490.2344
 21
2812.5
 31
2875.0
  0
LINE
  8
0
 10
7490.2344
 20
2812.5
 30
2875.0
 11
7441.4062
 21
2838.5417
 31
2864.5833
  0
LINE
  8
0
 10
7441.4062
 20
2838.5417
 30
2864.5833
 11
7431.6406
 21
2838.5417
 31
2864.5833
  0
LINE
  8
0
 10
4775.3906
 20
2825.5208
 30
2869.7917
 11
4804.6875
 21
2825.5208
 31
2869.7917
  0
LINE
  8
0
 10
4804.6875
 20
2825.5208
 30
2869.7917
 11
4765.625
 21
2812.5
 31
2875.0
  0
LINE
  8
0
 10
4765.625
 20
2812.5
 30
2875.0
 11
4775.3906
 21
2825.5208
 31
2869.7917
  0
LINE
  8
0
 10
8183.5938
 20
2825.5208
 30
2869.7917
 11
8173.8281
 21
2903.6458
 31
2838.5417
  0
LINE
  8
0
 10
8173.8281
 20
2903.6458
 30
2838.5417
 11
8183.5938
 21
2812.5
 31
2875.0
  0
LINE
  8
0
 10
8183.5938
 20
2812.5
 30
2875.0
 11
8183.5938
 21
2825.5208
 31
2869.7917
  0
LINE
  8
0
 10
5019.5312
 20
2812.5
 30
2875.0
 11
5185.5469
 21
2773.4375
 31
2890.625
  0
LINE
  8
0
 10
5185.5469
 20
2773.4375
 30
2890.625
 11
5185.5469
 21
2708.3333
 31
2916.6667
  0
LINE
  8
0
 10
5185.5469
 20
2708.3333
 30
2916.6667
 11
5146.4844
 21
2708.3333
 31
2916.6667
  0
LINE
  8
0
 10
5146.4844
 20
2708.3333
 30
2916.6667
 11
5136.7188
 21
2760.4167
 31
2895.8333
  0
LINE
  8
0
 10
5136.7188
 20
2760.4167
 30
2895.8333
 11
5009.7656
 21
2760.4167
 31
2895.8333
  0
LINE
  8
0
 10
5009.7656
 20
2760.4167
 30
2895.8333
 11
5068.3594
 21
2734.375
 31
2906.25
  0
LINE
  8
0
 10
5068.3594
 20
2734.375
 30
2906.25
 11
5068.3594
 21
2695.3125
 31
2921.875
  0
LINE
  8
0
 10
5068.3594
 20
2695.3125
 30
2921.875
 11
5029.2969
 21
2695.3125
 31
2921.875
  0
LINE
  8
0
 10
5029.2969
 20
2695.3125
 30
2921.875
 11
4980.4688
 21
2786.4583
 31
2885.4167
  0
LINE
  8
0
 10
4980.4688
 20
2786.4583
 30
2885.4167
 11
4931.6406
 21
2773.4375
 31
2890.625
  0
LINE
  8
0
 10
4931.6406
 20
2773.4375
 30
2890.625
 11
5009.7656
 21
2799.4792
 31
2880.2083
  0
LINE
  8
0
 10
5009.7656
 20
2799.4792
 30
2880.2083
 11
5019.5312
 21
2812.5
 31
2875.0
  0
LINE
  8
0
 10
5058.5938
 20
2799.4792
 30
2880.2083
 11
5019.5312
 21
2786.4583
 31
2885.4167
  0
LINE
  8
0
 10
5019.5312
 20
2786.4583
 30
2885.4167
 11
5146.4844
 21
2773.4375
 31
2890.625
  0
LINE
  8
0
 10
5146.4844
 20
2773.4375
 30
2890.625
 11
5068.3594
 21
2786.4583
 31
2885.4167
  0
LINE
  8
0
 10
5068.3594
 20
2786.4583
 30
2885.4167
 11
5058.5938
 21
2799.4792
 31
2880.2083
  0
LINE
  8
0
 10
5292.9688
 20
2786.4583
 30
2885.4167
 11
5410.1562
 21
2760.4167
 31
2895.8333
  0
LINE
  8
0
 10
5410.1562
 20
2760.4167
 30
2895.8333
 11
5302.7344
 21
2786.4583
 31
2885.4167
  0
LINE
  8
0
 10
5302.7344
 20
2786.4583
 30
2885.4167
 11
5292.9688
 21
2786.4583
 31
2885.4167
  0
LINE
  8
0
 10
5205.0781
 20
2773.4375
 30
2890.625
 11
5410.1562
 21
2760.4167
 31
2895.8333
  0
LINE
  8
0
 10
5410.1562
 20
2760.4167
 30
2895.8333
 11
5292.9688
 21
2786.4583
 31
2885.4167
  0
LINE
  8
0
 10
5292.9688
 20
2786.4583
 30
2885.4167
 11
5312.5
 21
2747.3958
 31
2901.0417
  0
LINE
  8
0
 10
5312.5
 20
2747.3958
 30
2901.0417
 11
5214.8438
 21
2721.3542
 31
2911.4583
  0
LINE
  8
0
 10
5214.8438
 20
2721.3542
 30
2911.4583
 11
5302.7344
 21
2721.3542
 31
2911.4583
  0
LINE
  8
0
 10
5302.7344
 20
2721.3542
 30
2911.4583
 11
5205.0781
 21
2669.2708
 31
2932.2917
  0
LINE
  8
0
 10
5205.0781
 20
2669.2708
 30
2932.2917
 11
5234.375
 21
2695.3125
 31
2921.875
  0
LINE
  8
0
 10
5234.375
 20
2695.3125
 30
2921.875
 11
5195.3125
 21
2747.3958
 31
2901.0417
  0
LINE
  8
0
 10
5195.3125
 20
2747.3958
 30
2901.0417
 11
5234.375
 21
2760.4167
 31
2895.8333
  0
LINE
  8
0
 10
5234.375
 20
2760.4167
 30
2895.8333
 11
5214.8438
 21
2773.4375
 31
2890.625
  0
LINE
  8
0
 10
5214.8438
 20
2773.4375
 30
2890.625
 11
5205.0781
 21
2773.4375
 31
2890.625
  0
LINE
  8
0
 10
4746.0938
 20
2760.4167
 30
2895.8333
 11
4892.5781
 21
2747.3958
 31
2901.0417
  0
LINE
  8
0
 10
4892.5781
 20
2747.3958
 30
2901.0417
 11
4814.4531
 21
2708.3333
 31
2916.6667
  0
LINE
  8
0
 10
4814.4531
 20
2708.3333
 30
2916.6667
 11
4736.3281
 21
2747.3958
 31
2901.0417
  0
LINE
  8
0
 10
4736.3281
 20
2747.3958
 30
2901.0417
 11
4746.0938
 21
2760.4167
 31
2895.8333
  0
LINE
  8
0
 10
7587.8906
 20
2760.4167
 30
2895.8333
 11
7539.0625
 21
2760.4167
 31
2895.8333
  0
LINE
  8
0
 10
7539.0625
 20
2760.4167
 30
2895.8333
 11
7421.875
 21
2643.2292
 31
2942.7083
  0
LINE
  8
0
 10
7421.875
 20
2643.2292
 30
2942.7083
 11
7460.9375
 21
2617.1875
 31
2953.125
  0
LINE
  8
0
 10
7460.9375
 20
2617.1875
 30
2953.125
 11
7597.6562
 21
2760.4167
 31
2895.8333
  0
LINE
  8
0
 10
7597.6562
 20
2760.4167
 30
2895.8333
 11
7587.8906
 21
2760.4167
 31
2895.8333
  0
LINE
  8
0
 10
4941.4062
 20
2734.375
 30
2906.25
 11
4892.5781
 21
2695.3125
 31
2921.875
  0
LINE
  8
0
 10
4892.5781
 20
2695.3125
 30
2921.875
 11
4941.4062
 21
2721.3542
 31
2911.4583
  0
LINE
  8
0
 10
4941.4062
 20
2721.3542
 30
2911.4583
 11
4941.4062
 21
2734.375
 31
2906.25
  0
LINE
  8
0
 10
8027.3438
 20
2734.375
 30
2906.25
 11
8232.4219
 21
2656.25
 31
2937.5
  0
LINE
  8
0
 10
8232.4219
 20
2656.25
 30
2937.5
 11
8037.1094
 21
2734.375
 31
2906.25
  0
LINE
  8
0
 10
8037.1094
 20
2734.375
 30
2906.25
 11
8027.3438
 21
2734.375
 31
2906.25
  0
LINE
  8
0
 10
7695.3125
 20
2721.3542
 30
2911.4583
 11
7744.1406
 21
2721.3542
 31
2911.4583
  0
LINE
  8
0
 10
7744.1406
 20
2721.3542
 30
2911.4583
 11
7705.0781
 21
2721.3542
 31
2911.4583
  0
LINE
  8
0
 10
7705.0781
 20
2721.3542
 30
2911.4583
 11
7695.3125
 21
2721.3542
 31
2911.4583
  0
LINE
  8
0
 10
4804.6875
 20
2682.2917
 30
2927.0833
 11
4902.3438
 21
2669.2708
 31
2932.2917
  0
LINE
  8
0
 10
4902.3438
 20
2669.2708
 30
2932.2917
 11
4736.3281
 21
2656.25
 31
2937.5
  0
LINE
  8
0
 10
4736.3281
 20
2656.25
 30
2937.5
 11
4804.6875
 21
2669.2708
 31
2932.2917
  0
LINE
  8
0
 10
4804.6875
 20
2669.2708
 30
2932.2917
 11
4804.6875
 21
2682.2917
 31
2927.0833
  0
LINE
  8
0
 10
5380.8594
 20
2682.2917
 30
2927.0833
 11
5439.4531
 21
2695.3125
 31
2921.875
  0
LINE
  8
0
 10
5439.4531
 20
2695.3125
 30
2921.875
 11
5390.625
 21
2682.2917
 31
2927.0833
  0
LINE
  8
0
 10
5390.625
 20
2682.2917
 30
2927.0833
 11
5380.8594
 21
2682.2917
 31
2927.0833
  0
LINE
  8
0
 10
5458.9844
 20
2682.2917
 30
2927.0833
 11
5517.5781
 21
2682.2917
 31
2927.0833
  0
LINE
  8
0
 10
5517.5781
 20
2682.2917
 30
2927.0833
 11
5468.75
 21
2682.2917
 31
2927.0833
  0
LINE
  8
0
 10
5468.75
 20
2682.2917
 30
2927.0833
 11
5458.9844
 21
2682.2917
 31
2927.0833
  0
LINE
  8
0
 10
1972.6562
 20
2669.2708
 30
2932.2917
 11
1972.6562
 21
2304.6875
 31
3078.125
  0
LINE
  8
0
 10
1972.6562
 20
2304.6875
 30
3078.125
 11
1953.125
 21
2395.8333
 31
3041.6667
  0
LINE
  8
0
 10
1953.125
 20
2395.8333
 30
3041.6667
 11
1933.5938
 21
2291.6667
 31
3083.3333
  0
LINE
  8
0
 10
1933.5938
 20
2291.6667
 30
3083.3333
 11
1962.8906
 21
2656.25
 31
2937.5
  0
LINE
  8
0
 10
1962.8906
 20
2656.25
 30
2937.5
 11
1972.6562
 21
2669.2708
 31
2932.2917
  0
LINE
  8
0
 10
5419.9219
 20
2669.2708
 30
2932.2917
 11
5458.9844
 21
2656.25
 31
2937.5
  0
LINE
  8
0
 10
5458.9844
 20
2656.25
 30
2937.5
 11
5390.625
 21
2591.1458
 31
2963.5417
  0
LINE
  8
0
 10
5390.625
 20
2591.1458
 30
2963.5417
 11
5205.0781
 21
2565.1042
 31
2973.9583
  0
LINE
  8
0
 10
5205.0781
 20
2565.1042
 30
2973.9583
 11
5253.9062
 21
2526.0417
 31
2989.5833
  0
LINE
  8
0
 10
5253.9062
 20
2526.0417
 30
2989.5833
 11
5107.4219
 21
2552.0833
 31
2979.1667
  0
LINE
  8
0
 10
5107.4219
 20
2552.0833
 30
2979.1667
 11
5029.2969
 21
2539.0625
 31
2984.375
  0
LINE
  8
0
 10
5029.2969
 20
2539.0625
 30
2984.375
 11
4990.2344
 21
2486.9792
 31
3005.2083
  0
LINE
  8
0
 10
4990.2344
 20
2486.9792
 30
3005.2083
 11
4882.8125
 21
2486.9792
 31
3005.2083
  0
LINE
  8
0
 10
4882.8125
 20
2486.9792
 30
3005.2083
 11
4804.6875
 21
2552.0833
 31
2979.1667
  0
LINE
  8
0
 10
4804.6875
 20
2552.0833
 30
2979.1667
 11
4736.3281
 21
2552.0833
 31
2979.1667
  0
LINE
  8
0
 10
4736.3281
 20
2552.0833
 30
2979.1667
 11
4716.7969
 21
2513.0208
 31
2994.7917
  0
LINE
  8
0
 10
4716.7969
 20
2513.0208
 30
2994.7917
 11
4794.9219
 21
2526.0417
 31
2989.5833
  0
LINE
  8
0
 10
4794.9219
 20
2526.0417
 30
2989.5833
 11
4755.8594
 21
2513.0208
 31
2994.7917
  0
LINE
  8
0
 10
4755.8594
 20
2513.0208
 30
2994.7917
 11
4765.625
 21
2473.9583
 31
3010.4167
  0
LINE
  8
0
 10
4765.625
 20
2473.9583
 30
3010.4167
 11
4736.3281
 21
2447.9167
 31
3020.8333
  0
LINE
  8
0
 10
4736.3281
 20
2447.9167
 30
3020.8333
 11
5019.5312
 21
2434.8958
 31
3026.0417
  0
LINE
  8
0
 10
5019.5312
 20
2434.8958
 30
3026.0417
 11
5214.8438
 21
2473.9583
 31
3010.4167
  0
LINE
  8
0
 10
5214.8438
 20
2473.9583
 30
3010.4167
 11
5146.4844
 21
2500.0
 31
3000.0
  0
LINE
  8
0
 10
5146.4844
 20
2500.0
 30
3000.0
 11
5332.0312
 21
2513.0208
 31
2994.7917
  0
LINE
  8
0
 10
5332.0312
 20
2513.0208
 30
2994.7917
 11
5292.9688
 21
2500.0
 31
3000.0
  0
LINE
  8
0
 10
5292.9688
 20
2500.0
 30
3000.0
 11
5341.7969
 21
2486.9792
 31
3005.2083
  0
LINE
  8
0
 10
5341.7969
 20
2486.9792
 30
3005.2083
 11
5205.0781
 21
2460.9375
 31
3015.625
  0
LINE
  8
0
 10
5205.0781
 20
2460.9375
 30
3015.625
 11
5302.7344
 21
2421.875
 31
3031.25
  0
LINE
  8
0
 10
5302.7344
 20
2421.875
 30
3031.25
 11
5312.5
 21
2382.8125
 31
3046.875
  0
LINE
  8
0
 10
5312.5
 20
2382.8125
 30
3046.875
 11
5478.5156
 21
2369.7917
 31
3052.0833
  0
LINE
  8
0
 10
5478.5156
 20
2369.7917
 30
3052.0833
 11
5488.2812
 21
2408.8542
 31
3036.4583
  0
LINE
  8
0
 10
5488.2812
 20
2408.8542
 30
3036.4583
 11
5449.2188
 21
2421.875
 31
3031.25
  0
LINE
  8
0
 10
5449.2188
 20
2421.875
 30
3031.25
 11
5488.2812
 21
2434.8958
 31
3026.0417
  0
LINE
  8
0
 10
5488.2812
 20
2434.8958
 30
3026.0417
 11
5468.75
 21
2539.0625
 31
2984.375
  0
LINE
  8
0
 10
5468.75
 20
2539.0625
 30
2984.375
 11
5273.4375
 21
2539.0625
 31
2984.375
  0
LINE
  8
0
 10
5273.4375
 20
2539.0625
 30
2984.375
 11
5478.5156
 21
2539.0625
 31
2984.375
  0
LINE
  8
0
 10
5478.5156
 20
2539.0625
 30
2984.375
 11
5429.6875
 21
2578.125
 31
2968.75
  0
LINE
  8
0
 10
5429.6875
 20
2578.125
 30
2968.75
 11
5498.0469
 21
2591.1458
 31
2963.5417
  0
LINE
  8
0
 10
5498.0469
 20
2591.1458
 30
2963.5417
 11
5527.3438
 21
2565.1042
 31
2973.9583
  0
LINE
  8
0
 10
5527.3438
 20
2565.1042
 30
2973.9583
 11
5498.0469
 21
2539.0625
 31
2984.375
  0
LINE
  8
0
 10
5498.0469
 20
2539.0625
 30
2984.375
 11
5527.3438
 21
2500.0
 31
3000.0
  0
LINE
  8
0
 10
5527.3438
 20
2500.0
 30
3000.0
 11
5537.1094
 21
2356.7708
 31
3057.2917
  0
LINE
  8
0
 10
5537.1094
 20
2356.7708
 30
3057.2917
 11
5507.8125
 21
2304.6875
 31
3078.125
  0
LINE
  8
0
 10
5507.8125
 20
2304.6875
 30
3078.125
 11
5537.1094
 21
2200.5208
 31
3119.7917
  0
LINE
  8
0
 10
5537.1094
 20
2200.5208
 30
3119.7917
 11
5527.3438
 21
1848.9583
 31
3260.4167
  0
LINE
  8
0
 10
5527.3438
 20
1848.9583
 30
3260.4167
 11
5498.0469
 21
1953.125
 31
3218.75
  0
LINE
  8
0
 10
5498.0469
 20
1953.125
 30
3218.75
 11
5458.9844
 21
1979.1667
 31
3208.3333
  0
LINE
  8
0
 10
5458.9844
 20
1979.1667
 30
3208.3333
 11
5498.0469
 21
2018.2292
 31
3192.7083
  0
LINE
  8
0
 10
5498.0469
 20
2018.2292
 30
3192.7083
 11
5478.5156
 21
2122.3958
 31
3151.0417
  0
LINE
  8
0
 10
5478.5156
 20
2122.3958
 30
3151.0417
 11
5400.3906
 21
2135.4167
 31
3145.8333
  0
LINE
  8
0
 10
5400.3906
 20
2135.4167
 30
3145.8333
 11
5439.4531
 21
2135.4167
 31
3145.8333
  0
LINE
  8
0
 10
5439.4531
 20
2135.4167
 30
3145.8333
 11
5478.5156
 21
2226.5625
 31
3109.375
  0
LINE
  8
0
 10
5478.5156
 20
2226.5625
 30
3109.375
 11
5478.5156
 21
2369.7917
 31
3052.0833
  0
LINE
  8
0
 10
5478.5156
 20
2369.7917
 30
3052.0833
 11
5224.6094
 21
2382.8125
 31
3046.875
  0
LINE
  8
0
 10
5224.6094
 20
2382.8125
 30
3046.875
 11
5253.9062
 21
2356.7708
 31
3057.2917
  0
LINE
  8
0
 10
5253.9062
 20
2356.7708
 30
3057.2917
 11
5205.0781
 21
2343.75
 31
3062.5
  0
LINE
  8
0
 10
5205.0781
 20
2343.75
 30
3062.5
 11
5253.9062
 21
2317.7083
 31
3072.9167
  0
LINE
  8
0
 10
5253.9062
 20
2317.7083
 30
3072.9167
 11
5156.25
 21
2330.7292
 31
3067.7083
  0
LINE
  8
0
 10
5156.25
 20
2330.7292
 30
3067.7083
 11
5175.7812
 21
2291.6667
 31
3083.3333
  0
LINE
  8
0
 10
5175.7812
 20
2291.6667
 30
3083.3333
 11
5136.7188
 21
2291.6667
 31
3083.3333
  0
LINE
  8
0
 10
5136.7188
 20
2291.6667
 30
3083.3333
 11
5126.9531
 21
2330.7292
 31
3067.7083
  0
LINE
  8
0
 10
5126.9531
 20
2330.7292
 30
3067.7083
 11
5156.25
 21
2343.75
 31
3062.5
  0
LINE
  8
0
 10
5156.25
 20
2343.75
 30
3062.5
 11
5097.6562
 21
2356.7708
 31
3057.2917
  0
LINE
  8
0
 10
5097.6562
 20
2356.7708
 30
3057.2917
 11
5117.1875
 21
2369.7917
 31
3052.0833
  0
LINE
  8
0
 10
5117.1875
 20
2369.7917
 30
3052.0833
 11
5087.8906
 21
2395.8333
 31
3041.6667
  0
LINE
  8
0
 10
5087.8906
 20
2395.8333
 30
3041.6667
 11
4736.3281
 21
2356.7708
 31
3057.2917
  0
LINE
  8
0
 10
4736.3281
 20
2356.7708
 30
3057.2917
 11
4736.3281
 21
2174.4792
 31
3130.2083
  0
LINE
  8
0
 10
4736.3281
 20
2174.4792
 30
3130.2083
 11
4765.625
 21
2161.4583
 31
3135.4167
  0
LINE
  8
0
 10
4765.625
 20
2161.4583
 30
3135.4167
 11
4697.2656
 21
2122.3958
 31
3151.0417
  0
LINE
  8
0
 10
4697.2656
 20
2122.3958
 30
3151.0417
 11
4677.7344
 21
2200.5208
 31
3119.7917
  0
LINE
  8
0
 10
4677.7344
 20
2200.5208
 30
3119.7917
 11
4707.0312
 21
2408.8542
 31
3036.4583
  0
LINE
  8
0
 10
4707.0312
 20
2408.8542
 30
3036.4583
 11
4658.2031
 21
2552.0833
 31
2979.1667
  0
LINE
  8
0
 10
4658.2031
 20
2552.0833
 30
2979.1667
 11
4687.5
 21
2591.1458
 31
2963.5417
  0
LINE
  8
0
 10
4687.5
 20
2591.1458
 30
2963.5417
 11
4921.875
 21
2578.125
 31
2968.75
  0
LINE
  8
0
 10
4921.875
 20
2578.125
 30
2968.75
 11
4980.4688
 21
2643.2292
 31
2942.7083
  0
LINE
  8
0
 10
4980.4688
 20
2643.2292
 30
2942.7083
 11
5058.5938
 21
2656.25
 31
2937.5
  0
LINE
  8
0
 10
5058.5938
 20
2656.25
 30
2937.5
 11
4951.1719
 21
2591.1458
 31
2963.5417
  0
LINE
  8
0
 10
4951.1719
 20
2591.1458
 30
2963.5417
 11
5146.4844
 21
2656.25
 31
2937.5
  0
LINE
  8
0
 10
5146.4844
 20
2656.25
 30
2937.5
 11
5214.8438
 21
2578.125
 31
2968.75
  0
LINE
  8
0
 10
5214.8438
 20
2578.125
 30
2968.75
 11
5273.4375
 21
2591.1458
 31
2963.5417
  0
LINE
  8
0
 10
5273.4375
 20
2591.1458
 30
2963.5417
 11
5273.4375
 21
2656.25
 31
2937.5
  0
LINE
  8
0
 10
5273.4375
 20
2656.25
 30
2937.5
 11
5322.2656
 21
2656.25
 31
2937.5
  0
LINE
  8
0
 10
5322.2656
 20
2656.25
 30
2937.5
 11
5273.4375
 21
2630.2083
 31
2947.9167
  0
LINE
  8
0
 10
5273.4375
 20
2630.2083
 30
2947.9167
 11
5371.0938
 21
2591.1458
 31
2963.5417
  0
LINE
  8
0
 10
5371.0938
 20
2591.1458
 30
2963.5417
 11
5351.5625
 21
2630.2083
 31
2947.9167
  0
LINE
  8
0
 10
5351.5625
 20
2630.2083
 30
2947.9167
 11
5410.1562
 21
2656.25
 31
2937.5
  0
LINE
  8
0
 10
5410.1562
 20
2656.25
 30
2937.5
 11
5419.9219
 21
2669.2708
 31
2932.2917
  0
LINE
  8
0
 10
8251.9531
 20
2643.2292
 30
2942.7083
 11
8505.8594
 21
2539.0625
 31
2984.375
  0
LINE
  8
0
 10
8505.8594
 20
2539.0625
 30
2984.375
 11
8876.9531
 21
2526.0417
 31
2989.5833
  0
LINE
  8
0
 10
8876.9531
 20
2526.0417
 30
2989.5833
 11
8476.5625
 21
2526.0417
 31
2989.5833
  0
LINE
  8
0
 10
8476.5625
 20
2526.0417
 30
2989.5833
 11
8261.7188
 21
2630.2083
 31
2947.9167
  0
LINE
  8
0
 10
8261.7188
 20
2630.2083
 30
2947.9167
 11
8251.9531
 21
2643.2292
 31
2942.7083
  0
LINE
  8
0
 10
9980.4688
 20
2643.2292
 30
2942.7083
 11
9980.4688
 21
2408.8542
 31
3036.4583
  0
LINE
  8
0
 10
9980.4688
 20
2408.8542
 30
3036.4583
 11
9980.4688
 21
2630.2083
 31
2947.9167
  0
LINE
  8
0
 10
9980.4688
 20
2630.2083
 30
2947.9167
 11
9980.4688
 21
2643.2292
 31
2942.7083
  0
LINE
  8
0
 10
4726.5625
 20
2630.2083
 30
2947.9167
 11
4765.625
 21
2630.2083
 31
2947.9167
  0
LINE
  8
0
 10
4765.625
 20
2630.2083
 30
2947.9167
 11
4716.7969
 21
2617.1875
 31
2953.125
  0
LINE
  8
0
 10
4716.7969
 20
2617.1875
 30
2953.125
 11
4726.5625
 21
2630.2083
 31
2947.9167
  0
LINE
  8
0
 10
5136.7188
 20
2617.1875
 30
2953.125
 11
5078.125
 21
2617.1875
 31
2953.125
  0
LINE
  8
0
 10
5078.125
 20
2617.1875
 30
2953.125
 11
5146.4844
 21
2604.1667
 31
2958.3333
  0
LINE
  8
0
 10
5146.4844
 20
2604.1667
 30
2958.3333
 11
5136.7188
 21
2617.1875
 31
2953.125
  0
LINE
  8
0
 10
4843.75
 20
2565.1042
 30
2973.9583
 11
4814.4531
 21
2565.1042
 31
2973.9583
  0
LINE
  8
0
 10
4814.4531
 20
2565.1042
 30
2973.9583
 11
4833.9844
 21
2526.0417
 31
2989.5833
  0
LINE
  8
0
 10
4833.9844
 20
2526.0417
 30
2989.5833
 11
4843.75
 21
2552.0833
 31
2979.1667
  0
LINE
  8
0
 10
4843.75
 20
2552.0833
 30
2979.1667
 11
4843.75
 21
2565.1042
 31
2973.9583
  0
LINE
  8
0
 10
8066.4062
 20
2565.1042
 30
2973.9583
 11
8261.7188
 21
2460.9375
 31
3015.625
  0
LINE
  8
0
 10
8261.7188
 20
2460.9375
 30
3015.625
 11
8222.6562
 21
2317.7083
 31
3072.9167
  0
LINE
  8
0
 10
8222.6562
 20
2317.7083
 30
3072.9167
 11
8144.5312
 21
2200.5208
 31
3119.7917
  0
LINE
  8
0
 10
8144.5312
 20
2200.5208
 30
3119.7917
 11
8085.9375
 21
2200.5208
 31
3119.7917
  0
LINE
  8
0
 10
8085.9375
 20
2200.5208
 30
3119.7917
 11
7910.1562
 21
2317.7083
 31
3072.9167
  0
LINE
  8
0
 10
7910.1562
 20
2317.7083
 30
3072.9167
 11
8056.6406
 21
2552.0833
 31
2979.1667
  0
LINE
  8
0
 10
8056.6406
 20
2552.0833
 30
2979.1667
 11
8066.4062
 21
2565.1042
 31
2973.9583
  0
LINE
  8
0
 10
1015.625
 20
2552.0833
 30
2979.1667
 11
1005.8594
 21
2486.9792
 31
3005.2083
  0
LINE
  8
0
 10
1005.8594
 20
2486.9792
 30
3005.2083
 11
1015.625
 21
2539.0625
 31
2984.375
  0
LINE
  8
0
 10
1015.625
 20
2539.0625
 30
2984.375
 11
1015.625
 21
2552.0833
 31
2979.1667
  0
LINE
  8
0
 10
1796.875
 20
2552.0833
 30
2979.1667
 11
1816.4062
 21
2539.0625
 31
2984.375
  0
LINE
  8
0
 10
1816.4062
 20
2539.0625
 30
2984.375
 11
1738.2812
 21
2539.0625
 31
2984.375
  0
LINE
  8
0
 10
1738.2812
 20
2539.0625
 30
2984.375
 11
1787.1094
 21
2539.0625
 31
2984.375
  0
LINE
  8
0
 10
1787.1094
 20
2539.0625
 30
2984.375
 11
1796.875
 21
2552.0833
 31
2979.1667
  0
LINE
  8
0
 10
7666.0156
 20
2552.0833
 30
2979.1667
 11
7792.9688
 21
2526.0417
 31
2989.5833
  0
LINE
  8
0
 10
7792.9688
 20
2526.0417
 30
2989.5833
 11
7792.9688
 21
2421.875
 31
3031.25
  0
LINE
  8
0
 10
7792.9688
 20
2421.875
 30
3031.25
 11
7763.6719
 21
2473.9583
 31
3010.4167
  0
LINE
  8
0
 10
7763.6719
 20
2473.9583
 30
3010.4167
 11
7646.4844
 21
2473.9583
 31
3010.4167
  0
LINE
  8
0
 10
7646.4844
 20
2473.9583
 30
3010.4167
 11
7617.1875
 21
2526.0417
 31
2989.5833
  0
LINE
  8
0
 10
7617.1875
 20
2526.0417
 30
2989.5833
 11
7656.25
 21
2539.0625
 31
2984.375
  0
LINE
  8
0
 10
7656.25
 20
2539.0625
 30
2984.375
 11
7666.0156
 21
2552.0833
 31
2979.1667
  0
LINE
  8
0
 10
4902.3438
 20
2526.0417
 30
2989.5833
 11
4843.75
 21
2526.0417
 31
2989.5833
  0
LINE
  8
0
 10
4843.75
 20
2526.0417
 30
2989.5833
 11
4941.4062
 21
2513.0208
 31
2994.7917
  0
LINE
  8
0
 10
4941.4062
 20
2513.0208
 30
2994.7917
 11
4912.1094
 21
2526.0417
 31
2989.5833
  0
LINE
  8
0
 10
4912.1094
 20
2526.0417
 30
2989.5833
 11
4902.3438
 21
2526.0417
 31
2989.5833
  0
LINE
  8
0
 10
8095.7031
 20
2513.0208
 30
2994.7917
 11
8076.1719
 21
2526.0417
 31
2989.5833
  0
LINE
  8
0
 10
8076.1719
 20
2526.0417
 30
2989.5833
 11
7939.4531
 21
2330.7292
 31
3067.7083
  0
LINE
  8
0
 10
7939.4531
 20
2330.7292
 30
3067.7083
 11
8115.2344
 21
2213.5417
 31
3114.5833
  0
LINE
  8
0
 10
8115.2344
 20
2213.5417
 30
3114.5833
 11
8232.4219
 21
2447.9167
 31
3020.8333
  0
LINE
  8
0
 10
8232.4219
 20
2447.9167
 30
3020.8333
 11
8105.4688
 21
2513.0208
 31
2994.7917
  0
LINE
  8
0
 10
8105.4688
 20
2513.0208
 30
2994.7917
 11
8095.7031
 21
2513.0208
 31
2994.7917
  0
LINE
  8
0
 10
2441.4062
 20
2500.0
 30
3000.0
 11
2539.0625
 21
2500.0
 31
3000.0
  0
LINE
  8
0
 10
2539.0625
 20
2500.0
 30
3000.0
 11
2568.3594
 21
2460.9375
 31
3015.625
  0
LINE
  8
0
 10
2568.3594
 20
2460.9375
 30
3015.625
 11
2451.1719
 21
2486.9792
 31
3005.2083
  0
LINE
  8
0
 10
2451.1719
 20
2486.9792
 30
3005.2083
 11
2441.4062
 21
2500.0
 31
3000.0
  0
LINE
  8
0
 10
7744.1406
 20
2500.0
 30
3000.0
 11
7656.25
 21
2500.0
 31
3000.0
  0
LINE
  8
0
 10
7656.25
 20
2500.0
 30
3000.0
 11
7744.1406
 21
2486.9792
 31
3005.2083
  0
LINE
  8
0
 10
7744.1406
 20
2486.9792
 30
3005.2083
 11
7744.1406
 21
2500.0
 31
3000.0
  0
LINE
  8
0
 10
2490.2344
 20
2460.9375
 30
3015.625
 11
2451.1719
 21
2447.9167
 31
3020.8333
  0
LINE
  8
0
 10
2451.1719
 20
2447.9167
 30
3020.8333
 11
2480.4688
 21
2447.9167
 31
3020.8333
  0
LINE
  8
0
 10
2480.4688
 20
2447.9167
 30
3020.8333
 11
2490.2344
 21
2460.9375
 31
3015.625
  0
LINE
  8
0
 10
1962.8906
 20
2447.9167
 30
3020.8333
 11
1953.125
 21
2395.8333
 31
3041.6667
  0
LINE
  8
0
 10
1953.125
 20
2395.8333
 30
3041.6667
 11
1962.8906
 21
2434.8958
 31
3026.0417
  0
LINE
  8
0
 10
1962.8906
 20
2434.8958
 30
3026.0417
 11
1962.8906
 21
2447.9167
 31
3020.8333
  0
LINE
  8
0
 10
5126.9531
 20
2434.8958
 30
3026.0417
 11
5078.125
 21
2421.875
 31
3031.25
  0
LINE
  8
0
 10
5078.125
 20
2421.875
 30
3031.25
 11
5136.7188
 21
2421.875
 31
3031.25
  0
LINE
  8
0
 10
5136.7188
 20
2421.875
 30
3031.25
 11
5126.9531
 21
2434.8958
 31
3026.0417
  0
LINE
  8
0
 10
4765.625
 20
2421.875
 30
3031.25
 11
4716.7969
 21
2421.875
 31
3031.25
  0
LINE
  8
0
 10
4716.7969
 20
2421.875
 30
3031.25
 11
4755.8594
 21
2408.8542
 31
3036.4583
  0
LINE
  8
0
 10
4755.8594
 20
2408.8542
 30
3036.4583
 11
4765.625
 21
2421.875
 31
3031.25
  0
LINE
  8
0
 10
5019.5312
 20
2421.875
 30
3031.25
 11
4941.4062
 21
2421.875
 31
3031.25
  0
LINE
  8
0
 10
4941.4062
 20
2421.875
 30
3031.25
 11
5058.5938
 21
2408.8542
 31
3036.4583
  0
LINE
  8
0
 10
5058.5938
 20
2408.8542
 30
3036.4583
 11
5029.2969
 21
2421.875
 31
3031.25
  0
LINE
  8
0
 10
5029.2969
 20
2421.875
 30
3031.25
 11
5019.5312
 21
2421.875
 31
3031.25
  0
LINE
  8
0
 10
8310.5469
 20
2421.875
 30
3031.25
 11
8457.0312
 21
2382.8125
 31
3046.875
  0
LINE
  8
0
 10
8457.0312
 20
2382.8125
 30
3046.875
 11
8447.2656
 21
2226.5625
 31
3109.375
  0
LINE
  8
0
 10
8447.2656
 20
2226.5625
 30
3109.375
 11
8388.6719
 21
2122.3958
 31
3151.0417
  0
LINE
  8
0
 10
8388.6719
 20
2122.3958
 30
3151.0417
 11
8437.5
 21
2070.3125
 31
3171.875
  0
LINE
  8
0
 10
8437.5
 20
2070.3125
 30
3171.875
 11
8398.4375
 21
2109.375
 31
3156.25
  0
LINE
  8
0
 10
8398.4375
 20
2109.375
 30
3156.25
 11
8359.375
 21
2070.3125
 31
3171.875
  0
LINE
  8
0
 10
8359.375
 20
2070.3125
 30
3171.875
 11
8203.125
 21
2122.3958
 31
3151.0417
  0
LINE
  8
0
 10
8203.125
 20
2122.3958
 30
3151.0417
 11
8193.3594
 21
2174.4792
 31
3130.2083
  0
LINE
  8
0
 10
8193.3594
 20
2174.4792
 30
3130.2083
 11
8300.7812
 21
2408.8542
 31
3036.4583
  0
LINE
  8
0
 10
8300.7812
 20
2408.8542
 30
3036.4583
 11
8310.5469
 21
2421.875
 31
3031.25
  0
LINE
  8
0
 10
5351.5625
 20
2408.8542
 30
3036.4583
 11
5419.9219
 21
2408.8542
 31
3036.4583
  0
LINE
  8
0
 10
5419.9219
 20
2408.8542
 30
3036.4583
 11
5361.3281
 21
2408.8542
 31
3036.4583
  0
LINE
  8
0
 10
5361.3281
 20
2408.8542
 30
3036.4583
 11
5351.5625
 21
2408.8542
 31
3036.4583
  0
LINE
  8
0
 10
7675.7812
 20
2408.8542
 30
3036.4583
 11
7792.9688
 21
2395.8333
 31
3041.6667
  0
LINE
  8
0
 10
7792.9688
 20
2395.8333
 30
3041.6667
 11
7792.9688
 21
2356.7708
 31
3057.2917
  0
LINE
  8
0
 10
7792.9688
 20
2356.7708
 30
3057.2917
 11
7705.0781
 21
2343.75
 31
3062.5
  0
LINE
  8
0
 10
7705.0781
 20
2343.75
 30
3062.5
 11
7783.2031
 21
2330.7292
 31
3067.7083
  0
LINE
  8
0
 10
7783.2031
 20
2330.7292
 30
3067.7083
 11
7832.0312
 21
2070.3125
 31
3171.875
  0
LINE
  8
0
 10
7832.0312
 20
2070.3125
 30
3171.875
 11
7812.5
 21
1757.8125
 31
3296.875
  0
LINE
  8
0
 10
7812.5
 20
1757.8125
 30
3296.875
 11
7783.2031
 21
1744.7917
 31
3302.0833
  0
LINE
  8
0
 10
7783.2031
 20
1744.7917
 30
3302.0833
 11
7626.9531
 21
1757.8125
 31
3296.875
  0
LINE
  8
0
 10
7626.9531
 20
1757.8125
 30
3296.875
 11
7685.5469
 21
1783.8542
 31
3286.4583
  0
LINE
  8
0
 10
7685.5469
 20
1783.8542
 30
3286.4583
 11
7656.25
 21
1848.9583
 31
3260.4167
  0
LINE
  8
0
 10
7656.25
 20
1848.9583
 30
3260.4167
 11
7666.0156
 21
1966.1458
 31
3213.5417
  0
LINE
  8
0
 10
7666.0156
 20
1966.1458
 30
3213.5417
 11
7724.6094
 21
2005.2083
 31
3197.9167
  0
LINE
  8
0
 10
7724.6094
 20
2005.2083
 30
3197.9167
 11
7705.0781
 21
2044.2708
 31
3182.2917
  0
LINE
  8
0
 10
7705.0781
 20
2044.2708
 30
3182.2917
 11
7666.0156
 21
2005.2083
 31
3197.9167
  0
LINE
  8
0
 10
7666.0156
 20
2005.2083
 30
3197.9167
 11
7666.0156
 21
2265.625
 31
3093.75
  0
LINE
  8
0
 10
7666.0156
 20
2265.625
 30
3093.75
 11
7626.9531
 21
2317.7083
 31
3072.9167
  0
LINE
  8
0
 10
7626.9531
 20
2317.7083
 30
3072.9167
 11
7597.6562
 21
2291.6667
 31
3083.3333
  0
LINE
  8
0
 10
7597.6562
 20
2291.6667
 30
3083.3333
 11
7626.9531
 21
1822.9167
 31
3270.8333
  0
LINE
  8
0
 10
7626.9531
 20
1822.9167
 30
3270.8333
 11
7587.8906
 21
1861.9792
 31
3255.2083
  0
LINE
  8
0
 10
7587.8906
 20
1861.9792
 30
3255.2083
 11
7568.3594
 21
2304.6875
 31
3078.125
  0
LINE
  8
0
 10
7568.3594
 20
2304.6875
 30
3078.125
 11
7656.25
 21
2317.7083
 31
3072.9167
  0
LINE
  8
0
 10
7656.25
 20
2317.7083
 30
3072.9167
 11
7666.0156
 21
2395.8333
 31
3041.6667
  0
LINE
  8
0
 10
7666.0156
 20
2395.8333
 30
3041.6667
 11
7675.7812
 21
2408.8542
 31
3036.4583
  0
LINE
  8
0
 10
8369.1406
 20
2382.8125
 30
3046.875
 11
8320.3125
 21
2382.8125
 31
3046.875
  0
LINE
  8
0
 10
8320.3125
 20
2382.8125
 30
3046.875
 11
8232.4219
 21
2161.4583
 31
3135.4167
  0
LINE
  8
0
 10
8232.4219
 20
2161.4583
 30
3135.4167
 11
8330.0781
 21
2096.3542
 31
3161.4583
  0
LINE
  8
0
 10
8330.0781
 20
2096.3542
 30
3161.4583
 11
8359.375
 21
2109.375
 31
3156.25
  0
LINE
  8
0
 10
8359.375
 20
2109.375
 30
3156.25
 11
8437.5
 21
2343.75
 31
3062.5
  0
LINE
  8
0
 10
8437.5
 20
2343.75
 30
3062.5
 11
8378.9062
 21
2382.8125
 31
3046.875
  0
LINE
  8
0
 10
8378.9062
 20
2382.8125
 30
3046.875
 11
8369.1406
 21
2382.8125
 31
3046.875
  0
LINE
  8
0
 10
2539.0625
 20
2369.7917
 30
3052.0833
 11
2578.125
 21
2291.6667
 31
3083.3333
  0
LINE
  8
0
 10
2578.125
 20
2291.6667
 30
3083.3333
 11
2578.125
 21
1640.625
 31
3343.75
  0
LINE
  8
0
 10
2578.125
 20
1640.625
 30
3343.75
 11
2382.8125
 21
1627.6042
 31
3348.9583
  0
LINE
  8
0
 10
2382.8125
 20
1627.6042
 30
3348.9583
 11
2353.5156
 21
2018.2292
 31
3192.7083
  0
LINE
  8
0
 10
2353.5156
 20
2018.2292
 30
3192.7083
 11
2392.5781
 21
2317.7083
 31
3072.9167
  0
LINE
  8
0
 10
2392.5781
 20
2317.7083
 30
3072.9167
 11
2529.2969
 21
2356.7708
 31
3057.2917
  0
LINE
  8
0
 10
2529.2969
 20
2356.7708
 30
3057.2917
 11
2539.0625
 21
2369.7917
 31
3052.0833
  0
LINE
  8
0
 10
4873.0469
 20
2343.75
 30
3062.5
 11
4931.6406
 21
2343.75
 31
3062.5
  0
LINE
  8
0
 10
4931.6406
 20
2343.75
 30
3062.5
 11
4882.8125
 21
2343.75
 31
3062.5
  0
LINE
  8
0
 10
4882.8125
 20
2343.75
 30
3062.5
 11
4873.0469
 21
2343.75
 31
3062.5
  0
LINE
  8
0
 10
917.9688
 20
2330.7292
 30
3067.7083
 11
957.0312
 21
2317.7083
 31
3072.9167
  0
LINE
  8
0
 10
957.0312
 20
2317.7083
 30
3072.9167
 11
898.4375
 21
2239.5833
 31
3104.1667
  0
LINE
  8
0
 10
898.4375
 20
2239.5833
 30
3104.1667
 11
839.8438
 21
2278.6458
 31
3088.5417
  0
LINE
  8
0
 10
839.8438
 20
2278.6458
 30
3088.5417
 11
830.0781
 21
2226.5625
 31
3109.375
  0
LINE
  8
0
 10
830.0781
 20
2226.5625
 30
3109.375
 11
722.6562
 21
2161.4583
 31
3135.4167
  0
LINE
  8
0
 10
722.6562
 20
2161.4583
 30
3135.4167
 11
234.375
 21
1979.1667
 31
3208.3333
  0
LINE
  8
0
 10
234.375
 20
1979.1667
 30
3208.3333
 11
263.6719
 21
2083.3333
 31
3166.6667
  0
LINE
  8
0
 10
263.6719
 20
2083.3333
 30
3166.6667
 11
908.2031
 21
2317.7083
 31
3072.9167
  0
LINE
  8
0
 10
908.2031
 20
2317.7083
 30
3072.9167
 11
917.9688
 21
2330.7292
 31
3067.7083
  0
LINE
  8
0
 10
2529.2969
 20
2330.7292
 30
3067.7083
 11
2460.9375
 21
2304.6875
 31
3078.125
  0
LINE
  8
0
 10
2460.9375
 20
2304.6875
 30
3078.125
 11
2539.0625
 21
2317.7083
 31
3072.9167
  0
LINE
  8
0
 10
2539.0625
 20
2317.7083
 30
3072.9167
 11
2529.2969
 21
2330.7292
 31
3067.7083
  0
LINE
  8
0
 10
5058.5938
 20
2317.7083
 30
3072.9167
 11
5097.6562
 21
2278.6458
 31
3088.5417
  0
LINE
  8
0
 10
5097.6562
 20
2278.6458
 30
3088.5417
 11
4902.3438
 21
2278.6458
 31
3088.5417
  0
LINE
  8
0
 10
4902.3438
 20
2278.6458
 30
3088.5417
 11
5068.3594
 21
2304.6875
 31
3078.125
  0
LINE
  8
0
 10
5068.3594
 20
2304.6875
 30
3078.125
 11
5058.5938
 21
2317.7083
 31
3072.9167
  0
LINE
  8
0
 10
7734.375
 20
2304.6875
 30
3078.125
 11
7685.5469
 21
2317.7083
 31
3072.9167
  0
LINE
  8
0
 10
7685.5469
 20
2317.7083
 30
3072.9167
 11
7666.0156
 21
2239.5833
 31
3104.1667
  0
LINE
  8
0
 10
7666.0156
 20
2239.5833
 30
3104.1667
 11
7724.6094
 21
2226.5625
 31
3109.375
  0
LINE
  8
0
 10
7724.6094
 20
2226.5625
 30
3109.375
 11
7753.9062
 21
2265.625
 31
3093.75
  0
LINE
  8
0
 10
7753.9062
 20
2265.625
 30
3093.75
 11
7724.6094
 21
2291.6667
 31
3083.3333
  0
LINE
  8
0
 10
7724.6094
 20
2291.6667
 30
3083.3333
 11
7734.375
 21
2304.6875
 31
3078.125
  0
LINE
  8
0
 10
5126.9531
 20
2265.625
 30
3093.75
 11
5136.7188
 21
2213.5417
 31
3114.5833
  0
LINE
  8
0
 10
5136.7188
 20
2213.5417
 30
3114.5833
 11
5126.9531
 21
2252.6042
 31
3098.9583
  0
LINE
  8
0
 10
5126.9531
 20
2252.6042
 30
3098.9583
 11
5126.9531
 21
2265.625
 31
3093.75
  0
LINE
  8
0
 10
2529.2969
 20
2252.6042
 30
3098.9583
 11
2490.2344
 21
2265.625
 31
3093.75
  0
LINE
  8
0
 10
2490.2344
 20
2265.625
 30
3093.75
 11
2460.9375
 21
2213.5417
 31
3114.5833
  0
LINE
  8
0
 10
2460.9375
 20
2213.5417
 30
3114.5833
 11
2509.7656
 21
2174.4792
 31
3130.2083
  0
LINE
  8
0
 10
2509.7656
 20
2174.4792
 30
3130.2083
 11
2519.5312
 21
2239.5833
 31
3104.1667
  0
LINE
  8
0
 10
2519.5312
 20
2239.5833
 30
3104.1667
 11
2529.2969
 21
2252.6042
 31
3098.9583
  0
LINE
  8
0
 10
4902.3438
 20
2252.6042
 30
3098.9583
 11
5058.5938
 21
2252.6042
 31
3098.9583
  0
LINE
  8
0
 10
5058.5938
 20
2252.6042
 30
3098.9583
 11
4912.1094
 21
2252.6042
 31
3098.9583
  0
LINE
  8
0
 10
4912.1094
 20
2252.6042
 30
3098.9583
 11
4902.3438
 21
2252.6042
 31
3098.9583
  0
LINE
  8
0
 10
5410.1562
 20
2252.6042
 30
3098.9583
 11
5458.9844
 21
2239.5833
 31
3104.1667
  0
LINE
  8
0
 10
5458.9844
 20
2239.5833
 30
3104.1667
 11
5400.3906
 21
2239.5833
 31
3104.1667
  0
LINE
  8
0
 10
5400.3906
 20
2239.5833
 30
3104.1667
 11
5410.1562
 21
2252.6042
 31
3098.9583
  0
LINE
  8
0
 10
5449.2188
 20
2239.5833
 30
3104.1667
 11
5400.3906
 21
2239.5833
 31
3104.1667
  0
LINE
  8
0
 10
5400.3906
 20
2239.5833
 30
3104.1667
 11
5439.4531
 21
2226.5625
 31
3109.375
  0
LINE
  8
0
 10
5439.4531
 20
2226.5625
 30
3109.375
 11
5449.2188
 21
2239.5833
 31
3104.1667
  0
LINE
  8
0
 10
5068.3594
 20
2226.5625
 30
3109.375
 11
5107.4219
 21
2226.5625
 31
3109.375
  0
LINE
  8
0
 10
5107.4219
 20
2226.5625
 30
3109.375
 11
5058.5938
 21
2213.5417
 31
3114.5833
  0
LINE
  8
0
 10
5058.5938
 20
2213.5417
 30
3114.5833
 11
5068.3594
 21
2226.5625
 31
3109.375
  0
LINE
  8
0
 10
7744.1406
 20
2213.5417
 30
3114.5833
 11
7675.7812
 21
2200.5208
 31
3119.7917
  0
LINE
  8
0
 10
7675.7812
 20
2200.5208
 30
3119.7917
 11
7705.0781
 21
2044.2708
 31
3182.2917
  0
LINE
  8
0
 10
7705.0781
 20
2044.2708
 30
3182.2917
 11
7763.6719
 21
2070.3125
 31
3171.875
  0
LINE
  8
0
 10
7763.6719
 20
2070.3125
 30
3171.875
 11
7744.1406
 21
2200.5208
 31
3119.7917
  0
LINE
  8
0
 10
7744.1406
 20
2200.5208
 30
3119.7917
 11
7744.1406
 21
2213.5417
 31
3114.5833
  0
LINE
  8
0
 10
2509.7656
 20
2161.4583
 30
3135.4167
 11
2480.4688
 21
2174.4792
 31
3130.2083
  0
LINE
  8
0
 10
2480.4688
 20
2174.4792
 30
3130.2083
 11
2451.1719
 21
2122.3958
 31
3151.0417
  0
LINE
  8
0
 10
2451.1719
 20
2122.3958
 30
3151.0417
 11
2490.2344
 21
1940.1042
 31
3223.9583
  0
LINE
  8
0
 10
2490.2344
 20
1940.1042
 30
3223.9583
 11
2460.9375
 21
1888.0208
 31
3244.7917
  0
LINE
  8
0
 10
2460.9375
 20
1888.0208
 30
3244.7917
 11
2470.7031
 21
1653.6458
 31
3338.5417
  0
LINE
  8
0
 10
2470.7031
 20
1653.6458
 30
3338.5417
 11
2519.5312
 21
1679.6875
 31
3328.125
  0
LINE
  8
0
 10
2519.5312
 20
1679.6875
 30
3328.125
 11
2490.2344
 21
1744.7917
 31
3302.0833
  0
LINE
  8
0
 10
2490.2344
 20
1744.7917
 30
3302.0833
 11
2539.0625
 21
1822.9167
 31
3270.8333
  0
LINE
  8
0
 10
2539.0625
 20
1822.9167
 30
3270.8333
 11
2500.0
 21
1875.0
 31
3250.0
  0
LINE
  8
0
 10
2500.0
 20
1875.0
 30
3250.0
 11
2548.8281
 21
1888.0208
 31
3244.7917
  0
LINE
  8
0
 10
2548.8281
 20
1888.0208
 30
3244.7917
 11
2500.0
 21
1966.1458
 31
3213.5417
  0
LINE
  8
0
 10
2500.0
 20
1966.1458
 30
3213.5417
 11
2529.2969
 21
1979.1667
 31
3208.3333
  0
LINE
  8
0
 10
2529.2969
 20
1979.1667
 30
3208.3333
 11
2500.0
 21
2031.25
 31
3187.5
  0
LINE
  8
0
 10
2500.0
 20
2031.25
 30
3187.5
 11
2509.7656
 21
2148.4375
 31
3140.625
  0
LINE
  8
0
 10
2509.7656
 20
2148.4375
 30
3140.625
 11
2509.7656
 21
2161.4583
 31
3135.4167
  0
LINE
  8
0
 10
5517.5781
 20
2161.4583
 30
3135.4167
 11
5449.2188
 21
2161.4583
 31
3135.4167
  0
LINE
  8
0
 10
5449.2188
 20
2161.4583
 30
3135.4167
 11
5507.8125
 21
2148.4375
 31
3140.625
  0
LINE
  8
0
 10
5507.8125
 20
2148.4375
 30
3140.625
 11
5517.5781
 21
2161.4583
 31
3135.4167
  0
LINE
  8
0
 10
5253.9062
 20
2135.4167
 30
3145.8333
 11
5312.5
 21
2135.4167
 31
3145.8333
  0
LINE
  8
0
 10
5312.5
 20
2135.4167
 30
3145.8333
 11
5263.6719
 21
2135.4167
 31
3145.8333
  0
LINE
  8
0
 10
5263.6719
 20
2135.4167
 30
3145.8333
 11
5253.9062
 21
2135.4167
 31
3145.8333
  0
LINE
  8
0
 10
5332.0312
 20
2135.4167
 30
3145.8333
 11
5380.8594
 21
2135.4167
 31
3145.8333
  0
LINE
  8
0
 10
5380.8594
 20
2135.4167
 30
3145.8333
 11
5341.7969
 21
2135.4167
 31
3145.8333
  0
LINE
  8
0
 10
5341.7969
 20
2135.4167
 30
3145.8333
 11
5332.0312
 21
2135.4167
 31
3145.8333
  0
LINE
  8
0
 10
5146.4844
 20
2122.3958
 30
3151.0417
 11
5185.5469
 21
2083.3333
 31
3166.6667
  0
LINE
  8
0
 10
5185.5469
 20
2083.3333
 30
3166.6667
 11
5136.7188
 21
2109.375
 31
3156.25
  0
LINE
  8
0
 10
5136.7188
 20
2109.375
 30
3156.25
 11
5146.4844
 21
2122.3958
 31
3151.0417
  0
LINE
  8
0
 10
1611.3281
 20
2109.375
 30
3156.25
 11
1640.625
 21
2096.3542
 31
3161.4583
  0
LINE
  8
0
 10
1640.625
 20
2096.3542
 30
3161.4583
 11
1640.625
 21
2031.25
 31
3187.5
  0
LINE
  8
0
 10
1640.625
 20
2031.25
 30
3187.5
 11
1591.7969
 21
1992.1875
 31
3203.125
  0
LINE
  8
0
 10
1591.7969
 20
1992.1875
 30
3203.125
 11
1601.5625
 21
1966.1458
 31
3213.5417
  0
LINE
  8
0
 10
1601.5625
 20
1966.1458
 30
3213.5417
 11
1708.9844
 21
1979.1667
 31
3208.3333
  0
LINE
  8
0
 10
1708.9844
 20
1979.1667
 30
3208.3333
 11
1748.0469
 21
1940.1042
 31
3223.9583
  0
LINE
  8
0
 10
1748.0469
 20
1940.1042
 30
3223.9583
 11
1708.9844
 21
1875.0
 31
3250.0
  0
LINE
  8
0
 10
1708.9844
 20
1875.0
 30
3250.0
 11
1923.8281
 21
1966.1458
 31
3213.5417
  0
LINE
  8
0
 10
1923.8281
 20
1966.1458
 30
3213.5417
 11
1953.125
 21
1940.1042
 31
3223.9583
  0
LINE
  8
0
 10
1953.125
 20
1940.1042
 30
3223.9583
 11
1943.3594
 21
1835.9375
 31
3265.625
  0
LINE
  8
0
 10
1943.3594
 20
1835.9375
 30
3265.625
 11
1982.4219
 21
1770.8333
 31
3291.6667
  0
LINE
  8
0
 10
1982.4219
 20
1770.8333
 30
3291.6667
 11
1943.3594
 21
1744.7917
 31
3302.0833
  0
LINE
  8
0
 10
1943.3594
 20
1744.7917
 30
3302.0833
 11
1962.8906
 21
1601.5625
 31
3359.375
  0
LINE
  8
0
 10
1962.8906
 20
1601.5625
 30
3359.375
 11
1933.5938
 21
1328.125
 31
3468.75
  0
LINE
  8
0
 10
1933.5938
 20
1328.125
 30
3468.75
 11
1875.0
 21
1289.0625
 31
3484.375
  0
LINE
  8
0
 10
1875.0
 20
1289.0625
 30
3484.375
 11
1894.5312
 21
1223.9583
 31
3510.4167
  0
LINE
  8
0
 10
1894.5312
 20
1223.9583
 30
3510.4167
 11
1953.125
 21
1315.1042
 31
3473.9583
  0
LINE
  8
0
 10
1953.125
 20
1315.1042
 30
3473.9583
 11
1943.3594
 21
1236.9792
 31
3505.2083
  0
LINE
  8
0
 10
1943.3594
 20
1236.9792
 30
3505.2083
 11
1904.2969
 21
1197.9167
 31
3520.8333
  0
LINE
  8
0
 10
1904.2969
 20
1197.9167
 30
3520.8333
 11
1933.5938
 21
1171.875
 31
3531.25
  0
LINE
  8
0
 10
1933.5938
 20
1171.875
 30
3531.25
 11
1884.7656
 21
1132.8125
 31
3546.875
  0
LINE
  8
0
 10
1884.7656
 20
1132.8125
 30
3546.875
 11
1718.75
 21
1145.8333
 31
3541.6667
  0
LINE
  8
0
 10
1718.75
 20
1145.8333
 30
3541.6667
 11
1699.2188
 21
1041.6667
 31
3583.3333
  0
LINE
  8
0
 10
1699.2188
 20
1041.6667
 30
3583.3333
 11
1660.1562
 21
1015.625
 31
3593.75
  0
LINE
  8
0
 10
1660.1562
 20
1015.625
 30
3593.75
 11
1708.9844
 21
1015.625
 31
3593.75
  0
LINE
  8
0
 10
1708.9844
 20
1015.625
 30
3593.75
 11
1669.9219
 21
794.2708
 31
3682.2917
  0
LINE
  8
0
 10
1669.9219
 20
794.2708
 30
3682.2917
 11
1748.0469
 21
820.3125
 31
3671.875
  0
LINE
  8
0
 10
1748.0469
 20
820.3125
 30
3671.875
 11
1777.3438
 21
859.375
 31
3656.25
  0
LINE
  8
0
 10
1777.3438
 20
859.375
 30
3656.25
 11
1748.0469
 21
872.3958
 31
3651.0417
  0
LINE
  8
0
 10
1748.0469
 20
872.3958
 30
3651.0417
 11
1855.4688
 21
872.3958
 31
3651.0417
  0
LINE
  8
0
 10
1855.4688
 20
872.3958
 30
3651.0417
 11
1738.2812
 21
807.2917
 31
3677.0833
  0
LINE
  8
0
 10
1738.2812
 20
807.2917
 30
3677.0833
 11
1855.4688
 21
781.25
 31
3687.5
  0
LINE
  8
0
 10
1855.4688
 20
781.25
 30
3687.5
 11
1708.9844
 21
807.2917
 31
3677.0833
  0
LINE
  8
0
 10
1708.9844
 20
807.2917
 30
3677.0833
 11
1660.1562
 21
742.1875
 31
3703.125
  0
LINE
  8
0
 10
1660.1562
 20
742.1875
 30
3703.125
 11
1689.4531
 21
768.2292
 31
3692.7083
  0
LINE
  8
0
 10
1689.4531
 20
768.2292
 30
3692.7083
 11
1621.0938
 21
768.2292
 31
3692.7083
  0
LINE
  8
0
 10
1621.0938
 20
768.2292
 30
3692.7083
 11
1650.3906
 21
781.25
 31
3687.5
  0
LINE
  8
0
 10
1650.3906
 20
781.25
 30
3687.5
 11
1621.0938
 21
807.2917
 31
3677.0833
  0
LINE
  8
0
 10
1621.0938
 20
807.2917
 30
3677.0833
 11
1562.5
 21
768.2292
 31
3692.7083
  0
LINE
  8
0
 10
1562.5
 20
768.2292
 30
3692.7083
 11
1601.5625
 21
703.125
 31
3718.75
  0
LINE
  8
0
 10
1601.5625
 20
703.125
 30
3718.75
 11
1562.5
 21
703.125
 31
3718.75
  0
LINE
  8
0
 10
1562.5
 20
703.125
 30
3718.75
 11
1572.2656
 21
755.2083
 31
3697.9167
  0
LINE
  8
0
 10
1572.2656
 20
755.2083
 30
3697.9167
 11
1523.4375
 21
768.2292
 31
3692.7083
  0
LINE
  8
0
 10
1523.4375
 20
768.2292
 30
3692.7083
 11
1533.2031
 21
820.3125
 31
3671.875
  0
LINE
  8
0
 10
1533.2031
 20
820.3125
 30
3671.875
 11
1494.1406
 21
833.3333
 31
3666.6667
  0
LINE
  8
0
 10
1494.1406
 20
833.3333
 30
3666.6667
 11
1494.1406
 21
872.3958
 31
3651.0417
  0
LINE
  8
0
 10
1494.1406
 20
872.3958
 30
3651.0417
 11
1533.2031
 21
885.4167
 31
3645.8333
  0
LINE
  8
0
 10
1533.2031
 20
885.4167
 30
3645.8333
 11
1503.9062
 21
1002.6042
 31
3598.9583
  0
LINE
  8
0
 10
1503.9062
 20
1002.6042
 30
3598.9583
 11
1542.9688
 21
1028.6458
 31
3588.5417
  0
LINE
  8
0
 10
1542.9688
 20
1028.6458
 30
3588.5417
 11
1474.6094
 21
1041.6667
 31
3583.3333
  0
LINE
  8
0
 10
1474.6094
 20
1041.6667
 30
3583.3333
 11
1552.7344
 21
1067.7083
 31
3572.9167
  0
LINE
  8
0
 10
1552.7344
 20
1067.7083
 30
3572.9167
 11
1494.1406
 21
1171.875
 31
3531.25
  0
LINE
  8
0
 10
1494.1406
 20
1171.875
 30
3531.25
 11
1523.4375
 21
1289.0625
 31
3484.375
  0
LINE
  8
0
 10
1523.4375
 20
1289.0625
 30
3484.375
 11
1533.2031
 21
1744.7917
 31
3302.0833
  0
LINE
  8
0
 10
1533.2031
 20
1744.7917
 30
3302.0833
 11
1611.3281
 21
1888.0208
 31
3244.7917
  0
LINE
  8
0
 10
1611.3281
 20
1888.0208
 30
3244.7917
 11
1533.2031
 21
1953.125
 31
3218.75
  0
LINE
  8
0
 10
1533.2031
 20
1953.125
 30
3218.75
 11
1611.3281
 21
2057.2917
 31
3177.0833
  0
LINE
  8
0
 10
1611.3281
 20
2057.2917
 30
3177.0833
 11
1601.5625
 21
2096.3542
 31
3161.4583
  0
LINE
  8
0
 10
1601.5625
 20
2096.3542
 30
3161.4583
 11
1611.3281
 21
2109.375
 31
3156.25
  0
LINE
  8
0
 10
1728.5156
 20
2109.375
 30
3156.25
 11
1923.8281
 21
2096.3542
 31
3161.4583
  0
LINE
  8
0
 10
1923.8281
 20
2096.3542
 30
3161.4583
 11
1738.2812
 21
2109.375
 31
3156.25
  0
LINE
  8
0
 10
1738.2812
 20
2109.375
 30
3156.25
 11
1728.5156
 21
2109.375
 31
3156.25
  0
LINE
  8
0
 10
4687.5
 20
2096.3542
 30
3161.4583
 11
4726.5625
 21
1953.125
 31
3218.75
  0
LINE
  8
0
 10
4726.5625
 20
1953.125
 30
3218.75
 11
4853.5156
 21
1966.1458
 31
3213.5417
  0
LINE
  8
0
 10
4853.5156
 20
1966.1458
 30
3213.5417
 11
4804.6875
 21
1940.1042
 31
3223.9583
  0
LINE
  8
0
 10
4804.6875
 20
1940.1042
 30
3223.9583
 11
4863.2812
 21
1914.0625
 31
3234.375
  0
LINE
  8
0
 10
4863.2812
 20
1914.0625
 30
3234.375
 11
4707.0312
 21
1914.0625
 31
3234.375
  0
LINE
  8
0
 10
4707.0312
 20
1914.0625
 30
3234.375
 11
4677.7344
 21
2083.3333
 31
3166.6667
  0
LINE
  8
0
 10
4677.7344
 20
2083.3333
 30
3166.6667
 11
4687.5
 21
2096.3542
 31
3161.4583
  0
LINE
  8
0
 10
8203.125
 20
2083.3333
 30
3166.6667
 11
8339.8438
 21
2031.25
 31
3187.5
  0
LINE
  8
0
 10
8339.8438
 20
2031.25
 30
3187.5
 11
8427.7344
 21
2044.2708
 31
3182.2917
  0
LINE
  8
0
 10
8427.7344
 20
2044.2708
 30
3182.2917
 11
8476.5625
 21
1927.0833
 31
3229.1667
  0
LINE
  8
0
 10
8476.5625
 20
1927.0833
 30
3229.1667
 11
8427.7344
 21
1914.0625
 31
3234.375
  0
LINE
  8
0
 10
8427.7344
 20
1914.0625
 30
3234.375
 11
8447.2656
 21
1848.9583
 31
3260.4167
  0
LINE
  8
0
 10
8447.2656
 20
1848.9583
 30
3260.4167
 11
8535.1562
 21
1861.9792
 31
3255.2083
  0
LINE
  8
0
 10
8535.1562
 20
1861.9792
 30
3255.2083
 11
8515.625
 21
1992.1875
 31
3203.125
  0
LINE
  8
0
 10
8515.625
 20
1992.1875
 30
3203.125
 11
8457.0312
 21
2031.25
 31
3187.5
  0
LINE
  8
0
 10
8457.0312
 20
2031.25
 30
3187.5
 11
8544.9219
 21
2018.2292
 31
3192.7083
  0
LINE
  8
0
 10
8544.9219
 20
2018.2292
 30
3192.7083
 11
8544.9219
 21
1861.9792
 31
3255.2083
  0
LINE
  8
0
 10
8544.9219
 20
1861.9792
 30
3255.2083
 11
8583.9844
 21
1783.8542
 31
3286.4583
  0
LINE
  8
0
 10
8583.9844
 20
1783.8542
 30
3286.4583
 11
8564.4531
 21
1731.7708
 31
3307.2917
  0
LINE
  8
0
 10
8564.4531
 20
1731.7708
 30
3307.2917
 11
8603.5156
 21
1653.6458
 31
3338.5417
  0
LINE
  8
0
 10
8603.5156
 20
1653.6458
 30
3338.5417
 11
8613.2812
 21
1471.3542
 31
3411.4583
  0
LINE
  8
0
 10
8613.2812
 20
1471.3542
 30
3411.4583
 11
8652.3438
 21
1432.2917
 31
3427.0833
  0
LINE
  8
0
 10
8652.3438
 20
1432.2917
 30
3427.0833
 11
8613.2812
 21
1419.2708
 31
3432.2917
  0
LINE
  8
0
 10
8613.2812
 20
1419.2708
 30
3432.2917
 11
8613.2812
 21
859.375
 31
3656.25
  0
LINE
  8
0
 10
8613.2812
 20
859.375
 30
3656.25
 11
8496.0938
 21
872.3958
 31
3651.0417
  0
LINE
  8
0
 10
8496.0938
 20
872.3958
 30
3651.0417
 11
8583.9844
 21
872.3958
 31
3651.0417
  0
LINE
  8
0
 10
8583.9844
 20
872.3958
 30
3651.0417
 11
8613.2812
 21
924.4792
 31
3630.2083
  0
LINE
  8
0
 10
8613.2812
 20
924.4792
 30
3630.2083
 11
8583.9844
 21
963.5417
 31
3614.5833
  0
LINE
  8
0
 10
8583.9844
 20
963.5417
 30
3614.5833
 11
8417.9688
 21
963.5417
 31
3614.5833
  0
LINE
  8
0
 10
8417.9688
 20
963.5417
 30
3614.5833
 11
8300.7812
 21
1028.6458
 31
3588.5417
  0
LINE
  8
0
 10
8300.7812
 20
1028.6458
 30
3588.5417
 11
8300.7812
 21
1067.7083
 31
3572.9167
  0
LINE
  8
0
 10
8300.7812
 20
1067.7083
 30
3572.9167
 11
8339.8438
 21
1054.6875
 31
3578.125
  0
LINE
  8
0
 10
8339.8438
 20
1054.6875
 30
3578.125
 11
8261.7188
 21
1145.8333
 31
3541.6667
  0
LINE
  8
0
 10
8261.7188
 20
1145.8333
 30
3541.6667
 11
8271.4844
 21
1315.1042
 31
3473.9583
  0
LINE
  8
0
 10
8271.4844
 20
1315.1042
 30
3473.9583
 11
8242.1875
 21
1406.25
 31
3437.5
  0
LINE
  8
0
 10
8242.1875
 20
1406.25
 30
3437.5
 11
8271.4844
 21
1458.3333
 31
3416.6667
  0
LINE
  8
0
 10
8271.4844
 20
1458.3333
 30
3416.6667
 11
8251.9531
 21
1497.3958
 31
3401.0417
  0
LINE
  8
0
 10
8251.9531
 20
1497.3958
 30
3401.0417
 11
8281.25
 21
1497.3958
 31
3401.0417
  0
LINE
  8
0
 10
8281.25
 20
1497.3958
 30
3401.0417
 11
8222.6562
 21
1692.7083
 31
3322.9167
  0
LINE
  8
0
 10
8222.6562
 20
1692.7083
 30
3322.9167
 11
8261.7188
 21
1783.8542
 31
3286.4583
  0
LINE
  8
0
 10
8261.7188
 20
1783.8542
 30
3286.4583
 11
8261.7188
 21
1875.0
 31
3250.0
  0
LINE
  8
0
 10
8261.7188
 20
1875.0
 30
3250.0
 11
8222.6562
 21
1953.125
 31
3218.75
  0
LINE
  8
0
 10
8222.6562
 20
1953.125
 30
3218.75
 11
8261.7188
 21
1966.1458
 31
3213.5417
  0
LINE
  8
0
 10
8261.7188
 20
1966.1458
 30
3213.5417
 11
8203.125
 21
1992.1875
 31
3203.125
  0
LINE
  8
0
 10
8203.125
 20
1992.1875
 30
3203.125
 11
8242.1875
 21
2005.2083
 31
3197.9167
  0
LINE
  8
0
 10
8242.1875
 20
2005.2083
 30
3197.9167
 11
8242.1875
 21
2057.2917
 31
3177.0833
  0
LINE
  8
0
 10
8242.1875
 20
2057.2917
 30
3177.0833
 11
8193.3594
 21
2070.3125
 31
3171.875
  0
LINE
  8
0
 10
8193.3594
 20
2070.3125
 30
3171.875
 11
8203.125
 21
2083.3333
 31
3166.6667
  0
LINE
  8
0
 10
4951.1719
 20
2031.25
 30
3187.5
 11
5078.125
 21
2005.2083
 31
3197.9167
  0
LINE
  8
0
 10
5078.125
 20
2005.2083
 30
3197.9167
 11
4814.4531
 21
2005.2083
 31
3197.9167
  0
LINE
  8
0
 10
4814.4531
 20
2005.2083
 30
3197.9167
 11
4941.4062
 21
2018.2292
 31
3192.7083
  0
LINE
  8
0
 10
4941.4062
 20
2018.2292
 30
3192.7083
 11
4951.1719
 21
2031.25
 31
3187.5
  0
LINE
  8
0
 10
7792.9688
 20
2031.25
 30
3187.5
 11
7744.1406
 21
2005.2083
 31
3197.9167
  0
LINE
  8
0
 10
7744.1406
 20
2005.2083
 30
3197.9167
 11
7792.9688
 21
2018.2292
 31
3192.7083
  0
LINE
  8
0
 10
7792.9688
 20
2018.2292
 30
3192.7083
 11
7792.9688
 21
2031.25
 31
3187.5
  0
LINE
  8
0
 10
1787.1094
 20
2018.2292
 30
3192.7083
 11
1923.8281
 21
2018.2292
 31
3192.7083
  0
LINE
  8
0
 10
1923.8281
 20
2018.2292
 30
3192.7083
 11
1816.4062
 21
2018.2292
 31
3192.7083
  0
LINE
  8
0
 10
1816.4062
 20
2018.2292
 30
3192.7083
 11
1875.0
 21
1992.1875
 31
3203.125
  0
LINE
  8
0
 10
1875.0
 20
1992.1875
 30
3203.125
 11
1767.5781
 21
1966.1458
 31
3213.5417
  0
LINE
  8
0
 10
1767.5781
 20
1966.1458
 30
3213.5417
 11
1787.1094
 21
2005.2083
 31
3197.9167
  0
LINE
  8
0
 10
1787.1094
 20
2005.2083
 30
3197.9167
 11
1787.1094
 21
2018.2292
 31
3192.7083
  0
LINE
  8
0
 10
8154.2969
 20
2005.2083
 30
3197.9167
 11
8203.125
 21
1875.0
 31
3250.0
  0
LINE
  8
0
 10
8203.125
 20
1875.0
 30
3250.0
 11
8183.5938
 21
1523.4375
 31
3390.625
  0
LINE
  8
0
 10
8183.5938
 20
1523.4375
 30
3390.625
 11
8203.125
 21
1236.9792
 31
3505.2083
  0
LINE
  8
0
 10
8203.125
 20
1236.9792
 30
3505.2083
 11
8232.4219
 21
1210.9375
 31
3515.625
  0
LINE
  8
0
 10
8232.4219
 20
1210.9375
 30
3515.625
 11
8203.125
 21
1223.9583
 31
3510.4167
  0
LINE
  8
0
 10
8203.125
 20
1223.9583
 30
3510.4167
 11
8203.125
 21
1328.125
 31
3468.75
  0
LINE
  8
0
 10
8203.125
 20
1328.125
 30
3468.75
 11
8173.8281
 21
1367.1875
 31
3453.125
  0
LINE
  8
0
 10
8173.8281
 20
1367.1875
 30
3453.125
 11
8193.3594
 21
1419.2708
 31
3432.2917
  0
LINE
  8
0
 10
8193.3594
 20
1419.2708
 30
3432.2917
 11
8134.7656
 21
1705.7292
 31
3317.7083
  0
LINE
  8
0
 10
8134.7656
 20
1705.7292
 30
3317.7083
 11
8193.3594
 21
1861.9792
 31
3255.2083
  0
LINE
  8
0
 10
8193.3594
 20
1861.9792
 30
3255.2083
 11
8164.0625
 21
1888.0208
 31
3244.7917
  0
LINE
  8
0
 10
8164.0625
 20
1888.0208
 30
3244.7917
 11
8154.2969
 21
1992.1875
 31
3203.125
  0
LINE
  8
0
 10
8154.2969
 20
1992.1875
 30
3203.125
 11
8154.2969
 21
2005.2083
 31
3197.9167
  0
LINE
  8
0
 10
8320.3125
 20
1992.1875
 30
3203.125
 11
8271.4844
 21
1979.1667
 31
3208.3333
  0
LINE
  8
0
 10
8271.4844
 20
1979.1667
 30
3208.3333
 11
8310.5469
 21
1979.1667
 31
3208.3333
  0
LINE
  8
0
 10
8310.5469
 20
1979.1667
 30
3208.3333
 11
8320.3125
 21
1992.1875
 31
3203.125
  0
LINE
  8
0
 10
8388.6719
 20
1992.1875
 30
3203.125
 11
8320.3125
 21
1966.1458
 31
3213.5417
  0
LINE
  8
0
 10
8320.3125
 20
1966.1458
 30
3213.5417
 11
8388.6719
 21
1927.0833
 31
3229.1667
  0
LINE
  8
0
 10
8388.6719
 20
1927.0833
 30
3229.1667
 11
8398.4375
 21
1979.1667
 31
3208.3333
  0
LINE
  8
0
 10
8398.4375
 20
1979.1667
 30
3208.3333
 11
8388.6719
 21
1992.1875
 31
3203.125
  0
LINE
  8
0
 10
5019.5312
 20
1979.1667
 30
3208.3333
 11
5068.3594
 21
1979.1667
 31
3208.3333
  0
LINE
  8
0
 10
5068.3594
 20
1979.1667
 30
3208.3333
 11
5029.2969
 21
1979.1667
 31
3208.3333
  0
LINE
  8
0
 10
5029.2969
 20
1979.1667
 30
3208.3333
 11
5019.5312
 21
1979.1667
 31
3208.3333
  0
LINE
  8
0
 10
7744.1406
 20
1979.1667
 30
3208.3333
 11
7685.5469
 21
1953.125
 31
3218.75
  0
LINE
  8
0
 10
7685.5469
 20
1953.125
 30
3218.75
 11
7724.6094
 21
1888.0208
 31
3244.7917
  0
LINE
  8
0
 10
7724.6094
 20
1888.0208
 30
3244.7917
 11
7695.3125
 21
1875.0
 31
3250.0
  0
LINE
  8
0
 10
7695.3125
 20
1875.0
 30
3250.0
 11
7714.8438
 21
1796.875
 31
3281.25
  0
LINE
  8
0
 10
7714.8438
 20
1796.875
 30
3281.25
 11
7763.6719
 21
1809.8958
 31
3276.0417
  0
LINE
  8
0
 10
7763.6719
 20
1809.8958
 30
3276.0417
 11
7753.9062
 21
1979.1667
 31
3208.3333
  0
LINE
  8
0
 10
7753.9062
 20
1979.1667
 30
3208.3333
 11
7744.1406
 21
1979.1667
 31
3208.3333
  0
LINE
  8
0
 10
1630.8594
 20
1953.125
 30
3218.75
 11
1552.7344
 21
1953.125
 31
3218.75
  0
LINE
  8
0
 10
1552.7344
 20
1953.125
 30
3218.75
 11
1621.0938
 21
1940.1042
 31
3223.9583
  0
LINE
  8
0
 10
1621.0938
 20
1940.1042
 30
3223.9583
 11
1630.8594
 21
1953.125
 31
3218.75
  0
LINE
  8
0
 10
1669.9219
 20
1953.125
 30
3218.75
 11
1650.3906
 21
1940.1042
 31
3223.9583
  0
LINE
  8
0
 10
1650.3906
 20
1940.1042
 30
3223.9583
 11
1689.4531
 21
1927.0833
 31
3229.1667
  0
LINE
  8
0
 10
1689.4531
 20
1927.0833
 30
3229.1667
 11
1679.6875
 21
1953.125
 31
3218.75
  0
LINE
  8
0
 10
1679.6875
 20
1953.125
 30
3218.75
 11
1669.9219
 21
1953.125
 31
3218.75
  0
LINE
  8
0
 10
9257.8125
 20
1953.125
 30
3218.75
 11
9433.5938
 21
1940.1042
 31
3223.9583
  0
LINE
  8
0
 10
9433.5938
 20
1940.1042
 30
3223.9583
 11
9355.4688
 21
1927.0833
 31
3229.1667
  0
LINE
  8
0
 10
9355.4688
 20
1927.0833
 30
3229.1667
 11
9687.5
 21
1783.8542
 31
3286.4583
  0
LINE
  8
0
 10
9687.5
 20
1783.8542
 30
3286.4583
 11
9667.9688
 21
1757.8125
 31
3296.875
  0
LINE
  8
0
 10
9667.9688
 20
1757.8125
 30
3296.875
 11
9755.8594
 21
1588.5417
 31
3364.5833
  0
LINE
  8
0
 10
9755.8594
 20
1588.5417
 30
3364.5833
 11
9716.7969
 21
1588.5417
 31
3364.5833
  0
LINE
  8
0
 10
9716.7969
 20
1588.5417
 30
3364.5833
 11
9794.9219
 21
1328.125
 31
3468.75
  0
LINE
  8
0
 10
9794.9219
 20
1328.125
 30
3468.75
 11
9873.0469
 21
1276.0417
 31
3489.5833
  0
LINE
  8
0
 10
9873.0469
 20
1276.0417
 30
3489.5833
 11
9912.1094
 21
1315.1042
 31
3473.9583
  0
LINE
  8
0
 10
9912.1094
 20
1315.1042
 30
3473.9583
 11
9804.6875
 21
1679.6875
 31
3328.125
  0
LINE
  8
0
 10
9804.6875
 20
1679.6875
 30
3328.125
 11
9921.875
 21
1666.6667
 31
3333.3333
  0
LINE
  8
0
 10
9921.875
 20
1666.6667
 30
3333.3333
 11
9980.4688
 21
1614.5833
 31
3354.1667
  0
LINE
  8
0
 10
9980.4688
 20
1614.5833
 30
3354.1667
 11
9980.4688
 21
1575.5208
 31
3369.7917
  0
LINE
  8
0
 10
9980.4688
 20
1575.5208
 30
3369.7917
 11
9843.75
 21
1627.6042
 31
3348.9583
  0
LINE
  8
0
 10
9843.75
 20
1627.6042
 30
3348.9583
 11
9980.4688
 21
1184.8958
 31
3526.0417
  0
LINE
  8
0
 10
9980.4688
 20
1184.8958
 30
3526.0417
 11
9980.4688
 21
1054.6875
 31
3578.125
  0
LINE
  8
0
 10
9980.4688
 20
1054.6875
 30
3578.125
 11
9931.6406
 21
1028.6458
 31
3588.5417
  0
LINE
  8
0
 10
9931.6406
 20
1028.6458
 30
3588.5417
 11
9980.4688
 21
1002.6042
 31
3598.9583
  0
LINE
  8
0
 10
9980.4688
 20
1002.6042
 30
3598.9583
 11
9980.4688
 21
533.8542
 31
3786.4583
  0
LINE
  8
0
 10
9980.4688
 20
533.8542
 30
3786.4583
 11
9980.4688
 21
729.1667
 31
3708.3333
  0
LINE
  8
0
 10
9980.4688
 20
729.1667
 30
3708.3333
 11
9921.875
 21
846.3542
 31
3661.4583
  0
LINE
  8
0
 10
9921.875
 20
846.3542
 30
3661.4583
 11
9960.9375
 21
872.3958
 31
3651.0417
  0
LINE
  8
0
 10
9960.9375
 20
872.3958
 30
3651.0417
 11
9980.4688
 21
963.5417
 31
3614.5833
  0
LINE
  8
0
 10
9980.4688
 20
963.5417
 30
3614.5833
 11
9921.875
 21
976.5625
 31
3609.375
  0
LINE
  8
0
 10
9921.875
 20
976.5625
 30
3609.375
 11
9921.875
 21
1015.625
 31
3593.75
  0
LINE
  8
0
 10
9921.875
 20
1015.625
 30
3593.75
 11
9873.0469
 21
976.5625
 31
3609.375
  0
LINE
  8
0
 10
9873.0469
 20
976.5625
 30
3609.375
 11
9785.1562
 21
989.5833
 31
3604.1667
  0
LINE
  8
0
 10
9785.1562
 20
989.5833
 30
3604.1667
 11
9912.1094
 21
1002.6042
 31
3598.9583
  0
LINE
  8
0
 10
9912.1094
 20
1002.6042
 30
3598.9583
 11
9912.1094
 21
1041.6667
 31
3583.3333
  0
LINE
  8
0
 10
9912.1094
 20
1041.6667
 30
3583.3333
 11
9833.9844
 21
1015.625
 31
3593.75
  0
LINE
  8
0
 10
9833.9844
 20
1015.625
 30
3593.75
 11
9873.0469
 21
1041.6667
 31
3583.3333
  0
LINE
  8
0
 10
9873.0469
 20
1041.6667
 30
3583.3333
 11
9619.1406
 21
1054.6875
 31
3578.125
  0
LINE
  8
0
 10
9619.1406
 20
1054.6875
 30
3578.125
 11
9609.375
 21
976.5625
 31
3609.375
  0
LINE
  8
0
 10
9609.375
 20
976.5625
 30
3609.375
 11
9667.9688
 21
963.5417
 31
3614.5833
  0
LINE
  8
0
 10
9667.9688
 20
963.5417
 30
3614.5833
 11
9638.6719
 21
898.4375
 31
3640.625
  0
LINE
  8
0
 10
9638.6719
 20
898.4375
 30
3640.625
 11
9648.4375
 21
963.5417
 31
3614.5833
  0
LINE
  8
0
 10
9648.4375
 20
963.5417
 30
3614.5833
 11
9619.1406
 21
963.5417
 31
3614.5833
  0
LINE
  8
0
 10
9619.1406
 20
963.5417
 30
3614.5833
 11
9619.1406
 21
924.4792
 31
3630.2083
  0
LINE
  8
0
 10
9619.1406
 20
924.4792
 30
3630.2083
 11
9589.8438
 21
950.5208
 31
3619.7917
  0
LINE
  8
0
 10
9589.8438
 20
950.5208
 30
3619.7917
 11
9589.8438
 21
989.5833
 31
3604.1667
  0
LINE
  8
0
 10
9589.8438
 20
989.5833
 30
3604.1667
 11
9619.1406
 21
989.5833
 31
3604.1667
  0
LINE
  8
0
 10
9619.1406
 20
989.5833
 30
3604.1667
 11
9570.3125
 21
1223.9583
 31
3510.4167
  0
LINE
  8
0
 10
9570.3125
 20
1223.9583
 30
3510.4167
 11
9306.6406
 21
1289.0625
 31
3484.375
  0
LINE
  8
0
 10
9306.6406
 20
1289.0625
 30
3484.375
 11
9335.9375
 21
1315.1042
 31
3473.9583
  0
LINE
  8
0
 10
9335.9375
 20
1315.1042
 30
3473.9583
 11
9287.1094
 21
1328.125
 31
3468.75
  0
LINE
  8
0
 10
9287.1094
 20
1328.125
 30
3468.75
 11
9267.5781
 21
1250.0
 31
3500.0
  0
LINE
  8
0
 10
9267.5781
 20
1250.0
 30
3500.0
 11
9208.9844
 21
1197.9167
 31
3520.8333
  0
LINE
  8
0
 10
9208.9844
 20
1197.9167
 30
3520.8333
 11
9238.2812
 21
1184.8958
 31
3526.0417
  0
LINE
  8
0
 10
9238.2812
 20
1184.8958
 30
3526.0417
 11
9208.9844
 21
1093.75
 31
3562.5
  0
LINE
  8
0
 10
9208.9844
 20
1093.75
 30
3562.5
 11
9238.2812
 21
1080.7292
 31
3567.7083
  0
LINE
  8
0
 10
9238.2812
 20
1080.7292
 30
3567.7083
 11
9199.2188
 21
1067.7083
 31
3572.9167
  0
LINE
  8
0
 10
9199.2188
 20
1067.7083
 30
3572.9167
 11
9238.2812
 21
989.5833
 31
3604.1667
  0
LINE
  8
0
 10
9238.2812
 20
989.5833
 30
3604.1667
 11
9257.8125
 21
1028.6458
 31
3588.5417
  0
LINE
  8
0
 10
9257.8125
 20
1028.6458
 30
3588.5417
 11
9228.5156
 21
976.5625
 31
3609.375
  0
LINE
  8
0
 10
9228.5156
 20
976.5625
 30
3609.375
 11
9267.5781
 21
872.3958
 31
3651.0417
  0
LINE
  8
0
 10
9267.5781
 20
872.3958
 30
3651.0417
 11
9218.75
 21
781.25
 31
3687.5
  0
LINE
  8
0
 10
9218.75
 20
781.25
 30
3687.5
 11
9257.8125
 21
677.0833
 31
3729.1667
  0
LINE
  8
0
 10
9257.8125
 20
677.0833
 30
3729.1667
 11
9248.0469
 21
390.625
 31
3843.75
  0
LINE
  8
0
 10
9248.0469
 20
390.625
 30
3843.75
 11
9277.3438
 21
351.5625
 31
3859.375
  0
LINE
  8
0
 10
9277.3438
 20
351.5625
 30
3859.375
 11
9228.5156
 21
416.6667
 31
3833.3333
  0
LINE
  8
0
 10
9228.5156
 20
416.6667
 30
3833.3333
 11
9208.9844
 21
364.5833
 31
3854.1667
  0
LINE
  8
0
 10
9208.9844
 20
364.5833
 30
3854.1667
 11
9296.875
 21
299.4792
 31
3880.2083
  0
LINE
  8
0
 10
9296.875
 20
299.4792
 30
3880.2083
 11
9287.1094
 21
195.3125
 31
3921.875
  0
LINE
  8
0
 10
9287.1094
 20
195.3125
 30
3921.875
 11
9365.2344
 21
65.1042
 31
3973.9583
  0
LINE
  8
0
 10
9365.2344
 20
65.1042
 30
3973.9583
 11
9277.3438
 21
65.1042
 31
3973.9583
  0
LINE
  8
0
 10
9277.3438
 20
65.1042
 30
3973.9583
 11
9335.9375
 21
26.0417
 31
3989.5833
  0
LINE
  8
0
 10
9335.9375
 20
26.0417
 30
3989.5833
 11
9248.0469
 21
26.0417
 31
3989.5833
  0
LINE
  8
0
 10
9248.0469
 20
26.0417
 30
3989.5833
 11
9208.9844
 21
130.2083
 31
3947.9167
  0
LINE
  8
0
 10
9208.9844
 20
130.2083
 30
3947.9167
 11
9218.75
 21
169.2708
 31
3932.2917
  0
LINE
  8
0
 10
9218.75
 20
169.2708
 30
3932.2917
 11
9248.0469
 21
104.1667
 31
3958.3333
  0
LINE
  8
0
 10
9248.0469
 20
104.1667
 30
3958.3333
 11
9277.3438
 21
156.25
 31
3937.5
  0
LINE
  8
0
 10
9277.3438
 20
156.25
 30
3937.5
 11
9199.2188
 21
182.2917
 31
3927.0833
  0
LINE
  8
0
 10
9199.2188
 20
182.2917
 30
3927.0833
 11
9150.3906
 21
260.4167
 31
3895.8333
  0
LINE
  8
0
 10
9150.3906
 20
260.4167
 30
3895.8333
 11
9179.6875
 21
273.4375
 31
3890.625
  0
LINE
  8
0
 10
9179.6875
 20
273.4375
 30
3890.625
 11
9160.1562
 21
260.4167
 31
3895.8333
  0
LINE
  8
0
 10
9160.1562
 20
260.4167
 30
3895.8333
 11
9199.2188
 21
234.375
 31
3906.25
  0
LINE
  8
0
 10
9199.2188
 20
234.375
 30
3906.25
 11
9238.2812
 21
312.5
 31
3875.0
  0
LINE
  8
0
 10
9238.2812
 20
312.5
 30
3875.0
 11
9189.4531
 21
377.6042
 31
3848.9583
  0
LINE
  8
0
 10
9189.4531
 20
377.6042
 30
3848.9583
 11
9160.1562
 21
351.5625
 31
3859.375
  0
LINE
  8
0
 10
9160.1562
 20
351.5625
 30
3859.375
 11
9179.6875
 21
325.5208
 31
3869.7917
  0
LINE
  8
0
 10
9179.6875
 20
325.5208
 30
3869.7917
 11
9140.625
 21
364.5833
 31
3854.1667
  0
LINE
  8
0
 10
9140.625
 20
364.5833
 30
3854.1667
 11
9179.6875
 21
403.6458
 31
3838.5417
  0
LINE
  8
0
 10
9179.6875
 20
403.6458
 30
3838.5417
 11
9199.2188
 21
377.6042
 31
3848.9583
  0
LINE
  8
0
 10
9199.2188
 20
377.6042
 30
3848.9583
 11
9228.5156
 21
442.7083
 31
3822.9167
  0
LINE
  8
0
 10
9228.5156
 20
442.7083
 30
3822.9167
 11
9189.4531
 21
442.7083
 31
3822.9167
  0
LINE
  8
0
 10
9189.4531
 20
442.7083
 30
3822.9167
 11
9218.75
 21
468.75
 31
3812.5
  0
LINE
  8
0
 10
9218.75
 20
468.75
 30
3812.5
 11
9179.6875
 21
468.75
 31
3812.5
  0
LINE
  8
0
 10
9179.6875
 20
468.75
 30
3812.5
 11
9208.9844
 21
533.8542
 31
3786.4583
  0
LINE
  8
0
 10
9208.9844
 20
533.8542
 30
3786.4583
 11
9121.0938
 21
651.0417
 31
3739.5833
  0
LINE
  8
0
 10
9121.0938
 20
651.0417
 30
3739.5833
 11
9130.8594
 21
690.1042
 31
3723.9583
  0
LINE
  8
0
 10
9130.8594
 20
690.1042
 30
3723.9583
 11
9130.8594
 21
625.0
 31
3750.0
  0
LINE
  8
0
 10
9130.8594
 20
625.0
 30
3750.0
 11
9179.6875
 21
611.9792
 31
3755.2083
  0
LINE
  8
0
 10
9179.6875
 20
611.9792
 30
3755.2083
 11
9121.0938
 21
807.2917
 31
3677.0833
  0
LINE
  8
0
 10
9121.0938
 20
807.2917
 30
3677.0833
 11
9121.0938
 21
859.375
 31
3656.25
  0
LINE
  8
0
 10
9121.0938
 20
859.375
 30
3656.25
 11
9169.9219
 21
898.4375
 31
3640.625
  0
LINE
  8
0
 10
9169.9219
 20
898.4375
 30
3640.625
 11
9130.8594
 21
846.3542
 31
3661.4583
  0
LINE
  8
0
 10
9130.8594
 20
846.3542
 30
3661.4583
 11
9169.9219
 21
651.0417
 31
3739.5833
  0
LINE
  8
0
 10
9169.9219
 20
651.0417
 30
3739.5833
 11
9208.9844
 21
598.9583
 31
3760.4167
  0
LINE
  8
0
 10
9208.9844
 20
598.9583
 30
3760.4167
 11
9238.2812
 21
651.0417
 31
3739.5833
  0
LINE
  8
0
 10
9238.2812
 20
651.0417
 30
3739.5833
 11
9199.2188
 21
794.2708
 31
3682.2917
  0
LINE
  8
0
 10
9199.2188
 20
794.2708
 30
3682.2917
 11
9257.8125
 21
885.4167
 31
3645.8333
  0
LINE
  8
0
 10
9257.8125
 20
885.4167
 30
3645.8333
 11
9218.75
 21
885.4167
 31
3645.8333
  0
LINE
  8
0
 10
9218.75
 20
885.4167
 30
3645.8333
 11
9238.2812
 21
937.5
 31
3625.0
  0
LINE
  8
0
 10
9238.2812
 20
937.5
 30
3625.0
 11
9189.4531
 21
1197.9167
 31
3520.8333
  0
LINE
  8
0
 10
9189.4531
 20
1197.9167
 30
3520.8333
 11
9218.75
 21
1276.0417
 31
3489.5833
  0
LINE
  8
0
 10
9218.75
 20
1276.0417
 30
3489.5833
 11
9189.4531
 21
1341.1458
 31
3463.5417
  0
LINE
  8
0
 10
9189.4531
 20
1341.1458
 30
3463.5417
 11
9277.3438
 21
1393.2292
 31
3442.7083
  0
LINE
  8
0
 10
9277.3438
 20
1393.2292
 30
3442.7083
 11
9189.4531
 21
1445.3125
 31
3421.875
  0
LINE
  8
0
 10
9189.4531
 20
1445.3125
 30
3421.875
 11
9238.2812
 21
1497.3958
 31
3401.0417
  0
LINE
  8
0
 10
9238.2812
 20
1497.3958
 30
3401.0417
 11
9257.8125
 21
1458.3333
 31
3416.6667
  0
LINE
  8
0
 10
9257.8125
 20
1458.3333
 30
3416.6667
 11
9287.1094
 21
1484.375
 31
3406.25
  0
LINE
  8
0
 10
9287.1094
 20
1484.375
 30
3406.25
 11
9248.0469
 21
1536.4583
 31
3385.4167
  0
LINE
  8
0
 10
9248.0469
 20
1536.4583
 30
3385.4167
 11
9208.9844
 21
1523.4375
 31
3390.625
  0
LINE
  8
0
 10
9208.9844
 20
1523.4375
 30
3390.625
 11
9208.9844
 21
1562.5
 31
3375.0
  0
LINE
  8
0
 10
9208.9844
 20
1562.5
 30
3375.0
 11
9179.6875
 21
1523.4375
 31
3390.625
  0
LINE
  8
0
 10
9179.6875
 20
1523.4375
 30
3390.625
 11
9199.2188
 21
1627.6042
 31
3348.9583
  0
LINE
  8
0
 10
9199.2188
 20
1627.6042
 30
3348.9583
 11
9150.3906
 21
1640.625
 31
3343.75
  0
LINE
  8
0
 10
9150.3906
 20
1640.625
 30
3343.75
 11
9267.5781
 21
1718.75
 31
3312.5
  0
LINE
  8
0
 10
9267.5781
 20
1718.75
 30
3312.5
 11
9257.8125
 21
1783.8542
 31
3286.4583
  0
LINE
  8
0
 10
9257.8125
 20
1783.8542
 30
3286.4583
 11
9238.2812
 21
1757.8125
 31
3296.875
  0
LINE
  8
0
 10
9238.2812
 20
1757.8125
 30
3296.875
 11
9208.9844
 21
1809.8958
 31
3276.0417
  0
LINE
  8
0
 10
9208.9844
 20
1809.8958
 30
3276.0417
 11
9257.8125
 21
1809.8958
 31
3276.0417
  0
LINE
  8
0
 10
9257.8125
 20
1809.8958
 30
3276.0417
 11
9228.5156
 21
1875.0
 31
3250.0
  0
LINE
  8
0
 10
9228.5156
 20
1875.0
 30
3250.0
 11
9208.9844
 21
1861.9792
 31
3255.2083
  0
LINE
  8
0
 10
9208.9844
 20
1861.9792
 30
3255.2083
 11
9248.0469
 21
1940.1042
 31
3223.9583
  0
LINE
  8
0
 10
9248.0469
 20
1940.1042
 30
3223.9583
 11
9257.8125
 21
1953.125
 31
3218.75
  0
LINE
  8
0
 10
1640.625
 20
1927.0833
 30
3229.1667
 11
1601.5625
 21
1927.0833
 31
3229.1667
  0
LINE
  8
0
 10
1601.5625
 20
1927.0833
 30
3229.1667
 11
1630.8594
 21
1875.0
 31
3250.0
  0
LINE
  8
0
 10
1630.8594
 20
1875.0
 30
3250.0
 11
1699.2188
 21
1888.0208
 31
3244.7917
  0
LINE
  8
0
 10
1699.2188
 20
1888.0208
 30
3244.7917
 11
1640.625
 21
1914.0625
 31
3234.375
  0
LINE
  8
0
 10
1640.625
 20
1914.0625
 30
3234.375
 11
1640.625
 21
1927.0833
 31
3229.1667
  0
LINE
  8
0
 10
8320.3125
 20
1927.0833
 30
3229.1667
 11
8261.7188
 21
1927.0833
 31
3229.1667
  0
LINE
  8
0
 10
8261.7188
 20
1927.0833
 30
3229.1667
 11
8330.0781
 21
1914.0625
 31
3234.375
  0
LINE
  8
0
 10
8330.0781
 20
1914.0625
 30
3234.375
 11
8320.3125
 21
1927.0833
 31
3229.1667
  0
LINE
  8
0
 10
2451.1719
 20
1914.0625
 30
3234.375
 11
2402.3438
 21
1888.0208
 31
3244.7917
  0
LINE
  8
0
 10
2402.3438
 20
1888.0208
 30
3244.7917
 11
2441.4062
 21
1901.0417
 31
3239.5833
  0
LINE
  8
0
 10
2441.4062
 20
1901.0417
 30
3239.5833
 11
2451.1719
 21
1914.0625
 31
3234.375
  0
LINE
  8
0
 10
9306.6406
 20
1914.0625
 30
3234.375
 11
9267.5781
 21
1914.0625
 31
3234.375
  0
LINE
  8
0
 10
9267.5781
 20
1914.0625
 30
3234.375
 11
9306.6406
 21
1484.375
 31
3406.25
  0
LINE
  8
0
 10
9306.6406
 20
1484.375
 30
3406.25
 11
9794.9219
 21
1210.9375
 31
3515.625
  0
LINE
  8
0
 10
9794.9219
 20
1210.9375
 30
3515.625
 11
9648.4375
 21
1744.7917
 31
3302.0833
  0
LINE
  8
0
 10
9648.4375
 20
1744.7917
 30
3302.0833
 11
9316.4062
 21
1914.0625
 31
3234.375
  0
LINE
  8
0
 10
9316.4062
 20
1914.0625
 30
3234.375
 11
9306.6406
 21
1914.0625
 31
3234.375
  0
LINE
  8
0
 10
1884.7656
 20
1901.0417
 30
3239.5833
 11
1777.3438
 21
1848.9583
 31
3260.4167
  0
LINE
  8
0
 10
1777.3438
 20
1848.9583
 30
3260.4167
 11
1777.3438
 21
1614.5833
 31
3354.1667
  0
LINE
  8
0
 10
1777.3438
 20
1614.5833
 30
3354.1667
 11
1738.2812
 21
1627.6042
 31
3348.9583
  0
LINE
  8
0
 10
1738.2812
 20
1627.6042
 30
3348.9583
 11
1748.0469
 21
1809.8958
 31
3276.0417
  0
LINE
  8
0
 10
1748.0469
 20
1809.8958
 30
3276.0417
 11
1708.9844
 21
1809.8958
 31
3276.0417
  0
LINE
  8
0
 10
1708.9844
 20
1809.8958
 30
3276.0417
 11
1708.9844
 21
1523.4375
 31
3390.625
  0
LINE
  8
0
 10
1708.9844
 20
1523.4375
 30
3390.625
 11
1748.0469
 21
1497.3958
 31
3401.0417
  0
LINE
  8
0
 10
1748.0469
 20
1497.3958
 30
3401.0417
 11
1748.0469
 21
1588.5417
 31
3364.5833
  0
LINE
  8
0
 10
1748.0469
 20
1588.5417
 30
3364.5833
 11
1796.875
 21
1536.4583
 31
3385.4167
  0
LINE
  8
0
 10
1796.875
 20
1536.4583
 30
3385.4167
 11
1757.8125
 21
1458.3333
 31
3416.6667
  0
LINE
  8
0
 10
1757.8125
 20
1458.3333
 30
3416.6667
 11
1718.75
 21
1471.3542
 31
3411.4583
  0
LINE
  8
0
 10
1718.75
 20
1471.3542
 30
3411.4583
 11
1708.9844
 21
1406.25
 31
3437.5
  0
LINE
  8
0
 10
1708.9844
 20
1406.25
 30
3437.5
 11
1669.9219
 21
1445.3125
 31
3421.875
  0
LINE
  8
0
 10
1669.9219
 20
1445.3125
 30
3421.875
 11
1708.9844
 21
1458.3333
 31
3416.6667
  0
LINE
  8
0
 10
1708.9844
 20
1458.3333
 30
3416.6667
 11
1669.9219
 21
1471.3542
 31
3411.4583
  0
LINE
  8
0
 10
1669.9219
 20
1471.3542
 30
3411.4583
 11
1699.2188
 21
1510.4167
 31
3395.8333
  0
LINE
  8
0
 10
1699.2188
 20
1510.4167
 30
3395.8333
 11
1679.6875
 21
1692.7083
 31
3322.9167
  0
LINE
  8
0
 10
1679.6875
 20
1692.7083
 30
3322.9167
 11
1640.625
 21
1744.7917
 31
3302.0833
  0
LINE
  8
0
 10
1640.625
 20
1744.7917
 30
3302.0833
 11
1601.5625
 21
1718.75
 31
3312.5
  0
LINE
  8
0
 10
1601.5625
 20
1718.75
 30
3312.5
 11
1582.0312
 21
1510.4167
 31
3395.8333
  0
LINE
  8
0
 10
1582.0312
 20
1510.4167
 30
3395.8333
 11
1611.3281
 21
1471.3542
 31
3411.4583
  0
LINE
  8
0
 10
1611.3281
 20
1471.3542
 30
3411.4583
 11
1562.5
 21
1289.0625
 31
3484.375
  0
LINE
  8
0
 10
1562.5
 20
1289.0625
 30
3484.375
 11
1572.2656
 21
1197.9167
 31
3520.8333
  0
LINE
  8
0
 10
1572.2656
 20
1197.9167
 30
3520.8333
 11
1621.0938
 21
1145.8333
 31
3541.6667
  0
LINE
  8
0
 10
1621.0938
 20
1145.8333
 30
3541.6667
 11
1591.7969
 21
1106.7708
 31
3557.2917
  0
LINE
  8
0
 10
1591.7969
 20
1106.7708
 30
3557.2917
 11
1621.0938
 21
1041.6667
 31
3583.3333
  0
LINE
  8
0
 10
1621.0938
 20
1041.6667
 30
3583.3333
 11
1679.6875
 21
1080.7292
 31
3567.7083
  0
LINE
  8
0
 10
1679.6875
 20
1080.7292
 30
3567.7083
 11
1650.3906
 21
1158.8542
 31
3536.4583
  0
LINE
  8
0
 10
1650.3906
 20
1158.8542
 30
3536.4583
 11
1689.4531
 21
1184.8958
 31
3526.0417
  0
LINE
  8
0
 10
1689.4531
 20
1184.8958
 30
3526.0417
 11
1865.2344
 21
1184.8958
 31
3526.0417
  0
LINE
  8
0
 10
1865.2344
 20
1184.8958
 30
3526.0417
 11
1777.3438
 21
1197.9167
 31
3520.8333
  0
LINE
  8
0
 10
1777.3438
 20
1197.9167
 30
3520.8333
 11
1875.0
 21
1223.9583
 31
3510.4167
  0
LINE
  8
0
 10
1875.0
 20
1223.9583
 30
3510.4167
 11
1855.4688
 21
1419.2708
 31
3432.2917
  0
LINE
  8
0
 10
1855.4688
 20
1419.2708
 30
3432.2917
 11
1894.5312
 21
1497.3958
 31
3401.0417
  0
LINE
  8
0
 10
1894.5312
 20
1497.3958
 30
3401.0417
 11
1884.7656
 21
1783.8542
 31
3286.4583
  0
LINE
  8
0
 10
1884.7656
 20
1783.8542
 30
3286.4583
 11
1923.8281
 21
1875.0
 31
3250.0
  0
LINE
  8
0
 10
1923.8281
 20
1875.0
 30
3250.0
 11
1894.5312
 21
1901.0417
 31
3239.5833
  0
LINE
  8
0
 10
1894.5312
 20
1901.0417
 30
3239.5833
 11
1884.7656
 21
1901.0417
 31
3239.5833
  0
LINE
  8
0
 10
8378.9062
 20
1888.0208
 30
3244.7917
 11
8330.0781
 21
1888.0208
 31
3244.7917
  0
LINE
  8
0
 10
8330.0781
 20
1888.0208
 30
3244.7917
 11
8369.1406
 21
1875.0
 31
3250.0
  0
LINE
  8
0
 10
8369.1406
 20
1875.0
 30
3250.0
 11
8378.9062
 21
1888.0208
 31
3244.7917
  0
LINE
  8
0
 10
5478.5156
 20
1875.0
 30
3250.0
 11
5488.2812
 21
1848.9583
 31
3260.4167
  0
LINE
  8
0
 10
5488.2812
 20
1848.9583
 30
3260.4167
 11
5322.2656
 21
1848.9583
 31
3260.4167
  0
LINE
  8
0
 10
5322.2656
 20
1848.9583
 30
3260.4167
 11
5468.75
 21
1861.9792
 31
3255.2083
  0
LINE
  8
0
 10
5468.75
 20
1861.9792
 30
3255.2083
 11
5478.5156
 21
1875.0
 31
3250.0
  0
LINE
  8
0
 10
1757.8125
 20
1861.9792
 30
3255.2083
 11
1699.2188
 21
1861.9792
 31
3255.2083
  0
LINE
  8
0
 10
1699.2188
 20
1861.9792
 30
3255.2083
 11
1757.8125
 21
1848.9583
 31
3260.4167
  0
LINE
  8
0
 10
1757.8125
 20
1848.9583
 30
3260.4167
 11
1757.8125
 21
1861.9792
 31
3255.2083
  0
LINE
  8
0
 10
2412.1094
 20
1848.9583
 30
3260.4167
 11
2382.8125
 21
1861.9792
 31
3255.2083
  0
LINE
  8
0
 10
2382.8125
 20
1861.9792
 30
3255.2083
 11
2373.0469
 21
1822.9167
 31
3270.8333
  0
LINE
  8
0
 10
2373.0469
 20
1822.9167
 30
3270.8333
 11
2412.1094
 21
1835.9375
 31
3265.625
  0
LINE
  8
0
 10
2412.1094
 20
1835.9375
 30
3265.625
 11
2412.1094
 21
1848.9583
 31
3260.4167
  0
LINE
  8
0
 10
8378.9062
 20
1848.9583
 30
3260.4167
 11
8291.0156
 21
1861.9792
 31
3255.2083
  0
LINE
  8
0
 10
8291.0156
 20
1861.9792
 30
3255.2083
 11
8251.9531
 21
1744.7917
 31
3302.0833
  0
LINE
  8
0
 10
8251.9531
 20
1744.7917
 30
3302.0833
 11
8261.7188
 21
1575.5208
 31
3369.7917
  0
LINE
  8
0
 10
8261.7188
 20
1575.5208
 30
3369.7917
 11
8300.7812
 21
1510.4167
 31
3395.8333
  0
LINE
  8
0
 10
8300.7812
 20
1510.4167
 30
3395.8333
 11
8281.25
 21
1263.0208
 31
3494.7917
  0
LINE
  8
0
 10
8281.25
 20
1263.0208
 30
3494.7917
 11
8330.0781
 21
1145.8333
 31
3541.6667
  0
LINE
  8
0
 10
8330.0781
 20
1145.8333
 30
3541.6667
 11
8398.4375
 21
1106.7708
 31
3557.2917
  0
LINE
  8
0
 10
8398.4375
 20
1106.7708
 30
3557.2917
 11
8359.375
 21
1093.75
 31
3562.5
  0
LINE
  8
0
 10
8359.375
 20
1093.75
 30
3562.5
 11
8369.1406
 21
1054.6875
 31
3578.125
  0
LINE
  8
0
 10
8369.1406
 20
1054.6875
 30
3578.125
 11
8457.0312
 21
1028.6458
 31
3588.5417
  0
LINE
  8
0
 10
8457.0312
 20
1028.6458
 30
3588.5417
 11
8427.7344
 21
1093.75
 31
3562.5
  0
LINE
  8
0
 10
8427.7344
 20
1093.75
 30
3562.5
 11
8466.7969
 21
1132.8125
 31
3546.875
  0
LINE
  8
0
 10
8466.7969
 20
1132.8125
 30
3546.875
 11
8466.7969
 21
1458.3333
 31
3416.6667
  0
LINE
  8
0
 10
8466.7969
 20
1458.3333
 30
3416.6667
 11
8437.5
 21
1497.3958
 31
3401.0417
  0
LINE
  8
0
 10
8437.5
 20
1497.3958
 30
3401.0417
 11
8457.0312
 21
1484.375
 31
3406.25
  0
LINE
  8
0
 10
8457.0312
 20
1484.375
 30
3406.25
 11
8457.0312
 21
1184.8958
 31
3526.0417
  0
LINE
  8
0
 10
8457.0312
 20
1184.8958
 30
3526.0417
 11
8486.3281
 21
1171.875
 31
3531.25
  0
LINE
  8
0
 10
8486.3281
 20
1171.875
 30
3531.25
 11
8505.8594
 21
1354.1667
 31
3458.3333
  0
LINE
  8
0
 10
8505.8594
 20
1354.1667
 30
3458.3333
 11
8496.0938
 21
1184.8958
 31
3526.0417
  0
LINE
  8
0
 10
8496.0938
 20
1184.8958
 30
3526.0417
 11
8525.3906
 21
1028.6458
 31
3588.5417
  0
LINE
  8
0
 10
8525.3906
 20
1028.6458
 30
3588.5417
 11
8574.2188
 21
1002.6042
 31
3598.9583
  0
LINE
  8
0
 10
8574.2188
 20
1002.6042
 30
3598.9583
 11
8544.9219
 21
1770.8333
 31
3291.6667
  0
LINE
  8
0
 10
8544.9219
 20
1770.8333
 30
3291.6667
 11
8496.0938
 21
1783.8542
 31
3286.4583
  0
LINE
  8
0
 10
8496.0938
 20
1783.8542
 30
3286.4583
 11
8466.7969
 21
1718.75
 31
3312.5
  0
LINE
  8
0
 10
8466.7969
 20
1718.75
 30
3312.5
 11
8447.2656
 21
1796.875
 31
3281.25
  0
LINE
  8
0
 10
8447.2656
 20
1796.875
 30
3281.25
 11
8437.5
 21
1718.75
 31
3312.5
  0
LINE
  8
0
 10
8437.5
 20
1718.75
 30
3312.5
 11
8388.6719
 21
1848.9583
 31
3260.4167
  0
LINE
  8
0
 10
8388.6719
 20
1848.9583
 30
3260.4167
 11
8378.9062
 21
1848.9583
 31
3260.4167
  0
LINE
  8
0
 10
8525.3906
 20
1835.9375
 30
3265.625
 11
8476.5625
 21
1822.9167
 31
3270.8333
  0
LINE
  8
0
 10
8476.5625
 20
1822.9167
 30
3270.8333
 11
8535.1562
 21
1822.9167
 31
3270.8333
  0
LINE
  8
0
 10
8535.1562
 20
1822.9167
 30
3270.8333
 11
8525.3906
 21
1835.9375
 31
3265.625
  0
LINE
  8
0
 10
1679.6875
 20
1822.9167
 30
3270.8333
 11
1640.625
 21
1822.9167
 31
3270.8333
  0
LINE
  8
0
 10
1640.625
 20
1822.9167
 30
3270.8333
 11
1601.5625
 21
1757.8125
 31
3296.875
  0
LINE
  8
0
 10
1601.5625
 20
1757.8125
 30
3296.875
 11
1650.3906
 21
1744.7917
 31
3302.0833
  0
LINE
  8
0
 10
1650.3906
 20
1744.7917
 30
3302.0833
 11
1650.3906
 21
1796.875
 31
3281.25
  0
LINE
  8
0
 10
1650.3906
 20
1796.875
 30
3281.25
 11
1679.6875
 21
1809.8958
 31
3276.0417
  0
LINE
  8
0
 10
1679.6875
 20
1809.8958
 30
3276.0417
 11
1679.6875
 21
1822.9167
 31
3270.8333
  0
LINE
  8
0
 10
5341.7969
 20
1822.9167
 30
3270.8333
 11
5537.1094
 21
1796.875
 31
3281.25
  0
LINE
  8
0
 10
5537.1094
 20
1796.875
 30
3281.25
 11
5478.5156
 21
1705.7292
 31
3317.7083
  0
LINE
  8
0
 10
5478.5156
 20
1705.7292
 30
3317.7083
 11
5175.7812
 21
1731.7708
 31
3307.2917
  0
LINE
  8
0
 10
5175.7812
 20
1731.7708
 30
3307.2917
 11
5507.8125
 21
1757.8125
 31
3296.875
  0
LINE
  8
0
 10
5507.8125
 20
1757.8125
 30
3296.875
 11
5341.7969
 21
1783.8542
 31
3286.4583
  0
LINE
  8
0
 10
5341.7969
 20
1783.8542
 30
3286.4583
 11
5498.0469
 21
1809.8958
 31
3276.0417
  0
LINE
  8
0
 10
5498.0469
 20
1809.8958
 30
3276.0417
 11
5351.5625
 21
1822.9167
 31
3270.8333
  0
LINE
  8
0
 10
5351.5625
 20
1822.9167
 30
3270.8333
 11
5341.7969
 21
1822.9167
 31
3270.8333
  0
LINE
  8
0
 10
1855.4688
 20
1809.8958
 30
3276.0417
 11
1806.6406
 21
1783.8542
 31
3286.4583
  0
LINE
  8
0
 10
1806.6406
 20
1783.8542
 30
3286.4583
 11
1845.7031
 21
1796.875
 31
3281.25
  0
LINE
  8
0
 10
1845.7031
 20
1796.875
 30
3281.25
 11
1855.4688
 21
1809.8958
 31
3276.0417
  0
LINE
  8
0
 10
4687.5
 20
1809.8958
 30
3276.0417
 11
5078.125
 21
1809.8958
 31
3276.0417
  0
LINE
  8
0
 10
5078.125
 20
1809.8958
 30
3276.0417
 11
4990.2344
 21
1770.8333
 31
3291.6667
  0
LINE
  8
0
 10
4990.2344
 20
1770.8333
 30
3291.6667
 11
4697.2656
 21
1796.875
 31
3281.25
  0
LINE
  8
0
 10
4697.2656
 20
1796.875
 30
3281.25
 11
4687.5
 21
1809.8958
 31
3276.0417
  0
LINE
  8
0
 10
5146.4844
 20
1809.8958
 30
3276.0417
 11
5302.7344
 21
1796.875
 31
3281.25
  0
LINE
  8
0
 10
5302.7344
 20
1796.875
 30
3281.25
 11
5156.25
 21
1796.875
 31
3281.25
  0
LINE
  8
0
 10
5156.25
 20
1796.875
 30
3281.25
 11
5146.4844
 21
1809.8958
 31
3276.0417
  0
LINE
  8
0
 10
4912.1094
 20
1705.7292
 30
3317.7083
 11
5126.9531
 21
1692.7083
 31
3322.9167
  0
LINE
  8
0
 10
5126.9531
 20
1692.7083
 30
3322.9167
 11
4921.875
 21
1705.7292
 31
3317.7083
  0
LINE
  8
0
 10
4921.875
 20
1705.7292
 30
3317.7083
 11
4912.1094
 21
1705.7292
 31
3317.7083
  0
LINE
  8
0
 10
9267.5781
 20
1679.6875
 30
3328.125
 11
9238.2812
 21
1640.625
 31
3343.75
  0
LINE
  8
0
 10
9238.2812
 20
1640.625
 30
3343.75
 11
9267.5781
 21
1666.6667
 31
3333.3333
  0
LINE
  8
0
 10
9267.5781
 20
1666.6667
 30
3333.3333
 11
9267.5781
 21
1679.6875
 31
3328.125
  0
LINE
  8
0
 10
4912.1094
 20
1666.6667
 30
3333.3333
 11
5332.0312
 21
1640.625
 31
3343.75
  0
LINE
  8
0
 10
5332.0312
 20
1640.625
 30
3343.75
 11
4863.2812
 21
1627.6042
 31
3348.9583
  0
LINE
  8
0
 10
4863.2812
 20
1627.6042
 30
3348.9583
 11
4902.3438
 21
1653.6458
 31
3338.5417
  0
LINE
  8
0
 10
4902.3438
 20
1653.6458
 30
3338.5417
 11
4912.1094
 21
1666.6667
 31
3333.3333
  0
LINE
  8
0
 10
7695.3125
 20
1653.6458
 30
3338.5417
 11
7792.9688
 21
1653.6458
 31
3338.5417
  0
LINE
  8
0
 10
7792.9688
 20
1653.6458
 30
3338.5417
 11
7685.5469
 21
1640.625
 31
3343.75
  0
LINE
  8
0
 10
7685.5469
 20
1640.625
 30
3343.75
 11
7695.3125
 21
1653.6458
 31
3338.5417
  0
LINE
  8
0
 10
9277.3438
 20
1614.5833
 30
3354.1667
 11
9238.2812
 21
1627.6042
 31
3348.9583
  0
LINE
  8
0
 10
9238.2812
 20
1627.6042
 30
3348.9583
 11
9218.75
 21
1588.5417
 31
3364.5833
  0
LINE
  8
0
 10
9218.75
 20
1588.5417
 30
3364.5833
 11
9277.3438
 21
1601.5625
 31
3359.375
  0
LINE
  8
0
 10
9277.3438
 20
1601.5625
 30
3359.375
 11
9277.3438
 21
1614.5833
 31
3354.1667
  0
LINE
  8
0
 10
8505.8594
 20
1575.5208
 30
3369.7917
 11
8515.625
 21
1549.4792
 31
3380.2083
  0
LINE
  8
0
 10
8515.625
 20
1549.4792
 30
3380.2083
 11
8466.7969
 21
1536.4583
 31
3385.4167
  0
LINE
  8
0
 10
8466.7969
 20
1536.4583
 30
3385.4167
 11
8496.0938
 21
1523.4375
 31
3390.625
  0
LINE
  8
0
 10
8496.0938
 20
1523.4375
 30
3390.625
 11
8466.7969
 21
1536.4583
 31
3385.4167
  0
LINE
  8
0
 10
8466.7969
 20
1536.4583
 30
3385.4167
 11
8496.0938
 21
1562.5
 31
3375.0
  0
LINE
  8
0
 10
8496.0938
 20
1562.5
 30
3375.0
 11
8505.8594
 21
1575.5208
 31
3369.7917
  0
LINE
  8
0
 10
9082.0312
 20
1536.4583
 30
3385.4167
 11
9111.3281
 21
1510.4167
 31
3395.8333
  0
LINE
  8
0
 10
9111.3281
 20
1510.4167
 30
3395.8333
 11
9082.0312
 21
1523.4375
 31
3390.625
  0
LINE
  8
0
 10
9082.0312
 20
1523.4375
 30
3390.625
 11
9082.0312
 21
1536.4583
 31
3385.4167
  0
LINE
  8
0
 10
722.6562
 20
1497.3958
 30
3401.0417
 11
771.4844
 21
1484.375
 31
3406.25
  0
LINE
  8
0
 10
771.4844
 20
1484.375
 30
3406.25
 11
712.8906
 21
1484.375
 31
3406.25
  0
LINE
  8
0
 10
712.8906
 20
1484.375
 30
3406.25
 11
722.6562
 21
1497.3958
 31
3401.0417
  0
LINE
  8
0
 10
8496.0938
 20
1497.3958
 30
3401.0417
 11
8544.9219
 21
1484.375
 31
3406.25
  0
LINE
  8
0
 10
8544.9219
 20
1484.375
 30
3406.25
 11
8505.8594
 21
1484.375
 31
3406.25
  0
LINE
  8
0
 10
8505.8594
 20
1484.375
 30
3406.25
 11
8496.0938
 21
1497.3958
 31
3401.0417
  0
LINE
  8
0
 10
8505.8594
 20
1458.3333
 30
3416.6667
 11
8515.625
 21
1393.2292
 31
3442.7083
  0
LINE
  8
0
 10
8515.625
 20
1393.2292
 30
3442.7083
 11
8505.8594
 21
1445.3125
 31
3421.875
  0
LINE
  8
0
 10
8505.8594
 20
1445.3125
 30
3421.875
 11
8505.8594
 21
1458.3333
 31
3416.6667
  0
LINE
  8
0
 10
9306.6406
 20
1458.3333
 30
3416.6667
 11
9277.3438
 21
1458.3333
 31
3416.6667
  0
LINE
  8
0
 10
9277.3438
 20
1458.3333
 30
3416.6667
 11
9316.4062
 21
1458.3333
 31
3416.6667
  0
LINE
  8
0
 10
9316.4062
 20
1458.3333
 30
3416.6667
 11
9306.6406
 21
1458.3333
 31
3416.6667
  0
LINE
  8
0
 10
722.6562
 20
1445.3125
 30
3421.875
 11
976.5625
 21
1432.2917
 31
3427.0833
  0
LINE
  8
0
 10
976.5625
 20
1432.2917
 30
3427.0833
 11
742.1875
 21
1445.3125
 31
3421.875
  0
LINE
  8
0
 10
742.1875
 20
1445.3125
 30
3421.875
 11
722.6562
 21
1393.2292
 31
3442.7083
  0
LINE
  8
0
 10
722.6562
 20
1393.2292
 30
3442.7083
 11
712.8906
 21
1432.2917
 31
3427.0833
  0
LINE
  8
0
 10
712.8906
 20
1432.2917
 30
3427.0833
 11
722.6562
 21
1445.3125
 31
3421.875
  0
LINE
  8
0
 10
9375.0
 20
1419.2708
 30
3432.2917
 11
9335.9375
 21
1354.1667
 31
3458.3333
  0
LINE
  8
0
 10
9335.9375
 20
1354.1667
 30
3458.3333
 11
9384.7656
 21
1315.1042
 31
3473.9583
  0
LINE
  8
0
 10
9384.7656
 20
1315.1042
 30
3473.9583
 11
9404.2969
 21
1341.1458
 31
3463.5417
  0
LINE
  8
0
 10
9404.2969
 20
1341.1458
 30
3463.5417
 11
9375.0
 21
1406.25
 31
3437.5
  0
LINE
  8
0
 10
9375.0
 20
1406.25
 30
3437.5
 11
9375.0
 21
1419.2708
 31
3432.2917
  0
LINE
  8
0
 10
1894.5312
 20
1406.25
 30
3437.5
 11
1855.4688
 21
1380.2083
 31
3447.9167
  0
LINE
  8
0
 10
1855.4688
 20
1380.2083
 30
3447.9167
 11
1884.7656
 21
1393.2292
 31
3442.7083
  0
LINE
  8
0
 10
1884.7656
 20
1393.2292
 30
3442.7083
 11
1894.5312
 21
1406.25
 31
3437.5
  0
LINE
  8
0
 10
751.9531
 20
1380.2083
 30
3447.9167
 11
820.3125
 21
1367.1875
 31
3453.125
  0
LINE
  8
0
 10
820.3125
 20
1367.1875
 30
3453.125
 11
751.9531
 21
1354.1667
 31
3458.3333
  0
LINE
  8
0
 10
751.9531
 20
1354.1667
 30
3458.3333
 11
781.25
 21
1367.1875
 31
3453.125
  0
LINE
  8
0
 10
781.25
 20
1367.1875
 30
3453.125
 11
761.7188
 21
1380.2083
 31
3447.9167
  0
LINE
  8
0
 10
761.7188
 20
1380.2083
 30
3447.9167
 11
751.9531
 21
1380.2083
 31
3447.9167
  0
LINE
  8
0
 10
1679.6875
 20
1380.2083
 30
3447.9167
 11
1699.2188
 21
1250.0
 31
3500.0
  0
LINE
  8
0
 10
1699.2188
 20
1250.0
 30
3500.0
 11
1640.625
 21
1197.9167
 31
3520.8333
  0
LINE
  8
0
 10
1640.625
 20
1197.9167
 30
3520.8333
 11
1689.4531
 21
1263.0208
 31
3494.7917
  0
LINE
  8
0
 10
1689.4531
 20
1263.0208
 30
3494.7917
 11
1669.9219
 21
1367.1875
 31
3453.125
  0
LINE
  8
0
 10
1669.9219
 20
1367.1875
 30
3453.125
 11
1679.6875
 21
1380.2083
 31
3447.9167
  0
LINE
  8
0
 10
9052.7344
 20
1380.2083
 30
3447.9167
 11
9091.7969
 21
1380.2083
 31
3447.9167
  0
LINE
  8
0
 10
9091.7969
 20
1380.2083
 30
3447.9167
 11
9052.7344
 21
1354.1667
 31
3458.3333
  0
LINE
  8
0
 10
9052.7344
 20
1354.1667
 30
3458.3333
 11
9072.2656
 21
1328.125
 31
3468.75
  0
LINE
  8
0
 10
9072.2656
 20
1328.125
 30
3468.75
 11
9023.4375
 21
1328.125
 31
3468.75
  0
LINE
  8
0
 10
9023.4375
 20
1328.125
 30
3468.75
 11
9052.7344
 21
1328.125
 31
3468.75
  0
LINE
  8
0
 10
9052.7344
 20
1328.125
 30
3468.75
 11
9052.7344
 21
1367.1875
 31
3453.125
  0
LINE
  8
0
 10
9052.7344
 20
1367.1875
 30
3453.125
 11
9052.7344
 21
1380.2083
 31
3447.9167
  0
LINE
  8
0
 10
1748.0469
 20
1367.1875
 30
3453.125
 11
1835.9375
 21
1354.1667
 31
3458.3333
  0
LINE
  8
0
 10
1835.9375
 20
1354.1667
 30
3458.3333
 11
1748.0469
 21
1354.1667
 31
3458.3333
  0
LINE
  8
0
 10
1748.0469
 20
1354.1667
 30
3458.3333
 11
1748.0469
 21
1367.1875
 31
3453.125
  0
LINE
  8
0
 10
9443.3594
 20
1367.1875
 30
3453.125
 11
9404.2969
 21
1354.1667
 31
3458.3333
  0
LINE
  8
0
 10
9404.2969
 20
1354.1667
 30
3458.3333
 11
9423.8281
 21
1315.1042
 31
3473.9583
  0
LINE
  8
0
 10
9423.8281
 20
1315.1042
 30
3473.9583
 11
9609.375
 21
1263.0208
 31
3494.7917
  0
LINE
  8
0
 10
9609.375
 20
1263.0208
 30
3494.7917
 11
9453.125
 21
1367.1875
 31
3453.125
  0
LINE
  8
0
 10
9453.125
 20
1367.1875
 30
3453.125
 11
9443.3594
 21
1367.1875
 31
3453.125
  0
LINE
  8
0
 10
9433.5938
 20
1354.1667
 30
3458.3333
 11
9404.2969
 21
1354.1667
 31
3458.3333
  0
LINE
  8
0
 10
9404.2969
 20
1354.1667
 30
3458.3333
 11
9492.1875
 21
1276.0417
 31
3489.5833
  0
LINE
  8
0
 10
9492.1875
 20
1276.0417
 30
3489.5833
 11
9609.375
 21
1263.0208
 31
3494.7917
  0
LINE
  8
0
 10
9609.375
 20
1263.0208
 30
3494.7917
 11
9443.3594
 21
1367.1875
 31
3453.125
  0
LINE
  8
0
 10
9443.3594
 20
1367.1875
 30
3453.125
 11
9433.5938
 21
1354.1667
 31
3458.3333
  0
LINE
  8
0
 10
9316.4062
 20
1341.1458
 30
3463.5417
 11
9257.8125
 21
1341.1458
 31
3463.5417
  0
LINE
  8
0
 10
9257.8125
 20
1341.1458
 30
3463.5417
 11
9306.6406
 21
1328.125
 31
3468.75
  0
LINE
  8
0
 10
9306.6406
 20
1328.125
 30
3468.75
 11
9316.4062
 21
1341.1458
 31
3463.5417
  0
LINE
  8
0
 10
9150.3906
 20
1328.125
 30
3468.75
 11
9091.7969
 21
1289.0625
 31
3484.375
  0
LINE
  8
0
 10
9091.7969
 20
1289.0625
 30
3484.375
 11
9111.3281
 21
1276.0417
 31
3489.5833
  0
LINE
  8
0
 10
9111.3281
 20
1276.0417
 30
3489.5833
 11
9082.0312
 21
1302.0833
 31
3479.1667
  0
LINE
  8
0
 10
9082.0312
 20
1302.0833
 30
3479.1667
 11
9140.625
 21
1315.1042
 31
3473.9583
  0
LINE
  8
0
 10
9140.625
 20
1315.1042
 30
3473.9583
 11
9150.3906
 21
1328.125
 31
3468.75
  0
LINE
  8
0
 10
830.0781
 20
1315.1042
 30
3473.9583
 11
976.5625
 21
1289.0625
 31
3484.375
  0
LINE
  8
0
 10
976.5625
 20
1289.0625
 30
3484.375
 11
957.0312
 21
1263.0208
 31
3494.7917
  0
LINE
  8
0
 10
957.0312
 20
1263.0208
 30
3494.7917
 11
996.0938
 21
1236.9792
 31
3505.2083
  0
LINE
  8
0
 10
996.0938
 20
1236.9792
 30
3505.2083
 11
966.7969
 21
1171.875
 31
3531.25
  0
LINE
  8
0
 10
966.7969
 20
1171.875
 30
3531.25
 11
996.0938
 21
1080.7292
 31
3567.7083
  0
LINE
  8
0
 10
996.0938
 20
1080.7292
 30
3567.7083
 11
957.0312
 21
1067.7083
 31
3572.9167
  0
LINE
  8
0
 10
957.0312
 20
1067.7083
 30
3572.9167
 11
947.2656
 21
950.5208
 31
3619.7917
  0
LINE
  8
0
 10
947.2656
 20
950.5208
 30
3619.7917
 11
996.0938
 21
885.4167
 31
3645.8333
  0
LINE
  8
0
 10
996.0938
 20
885.4167
 30
3645.8333
 11
947.2656
 21
846.3542
 31
3661.4583
  0
LINE
  8
0
 10
947.2656
 20
846.3542
 30
3661.4583
 11
947.2656
 21
794.2708
 31
3682.2917
  0
LINE
  8
0
 10
947.2656
 20
794.2708
 30
3682.2917
 11
927.7344
 21
846.3542
 31
3661.4583
  0
LINE
  8
0
 10
927.7344
 20
846.3542
 30
3661.4583
 11
908.2031
 21
781.25
 31
3687.5
  0
LINE
  8
0
 10
908.2031
 20
781.25
 30
3687.5
 11
927.7344
 21
703.125
 31
3718.75
  0
LINE
  8
0
 10
927.7344
 20
703.125
 30
3718.75
 11
957.0312
 21
716.1458
 31
3713.5417
  0
LINE
  8
0
 10
957.0312
 20
716.1458
 30
3713.5417
 11
927.7344
 21
651.0417
 31
3739.5833
  0
LINE
  8
0
 10
927.7344
 20
651.0417
 30
3739.5833
 11
966.7969
 21
625.0
 31
3750.0
  0
LINE
  8
0
 10
966.7969
 20
625.0
 30
3750.0
 11
917.9688
 21
533.8542
 31
3786.4583
  0
LINE
  8
0
 10
917.9688
 20
533.8542
 30
3786.4583
 11
986.3281
 21
546.875
 31
3781.25
  0
LINE
  8
0
 10
986.3281
 20
546.875
 30
3781.25
 11
937.5
 21
455.7292
 31
3817.7083
  0
LINE
  8
0
 10
937.5
 20
455.7292
 30
3817.7083
 11
976.5625
 21
377.6042
 31
3848.9583
  0
LINE
  8
0
 10
976.5625
 20
377.6042
 30
3848.9583
 11
937.5
 21
312.5
 31
3875.0
  0
LINE
  8
0
 10
937.5
 20
312.5
 30
3875.0
 11
957.0312
 21
273.4375
 31
3890.625
  0
LINE
  8
0
 10
957.0312
 20
273.4375
 30
3890.625
 11
917.9688
 21
299.4792
 31
3880.2083
  0
LINE
  8
0
 10
917.9688
 20
299.4792
 30
3880.2083
 11
898.4375
 21
221.3542
 31
3911.4583
  0
LINE
  8
0
 10
898.4375
 20
221.3542
 30
3911.4583
 11
810.5469
 21
182.2917
 31
3927.0833
  0
LINE
  8
0
 10
810.5469
 20
182.2917
 30
3927.0833
 11
693.3594
 21
208.3333
 31
3916.6667
  0
LINE
  8
0
 10
693.3594
 20
208.3333
 30
3916.6667
 11
625.0
 21
143.2292
 31
3942.7083
  0
LINE
  8
0
 10
625.0
 20
143.2292
 30
3942.7083
 11
820.3125
 21
130.2083
 31
3947.9167
  0
LINE
  8
0
 10
820.3125
 20
130.2083
 30
3947.9167
 11
605.4688
 21
104.1667
 31
3958.3333
  0
LINE
  8
0
 10
605.4688
 20
104.1667
 30
3958.3333
 11
595.7031
 21
65.1042
 31
3973.9583
  0
LINE
  8
0
 10
595.7031
 20
65.1042
 30
3973.9583
 11
625.0
 21
52.0833
 31
3979.1667
  0
LINE
  8
0
 10
625.0
 20
52.0833
 30
3979.1667
 11
576.1719
 21
65.1042
 31
3973.9583
  0
LINE
  8
0
 10
576.1719
 20
65.1042
 30
3973.9583
 11
576.1719
 21
104.1667
 31
3958.3333
  0
LINE
  8
0
 10
576.1719
 20
104.1667
 30
3958.3333
 11
615.2344
 21
117.1875
 31
3953.125
  0
LINE
  8
0
 10
615.2344
 20
117.1875
 30
3953.125
 11
576.1719
 21
130.2083
 31
3947.9167
  0
LINE
  8
0
 10
576.1719
 20
130.2083
 30
3947.9167
 11
625.0
 21
156.25
 31
3937.5
  0
LINE
  8
0
 10
625.0
 20
156.25
 30
3937.5
 11
527.3438
 21
195.3125
 31
3921.875
  0
LINE
  8
0
 10
527.3438
 20
195.3125
 30
3921.875
 11
556.6406
 21
221.3542
 31
3911.4583
  0
LINE
  8
0
 10
556.6406
 20
221.3542
 30
3911.4583
 11
537.1094
 21
338.5417
 31
3864.5833
  0
LINE
  8
0
 10
537.1094
 20
338.5417
 30
3864.5833
 11
595.7031
 21
403.6458
 31
3838.5417
  0
LINE
  8
0
 10
595.7031
 20
403.6458
 30
3838.5417
 11
566.4062
 21
325.5208
 31
3869.7917
  0
LINE
  8
0
 10
566.4062
 20
325.5208
 30
3869.7917
 11
605.4688
 21
260.4167
 31
3895.8333
  0
LINE
  8
0
 10
605.4688
 20
260.4167
 30
3895.8333
 11
742.1875
 21
273.4375
 31
3890.625
  0
LINE
  8
0
 10
742.1875
 20
273.4375
 30
3890.625
 11
781.25
 21
325.5208
 31
3869.7917
  0
LINE
  8
0
 10
781.25
 20
325.5208
 30
3869.7917
 11
742.1875
 21
260.4167
 31
3895.8333
  0
LINE
  8
0
 10
742.1875
 20
260.4167
 30
3895.8333
 11
761.7188
 21
234.375
 31
3906.25
  0
LINE
  8
0
 10
761.7188
 20
234.375
 30
3906.25
 11
869.1406
 21
286.4583
 31
3885.4167
  0
LINE
  8
0
 10
869.1406
 20
286.4583
 30
3885.4167
 11
800.7812
 21
273.4375
 31
3890.625
  0
LINE
  8
0
 10
800.7812
 20
273.4375
 30
3890.625
 11
869.1406
 21
338.5417
 31
3864.5833
  0
LINE
  8
0
 10
869.1406
 20
338.5417
 30
3864.5833
 11
654.2969
 21
429.6875
 31
3828.125
  0
LINE
  8
0
 10
654.2969
 20
429.6875
 30
3828.125
 11
693.3594
 21
455.7292
 31
3817.7083
  0
LINE
  8
0
 10
693.3594
 20
455.7292
 30
3817.7083
 11
781.25
 21
377.6042
 31
3848.9583
  0
LINE
  8
0
 10
781.25
 20
377.6042
 30
3848.9583
 11
781.25
 21
468.75
 31
3812.5
  0
LINE
  8
0
 10
781.25
 20
468.75
 30
3812.5
 11
810.5469
 21
468.75
 31
3812.5
  0
LINE
  8
0
 10
810.5469
 20
468.75
 30
3812.5
 11
781.25
 21
429.6875
 31
3828.125
  0
LINE
  8
0
 10
781.25
 20
429.6875
 30
3828.125
 11
791.0156
 21
377.6042
 31
3848.9583
  0
LINE
  8
0
 10
791.0156
 20
377.6042
 30
3848.9583
 11
859.375
 21
377.6042
 31
3848.9583
  0
LINE
  8
0
 10
859.375
 20
377.6042
 30
3848.9583
 11
859.375
 21
507.8125
 31
3796.875
  0
LINE
  8
0
 10
859.375
 20
507.8125
 30
3796.875
 11
888.6719
 21
507.8125
 31
3796.875
  0
LINE
  8
0
 10
888.6719
 20
507.8125
 30
3796.875
 11
859.375
 21
664.0625
 31
3734.375
  0
LINE
  8
0
 10
859.375
 20
664.0625
 30
3734.375
 11
898.4375
 21
729.1667
 31
3708.3333
  0
LINE
  8
0
 10
898.4375
 20
729.1667
 30
3708.3333
 11
849.6094
 21
729.1667
 31
3708.3333
  0
LINE
  8
0
 10
849.6094
 20
729.1667
 30
3708.3333
 11
878.9062
 21
859.375
 31
3656.25
  0
LINE
  8
0
 10
878.9062
 20
859.375
 30
3656.25
 11
917.9688
 21
885.4167
 31
3645.8333
  0
LINE
  8
0
 10
917.9688
 20
885.4167
 30
3645.8333
 11
888.6719
 21
885.4167
 31
3645.8333
  0
LINE
  8
0
 10
888.6719
 20
885.4167
 30
3645.8333
 11
878.9062
 21
950.5208
 31
3619.7917
  0
LINE
  8
0
 10
878.9062
 20
950.5208
 30
3619.7917
 11
927.7344
 21
1106.7708
 31
3557.2917
  0
LINE
  8
0
 10
927.7344
 20
1106.7708
 30
3557.2917
 11
830.0781
 21
1119.7917
 31
3552.0833
  0
LINE
  8
0
 10
830.0781
 20
1119.7917
 30
3552.0833
 11
703.125
 21
1054.6875
 31
3578.125
  0
LINE
  8
0
 10
703.125
 20
1054.6875
 30
3578.125
 11
761.7188
 21
1119.7917
 31
3552.0833
  0
LINE
  8
0
 10
761.7188
 20
1119.7917
 30
3552.0833
 11
927.7344
 21
1119.7917
 31
3552.0833
  0
LINE
  8
0
 10
927.7344
 20
1119.7917
 30
3552.0833
 11
937.5
 21
1171.875
 31
3531.25
  0
LINE
  8
0
 10
937.5
 20
1171.875
 30
3531.25
 11
878.9062
 21
1236.9792
 31
3505.2083
  0
LINE
  8
0
 10
878.9062
 20
1236.9792
 30
3505.2083
 11
742.1875
 21
1223.9583
 31
3510.4167
  0
LINE
  8
0
 10
742.1875
 20
1223.9583
 30
3510.4167
 11
742.1875
 21
1132.8125
 31
3546.875
  0
LINE
  8
0
 10
742.1875
 20
1132.8125
 30
3546.875
 11
693.3594
 21
1145.8333
 31
3541.6667
  0
LINE
  8
0
 10
693.3594
 20
1145.8333
 30
3541.6667
 11
615.2344
 21
1080.7292
 31
3567.7083
  0
LINE
  8
0
 10
615.2344
 20
1080.7292
 30
3567.7083
 11
654.2969
 21
1054.6875
 31
3578.125
  0
LINE
  8
0
 10
654.2969
 20
1054.6875
 30
3578.125
 11
664.0625
 21
1093.75
 31
3562.5
  0
LINE
  8
0
 10
664.0625
 20
1093.75
 30
3562.5
 11
673.8281
 21
1054.6875
 31
3578.125
  0
LINE
  8
0
 10
673.8281
 20
1054.6875
 30
3578.125
 11
615.2344
 21
1028.6458
 31
3588.5417
  0
LINE
  8
0
 10
615.2344
 20
1028.6458
 30
3588.5417
 11
644.5312
 21
989.5833
 31
3604.1667
  0
LINE
  8
0
 10
644.5312
 20
989.5833
 30
3604.1667
 11
595.7031
 21
937.5
 31
3625.0
  0
LINE
  8
0
 10
595.7031
 20
937.5
 30
3625.0
 11
605.4688
 21
664.0625
 31
3734.375
  0
LINE
  8
0
 10
605.4688
 20
664.0625
 30
3734.375
 11
556.6406
 21
611.9792
 31
3755.2083
  0
LINE
  8
0
 10
556.6406
 20
611.9792
 30
3755.2083
 11
605.4688
 21
507.8125
 31
3796.875
  0
LINE
  8
0
 10
605.4688
 20
507.8125
 30
3796.875
 11
634.7656
 21
533.8542
 31
3786.4583
  0
LINE
  8
0
 10
634.7656
 20
533.8542
 30
3786.4583
 11
566.4062
 21
455.7292
 31
3817.7083
  0
LINE
  8
0
 10
566.4062
 20
455.7292
 30
3817.7083
 11
576.1719
 21
429.6875
 31
3828.125
  0
LINE
  8
0
 10
576.1719
 20
429.6875
 30
3828.125
 11
537.1094
 21
403.6458
 31
3838.5417
  0
LINE
  8
0
 10
537.1094
 20
403.6458
 30
3838.5417
 11
537.1094
 21
533.8542
 31
3786.4583
  0
LINE
  8
0
 10
537.1094
 20
533.8542
 30
3786.4583
 11
458.9844
 21
481.7708
 31
3807.2917
  0
LINE
  8
0
 10
458.9844
 20
481.7708
 30
3807.2917
 11
468.75
 21
533.8542
 31
3786.4583
  0
LINE
  8
0
 10
468.75
 20
533.8542
 30
3786.4583
 11
390.625
 21
546.875
 31
3781.25
  0
LINE
  8
0
 10
390.625
 20
546.875
 30
3781.25
 11
410.1562
 21
638.0208
 31
3744.7917
  0
LINE
  8
0
 10
410.1562
 20
638.0208
 30
3744.7917
 11
527.3438
 21
611.9792
 31
3755.2083
  0
LINE
  8
0
 10
527.3438
 20
611.9792
 30
3755.2083
 11
488.2812
 21
572.9167
 31
3770.8333
  0
LINE
  8
0
 10
488.2812
 20
572.9167
 30
3770.8333
 11
488.2812
 21
507.8125
 31
3796.875
  0
LINE
  8
0
 10
488.2812
 20
507.8125
 30
3796.875
 11
566.4062
 21
546.875
 31
3781.25
  0
LINE
  8
0
 10
566.4062
 20
546.875
 30
3781.25
 11
537.1094
 21
585.9375
 31
3765.625
  0
LINE
  8
0
 10
537.1094
 20
585.9375
 30
3765.625
 11
566.4062
 21
677.0833
 31
3729.1667
  0
LINE
  8
0
 10
566.4062
 20
677.0833
 30
3729.1667
 11
546.875
 21
950.5208
 31
3619.7917
  0
LINE
  8
0
 10
546.875
 20
950.5208
 30
3619.7917
 11
507.8125
 21
924.4792
 31
3630.2083
  0
LINE
  8
0
 10
507.8125
 20
924.4792
 30
3630.2083
 11
517.5781
 21
846.3542
 31
3661.4583
  0
LINE
  8
0
 10
517.5781
 20
846.3542
 30
3661.4583
 11
488.2812
 21
846.3542
 31
3661.4583
  0
LINE
  8
0
 10
488.2812
 20
846.3542
 30
3661.4583
 11
517.5781
 21
820.3125
 31
3671.875
  0
LINE
  8
0
 10
517.5781
 20
820.3125
 30
3671.875
 11
507.8125
 21
755.2083
 31
3697.9167
  0
LINE
  8
0
 10
507.8125
 20
755.2083
 30
3697.9167
 11
498.0469
 21
807.2917
 31
3677.0833
  0
LINE
  8
0
 10
498.0469
 20
807.2917
 30
3677.0833
 11
458.9844
 21
768.2292
 31
3692.7083
  0
LINE
  8
0
 10
458.9844
 20
768.2292
 30
3692.7083
 11
439.4531
 21
807.2917
 31
3677.0833
  0
LINE
  8
0
 10
439.4531
 20
807.2917
 30
3677.0833
 11
332.0312
 21
781.25
 31
3687.5
  0
LINE
  8
0
 10
332.0312
 20
781.25
 30
3687.5
 11
380.8594
 21
807.2917
 31
3677.0833
  0
LINE
  8
0
 10
380.8594
 20
807.2917
 30
3677.0833
 11
292.9688
 21
820.3125
 31
3671.875
  0
LINE
  8
0
 10
292.9688
 20
820.3125
 30
3671.875
 11
214.8438
 21
742.1875
 31
3703.125
  0
LINE
  8
0
 10
214.8438
 20
742.1875
 30
3703.125
 11
224.6094
 21
703.125
 31
3718.75
  0
LINE
  8
0
 10
224.6094
 20
703.125
 30
3718.75
 11
175.7812
 21
690.1042
 31
3723.9583
  0
LINE
  8
0
 10
175.7812
 20
690.1042
 30
3723.9583
 11
156.25
 21
598.9583
 31
3760.4167
  0
LINE
  8
0
 10
156.25
 20
598.9583
 30
3760.4167
 11
175.7812
 21
572.9167
 31
3770.8333
  0
LINE
  8
0
 10
175.7812
 20
572.9167
 30
3770.8333
 11
214.8438
 21
638.0208
 31
3744.7917
  0
LINE
  8
0
 10
214.8438
 20
638.0208
 30
3744.7917
 11
195.3125
 21
533.8542
 31
3786.4583
  0
LINE
  8
0
 10
195.3125
 20
533.8542
 30
3786.4583
 11
224.6094
 21
520.8333
 31
3791.6667
  0
LINE
  8
0
 10
224.6094
 20
520.8333
 30
3791.6667
 11
185.5469
 21
481.7708
 31
3807.2917
  0
LINE
  8
0
 10
185.5469
 20
481.7708
 30
3807.2917
 11
234.375
 21
468.75
 31
3812.5
  0
LINE
  8
0
 10
234.375
 20
468.75
 30
3812.5
 11
185.5469
 21
455.7292
 31
3817.7083
  0
LINE
  8
0
 10
185.5469
 20
455.7292
 30
3817.7083
 11
166.0156
 21
364.5833
 31
3854.1667
  0
LINE
  8
0
 10
166.0156
 20
364.5833
 30
3854.1667
 11
195.3125
 21
338.5417
 31
3864.5833
  0
LINE
  8
0
 10
195.3125
 20
338.5417
 30
3864.5833
 11
205.0781
 21
234.375
 31
3906.25
  0
LINE
  8
0
 10
205.0781
 20
234.375
 30
3906.25
 11
156.25
 21
208.3333
 31
3916.6667
  0
LINE
  8
0
 10
156.25
 20
208.3333
 30
3916.6667
 11
224.6094
 21
195.3125
 31
3921.875
  0
LINE
  8
0
 10
224.6094
 20
195.3125
 30
3921.875
 11
166.0156
 21
130.2083
 31
3947.9167
  0
LINE
  8
0
 10
166.0156
 20
130.2083
 30
3947.9167
 11
175.7812
 21
52.0833
 31
3979.1667
  0
LINE
  8
0
 10
175.7812
 20
52.0833
 30
3979.1667
 11
322.2656
 21
39.0625
 31
3984.375
  0
LINE
  8
0
 10
322.2656
 20
39.0625
 30
3984.375
 11
117.1875
 21
26.0417
 31
3989.5833
  0
LINE
  8
0
 10
117.1875
 20
26.0417
 30
3989.5833
 11
97.6562
 21
117.1875
 31
3953.125
  0
LINE
  8
0
 10
97.6562
 20
117.1875
 30
3953.125
 11
126.9531
 21
117.1875
 31
3953.125
  0
LINE
  8
0
 10
126.9531
 20
117.1875
 30
3953.125
 11
136.7188
 21
208.3333
 31
3916.6667
  0
LINE
  8
0
 10
136.7188
 20
208.3333
 30
3916.6667
 11
97.6562
 21
234.375
 31
3906.25
  0
LINE
  8
0
 10
97.6562
 20
234.375
 30
3906.25
 11
136.7188
 21
260.4167
 31
3895.8333
  0
LINE
  8
0
 10
136.7188
 20
260.4167
 30
3895.8333
 11
117.1875
 21
364.5833
 31
3854.1667
  0
LINE
  8
0
 10
117.1875
 20
364.5833
 30
3854.1667
 11
166.0156
 21
403.6458
 31
3838.5417
  0
LINE
  8
0
 10
166.0156
 20
403.6458
 30
3838.5417
 11
136.7188
 21
403.6458
 31
3838.5417
  0
LINE
  8
0
 10
136.7188
 20
403.6458
 30
3838.5417
 11
146.4844
 21
481.7708
 31
3807.2917
  0
LINE
  8
0
 10
146.4844
 20
481.7708
 30
3807.2917
 11
126.9531
 21
442.7083
 31
3822.9167
  0
LINE
  8
0
 10
126.9531
 20
442.7083
 30
3822.9167
 11
97.6562
 21
481.7708
 31
3807.2917
  0
LINE
  8
0
 10
97.6562
 20
481.7708
 30
3807.2917
 11
136.7188
 21
494.7917
 31
3802.0833
  0
LINE
  8
0
 10
136.7188
 20
494.7917
 30
3802.0833
 11
126.9531
 21
559.8958
 31
3776.0417
  0
LINE
  8
0
 10
126.9531
 20
559.8958
 30
3776.0417
 11
166.0156
 21
559.8958
 31
3776.0417
  0
LINE
  8
0
 10
166.0156
 20
559.8958
 30
3776.0417
 11
166.0156
 21
703.125
 31
3718.75
  0
LINE
  8
0
 10
166.0156
 20
703.125
 30
3718.75
 11
126.9531
 21
690.1042
 31
3723.9583
  0
LINE
  8
0
 10
126.9531
 20
690.1042
 30
3723.9583
 11
166.0156
 21
768.2292
 31
3692.7083
  0
LINE
  8
0
 10
166.0156
 20
768.2292
 30
3692.7083
 11
156.25
 21
911.4583
 31
3635.4167
  0
LINE
  8
0
 10
156.25
 20
911.4583
 30
3635.4167
 11
214.8438
 21
911.4583
 31
3635.4167
  0
LINE
  8
0
 10
214.8438
 20
911.4583
 30
3635.4167
 11
156.25
 21
885.4167
 31
3645.8333
  0
LINE
  8
0
 10
156.25
 20
885.4167
 30
3645.8333
 11
166.0156
 21
846.3542
 31
3661.4583
  0
LINE
  8
0
 10
166.0156
 20
846.3542
 30
3661.4583
 11
214.8438
 21
872.3958
 31
3651.0417
  0
LINE
  8
0
 10
214.8438
 20
872.3958
 30
3651.0417
 11
214.8438
 21
807.2917
 31
3677.0833
  0
LINE
  8
0
 10
214.8438
 20
807.2917
 30
3677.0833
 11
351.5625
 21
833.3333
 31
3666.6667
  0
LINE
  8
0
 10
351.5625
 20
833.3333
 30
3666.6667
 11
322.2656
 21
885.4167
 31
3645.8333
  0
LINE
  8
0
 10
322.2656
 20
885.4167
 30
3645.8333
 11
244.1406
 21
885.4167
 31
3645.8333
  0
LINE
  8
0
 10
244.1406
 20
885.4167
 30
3645.8333
 11
332.0312
 21
911.4583
 31
3635.4167
  0
LINE
  8
0
 10
332.0312
 20
911.4583
 30
3635.4167
 11
263.6719
 21
924.4792
 31
3630.2083
  0
LINE
  8
0
 10
263.6719
 20
924.4792
 30
3630.2083
 11
283.2031
 21
937.5
 31
3625.0
  0
LINE
  8
0
 10
283.2031
 20
937.5
 30
3625.0
 11
478.5156
 21
937.5
 31
3625.0
  0
LINE
  8
0
 10
478.5156
 20
937.5
 30
3625.0
 11
205.0781
 21
950.5208
 31
3619.7917
  0
LINE
  8
0
 10
205.0781
 20
950.5208
 30
3619.7917
 11
312.5
 21
989.5833
 31
3604.1667
  0
LINE
  8
0
 10
312.5
 20
989.5833
 30
3604.1667
 11
546.875
 21
950.5208
 31
3619.7917
  0
LINE
  8
0
 10
546.875
 20
950.5208
 30
3619.7917
 11
576.1719
 21
1067.7083
 31
3572.9167
  0
LINE
  8
0
 10
576.1719
 20
1067.7083
 30
3572.9167
 11
634.7656
 21
1119.7917
 31
3552.0833
  0
LINE
  8
0
 10
634.7656
 20
1119.7917
 30
3552.0833
 11
566.4062
 21
1119.7917
 31
3552.0833
  0
LINE
  8
0
 10
566.4062
 20
1119.7917
 30
3552.0833
 11
703.125
 21
1171.875
 31
3531.25
  0
LINE
  8
0
 10
703.125
 20
1171.875
 30
3531.25
 11
664.0625
 21
1210.9375
 31
3515.625
  0
LINE
  8
0
 10
664.0625
 20
1210.9375
 30
3515.625
 11
566.4062
 21
1158.8542
 31
3536.4583
  0
LINE
  8
0
 10
566.4062
 20
1158.8542
 30
3536.4583
 11
654.2969
 21
1250.0
 31
3500.0
  0
LINE
  8
0
 10
654.2969
 20
1250.0
 30
3500.0
 11
625.0
 21
1289.0625
 31
3484.375
  0
LINE
  8
0
 10
625.0
 20
1289.0625
 30
3484.375
 11
820.3125
 21
1302.0833
 31
3479.1667
  0
LINE
  8
0
 10
820.3125
 20
1302.0833
 30
3479.1667
 11
830.0781
 21
1315.1042
 31
3473.9583
  0
LINE
  8
0
 10
9833.9844
 20
1302.0833
 30
3479.1667
 11
9794.9219
 21
1302.0833
 31
3479.1667
  0
LINE
  8
0
 10
9794.9219
 20
1302.0833
 30
3479.1667
 11
9843.75
 21
1289.0625
 31
3484.375
  0
LINE
  8
0
 10
9843.75
 20
1289.0625
 30
3484.375
 11
9833.9844
 21
1302.0833
 31
3479.1667
  0
LINE
  8
0
 10
732.4219
 20
1250.0
 30
3500.0
 11
654.2969
 21
1250.0
 31
3500.0
  0
LINE
  8
0
 10
654.2969
 20
1250.0
 30
3500.0
 11
722.6562
 21
1236.9792
 31
3505.2083
  0
LINE
  8
0
 10
722.6562
 20
1236.9792
 30
3505.2083
 11
732.4219
 21
1250.0
 31
3500.0
  0
LINE
  8
0
 10
781.25
 20
1250.0
 30
3500.0
 11
732.4219
 21
1250.0
 31
3500.0
  0
LINE
  8
0
 10
732.4219
 20
1250.0
 30
3500.0
 11
771.4844
 21
1236.9792
 31
3505.2083
  0
LINE
  8
0
 10
771.4844
 20
1236.9792
 30
3505.2083
 11
781.25
 21
1250.0
 31
3500.0
  0
LINE
  8
0
 10
9658.2031
 20
1250.0
 30
3500.0
 11
9619.1406
 21
1236.9792
 31
3505.2083
  0
LINE
  8
0
 10
9619.1406
 20
1236.9792
 30
3505.2083
 11
9658.2031
 21
1223.9583
 31
3510.4167
  0
LINE
  8
0
 10
9658.2031
 20
1223.9583
 30
3510.4167
 11
9619.1406
 21
1210.9375
 31
3515.625
  0
LINE
  8
0
 10
9619.1406
 20
1210.9375
 30
3515.625
 11
9658.2031
 21
1197.9167
 31
3520.8333
  0
LINE
  8
0
 10
9658.2031
 20
1197.9167
 30
3520.8333
 11
9648.4375
 21
1158.8542
 31
3536.4583
  0
LINE
  8
0
 10
9648.4375
 20
1158.8542
 30
3536.4583
 11
9697.2656
 21
1223.9583
 31
3510.4167
  0
LINE
  8
0
 10
9697.2656
 20
1223.9583
 30
3510.4167
 11
9667.9688
 21
1250.0
 31
3500.0
  0
LINE
  8
0
 10
9667.9688
 20
1250.0
 30
3500.0
 11
9658.2031
 21
1250.0
 31
3500.0
  0
LINE
  8
0
 10
9921.875
 20
1250.0
 30
3500.0
 11
9824.2188
 21
1263.0208
 31
3494.7917
  0
LINE
  8
0
 10
9824.2188
 20
1263.0208
 30
3494.7917
 11
9824.2188
 21
1210.9375
 31
3515.625
  0
LINE
  8
0
 10
9824.2188
 20
1210.9375
 30
3515.625
 11
9892.5781
 21
1197.9167
 31
3520.8333
  0
LINE
  8
0
 10
9892.5781
 20
1197.9167
 30
3520.8333
 11
9833.9844
 21
1197.9167
 31
3520.8333
  0
LINE
  8
0
 10
9833.9844
 20
1197.9167
 30
3520.8333
 11
9824.2188
 21
1158.8542
 31
3536.4583
  0
LINE
  8
0
 10
9824.2188
 20
1158.8542
 30
3536.4583
 11
9882.8125
 21
1158.8542
 31
3536.4583
  0
LINE
  8
0
 10
9882.8125
 20
1158.8542
 30
3536.4583
 11
9902.3438
 21
1093.75
 31
3562.5
  0
LINE
  8
0
 10
9902.3438
 20
1093.75
 30
3562.5
 11
9970.7031
 21
1067.7083
 31
3572.9167
  0
LINE
  8
0
 10
9970.7031
 20
1067.7083
 30
3572.9167
 11
9980.4688
 21
1119.7917
 31
3552.0833
  0
LINE
  8
0
 10
9980.4688
 20
1119.7917
 30
3552.0833
 11
9921.875
 21
1197.9167
 31
3520.8333
  0
LINE
  8
0
 10
9921.875
 20
1197.9167
 30
3520.8333
 11
9941.4062
 21
1210.9375
 31
3515.625
  0
LINE
  8
0
 10
9941.4062
 20
1210.9375
 30
3515.625
 11
9882.8125
 21
1236.9792
 31
3505.2083
  0
LINE
  8
0
 10
9882.8125
 20
1236.9792
 30
3505.2083
 11
9912.1094
 21
1236.9792
 31
3505.2083
  0
LINE
  8
0
 10
9912.1094
 20
1236.9792
 30
3505.2083
 11
9921.875
 21
1250.0
 31
3500.0
  0
LINE
  8
0
 10
322.2656
 20
1236.9792
 30
3505.2083
 11
468.75
 21
1236.9792
 31
3505.2083
  0
LINE
  8
0
 10
468.75
 20
1236.9792
 30
3505.2083
 11
332.0312
 21
1223.9583
 31
3510.4167
  0
LINE
  8
0
 10
332.0312
 20
1223.9583
 30
3510.4167
 11
322.2656
 21
1236.9792
 31
3505.2083
  0
LINE
  8
0
 10
976.5625
 20
1223.9583
 30
3510.4167
 11
927.7344
 21
1197.9167
 31
3520.8333
  0
LINE
  8
0
 10
927.7344
 20
1197.9167
 30
3520.8333
 11
976.5625
 21
1210.9375
 31
3515.625
  0
LINE
  8
0
 10
976.5625
 20
1210.9375
 30
3515.625
 11
976.5625
 21
1223.9583
 31
3510.4167
  0
LINE
  8
0
 10
9160.1562
 20
1223.9583
 30
3510.4167
 11
9160.1562
 21
1041.6667
 31
3583.3333
  0
LINE
  8
0
 10
9160.1562
 20
1041.6667
 30
3583.3333
 11
9130.8594
 21
1015.625
 31
3593.75
  0
LINE
  8
0
 10
9130.8594
 20
1015.625
 30
3593.75
 11
9150.3906
 21
1210.9375
 31
3515.625
  0
LINE
  8
0
 10
9150.3906
 20
1210.9375
 30
3515.625
 11
9160.1562
 21
1223.9583
 31
3510.4167
  0
LINE
  8
0
 10
429.6875
 20
1197.9167
 30
3520.8333
 11
468.75
 21
1197.9167
 31
3520.8333
  0
LINE
  8
0
 10
468.75
 20
1197.9167
 30
3520.8333
 11
322.2656
 21
1171.875
 31
3531.25
  0
LINE
  8
0
 10
322.2656
 20
1171.875
 30
3531.25
 11
419.9219
 21
1184.8958
 31
3526.0417
  0
LINE
  8
0
 10
419.9219
 20
1184.8958
 30
3526.0417
 11
429.6875
 21
1197.9167
 31
3520.8333
  0
LINE
  8
0
 10
9746.0938
 20
1184.8958
 30
3526.0417
 11
9707.0312
 21
1184.8958
 31
3526.0417
  0
LINE
  8
0
 10
9707.0312
 20
1184.8958
 30
3526.0417
 11
9755.8594
 21
1145.8333
 31
3541.6667
  0
LINE
  8
0
 10
9755.8594
 20
1145.8333
 30
3541.6667
 11
9814.4531
 21
1171.875
 31
3531.25
  0
LINE
  8
0
 10
9814.4531
 20
1171.875
 30
3531.25
 11
9755.8594
 21
1184.8958
 31
3526.0417
  0
LINE
  8
0
 10
9755.8594
 20
1184.8958
 30
3526.0417
 11
9746.0938
 21
1184.8958
 31
3526.0417
  0
LINE
  8
0
 10
9902.3438
 20
1171.875
 30
3531.25
 11
9941.4062
 21
1106.7708
 31
3557.2917
  0
LINE
  8
0
 10
9941.4062
 20
1106.7708
 30
3557.2917
 11
9912.1094
 21
1171.875
 31
3531.25
  0
LINE
  8
0
 10
9912.1094
 20
1171.875
 30
3531.25
 11
9902.3438
 21
1171.875
 31
3531.25
  0
LINE
  8
0
 10
9697.2656
 20
1145.8333
 30
3541.6667
 11
9628.9062
 21
1171.875
 31
3531.25
  0
LINE
  8
0
 10
9628.9062
 20
1171.875
 30
3531.25
 11
9609.375
 21
1067.7083
 31
3572.9167
  0
LINE
  8
0
 10
9609.375
 20
1067.7083
 30
3572.9167
 11
9785.1562
 21
1067.7083
 31
3572.9167
  0
LINE
  8
0
 10
9785.1562
 20
1067.7083
 30
3572.9167
 11
9746.0938
 21
1106.7708
 31
3557.2917
  0
LINE
  8
0
 10
9746.0938
 20
1106.7708
 30
3557.2917
 11
9658.2031
 21
1093.75
 31
3562.5
  0
LINE
  8
0
 10
9658.2031
 20
1093.75
 30
3562.5
 11
9707.0312
 21
1093.75
 31
3562.5
  0
LINE
  8
0
 10
9707.0312
 20
1093.75
 30
3562.5
 11
9697.2656
 21
1132.8125
 31
3546.875
  0
LINE
  8
0
 10
9697.2656
 20
1132.8125
 30
3546.875
 11
9697.2656
 21
1145.8333
 31
3541.6667
  0
LINE
  8
0
 10
2275.3906
 20
1132.8125
 30
3546.875
 11
2324.2188
 21
1132.8125
 31
3546.875
  0
LINE
  8
0
 10
2324.2188
 20
1132.8125
 30
3546.875
 11
2265.625
 21
1119.7917
 31
3552.0833
  0
LINE
  8
0
 10
2265.625
 20
1119.7917
 30
3552.0833
 11
2275.3906
 21
1132.8125
 31
3546.875
  0
LINE
  8
0
 10
2050.7812
 20
1119.7917
 30
3552.0833
 11
2148.4375
 21
1119.7917
 31
3552.0833
  0
LINE
  8
0
 10
2148.4375
 20
1119.7917
 30
3552.0833
 11
2060.5469
 21
1119.7917
 31
3552.0833
  0
LINE
  8
0
 10
2060.5469
 20
1119.7917
 30
3552.0833
 11
2050.7812
 21
1119.7917
 31
3552.0833
  0
LINE
  8
0
 10
9833.9844
 20
1119.7917
 30
3552.0833
 11
9755.8594
 21
1119.7917
 31
3552.0833
  0
LINE
  8
0
 10
9755.8594
 20
1119.7917
 30
3552.0833
 11
9794.9219
 21
1067.7083
 31
3572.9167
  0
LINE
  8
0
 10
9794.9219
 20
1067.7083
 30
3572.9167
 11
9853.5156
 21
1067.7083
 31
3572.9167
  0
LINE
  8
0
 10
9853.5156
 20
1067.7083
 30
3572.9167
 11
9873.0469
 21
1106.7708
 31
3557.2917
  0
LINE
  8
0
 10
9873.0469
 20
1106.7708
 30
3557.2917
 11
9843.75
 21
1132.8125
 31
3546.875
  0
LINE
  8
0
 10
9843.75
 20
1132.8125
 30
3546.875
 11
9833.9844
 21
1119.7917
 31
3552.0833
  0
LINE
  8
0
 10
2070.3125
 20
1093.75
 30
3562.5
 11
2138.6719
 21
1093.75
 31
3562.5
  0
LINE
  8
0
 10
2138.6719
 20
1093.75
 30
3562.5
 11
2070.3125
 21
1080.7292
 31
3567.7083
  0
LINE
  8
0
 10
2070.3125
 20
1080.7292
 30
3567.7083
 11
2070.3125
 21
1093.75
 31
3562.5
  0
LINE
  8
0
 10
2265.625
 20
1093.75
 30
3562.5
 11
2324.2188
 21
1080.7292
 31
3567.7083
  0
LINE
  8
0
 10
2324.2188
 20
1080.7292
 30
3567.7083
 11
2255.8594
 21
1080.7292
 31
3567.7083
  0
LINE
  8
0
 10
2255.8594
 20
1080.7292
 30
3567.7083
 11
2265.625
 21
1093.75
 31
3562.5
  0
LINE
  8
0
 10
429.6875
 20
1080.7292
 30
3567.7083
 11
498.0469
 21
1080.7292
 31
3567.7083
  0
LINE
  8
0
 10
498.0469
 20
1080.7292
 30
3567.7083
 11
429.6875
 21
1067.7083
 31
3572.9167
  0
LINE
  8
0
 10
429.6875
 20
1067.7083
 30
3572.9167
 11
429.6875
 21
1080.7292
 31
3567.7083
  0
LINE
  8
0
 10
1416.0156
 20
1067.7083
 30
3572.9167
 11
1464.8438
 21
1080.7292
 31
3567.7083
  0
LINE
  8
0
 10
1464.8438
 20
1080.7292
 30
3567.7083
 11
1425.7812
 21
1067.7083
 31
3572.9167
  0
LINE
  8
0
 10
1425.7812
 20
1067.7083
 30
3572.9167
 11
1416.0156
 21
1067.7083
 31
3572.9167
  0
LINE
  8
0
 10
8505.8594
 20
1067.7083
 30
3572.9167
 11
8496.0938
 21
1015.625
 31
3593.75
  0
LINE
  8
0
 10
8496.0938
 20
1015.625
 30
3593.75
 11
8505.8594
 21
1054.6875
 31
3578.125
  0
LINE
  8
0
 10
8505.8594
 20
1054.6875
 30
3578.125
 11
8505.8594
 21
1067.7083
 31
3572.9167
  0
LINE
  8
0
 10
1738.2812
 20
1054.6875
 30
3578.125
 11
1875.0
 21
1041.6667
 31
3583.3333
  0
LINE
  8
0
 10
1875.0
 20
1041.6667
 30
3583.3333
 11
1748.0469
 21
1041.6667
 31
3583.3333
  0
LINE
  8
0
 10
1748.0469
 20
1041.6667
 30
3583.3333
 11
1738.2812
 21
1054.6875
 31
3578.125
  0
LINE
  8
0
 10
2724.6094
 20
1054.6875
 30
3578.125
 11
2763.6719
 21
1054.6875
 31
3578.125
  0
LINE
  8
0
 10
2763.6719
 20
1054.6875
 30
3578.125
 11
2714.8438
 21
1041.6667
 31
3583.3333
  0
LINE
  8
0
 10
2714.8438
 20
1041.6667
 30
3583.3333
 11
2724.6094
 21
1054.6875
 31
3578.125
  0
LINE
  8
0
 10
1230.4688
 20
1028.6458
 30
3588.5417
 11
1289.0625
 21
1028.6458
 31
3588.5417
  0
LINE
  8
0
 10
1289.0625
 20
1028.6458
 30
3588.5417
 11
1240.2344
 21
1028.6458
 31
3588.5417
  0
LINE
  8
0
 10
1240.2344
 20
1028.6458
 30
3588.5417
 11
1230.4688
 21
1028.6458
 31
3588.5417
  0
LINE
  8
0
 10
429.6875
 20
1015.625
 30
3593.75
 11
498.0469
 21
1015.625
 31
3593.75
  0
LINE
  8
0
 10
498.0469
 20
1015.625
 30
3593.75
 11
439.4531
 21
1015.625
 31
3593.75
  0
LINE
  8
0
 10
439.4531
 20
1015.625
 30
3593.75
 11
429.6875
 21
1015.625
 31
3593.75
  0
LINE
  8
0
 10
1650.3906
 20
1002.6042
 30
3598.9583
 11
1611.3281
 21
1015.625
 31
3593.75
  0
LINE
  8
0
 10
1611.3281
 20
1015.625
 30
3593.75
 11
1621.0938
 21
950.5208
 31
3619.7917
  0
LINE
  8
0
 10
1621.0938
 20
950.5208
 30
3619.7917
 11
1640.625
 21
989.5833
 31
3604.1667
  0
LINE
  8
0
 10
1640.625
 20
989.5833
 30
3604.1667
 11
1650.3906
 21
1002.6042
 31
3598.9583
  0
LINE
  8
0
 10
8574.2188
 20
989.5833
 30
3604.1667
 11
8525.3906
 21
989.5833
 31
3604.1667
  0
LINE
  8
0
 10
8525.3906
 20
989.5833
 30
3604.1667
 11
8564.4531
 21
976.5625
 31
3609.375
  0
LINE
  8
0
 10
8564.4531
 20
976.5625
 30
3609.375
 11
8574.2188
 21
989.5833
 31
3604.1667
  0
LINE
  8
0
 10
9150.3906
 20
989.5833
 30
3604.1667
 11
9169.9219
 21
924.4792
 31
3630.2083
  0
LINE
  8
0
 10
9169.9219
 20
924.4792
 30
3630.2083
 11
9150.3906
 21
976.5625
 31
3609.375
  0
LINE
  8
0
 10
9150.3906
 20
976.5625
 30
3609.375
 11
9150.3906
 21
989.5833
 31
3604.1667
  0
LINE
  8
0
 10
1611.3281
 20
950.5208
 30
3619.7917
 11
1582.0312
 21
937.5
 31
3625.0
  0
LINE
  8
0
 10
1582.0312
 20
937.5
 30
3625.0
 11
1660.1562
 21
937.5
 31
3625.0
  0
LINE
  8
0
 10
1660.1562
 20
937.5
 30
3625.0
 11
1621.0938
 21
950.5208
 31
3619.7917
  0
LINE
  8
0
 10
1621.0938
 20
950.5208
 30
3619.7917
 11
1611.3281
 21
950.5208
 31
3619.7917
  0
LINE
  8
0
 10
478.5156
 20
911.4583
 30
3635.4167
 11
449.2188
 21
924.4792
 31
3630.2083
  0
LINE
  8
0
 10
449.2188
 20
924.4792
 30
3630.2083
 11
410.1562
 21
846.3542
 31
3661.4583
  0
LINE
  8
0
 10
410.1562
 20
846.3542
 30
3661.4583
 11
468.75
 21
820.3125
 31
3671.875
  0
LINE
  8
0
 10
468.75
 20
820.3125
 30
3671.875
 11
488.2812
 21
898.4375
 31
3640.625
  0
LINE
  8
0
 10
488.2812
 20
898.4375
 30
3640.625
 11
478.5156
 21
911.4583
 31
3635.4167
  0
LINE
  8
0
 10
1621.0938
 20
885.4167
 30
3645.8333
 11
1591.7969
 21
872.3958
 31
3651.0417
  0
LINE
  8
0
 10
1591.7969
 20
872.3958
 30
3651.0417
 11
1640.625
 21
859.375
 31
3656.25
  0
LINE
  8
0
 10
1640.625
 20
859.375
 30
3656.25
 11
1630.8594
 21
885.4167
 31
3645.8333
  0
LINE
  8
0
 10
1630.8594
 20
885.4167
 30
3645.8333
 11
1621.0938
 21
885.4167
 31
3645.8333
  0
LINE
  8
0
 10
2802.7344
 20
885.4167
 30
3645.8333
 11
2851.5625
 21
885.4167
 31
3645.8333
  0
LINE
  8
0
 10
2851.5625
 20
885.4167
 30
3645.8333
 11
2812.5
 21
885.4167
 31
3645.8333
  0
LINE
  8
0
 10
2812.5
 20
885.4167
 30
3645.8333
 11
2802.7344
 21
885.4167
 31
3645.8333
  0
LINE
  8
0
 10
8300.7812
 20
885.4167
 30
3645.8333
 11
8437.5
 21
872.3958
 31
3651.0417
  0
LINE
  8
0
 10
8437.5
 20
872.3958
 30
3651.0417
 11
8310.5469
 21
885.4167
 31
3645.8333
  0
LINE
  8
0
 10
8310.5469
 20
885.4167
 30
3645.8333
 11
8300.7812
 21
885.4167
 31
3645.8333
  0
LINE
  8
0
 10
1640.625
 20
846.3542
 30
3661.4583
 11
1582.0312
 21
846.3542
 31
3661.4583
  0
LINE
  8
0
 10
1582.0312
 20
846.3542
 30
3661.4583
 11
1630.8594
 21
833.3333
 31
3666.6667
  0
LINE
  8
0
 10
1630.8594
 20
833.3333
 30
3666.6667
 11
1640.625
 21
846.3542
 31
3661.4583
  0
LINE
  8
0
 10
1621.0938
 20
820.3125
 30
3671.875
 11
1572.2656
 21
807.2917
 31
3677.0833
  0
LINE
  8
0
 10
1572.2656
 20
807.2917
 30
3677.0833
 11
1611.3281
 21
807.2917
 31
3677.0833
  0
LINE
  8
0
 10
1611.3281
 20
807.2917
 30
3677.0833
 11
1621.0938
 21
820.3125
 31
3671.875
  0
LINE
  8
0
 10
9619.1406
 20
794.2708
 30
3682.2917
 11
9648.4375
 21
768.2292
 31
3692.7083
  0
LINE
  8
0
 10
9648.4375
 20
768.2292
 30
3692.7083
 11
9619.1406
 21
781.25
 31
3687.5
  0
LINE
  8
0
 10
9619.1406
 20
781.25
 30
3687.5
 11
9619.1406
 21
794.2708
 31
3682.2917
  0
LINE
  8
0
 10
332.0312
 20
690.1042
 30
3723.9583
 11
371.0938
 21
690.1042
 31
3723.9583
  0
LINE
  8
0
 10
371.0938
 20
690.1042
 30
3723.9583
 11
322.2656
 21
677.0833
 31
3729.1667
  0
LINE
  8
0
 10
322.2656
 20
677.0833
 30
3729.1667
 11
332.0312
 21
690.1042
 31
3723.9583
  0
LINE
  8
0
 10
1542.9688
 20
664.0625
 30
3734.375
 11
1640.625
 21
651.0417
 31
3739.5833
  0
LINE
  8
0
 10
1640.625
 20
651.0417
 30
3739.5833
 11
1552.7344
 21
664.0625
 31
3734.375
  0
LINE
  8
0
 10
1552.7344
 20
664.0625
 30
3734.375
 11
1542.9688
 21
664.0625
 31
3734.375
  0
LINE
  8
0
 10
351.5625
 20
651.0417
 30
3739.5833
 11
380.8594
 21
651.0417
 31
3739.5833
  0
LINE
  8
0
 10
380.8594
 20
651.0417
 30
3739.5833
 11
341.7969
 21
638.0208
 31
3744.7917
  0
LINE
  8
0
 10
341.7969
 20
638.0208
 30
3744.7917
 11
351.5625
 21
651.0417
 31
3739.5833
  0
LINE
  8
0
 10
947.2656
 20
625.0
 30
3750.0
 11
917.9688
 21
598.9583
 31
3760.4167
  0
LINE
  8
0
 10
917.9688
 20
598.9583
 30
3760.4167
 11
947.2656
 21
611.9792
 31
3755.2083
  0
LINE
  8
0
 10
947.2656
 20
611.9792
 30
3755.2083
 11
947.2656
 21
625.0
 31
3750.0
  0
LINE
  8
0
 10
1757.8125
 20
625.0
 30
3750.0
 11
1699.2188
 21
611.9792
 31
3755.2083
  0
LINE
  8
0
 10
1699.2188
 20
611.9792
 30
3755.2083
 11
1748.0469
 21
611.9792
 31
3755.2083
  0
LINE
  8
0
 10
1748.0469
 20
611.9792
 30
3755.2083
 11
1757.8125
 21
625.0
 31
3750.0
  0
LINE
  8
0
 10
1660.1562
 20
611.9792
 30
3755.2083
 11
1640.625
 21
572.9167
 31
3770.8333
  0
LINE
  8
0
 10
1640.625
 20
572.9167
 30
3770.8333
 11
1552.7344
 21
572.9167
 31
3770.8333
  0
LINE
  8
0
 10
1552.7344
 20
572.9167
 30
3770.8333
 11
1650.3906
 21
598.9583
 31
3760.4167
  0
LINE
  8
0
 10
1650.3906
 20
598.9583
 30
3760.4167
 11
1660.1562
 21
611.9792
 31
3755.2083
  0
LINE
  8
0
 10
9199.2188
 20
585.9375
 30
3765.625
 11
9169.9219
 21
585.9375
 31
3765.625
  0
LINE
  8
0
 10
9169.9219
 20
585.9375
 30
3765.625
 11
9199.2188
 21
546.875
 31
3781.25
  0
LINE
  8
0
 10
9199.2188
 20
546.875
 30
3781.25
 11
9208.9844
 21
585.9375
 31
3765.625
  0
LINE
  8
0
 10
9208.9844
 20
585.9375
 30
3765.625
 11
9199.2188
 21
585.9375
 31
3765.625
  0
LINE
  8
0
 10
9228.5156
 20
533.8542
 30
3786.4583
 11
9199.2188
 21
494.7917
 31
3802.0833
  0
LINE
  8
0
 10
9199.2188
 20
494.7917
 30
3802.0833
 11
9228.5156
 21
520.8333
 31
3791.6667
  0
LINE
  8
0
 10
9228.5156
 20
520.8333
 30
3791.6667
 11
9228.5156
 21
533.8542
 31
3786.4583
  0
LINE
  8
0
 10
400.3906
 20
481.7708
 30
3807.2917
 11
439.4531
 21
481.7708
 31
3807.2917
  0
LINE
  8
0
 10
439.4531
 20
481.7708
 30
3807.2917
 11
361.3281
 21
468.75
 31
3812.5
  0
LINE
  8
0
 10
361.3281
 20
468.75
 30
3812.5
 11
390.625
 21
468.75
 31
3812.5
  0
LINE
  8
0
 10
390.625
 20
468.75
 30
3812.5
 11
400.3906
 21
481.7708
 31
3807.2917
  0
LINE
  8
0
 10
927.7344
 20
481.7708
 30
3807.2917
 11
898.4375
 21
455.7292
 31
3817.7083
  0
LINE
  8
0
 10
898.4375
 20
455.7292
 30
3817.7083
 11
917.9688
 21
429.6875
 31
3828.125
  0
LINE
  8
0
 10
917.9688
 20
429.6875
 30
3828.125
 11
927.7344
 21
468.75
 31
3812.5
  0
LINE
  8
0
 10
927.7344
 20
468.75
 30
3812.5
 11
927.7344
 21
481.7708
 31
3807.2917
  0
LINE
  8
0
 10
449.2188
 20
429.6875
 30
3828.125
 11
488.2812
 21
390.625
 31
3843.75
  0
LINE
  8
0
 10
488.2812
 20
390.625
 30
3843.75
 11
478.5156
 21
273.4375
 31
3890.625
  0
LINE
  8
0
 10
478.5156
 20
273.4375
 30
3890.625
 11
507.8125
 21
273.4375
 31
3890.625
  0
LINE
  8
0
 10
507.8125
 20
273.4375
 30
3890.625
 11
478.5156
 21
208.3333
 31
3916.6667
  0
LINE
  8
0
 10
478.5156
 20
208.3333
 30
3916.6667
 11
410.1562
 21
169.2708
 31
3932.2917
  0
LINE
  8
0
 10
410.1562
 20
169.2708
 30
3932.2917
 11
390.625
 21
208.3333
 31
3916.6667
  0
LINE
  8
0
 10
390.625
 20
208.3333
 30
3916.6667
 11
351.5625
 21
169.2708
 31
3932.2917
  0
LINE
  8
0
 10
351.5625
 20
169.2708
 30
3932.2917
 11
371.0938
 21
156.25
 31
3937.5
  0
LINE
  8
0
 10
371.0938
 20
156.25
 30
3937.5
 11
253.9062
 21
117.1875
 31
3953.125
  0
LINE
  8
0
 10
253.9062
 20
117.1875
 30
3953.125
 11
351.5625
 21
156.25
 31
3937.5
  0
LINE
  8
0
 10
351.5625
 20
156.25
 30
3937.5
 11
351.5625
 21
208.3333
 31
3916.6667
  0
LINE
  8
0
 10
351.5625
 20
208.3333
 30
3916.6667
 11
292.9688
 21
247.3958
 31
3901.0417
  0
LINE
  8
0
 10
292.9688
 20
247.3958
 30
3901.0417
 11
341.7969
 21
247.3958
 31
3901.0417
  0
LINE
  8
0
 10
341.7969
 20
247.3958
 30
3901.0417
 11
302.7344
 21
234.375
 31
3906.25
  0
LINE
  8
0
 10
302.7344
 20
234.375
 30
3906.25
 11
351.5625
 21
208.3333
 31
3916.6667
  0
LINE
  8
0
 10
351.5625
 20
208.3333
 30
3916.6667
 11
400.3906
 21
234.375
 31
3906.25
  0
LINE
  8
0
 10
400.3906
 20
234.375
 30
3906.25
 11
400.3906
 21
195.3125
 31
3921.875
  0
LINE
  8
0
 10
400.3906
 20
195.3125
 30
3921.875
 11
458.9844
 21
234.375
 31
3906.25
  0
LINE
  8
0
 10
458.9844
 20
234.375
 30
3906.25
 11
478.5156
 21
390.625
 31
3843.75
  0
LINE
  8
0
 10
478.5156
 20
390.625
 30
3843.75
 11
390.625
 21
390.625
 31
3843.75
  0
LINE
  8
0
 10
390.625
 20
390.625
 30
3843.75
 11
439.4531
 21
416.6667
 31
3833.3333
  0
LINE
  8
0
 10
439.4531
 20
416.6667
 30
3833.3333
 11
449.2188
 21
429.6875
 31
3828.125
  0
LINE
  8
0
 10
751.9531
 20
403.6458
 30
3838.5417
 11
703.125
 21
403.6458
 31
3838.5417
  0
LINE
  8
0
 10
703.125
 20
403.6458
 30
3838.5417
 11
742.1875
 21
390.625
 31
3843.75
  0
LINE
  8
0
 10
742.1875
 20
390.625
 30
3843.75
 11
751.9531
 21
403.6458
 31
3838.5417
  0
LINE
  8
0
 10
947.2656
 20
403.6458
 30
3838.5417
 11
937.5
 21
429.6875
 31
3828.125
  0
LINE
  8
0
 10
937.5
 20
429.6875
 30
3828.125
 11
898.4375
 21
364.5833
 31
3854.1667
  0
LINE
  8
0
 10
898.4375
 20
364.5833
 30
3854.1667
 11
937.5
 21
325.5208
 31
3869.7917
  0
LINE
  8
0
 10
937.5
 20
325.5208
 30
3869.7917
 11
957.0312
 21
390.625
 31
3843.75
  0
LINE
  8
0
 10
957.0312
 20
390.625
 30
3843.75
 11
947.2656
 21
403.6458
 31
3838.5417
  0
LINE
  8
0
 10
1044.9219
 20
351.5625
 30
3859.375
 11
1074.2188
 21
338.5417
 31
3864.5833
  0
LINE
  8
0
 10
1074.2188
 20
338.5417
 30
3864.5833
 11
1025.3906
 21
325.5208
 31
3869.7917
  0
LINE
  8
0
 10
1025.3906
 20
325.5208
 30
3869.7917
 11
1054.6875
 21
351.5625
 31
3859.375
  0
LINE
  8
0
 10
1054.6875
 20
351.5625
 30
3859.375
 11
1044.9219
 21
351.5625
 31
3859.375
  0
LINE
  8
0
 10
898.4375
 20
299.4792
 30
3880.2083
 11
878.9062
 21
312.5
 31
3875.0
  0
LINE
  8
0
 10
878.9062
 20
312.5
 30
3875.0
 11
859.375
 21
260.4167
 31
3895.8333
  0
LINE
  8
0
 10
859.375
 20
260.4167
 30
3895.8333
 11
898.4375
 21
286.4583
 31
3885.4167
  0
LINE
  8
0
 10
898.4375
 20
286.4583
 30
3885.4167
 11
898.4375
 21
299.4792
 31
3880.2083
  0
LINE
  8
0
 10
9248.0469
 20
273.4375
 30
3890.625
 11
9238.2812
 21
234.375
 31
3906.25
  0
LINE
  8
0
 10
9238.2812
 20
234.375
 30
3906.25
 11
9208.9844
 21
247.3958
 31
3901.0417
  0
LINE
  8
0
 10
9208.9844
 20
247.3958
 30
3901.0417
 11
9248.0469
 21
195.3125
 31
3921.875
  0
LINE
  8
0
 10
9248.0469
 20
195.3125
 30
3921.875
 11
9287.1094
 21
234.375
 31
3906.25
  0
LINE
  8
0
 10
9287.1094
 20
234.375
 30
3906.25
 11
9257.8125
 21
273.4375
 31
3890.625
  0
LINE
  8
0
 10
9257.8125
 20
273.4375
 30
3890.625
 11
9248.0469
 21
273.4375
 31
3890.625
  0
LINE
  8
0
 10
664.0625
 20
247.3958
 30
3901.0417
 11
615.2344
 21
234.375
 31
3906.25
  0
LINE
  8
0
 10
615.2344
 20
234.375
 30
3906.25
 11
732.4219
 21
234.375
 31
3906.25
  0
LINE
  8
0
 10
732.4219
 20
234.375
 30
3906.25
 11
673.8281
 21
247.3958
 31
3901.0417
  0
LINE
  8
0
 10
673.8281
 20
247.3958
 30
3901.0417
 11
664.0625
 21
247.3958
 31
3901.0417
  0
LINE
  8
0
 10
683.5938
 20
208.3333
 30
3916.6667
 11
576.1719
 21
195.3125
 31
3921.875
  0
LINE
  8
0
 10
576.1719
 20
195.3125
 30
3921.875
 11
673.8281
 21
195.3125
 31
3921.875
  0
LINE
  8
0
 10
673.8281
 20
195.3125
 30
3921.875
 11
683.5938
 21
208.3333
 31
3916.6667
  0
LINE
  8
0
 10
9316.4062
 20
104.1667
 30
3958.3333
 11
9267.5781
 21
104.1667
 31
3958.3333
  0
LINE
  8
0
 10
9267.5781
 20
104.1667
 30
3958.3333
 11
9306.6406
 21
91.1458
 31
3963.5417
  0
LINE
  8
0
 10
9306.6406
 20
91.1458
 30
3963.5417
 11
9316.4062
 21
104.1667
 31
3958.3333
  0
LINE
  8
0
 10
722.6562
 20
91.1458
 30
3963.5417
 11
722.6562
 21
52.0833
 31
3979.1667
  0
LINE
  8
0
 10
722.6562
 20
52.0833
 30
3979.1667
 11
654.2969
 21
26.0417
 31
3989.5833
  0
LINE
  8
0
 10
654.2969
 20
26.0417
 30
3989.5833
 11
722.6562
 21
78.125
 31
3968.75
  0
LINE
  8
0
 10
722.6562
 20
78.125
 30
3968.75
 11
722.6562
 21
91.1458
 31
3963.5417
  0
LINE
  8
0
 10
9160.1562
 20
52.0833
 30
3979.1667
 11
9189.4531
 21
65.1042
 31
3973.9583
  0
LINE
  8
0
 10
9189.4531
 20
65.1042
 30
3973.9583
 11
9169.9219
 21
52.0833
 31
3979.1667
  0
LINE
  8
0
 10
9169.9219
 20
52.0833
 30
3979.1667
 11
9199.2188
 21
26.0417
 31
3989.5833
  0
LINE
  8
0
 10
9199.2188
 20
26.0417
 30
3989.5833
 11
9169.9219
 21
39.0625
 31
3984.375
  0
LINE
  8
0
 10
9169.9219
 20
39.0625
 30
3984.375
 11
9160.1562
 21
52.0833
 31
3979.1667
  0
LINE
  8
0
 10
1024.3529
 20
24942.1809
 30
13.0077
 11
1341.4146
 21
24649.5086
 31
130.0766
  0
LINE
  8
0
 10
1341.4146
 20
24649.5086
 30
130.0766
 11
2414.5462
 21
23251.1855
 31
689.4058
  0
LINE
  8
0
 10
2414.5462
 20
23251.1855
 30
689.4058
 11
1024.3529
 21
24909.6617
 31
26.0153
  0
LINE
  8
0
 10
1024.3529
 20
24909.6617
 30
26.0153
 11
1024.3529
 21
24942.1809
 31
13.0077
  0
LINE
  8
0
 10
1365.8039
 20
24942.1809
 30
13.0077
 11
1365.8039
 21
24714.5469
 31
104.0612
  0
LINE
  8
0
 10
1365.8039
 20
24714.5469
 30
104.0612
 11
1365.8039
 21
24909.6617
 31
26.0153
  0
LINE
  8
0
 10
1365.8039
 20
24909.6617
 30
26.0153
 11
1365.8039
 21
24942.1809
 31
13.0077
  0
LINE
  8
0
 10
1975.5378
 20
24942.1809
 30
13.0077
 11
2707.2185
 21
24909.6617
 31
26.0153
  0
LINE
  8
0
 10
2707.2185
 20
24909.6617
 30
26.0153
 11
3048.6694
 21
24389.3555
 31
234.1378
  0
LINE
  8
0
 10
3048.6694
 20
24389.3555
 30
234.1378
 11
3073.0588
 21
24096.6832
 31
351.2067
  0
LINE
  8
0
 10
3073.0588
 20
24096.6832
 30
351.2067
 11
2853.5546
 21
23869.0492
 31
442.2603
  0
LINE
  8
0
 10
2853.5546
 20
23869.0492
 30
442.2603
 11
2414.5462
 21
23869.0492
 31
442.2603
  0
LINE
  8
0
 10
2414.5462
 20
23869.0492
 30
442.2603
 11
2097.4846
 21
24031.6449
 31
377.222
  0
LINE
  8
0
 10
2097.4846
 20
24031.6449
 30
377.222
 11
2048.7059
 21
23966.6066
 31
403.2373
  0
LINE
  8
0
 10
2048.7059
 20
23966.6066
 30
403.2373
 11
1731.6442
 21
24454.3937
 31
208.1225
  0
LINE
  8
0
 10
1731.6442
 20
24454.3937
 30
208.1225
 11
1780.4229
 21
24747.066
 31
91.0536
  0
LINE
  8
0
 10
1780.4229
 20
24747.066
 30
91.0536
 11
1951.1484
 21
24909.6617
 31
26.0153
  0
LINE
  8
0
 10
1951.1484
 20
24909.6617
 30
26.0153
 11
1975.5378
 21
24942.1809
 31
13.0077
  0
LINE
  8
0
 10
3634.014
 20
24942.1809
 30
13.0077
 11
3780.3501
 21
24942.1809
 31
13.0077
  0
LINE
  8
0
 10
3780.3501
 20
24942.1809
 30
13.0077
 11
3877.9075
 21
24812.1043
 31
65.0383
  0
LINE
  8
0
 10
3877.9075
 20
24812.1043
 30
65.0383
 11
4341.3053
 21
24064.1641
 31
364.2144
  0
LINE
  8
0
 10
4341.3053
 20
24064.1641
 30
364.2144
 11
4316.9159
 21
23966.6066
 31
403.2373
  0
LINE
  8
0
 10
4316.9159
 20
23966.6066
 30
403.2373
 11
4194.9691
 21
24031.6449
 31
377.222
  0
LINE
  8
0
 10
4194.9691
 20
24031.6449
 30
377.222
 11
3658.4033
 21
24909.6617
 31
26.0153
  0
LINE
  8
0
 10
3658.4033
 20
24909.6617
 30
26.0153
 11
3634.014
 21
24942.1809
 31
13.0077
  0
LINE
  8
0
 10
5975.3921
 20
24942.1809
 30
13.0077
 11
6341.2324
 21
24259.2789
 31
286.1684
  0
LINE
  8
0
 10
6341.2324
 20
24259.2789
 30
286.1684
 11
6072.9495
 21
24682.0277
 31
117.0689
  0
LINE
  8
0
 10
6072.9495
 20
24682.0277
 30
117.0689
 11
5877.8347
 21
24584.4703
 31
156.0919
  0
LINE
  8
0
 10
5877.8347
 20
24584.4703
 30
156.0919
 11
6097.3389
 21
24714.5469
 31
104.0612
  0
LINE
  8
0
 10
6097.3389
 20
24714.5469
 30
104.0612
 11
5999.7814
 21
24909.6617
 31
26.0153
  0
LINE
  8
0
 10
5999.7814
 20
24909.6617
 30
26.0153
 11
5975.3921
 21
24942.1809
 31
13.0077
  0
LINE
  8
0
 10
6268.0644
 20
24942.1809
 30
13.0077
 11
6463.1792
 21
24486.9129
 31
195.1148
  0
LINE
  8
0
 10
6463.1792
 20
24486.9129
 30
195.1148
 11
6268.0644
 21
24909.6617
 31
26.0153
  0
LINE
  8
0
 10
6268.0644
 20
24909.6617
 30
26.0153
 11
6268.0644
 21
24942.1809
 31
13.0077
  0
LINE
  8
0
 10
6682.6834
 20
24942.1809
 30
13.0077
 11
6829.0195
 21
24942.1809
 31
13.0077
  0
LINE
  8
0
 10
6829.0195
 20
24942.1809
 30
13.0077
 11
6658.294
 21
24909.6617
 31
26.0153
  0
LINE
  8
0
 10
6658.294
 20
24909.6617
 30
26.0153
 11
6682.6834
 21
24942.1809
 31
13.0077
  0
LINE
  8
0
 10
9243.5657
 20
24942.1809
 30
13.0077
 11
9389.9019
 21
24942.1809
 31
13.0077
  0
LINE
  8
0
 10
9389.9019
 20
24942.1809
 30
13.0077
 11
2146.2633
 21
22080.4965
 31
1157.6814
  0
LINE
  8
0
 10
2146.2633
 20
22080.4965
 30
1157.6814
 11
9219.1764
 21
24909.6617
 31
26.0153
  0
LINE
  8
0
 10
9219.1764
 20
24909.6617
 30
26.0153
 11
9243.5657
 21
24942.1809
 31
13.0077
  0
LINE
  8
0
 10
9999.6357
 20
24942.1809
 30
13.0077
 11
10145.9719
 21
24909.6617
 31
26.0153
  0
LINE
  8
0
 10
10145.9719
 20
24909.6617
 30
26.0153
 11
8609.4425
 21
24324.3172
 31
260.1531
  0
LINE
  8
0
 10
8609.4425
 20
24324.3172
 30
260.1531
 11
9560.6273
 21
21234.9988
 31
1495.8805
  0
LINE
  8
0
 10
9560.6273
 20
21234.9988
 30
1495.8805
 11
9999.6357
 21
21397.5945
 31
1430.8422
  0
LINE
  8
0
 10
9999.6357
 20
21397.5945
 30
1430.8422
 11
9975.2464
 21
21462.6328
 31
1404.8269
  0
LINE
  8
0
 10
9975.2464
 20
21462.6328
 30
1404.8269
 11
10243.5293
 21
21495.152
 31
1391.8192
  0
LINE
  8
0
 10
10243.5293
 20
21495.152
 30
1391.8192
 11
10219.1399
 21
21560.1902
 31
1365.8039
  0
LINE
  8
0
 10
10219.1399
 20
21560.1902
 30
1365.8039
 11
10316.6974
 21
21527.6711
 31
1378.8116
  0
LINE
  8
0
 10
10316.6974
 20
21527.6711
 30
1378.8116
 11
10292.308
 21
21592.7094
 31
1352.7962
  0
LINE
  8
0
 10
10292.308
 20
21592.7094
 30
1352.7962
 11
10755.7058
 21
21690.2668
 31
1313.7733
  0
LINE
  8
0
 10
10755.7058
 20
21690.2668
 30
1313.7733
 11
10731.3164
 21
21917.9008
 31
1222.7197
  0
LINE
  8
0
 10
10731.3164
 20
21917.9008
 30
1222.7197
 11
10804.4845
 21
21787.8242
 31
1274.7503
  0
LINE
  8
0
 10
10804.4845
 20
21787.8242
 30
1274.7503
 11
10755.7058
 21
21657.7477
 31
1326.7809
  0
LINE
  8
0
 10
10755.7058
 20
21657.7477
 30
1326.7809
 11
9536.238
 21
21169.9605
 31
1521.8958
  0
LINE
  8
0
 10
9536.238
 20
21169.9605
 30
1521.8958
 11
9438.6806
 21
21430.1137
 31
1417.8345
  0
LINE
  8
0
 10
9438.6806
 20
21430.1137
 30
1417.8345
 11
9414.2912
 21
21365.0754
 31
1443.8498
  0
LINE
  8
0
 10
9414.2912
 20
21365.0754
 30
1443.8498
 11
9389.9019
 21
21625.2285
 31
1339.7886
  0
LINE
  8
0
 10
9389.9019
 20
21625.2285
 30
1339.7886
 11
9292.3444
 21
21625.2285
 31
1339.7886
  0
LINE
  8
0
 10
9292.3444
 20
21625.2285
 30
1339.7886
 11
9341.1231
 21
21787.8242
 31
1274.7503
  0
LINE
  8
0
 10
9341.1231
 20
21787.8242
 30
1274.7503
 11
9267.9551
 21
21820.3434
 31
1261.7427
  0
LINE
  8
0
 10
9267.9551
 20
21820.3434
 30
1261.7427
 11
9097.2296
 21
22568.2836
 31
962.5666
  0
LINE
  8
0
 10
9097.2296
 20
22568.2836
 30
962.5666
 11
8975.2828
 21
22763.3984
 31
884.5206
  0
LINE
  8
0
 10
8975.2828
 20
22763.3984
 30
884.5206
 11
8780.168
 21
23608.8961
 31
546.3216
  0
LINE
  8
0
 10
8780.168
 20
23608.8961
 30
546.3216
 11
8511.8851
 21
24324.3172
 31
260.1531
  0
LINE
  8
0
 10
8511.8851
 20
24324.3172
 30
260.1531
 11
9975.2464
 21
24909.6617
 31
26.0153
  0
LINE
  8
0
 10
9975.2464
 20
24909.6617
 30
26.0153
 11
9999.6357
 21
24942.1809
 31
13.0077
  0
LINE
  8
0
 10
10219.1399
 20
24942.1809
 30
13.0077
 11
10609.3696
 21
22730.8793
 31
897.5283
  0
LINE
  8
0
 10
10609.3696
 20
22730.8793
 30
897.5283
 11
10219.1399
 21
24909.6617
 31
26.0153
  0
LINE
  8
0
 10
10219.1399
 20
24909.6617
 30
26.0153
 11
10219.1399
 21
24942.1809
 31
13.0077
  0
LINE
  8
0
 10
10365.4761
 20
24942.1809
 30
13.0077
 11
10780.0951
 21
22633.3219
 31
936.5512
  0
LINE
  8
0
 10
10780.0951
 20
22633.3219
 30
936.5512
 11
10365.4761
 21
24909.6617
 31
26.0153
  0
LINE
  8
0
 10
10365.4761
 20
24909.6617
 30
26.0153
 11
10365.4761
 21
24942.1809
 31
13.0077
  0
LINE
  8
0
 10
12194.6777
 20
24942.1809
 30
13.0077
 11
12292.2352
 21
22828.4367
 31
858.5053
  0
LINE
  8
0
 10
12292.2352
 20
22828.4367
 30
858.5053
 11
12438.5713
 21
22535.7645
 31
975.5742
  0
LINE
  8
0
 10
12438.5713
 20
22535.7645
 30
975.5742
 11
12389.7926
 21
23771.4918
 31
481.2833
  0
LINE
  8
0
 10
12389.7926
 20
23771.4918
 30
481.2833
 11
12462.9606
 21
23804.0109
 31
468.2756
  0
LINE
  8
0
 10
12462.9606
 20
23804.0109
 30
468.2756
 11
12462.9606
 21
23999.1258
 31
390.2297
  0
LINE
  8
0
 10
12462.9606
 20
23999.1258
 30
390.2297
 11
12414.1819
 21
23869.0492
 31
442.2603
  0
LINE
  8
0
 10
12414.1819
 20
23869.0492
 30
442.2603
 11
12389.7926
 21
24942.1809
 31
13.0077
  0
LINE
  8
0
 10
12389.7926
 20
24942.1809
 30
13.0077
 11
12487.35
 21
24942.1809
 31
13.0077
  0
LINE
  8
0
 10
12487.35
 20
24942.1809
 30
13.0077
 11
12511.7394
 21
24714.5469
 31
104.0612
  0
LINE
  8
0
 10
12511.7394
 20
24714.5469
 30
104.0612
 11
12462.9606
 21
24096.6832
 31
351.2067
  0
LINE
  8
0
 10
12462.9606
 20
24096.6832
 30
351.2067
 11
12609.2968
 21
24194.2406
 31
312.1837
  0
LINE
  8
0
 10
12609.2968
 20
24194.2406
 30
312.1837
 11
12609.2968
 21
24942.1809
 31
13.0077
  0
LINE
  8
0
 10
12609.2968
 20
24942.1809
 30
13.0077
 11
12633.6861
 21
24877.1426
 31
39.023
  0
LINE
  8
0
 10
12633.6861
 20
24877.1426
 30
39.023
 11
12633.6861
 21
24161.7215
 31
325.1914
  0
LINE
  8
0
 10
12633.6861
 20
24161.7215
 30
325.1914
 11
12560.5181
 21
24129.2023
 31
338.1991
  0
LINE
  8
0
 10
12560.5181
 20
24129.2023
 30
338.1991
 11
12560.5181
 21
23966.6066
 31
403.2373
  0
LINE
  8
0
 10
12560.5181
 20
23966.6066
 30
403.2373
 11
12511.7394
 21
24064.1641
 31
364.2144
  0
LINE
  8
0
 10
12511.7394
 20
24064.1641
 30
364.2144
 11
12536.1287
 21
22503.2453
 31
988.5819
  0
LINE
  8
0
 10
12536.1287
 20
22503.2453
 30
988.5819
 11
12658.0755
 21
22113.0156
 31
1144.6738
  0
LINE
  8
0
 10
12658.0755
 20
22113.0156
 30
1144.6738
 11
12828.801
 21
21917.9008
 31
1222.7197
  0
LINE
  8
0
 10
12828.801
 20
21917.9008
 30
1222.7197
 11
12828.801
 21
21755.3051
 31
1287.758
  0
LINE
  8
0
 10
12828.801
 20
21755.3051
 30
1287.758
 11
12511.7394
 21
21365.0754
 31
1443.8498
  0
LINE
  8
0
 10
12511.7394
 20
21365.0754
 30
1443.8498
 11
12145.899
 21
21397.5945
 31
1430.8422
  0
LINE
  8
0
 10
12145.899
 20
21397.5945
 30
1430.8422
 11
12170.2884
 21
21495.152
 31
1391.8192
  0
LINE
  8
0
 10
12170.2884
 20
21495.152
 30
1391.8192
 11
12097.1203
 21
21462.6328
 31
1404.8269
  0
LINE
  8
0
 10
12097.1203
 20
21462.6328
 30
1404.8269
 11
11926.3948
 21
21755.3051
 31
1287.758
  0
LINE
  8
0
 10
11926.3948
 20
21755.3051
 30
1287.758
 11
12292.2352
 21
22600.8027
 31
949.5589
  0
LINE
  8
0
 10
12292.2352
 20
22600.8027
 30
949.5589
 11
12194.6777
 21
24909.6617
 31
26.0153
  0
LINE
  8
0
 10
12194.6777
 20
24909.6617
 30
26.0153
 11
12194.6777
 21
24942.1809
 31
13.0077
  0
LINE
  8
0
 10
14243.3836
 20
24942.1809
 30
13.0077
 11
14170.2155
 21
24129.2023
 31
338.1991
  0
LINE
  8
0
 10
14170.2155
 20
24129.2023
 30
338.1991
 11
14243.3836
 21
24909.6617
 31
26.0153
  0
LINE
  8
0
 10
14243.3836
 20
24909.6617
 30
26.0153
 11
14243.3836
 21
24942.1809
 31
13.0077
  0
LINE
  8
0
 10
14365.3304
 20
24942.1809
 30
13.0077
 11
14389.7197
 21
24584.4703
 31
156.0919
  0
LINE
  8
0
 10
14389.7197
 20
24584.4703
 30
156.0919
 11
14170.2155
 21
22665.841
 31
923.5436
  0
LINE
  8
0
 10
14170.2155
 20
22665.841
 30
923.5436
 11
14365.3304
 21
24909.6617
 31
26.0153
  0
LINE
  8
0
 10
14365.3304
 20
24909.6617
 30
26.0153
 11
14365.3304
 21
24942.1809
 31
13.0077
  0
LINE
  8
0
 10
14731.1707
 20
24942.1809
 30
13.0077
 11
15072.6217
 21
24909.6617
 31
26.0153
  0
LINE
  8
0
 10
15072.6217
 20
24909.6617
 30
26.0153
 11
16023.8065
 21
24519.432
 31
182.1072
  0
LINE
  8
0
 10
16023.8065
 20
24519.432
 30
182.1072
 11
14755.5601
 21
24942.1809
 31
13.0077
  0
LINE
  8
0
 10
14755.5601
 20
24942.1809
 30
13.0077
 11
14731.1707
 21
24942.1809
 31
13.0077
  0
LINE
  8
0
 10
15657.9662
 20
24942.1809
 30
13.0077
 11
15950.6385
 21
24877.1426
 31
39.023
  0
LINE
  8
0
 10
15950.6385
 20
24877.1426
 30
39.023
 11
15682.3556
 21
24942.1809
 31
13.0077
  0
LINE
  8
0
 10
15682.3556
 20
24942.1809
 30
13.0077
 11
15657.9662
 21
24942.1809
 31
13.0077
  0
LINE
  8
0
 10
18145.6805
 20
24942.1809
 30
13.0077
 11
18096.9018
 21
24714.5469
 31
104.0612
  0
LINE
  8
0
 10
18096.9018
 20
24714.5469
 30
104.0612
 11
18145.6805
 21
24909.6617
 31
26.0153
  0
LINE
  8
0
 10
18145.6805
 20
24909.6617
 30
26.0153
 11
18145.6805
 21
24942.1809
 31
13.0077
  0
LINE
  8
0
 10
18413.9634
 20
24942.1809
 30
13.0077
 11
18340.7953
 21
24682.0277
 31
117.0689
  0
LINE
  8
0
 10
18340.7953
 20
24682.0277
 30
117.0689
 11
18389.574
 21
24909.6617
 31
26.0153
  0
LINE
  8
0
 10
18389.574
 20
24909.6617
 30
26.0153
 11
18413.9634
 21
24942.1809
 31
13.0077
  0
LINE
  8
0
 10
18755.4144
 20
24942.1809
 30
13.0077
 11
19048.0866
 21
24877.1426
 31
39.023
  0
LINE
  8
0
 10
19048.0866
 20
24877.1426
 30
39.023
 11
18779.8037
 21
24942.1809
 31
13.0077
  0
LINE
  8
0
 10
18779.8037
 20
24942.1809
 30
13.0077
 11
18755.4144
 21
24942.1809
 31
13.0077
  0
LINE
  8
0
 10
20633.3947
 20
24942.1809
 30
13.0077
 11
20535.8373
 21
24584.4703
 31
156.0919
  0
LINE
  8
0
 10
20535.8373
 20
24584.4703
 30
156.0919
 11
20755.3415
 21
24909.6617
 31
26.0153
  0
LINE
  8
0
 10
20755.3415
 20
24909.6617
 30
26.0153
 11
20438.2799
 21
24389.3555
 31
234.1378
  0
LINE
  8
0
 10
20438.2799
 20
24389.3555
 30
234.1378
 11
20413.8905
 21
24519.432
 31
182.1072
  0
LINE
  8
0
 10
20413.8905
 20
24519.432
 30
182.1072
 11
20633.3947
 21
24909.6617
 31
26.0153
  0
LINE
  8
0
 10
20633.3947
 20
24909.6617
 30
26.0153
 11
20633.3947
 21
24942.1809
 31
13.0077
  0
LINE
  8
0
 10
21535.8009
 20
24942.1809
 30
13.0077
 11
21804.0838
 21
24747.066
 31
91.0536
  0
LINE
  8
0
 10
21804.0838
 20
24747.066
 30
91.0536
 11
21804.0838
 21
24649.5086
 31
130.0766
  0
LINE
  8
0
 10
21804.0838
 20
24649.5086
 30
130.0766
 11
22218.7028
 21
24682.0277
 31
117.0689
  0
LINE
  8
0
 10
22218.7028
 20
24682.0277
 30
117.0689
 11
22584.5432
 21
24942.1809
 31
13.0077
  0
LINE
  8
0
 10
22584.5432
 20
24942.1809
 30
13.0077
 11
22804.0474
 21
24942.1809
 31
13.0077
  0
LINE
  8
0
 10
22804.0474
 20
24942.1809
 30
13.0077
 11
22633.3219
 21
24779.5852
 31
78.0459
  0
LINE
  8
0
 10
22633.3219
 20
24779.5852
 30
78.0459
 11
22682.1006
 21
24747.066
 31
91.0536
  0
LINE
  8
0
 10
22682.1006
 20
24747.066
 30
91.0536
 11
22047.9773
 21
24454.3937
 31
208.1225
  0
LINE
  8
0
 10
22047.9773
 20
24454.3937
 30
208.1225
 11
21730.9157
 21
24519.432
 31
182.1072
  0
LINE
  8
0
 10
21730.9157
 20
24519.432
 30
182.1072
 11
21779.6944
 21
24584.4703
 31
156.0919
  0
LINE
  8
0
 10
21779.6944
 20
24584.4703
 30
156.0919
 11
21535.8009
 21
24714.5469
 31
104.0612
  0
LINE
  8
0
 10
21535.8009
 20
24714.5469
 30
104.0612
 11
21511.4115
 21
24909.6617
 31
26.0153
  0
LINE
  8
0
 10
21511.4115
 20
24909.6617
 30
26.0153
 11
21535.8009
 21
24942.1809
 31
13.0077
  0
LINE
  8
0
 10
23194.2771
 20
24942.1809
 30
13.0077
 11
23267.4451
 21
24909.6617
 31
26.0153
  0
LINE
  8
0
 10
23267.4451
 20
24909.6617
 30
26.0153
 11
22535.7645
 21
23901.5684
 31
429.2527
  0
LINE
  8
0
 10
22535.7645
 20
23901.5684
 30
429.2527
 11
23194.2771
 21
24909.6617
 31
26.0153
  0
LINE
  8
0
 10
23194.2771
 20
24909.6617
 30
26.0153
 11
23194.2771
 21
24942.1809
 31
13.0077
  0
LINE
  8
0
 10
23340.6132
 20
24942.1809
 30
13.0077
 11
22535.7645
 21
23738.9727
 31
494.2909
  0
LINE
  8
0
 10
22535.7645
 20
23738.9727
 30
494.2909
 11
23340.6132
 21
24909.6617
 31
26.0153
  0
LINE
  8
0
 10
23340.6132
 20
24909.6617
 30
26.0153
 11
23340.6132
 21
24942.1809
 31
13.0077
  0
LINE
  8
0
 10
12072.731
 20
24909.6617
 30
26.0153
 11
12097.1203
 21
23966.6066
 31
403.2373
  0
LINE
  8
0
 10
12097.1203
 20
23966.6066
 30
403.2373
 11
12072.731
 21
24877.1426
 31
39.023
  0
LINE
  8
0
 10
12072.731
 20
24877.1426
 30
39.023
 11
12072.731
 21
24909.6617
 31
26.0153
  0
LINE
  8
0
 10
2438.9355
 20
24877.1426
 30
39.023
 11
2243.8207
 21
24909.6617
 31
26.0153
  0
LINE
  8
0
 10
2243.8207
 20
24909.6617
 30
26.0153
 11
1926.7591
 21
24747.066
 31
91.0536
  0
LINE
  8
0
 10
1926.7591
 20
24747.066
 30
91.0536
 11
1853.591
 21
24649.5086
 31
130.0766
  0
LINE
  8
0
 10
1853.591
 20
24649.5086
 30
130.0766
 11
1877.9804
 21
24454.3937
 31
208.1225
  0
LINE
  8
0
 10
1877.9804
 20
24454.3937
 30
208.1225
 11
2219.4313
 21
24096.6832
 31
351.2067
  0
LINE
  8
0
 10
2219.4313
 20
24096.6832
 30
351.2067
 11
2780.3865
 21
24031.6449
 31
377.222
  0
LINE
  8
0
 10
2780.3865
 20
24031.6449
 30
377.222
 11
2975.5014
 21
24356.8363
 31
247.1455
  0
LINE
  8
0
 10
2975.5014
 20
24356.8363
 30
247.1455
 11
2463.3249
 21
24877.1426
 31
39.023
  0
LINE
  8
0
 10
2463.3249
 20
24877.1426
 30
39.023
 11
2438.9355
 21
24877.1426
 31
39.023
  0
LINE
  8
0
 10
15999.4172
 20
24877.1426
 30
39.023
 11
22755.2687
 21
22568.2836
 31
962.5666
  0
LINE
  8
0
 10
22755.2687
 20
22568.2836
 30
962.5666
 11
15999.4172
 21
24844.6234
 31
52.0306
  0
LINE
  8
0
 10
15999.4172
 20
24844.6234
 30
52.0306
 11
15999.4172
 21
24877.1426
 31
39.023
  0
LINE
  8
0
 10
18950.5292
 20
24779.5852
 30
78.0459
 11
19023.6973
 21
24779.5852
 31
78.0459
  0
LINE
  8
0
 10
19023.6973
 20
24779.5852
 30
78.0459
 11
18926.1398
 21
24747.066
 31
91.0536
  0
LINE
  8
0
 10
18926.1398
 20
24747.066
 30
91.0536
 11
18950.5292
 21
24779.5852
 31
78.0459
  0
LINE
  8
0
 10
19316.3695
 20
24747.066
 30
91.0536
 11
19194.4228
 21
24682.0277
 31
117.0689
  0
LINE
  8
0
 10
19194.4228
 20
24682.0277
 30
117.0689
 11
19291.9802
 21
24714.5469
 31
104.0612
  0
LINE
  8
0
 10
19291.9802
 20
24714.5469
 30
104.0612
 11
19316.3695
 21
24747.066
 31
91.0536
  0
LINE
  8
0
 10
3877.9075
 20
24714.5469
 30
104.0612
 11
3829.1288
 21
24682.0277
 31
117.0689
  0
LINE
  8
0
 10
3829.1288
 20
24682.0277
 30
117.0689
 11
3902.2969
 21
24584.4703
 31
156.0919
  0
LINE
  8
0
 10
3902.2969
 20
24584.4703
 30
156.0919
 11
3902.2969
 21
24682.0277
 31
117.0689
  0
LINE
  8
0
 10
3902.2969
 20
24682.0277
 30
117.0689
 11
3877.9075
 21
24714.5469
 31
104.0612
  0
LINE
  8
0
 10
20511.4479
 20
24551.9512
 30
169.0995
 11
20413.8905
 21
24454.3937
 31
208.1225
  0
LINE
  8
0
 10
20413.8905
 20
24454.3937
 30
208.1225
 11
20511.4479
 21
24519.432
 31
182.1072
  0
LINE
  8
0
 10
20511.4479
 20
24519.432
 30
182.1072
 11
20511.4479
 21
24551.9512
 31
169.0995
  0
LINE
  8
0
 10
16072.5853
 20
24486.9129
 30
195.1148
 11
15731.1343
 21
22730.8793
 31
897.5283
  0
LINE
  8
0
 10
15731.1343
 20
22730.8793
 30
897.5283
 11
15609.1875
 21
22243.0922
 31
1092.6431
  0
LINE
  8
0
 10
15609.1875
 20
22243.0922
 30
1092.6431
 11
15536.0194
 21
22210.573
 31
1105.6508
  0
LINE
  8
0
 10
15536.0194
 20
22210.573
 30
1105.6508
 11
15633.5769
 21
22373.1688
 31
1040.6125
  0
LINE
  8
0
 10
15633.5769
 20
22373.1688
 30
1040.6125
 11
16072.5853
 21
24454.3937
 31
208.1225
  0
LINE
  8
0
 10
16072.5853
 20
24454.3937
 30
208.1225
 11
16072.5853
 21
24486.9129
 31
195.1148
  0
LINE
  8
0
 10
16267.7001
 20
24486.9129
 30
195.1148
 11
17145.7169
 21
24161.7215
 31
325.1914
  0
LINE
  8
0
 10
17145.7169
 20
24161.7215
 30
325.1914
 11
16243.3107
 21
24389.3555
 31
234.1378
  0
LINE
  8
0
 10
16243.3107
 20
24389.3555
 30
234.1378
 11
15706.7449
 21
22145.5348
 31
1131.6661
  0
LINE
  8
0
 10
15706.7449
 20
22145.5348
 30
1131.6661
 11
16243.3107
 21
24454.3937
 31
208.1225
  0
LINE
  8
0
 10
16243.3107
 20
24454.3937
 30
208.1225
 11
16267.7001
 21
24486.9129
 31
195.1148
  0
LINE
  8
0
 10
5585.1624
 20
24421.8746
 30
221.1302
 11
5804.6666
 21
24356.8363
 31
247.1455
  0
LINE
  8
0
 10
5804.6666
 20
24356.8363
 30
247.1455
 11
5609.5518
 21
24421.8746
 31
221.1302
  0
LINE
  8
0
 10
5609.5518
 20
24421.8746
 30
221.1302
 11
5585.1624
 21
24421.8746
 31
221.1302
  0
LINE
  8
0
 10
1365.8039
 20
24389.3555
 30
234.1378
 11
1487.7507
 21
24226.7598
 31
299.1761
  0
LINE
  8
0
 10
1487.7507
 20
24226.7598
 30
299.1761
 11
1365.8039
 21
24356.8363
 31
247.1455
  0
LINE
  8
0
 10
1365.8039
 20
24356.8363
 30
247.1455
 11
1365.8039
 21
24389.3555
 31
234.1378
  0
LINE
  8
0
 10
5292.4901
 20
24389.3555
 30
234.1378
 11
5707.1092
 21
24194.2406
 31
312.1837
  0
LINE
  8
0
 10
5707.1092
 20
24194.2406
 30
312.1837
 11
5194.9327
 21
24324.3172
 31
260.1531
  0
LINE
  8
0
 10
5194.9327
 20
24324.3172
 30
260.1531
 11
5268.1008
 21
24356.8363
 31
247.1455
  0
LINE
  8
0
 10
5268.1008
 20
24356.8363
 30
247.1455
 11
5292.4901
 21
24389.3555
 31
234.1378
  0
LINE
  8
0
 10
4097.4117
 20
24356.8363
 30
247.1455
 11
4048.633
 21
24324.3172
 31
260.1531
  0
LINE
  8
0
 10
4048.633
 20
24324.3172
 30
260.1531
 11
4146.1904
 21
24194.2406
 31
312.1837
  0
LINE
  8
0
 10
4146.1904
 20
24194.2406
 30
312.1837
 11
4121.8011
 21
24324.3172
 31
260.1531
  0
LINE
  8
0
 10
4121.8011
 20
24324.3172
 30
260.1531
 11
4097.4117
 21
24356.8363
 31
247.1455
  0
LINE
  8
0
 10
13292.1987
 20
24324.3172
 30
260.1531
 11
13804.3752
 21
24096.6832
 31
351.2067
  0
LINE
  8
0
 10
13804.3752
 20
24096.6832
 30
351.2067
 11
13292.1987
 21
24259.2789
 31
286.1684
  0
LINE
  8
0
 10
13292.1987
 20
24259.2789
 30
286.1684
 11
13365.3668
 21
24291.798
 31
273.1608
  0
LINE
  8
0
 10
13365.3668
 20
24291.798
 30
273.1608
 11
13316.5881
 21
24324.3172
 31
260.1531
  0
LINE
  8
0
 10
13316.5881
 20
24324.3172
 30
260.1531
 11
13292.1987
 21
24324.3172
 31
260.1531
  0
LINE
  8
0
 10
8341.1596
 20
24259.2789
 30
286.1684
 11
7219.2492
 21
23771.4918
 31
481.2833
  0
LINE
  8
0
 10
7219.2492
 20
23771.4918
 30
481.2833
 11
8316.7702
 21
24226.7598
 31
299.1761
  0
LINE
  8
0
 10
8316.7702
 20
24226.7598
 30
299.1761
 11
8341.1596
 21
24259.2789
 31
286.1684
  0
LINE
  8
0
 10
8438.717
 20
24259.2789
 30
286.1684
 11
9048.4509
 21
22340.6496
 31
1053.6202
  0
LINE
  8
0
 10
9048.4509
 20
22340.6496
 30
1053.6202
 11
9121.6189
 21
21690.2668
 31
1313.7733
  0
LINE
  8
0
 10
9121.6189
 20
21690.2668
 30
1313.7733
 11
9024.0615
 21
21982.9391
 31
1196.7044
  0
LINE
  8
0
 10
9024.0615
 20
21982.9391
 30
1196.7044
 11
9072.8402
 21
21917.9008
 31
1222.7197
  0
LINE
  8
0
 10
9072.8402
 20
21917.9008
 30
1222.7197
 11
9121.6189
 21
22047.9773
 31
1170.6891
  0
LINE
  8
0
 10
9121.6189
 20
22047.9773
 30
1170.6891
 11
8438.717
 21
24226.7598
 31
299.1761
  0
LINE
  8
0
 10
8438.717
 20
24226.7598
 30
299.1761
 11
8438.717
 21
24259.2789
 31
286.1684
  0
LINE
  8
0
 10
4219.3585
 20
24161.7215
 30
325.1914
 11
4170.5798
 21
24129.2023
 31
338.1991
  0
LINE
  8
0
 10
4170.5798
 20
24129.2023
 30
338.1991
 11
4292.5266
 21
23999.1258
 31
390.2297
  0
LINE
  8
0
 10
4292.5266
 20
23999.1258
 30
390.2297
 11
4243.7479
 21
24129.2023
 31
338.1991
  0
LINE
  8
0
 10
4243.7479
 20
24129.2023
 30
338.1991
 11
4219.3585
 21
24161.7215
 31
325.1914
  0
LINE
  8
0
 10
12633.6861
 20
24064.1641
 30
364.2144
 11
12658.0755
 21
23218.6664
 31
702.4134
  0
LINE
  8
0
 10
12658.0755
 20
23218.6664
 30
702.4134
 11
12633.6861
 21
24031.6449
 31
377.222
  0
LINE
  8
0
 10
12633.6861
 20
24031.6449
 30
377.222
 11
12633.6861
 21
24064.1641
 31
364.2144
  0
LINE
  8
0
 10
14145.8262
 20
23966.6066
 30
403.2373
 11
14097.0475
 21
23218.6664
 31
702.4134
  0
LINE
  8
0
 10
14097.0475
 20
23218.6664
 30
702.4134
 11
14145.8262
 21
23934.0875
 31
416.245
  0
LINE
  8
0
 10
14145.8262
 20
23934.0875
 30
416.245
 11
14145.8262
 21
23966.6066
 31
403.2373
  0
LINE
  8
0
 10
17779.8401
 20
23966.6066
 30
403.2373
 11
17828.6188
 21
23869.0492
 31
442.2603
  0
LINE
  8
0
 10
17828.6188
 20
23869.0492
 30
442.2603
 11
16657.9298
 21
20552.0969
 31
1769.0413
  0
LINE
  8
0
 10
16657.9298
 20
20552.0969
 30
1769.0413
 11
16706.7085
 21
20909.8074
 31
1625.957
  0
LINE
  8
0
 10
16706.7085
 20
20909.8074
 30
1625.957
 11
15511.6301
 21
21267.518
 31
1482.8728
  0
LINE
  8
0
 10
15511.6301
 20
21267.518
 30
1482.8728
 11
15560.4088
 21
21462.6328
 31
1404.8269
  0
LINE
  8
0
 10
15560.4088
 20
21462.6328
 30
1404.8269
 11
15584.7981
 21
21267.518
 31
1482.8728
  0
LINE
  8
0
 10
15584.7981
 20
21267.518
 30
1482.8728
 11
16755.4872
 21
20942.3266
 31
1612.9494
  0
LINE
  8
0
 10
16755.4872
 20
20942.3266
 30
1612.9494
 11
16877.434
 21
21267.518
 31
1482.8728
  0
LINE
  8
0
 10
16877.434
 20
21267.518
 30
1482.8728
 11
16828.6553
 21
21332.5562
 31
1456.8575
  0
LINE
  8
0
 10
16828.6553
 20
21332.5562
 30
1456.8575
 11
16901.8233
 21
21332.5562
 31
1456.8575
  0
LINE
  8
0
 10
16901.8233
 20
21332.5562
 30
1456.8575
 11
16974.9914
 21
21560.1902
 31
1365.8039
  0
LINE
  8
0
 10
16974.9914
 20
21560.1902
 30
1365.8039
 11
16877.434
 21
21495.152
 31
1391.8192
  0
LINE
  8
0
 10
16877.434
 20
21495.152
 30
1391.8192
 11
17755.4508
 21
23934.0875
 31
416.245
  0
LINE
  8
0
 10
17755.4508
 20
23934.0875
 30
416.245
 11
17779.8401
 21
23966.6066
 31
403.2373
  0
LINE
  8
0
 10
12121.5097
 20
23901.5684
 30
429.2527
 11
12145.899
 21
23316.2238
 31
663.3905
  0
LINE
  8
0
 10
12145.899
 20
23316.2238
 30
663.3905
 11
12121.5097
 21
23869.0492
 31
442.2603
  0
LINE
  8
0
 10
12121.5097
 20
23869.0492
 30
442.2603
 11
12121.5097
 21
23901.5684
 31
429.2527
  0
LINE
  8
0
 10
18072.5124
 20
23836.5301
 30
455.268
 11
17267.6637
 21
21625.2285
 31
1339.7886
  0
LINE
  8
0
 10
17267.6637
 20
21625.2285
 30
1339.7886
 11
17243.2743
 21
21755.3051
 31
1287.758
  0
LINE
  8
0
 10
17243.2743
 20
21755.3051
 30
1287.758
 11
17340.8317
 21
21820.3434
 31
1261.7427
  0
LINE
  8
0
 10
17340.8317
 20
21820.3434
 30
1261.7427
 11
17438.3892
 21
22275.6113
 31
1079.6355
  0
LINE
  8
0
 10
17438.3892
 20
22275.6113
 30
1079.6355
 11
17462.7785
 21
22210.573
 31
1105.6508
  0
LINE
  8
0
 10
17462.7785
 20
22210.573
 30
1105.6508
 11
18048.123
 21
23804.0109
 31
468.2756
  0
LINE
  8
0
 10
18048.123
 20
23804.0109
 30
468.2756
 11
18072.5124
 21
23836.5301
 31
455.268
  0
LINE
  8
0
 10
17755.4508
 20
23771.4918
 30
481.2833
 11
17731.0614
 21
23836.5301
 31
455.268
  0
LINE
  8
0
 10
17731.0614
 20
23836.5301
 30
455.268
 11
17682.2827
 21
23576.377
 31
559.3292
  0
LINE
  8
0
 10
17682.2827
 20
23576.377
 30
559.3292
 11
17755.4508
 21
23738.9727
 31
494.2909
  0
LINE
  8
0
 10
17755.4508
 20
23738.9727
 30
494.2909
 11
17755.4508
 21
23771.4918
 31
481.2833
  0
LINE
  8
0
 10
24877.1426
 20
23771.4918
 30
481.2833
 11
24877.1426
 21
23641.4152
 31
533.3139
  0
LINE
  8
0
 10
24877.1426
 20
23641.4152
 30
533.3139
 11
24462.5235
 21
23186.1473
 31
715.4211
  0
LINE
  8
0
 10
24462.5235
 20
23186.1473
 30
715.4211
 11
24877.1426
 21
23738.9727
 31
494.2909
  0
LINE
  8
0
 10
24877.1426
 20
23738.9727
 30
494.2909
 11
24877.1426
 21
23771.4918
 31
481.2833
  0
LINE
  8
0
 10
12511.7394
 20
23706.4535
 30
507.2986
 11
12487.35
 21
23804.0109
 31
468.2756
  0
LINE
  8
0
 10
12487.35
 20
23804.0109
 30
468.2756
 11
12487.35
 21
23348.743
 31
650.3828
  0
LINE
  8
0
 10
12487.35
 20
23348.743
 30
650.3828
 11
12511.7394
 21
23673.9344
 31
520.3063
  0
LINE
  8
0
 10
12511.7394
 20
23673.9344
 30
520.3063
 11
12511.7394
 21
23706.4535
 31
507.2986
  0
LINE
  8
0
 10
18511.5208
 20
23706.4535
 30
507.2986
 11
18804.1931
 21
23608.8961
 31
546.3216
  0
LINE
  8
0
 10
18804.1931
 20
23608.8961
 30
546.3216
 11
18926.1398
 21
23446.3004
 31
611.3598
  0
LINE
  8
0
 10
18926.1398
 20
23446.3004
 30
611.3598
 11
18950.5292
 21
23511.3387
 31
585.3445
  0
LINE
  8
0
 10
18950.5292
 20
23511.3387
 30
585.3445
 11
19316.3695
 21
22633.3219
 31
936.5512
  0
LINE
  8
0
 10
19316.3695
 20
22633.3219
 30
936.5512
 11
19243.2015
 21
22665.841
 31
923.5436
  0
LINE
  8
0
 10
19243.2015
 20
22665.841
 30
923.5436
 11
19267.5908
 21
22535.7645
 31
975.5742
  0
LINE
  8
0
 10
19267.5908
 20
22535.7645
 30
975.5742
 11
18877.3611
 21
23511.3387
 31
585.3445
  0
LINE
  8
0
 10
18877.3611
 20
23511.3387
 30
585.3445
 11
18535.9102
 21
23673.9344
 31
520.3063
  0
LINE
  8
0
 10
18535.9102
 20
23673.9344
 30
520.3063
 11
18511.5208
 21
23706.4535
 31
507.2986
  0
LINE
  8
0
 10
6902.1876
 20
23673.9344
 30
520.3063
 11
6999.745
 21
23641.4152
 31
533.3139
  0
LINE
  8
0
 10
6999.745
 20
23641.4152
 30
533.3139
 11
7902.1512
 21
21462.6328
 31
1404.8269
  0
LINE
  8
0
 10
7902.1512
 20
21462.6328
 30
1404.8269
 11
7072.9131
 21
23413.7812
 31
624.3675
  0
LINE
  8
0
 10
7072.9131
 20
23413.7812
 30
624.3675
 11
6877.7982
 21
23641.4152
 31
533.3139
  0
LINE
  8
0
 10
6877.7982
 20
23641.4152
 30
533.3139
 11
6902.1876
 21
23673.9344
 31
520.3063
  0
LINE
  8
0
 10
6877.7982
 20
23576.377
 30
559.3292
 11
6950.9663
 21
23413.7812
 31
624.3675
  0
LINE
  8
0
 10
6950.9663
 20
23413.7812
 30
624.3675
 11
6902.1876
 21
23543.8578
 31
572.3369
  0
LINE
  8
0
 10
6902.1876
 20
23543.8578
 30
572.3369
 11
6877.7982
 21
23576.377
 31
559.3292
  0
LINE
  8
0
 10
18999.3079
 20
23543.8578
 30
572.3369
 11
19609.0418
 21
23316.2238
 31
663.3905
  0
LINE
  8
0
 10
19609.0418
 20
23316.2238
 30
663.3905
 11
19023.6973
 21
23511.3387
 31
585.3445
  0
LINE
  8
0
 10
19023.6973
 20
23511.3387
 30
585.3445
 11
18999.3079
 21
23543.8578
 31
572.3369
  0
LINE
  8
0
 10
3146.2269
 20
23511.3387
 30
585.3445
 11
2999.8907
 21
23446.3004
 31
611.3598
  0
LINE
  8
0
 10
2999.8907
 20
23446.3004
 30
611.3598
 11
3121.8375
 21
23478.8195
 31
598.3522
  0
LINE
  8
0
 10
3121.8375
 20
23478.8195
 30
598.3522
 11
3146.2269
 21
23511.3387
 31
585.3445
  0
LINE
  8
0
 10
6146.1176
 20
23381.2621
 30
637.3752
 11
6243.675
 21
23381.2621
 31
637.3752
  0
LINE
  8
0
 10
6243.675
 20
23381.2621
 30
637.3752
 11
5853.4453
 21
23186.1473
 31
715.4211
  0
LINE
  8
0
 10
5853.4453
 20
23186.1473
 30
715.4211
 11
5536.3837
 21
22113.0156
 31
1144.6738
  0
LINE
  8
0
 10
5536.3837
 20
22113.0156
 30
1144.6738
 11
5877.8347
 21
21917.9008
 31
1222.7197
  0
LINE
  8
0
 10
5877.8347
 20
21917.9008
 30
1222.7197
 11
5926.6134
 21
21722.7859
 31
1300.7656
  0
LINE
  8
0
 10
5926.6134
 20
21722.7859
 30
1300.7656
 11
5804.6666
 21
21625.2285
 31
1339.7886
  0
LINE
  8
0
 10
5804.6666
 20
21625.2285
 30
1339.7886
 11
6633.9047
 21
20259.4246
 31
1886.1102
  0
LINE
  8
0
 10
6633.9047
 20
20259.4246
 30
1886.1102
 11
6780.2408
 21
20129.348
 31
1938.1408
  0
LINE
  8
0
 10
6780.2408
 20
20129.348
 30
1938.1408
 11
6755.8515
 21
20194.3863
 31
1912.1255
  0
LINE
  8
0
 10
6755.8515
 20
20194.3863
 30
1912.1255
 11
6877.7982
 21
20161.8672
 31
1925.1331
  0
LINE
  8
0
 10
6877.7982
 20
20161.8672
 30
1925.1331
 11
7292.4173
 21
20324.4629
 31
1860.0948
  0
LINE
  8
0
 10
7292.4173
 20
20324.4629
 30
1860.0948
 11
7268.0279
 21
20389.5012
 31
1834.0795
  0
LINE
  8
0
 10
7268.0279
 20
20389.5012
 30
1834.0795
 11
7389.9747
 21
20356.982
 31
1847.0872
  0
LINE
  8
0
 10
7389.9747
 20
20356.982
 30
1847.0872
 11
7950.9299
 21
20584.616
 31
1756.0336
  0
LINE
  8
0
 10
7950.9299
 20
20584.616
 30
1756.0336
 11
7999.7086
 21
20649.6543
 31
1730.0183
  0
LINE
  8
0
 10
7999.7086
 20
20649.6543
 30
1730.0183
 11
7780.2044
 21
21104.9223
 31
1547.9111
  0
LINE
  8
0
 10
7780.2044
 20
21104.9223
 30
1547.9111
 11
8219.2128
 21
20259.4246
 31
1886.1102
  0
LINE
  8
0
 10
8219.2128
 20
20259.4246
 30
1886.1102
 11
7950.9299
 21
20552.0969
 31
1769.0413
  0
LINE
  8
0
 10
7950.9299
 20
20552.0969
 30
1769.0413
 11
7828.9831
 21
20487.0586
 31
1795.0566
  0
LINE
  8
0
 10
7828.9831
 20
20487.0586
 30
1795.0566
 11
7877.7618
 21
20454.5395
 31
1808.0642
  0
LINE
  8
0
 10
7877.7618
 20
20454.5395
 30
1808.0642
 11
7707.0363
 21
20454.5395
 31
1808.0642
  0
LINE
  8
0
 10
7707.0363
 20
20454.5395
 30
1808.0642
 11
7780.2044
 21
20324.4629
 31
1860.0948
  0
LINE
  8
0
 10
7780.2044
 20
20324.4629
 30
1860.0948
 11
7633.8683
 21
20291.9437
 31
1873.1025
  0
LINE
  8
0
 10
7633.8683
 20
20291.9437
 30
1873.1025
 11
7707.0363
 21
20259.4246
 31
1886.1102
  0
LINE
  8
0
 10
7707.0363
 20
20259.4246
 30
1886.1102
 11
7341.196
 21
20324.4629
 31
1860.0948
  0
LINE
  8
0
 10
7341.196
 20
20324.4629
 30
1860.0948
 11
6755.8515
 21
20096.8289
 31
1951.1484
  0
LINE
  8
0
 10
6755.8515
 20
20096.8289
 30
1951.1484
 11
6609.5153
 21
20259.4246
 31
1886.1102
  0
LINE
  8
0
 10
6609.5153
 20
20259.4246
 30
1886.1102
 11
6633.9047
 21
20096.8289
 31
1951.1484
  0
LINE
  8
0
 10
6633.9047
 20
20096.8289
 30
1951.1484
 11
6585.126
 21
20161.8672
 31
1925.1331
  0
LINE
  8
0
 10
6585.126
 20
20161.8672
 30
1925.1331
 11
5877.8347
 21
21300.0371
 31
1469.8652
  0
LINE
  8
0
 10
5877.8347
 20
21300.0371
 30
1469.8652
 11
5853.4453
 21
21495.152
 31
1391.8192
  0
LINE
  8
0
 10
5853.4453
 20
21495.152
 30
1391.8192
 11
5658.3305
 21
21657.7477
 31
1326.7809
  0
LINE
  8
0
 10
5658.3305
 20
21657.7477
 30
1326.7809
 11
4951.0392
 21
22828.4367
 31
858.5053
  0
LINE
  8
0
 10
4951.0392
 20
22828.4367
 30
858.5053
 11
5048.5966
 21
22893.475
 31
832.49
  0
LINE
  8
0
 10
5048.5966
 20
22893.475
 30
832.49
 11
5463.2156
 21
22210.573
 31
1105.6508
  0
LINE
  8
0
 10
5463.2156
 20
22210.573
 30
1105.6508
 11
5755.8879
 21
23153.6281
 31
728.4287
  0
LINE
  8
0
 10
5755.8879
 20
23153.6281
 30
728.4287
 11
5243.7114
 21
22991.0324
 31
793.467
  0
LINE
  8
0
 10
5243.7114
 20
22991.0324
 30
793.467
 11
6121.7282
 21
23348.743
 31
650.3828
  0
LINE
  8
0
 10
6121.7282
 20
23348.743
 30
650.3828
 11
6146.1176
 21
23381.2621
 31
637.3752
  0
LINE
  8
0
 10
2755.9972
 20
23348.743
 30
650.3828
 11
2902.3333
 21
23381.2621
 31
637.3752
  0
LINE
  8
0
 10
2902.3333
 20
23381.2621
 30
637.3752
 11
2780.3865
 21
23348.743
 31
650.3828
  0
LINE
  8
0
 10
2780.3865
 20
23348.743
 30
650.3828
 11
2755.9972
 21
23348.743
 31
650.3828
  0
LINE
  8
0
 10
2682.8291
 20
23316.2238
 30
663.3905
 11
2902.3333
 21
23381.2621
 31
637.3752
  0
LINE
  8
0
 10
2902.3333
 20
23381.2621
 30
637.3752
 11
2707.2185
 21
23316.2238
 31
663.3905
  0
LINE
  8
0
 10
2707.2185
 20
23316.2238
 30
663.3905
 11
2682.8291
 21
23316.2238
 31
663.3905
  0
LINE
  8
0
 10
17584.7253
 20
23283.7047
 30
676.3981
 11
17560.3359
 21
23348.743
 31
650.3828
  0
LINE
  8
0
 10
17560.3359
 20
23348.743
 30
650.3828
 11
17511.5572
 21
23186.1473
 31
715.4211
  0
LINE
  8
0
 10
17511.5572
 20
23186.1473
 30
715.4211
 11
17584.7253
 21
23251.1855
 31
689.4058
  0
LINE
  8
0
 10
17584.7253
 20
23251.1855
 30
689.4058
 11
17584.7253
 21
23283.7047
 31
676.3981
  0
LINE
  8
0
 10
12487.35
 20
23251.1855
 30
689.4058
 11
12462.9606
 21
23121.109
 31
741.4364
  0
LINE
  8
0
 10
12462.9606
 20
23121.109
 30
741.4364
 11
12487.35
 21
23218.6664
 31
702.4134
  0
LINE
  8
0
 10
12487.35
 20
23218.6664
 30
702.4134
 11
12487.35
 21
23251.1855
 31
689.4058
  0
LINE
  8
0
 10
19755.3779
 20
23251.1855
 30
689.4058
 11
19852.9354
 21
23251.1855
 31
689.4058
  0
LINE
  8
0
 10
19852.9354
 20
23251.1855
 30
689.4058
 11
19852.9354
 21
23153.6281
 31
728.4287
  0
LINE
  8
0
 10
19852.9354
 20
23153.6281
 30
728.4287
 11
19365.1482
 21
22340.6496
 31
1053.6202
  0
LINE
  8
0
 10
19365.1482
 20
22340.6496
 30
1053.6202
 11
19243.2015
 21
21982.9391
 31
1196.7044
  0
LINE
  8
0
 10
19243.2015
 20
21982.9391
 30
1196.7044
 11
19121.2547
 21
21917.9008
 31
1222.7197
  0
LINE
  8
0
 10
19121.2547
 20
21917.9008
 30
1222.7197
 11
19048.0866
 21
21625.2285
 31
1339.7886
  0
LINE
  8
0
 10
19048.0866
 20
21625.2285
 30
1339.7886
 11
18389.574
 21
20389.5012
 31
1834.0795
  0
LINE
  8
0
 10
18389.574
 20
20389.5012
 30
1834.0795
 11
18438.3527
 21
20552.0969
 31
1769.0413
  0
LINE
  8
0
 10
18438.3527
 20
20552.0969
 30
1769.0413
 11
18340.7953
 21
20519.5777
 31
1782.0489
  0
LINE
  8
0
 10
18340.7953
 20
20519.5777
 30
1782.0489
 11
18609.0782
 21
21072.4031
 31
1560.9187
  0
LINE
  8
0
 10
18609.0782
 20
21072.4031
 30
1560.9187
 11
19023.6973
 21
21852.8625
 31
1248.735
  0
LINE
  8
0
 10
19023.6973
 20
21852.8625
 30
1248.735
 11
19121.2547
 21
21885.3816
 31
1235.7273
  0
LINE
  8
0
 10
19121.2547
 20
21885.3816
 30
1235.7273
 11
19194.4228
 21
22243.0922
 31
1092.6431
  0
LINE
  8
0
 10
19194.4228
 20
22243.0922
 30
1092.6431
 11
19048.0866
 21
22243.0922
 31
1092.6431
  0
LINE
  8
0
 10
19048.0866
 20
22243.0922
 30
1092.6431
 11
19072.476
 21
21982.9391
 31
1196.7044
  0
LINE
  8
0
 10
19072.476
 20
21982.9391
 30
1196.7044
 11
18974.9186
 21
22080.4965
 31
1157.6814
  0
LINE
  8
0
 10
18974.9186
 20
22080.4965
 30
1157.6814
 11
18999.3079
 21
22243.0922
 31
1092.6431
  0
LINE
  8
0
 10
18999.3079
 20
22243.0922
 30
1092.6431
 11
19340.7589
 21
22405.6879
 31
1027.6048
  0
LINE
  8
0
 10
19340.7589
 20
22405.6879
 30
1027.6048
 11
19730.9886
 21
23218.6664
 31
702.4134
  0
LINE
  8
0
 10
19730.9886
 20
23218.6664
 30
702.4134
 11
19755.3779
 21
23251.1855
 31
689.4058
  0
LINE
  8
0
 10
19926.1034
 20
23153.6281
 30
728.4287
 11
19560.2631
 21
22405.6879
 31
1027.6048
  0
LINE
  8
0
 10
19560.2631
 20
22405.6879
 30
1027.6048
 11
19926.1034
 21
23121.109
 31
741.4364
  0
LINE
  8
0
 10
19926.1034
 20
23121.109
 30
741.4364
 11
19926.1034
 21
23153.6281
 31
728.4287
  0
LINE
  8
0
 10
20072.4396
 20
23153.6281
 30
728.4287
 11
21048.0138
 21
22828.4367
 31
858.5053
  0
LINE
  8
0
 10
21048.0138
 20
22828.4367
 30
858.5053
 11
20096.8289
 21
23121.109
 31
741.4364
  0
LINE
  8
0
 10
20096.8289
 20
23121.109
 30
741.4364
 11
20072.4396
 21
23153.6281
 31
728.4287
  0
LINE
  8
0
 10
24.3894
 20
23121.109
 30
741.4364
 11
487.7871
 21
22665.841
 31
923.5436
  0
LINE
  8
0
 10
487.7871
 20
22665.841
 30
923.5436
 11
487.7871
 21
22568.2836
 31
962.5666
  0
LINE
  8
0
 10
487.7871
 20
22568.2836
 30
962.5666
 11
24.3894
 21
23088.5898
 31
754.4441
  0
LINE
  8
0
 10
24.3894
 20
23088.5898
 30
754.4441
 11
24.3894
 21
23121.109
 31
741.4364
  0
LINE
  8
0
 10
17438.3892
 20
22860.9559
 30
845.4977
 11
17413.9998
 21
22925.9941
 31
819.4823
  0
LINE
  8
0
 10
17413.9998
 20
22925.9941
 30
819.4823
 11
17365.2211
 21
22665.841
 31
923.5436
  0
LINE
  8
0
 10
17365.2211
 20
22665.841
 30
923.5436
 11
17438.3892
 21
22828.4367
 31
858.5053
  0
LINE
  8
0
 10
17438.3892
 20
22828.4367
 30
858.5053
 11
17438.3892
 21
22860.9559
 31
845.4977
  0
LINE
  8
0
 10
21096.7925
 20
22795.9176
 30
871.513
 11
21413.8541
 21
22698.3602
 31
910.5359
  0
LINE
  8
0
 10
21413.8541
 20
22698.3602
 30
910.5359
 11
21121.1818
 21
22795.9176
 31
871.513
  0
LINE
  8
0
 10
21121.1818
 20
22795.9176
 30
871.513
 11
21096.7925
 21
22795.9176
 31
871.513
  0
LINE
  8
0
 10
4658.3669
 20
22763.3984
 30
884.5206
 11
3707.182
 21
22373.1688
 31
1040.6125
  0
LINE
  8
0
 10
3707.182
 20
22373.1688
 30
1040.6125
 11
4633.9775
 21
22730.8793
 31
897.5283
  0
LINE
  8
0
 10
4633.9775
 20
22730.8793
 30
897.5283
 11
4658.3669
 21
22763.3984
 31
884.5206
  0
LINE
  8
0
 10
1048.7423
 20
22665.841
 30
923.5436
 11
902.4062
 21
22568.2836
 31
962.5666
  0
LINE
  8
0
 10
902.4062
 20
22568.2836
 30
962.5666
 11
1024.3529
 21
22633.3219
 31
936.5512
  0
LINE
  8
0
 10
1024.3529
 20
22633.3219
 30
936.5512
 11
1048.7423
 21
22665.841
 31
923.5436
  0
LINE
  8
0
 10
10536.2016
 20
22665.841
 30
923.5436
 11
10560.5909
 21
22470.7262
 31
1001.5895
  0
LINE
  8
0
 10
10560.5909
 20
22470.7262
 30
1001.5895
 11
10536.2016
 21
22633.3219
 31
936.5512
  0
LINE
  8
0
 10
10536.2016
 20
22633.3219
 30
936.5512
 11
10536.2016
 21
22665.841
 31
923.5436
  0
LINE
  8
0
 10
10633.759
 20
22665.841
 30
923.5436
 11
10633.759
 21
22503.2453
 31
988.5819
  0
LINE
  8
0
 10
10633.759
 20
22503.2453
 30
988.5819
 11
10633.759
 21
22633.3219
 31
936.5512
  0
LINE
  8
0
 10
10633.759
 20
22633.3219
 30
936.5512
 11
10633.759
 21
22665.841
 31
923.5436
  0
LINE
  8
0
 10
21633.3583
 20
22633.3219
 30
936.5512
 11
21730.9157
 21
22568.2836
 31
962.5666
  0
LINE
  8
0
 10
21730.9157
 20
22568.2836
 30
962.5666
 11
21560.1902
 21
22275.6113
 31
1079.6355
  0
LINE
  8
0
 10
21560.1902
 20
22275.6113
 30
1079.6355
 11
20243.165
 21
20422.0203
 31
1821.0719
  0
LINE
  8
0
 10
20243.165
 20
20422.0203
 30
1821.0719
 11
20145.6076
 21
20422.0203
 31
1821.0719
  0
LINE
  8
0
 10
20145.6076
 20
20422.0203
 30
1821.0719
 11
20169.997
 21
20291.9437
 31
1873.1025
  0
LINE
  8
0
 10
20169.997
 20
20291.9437
 30
1873.1025
 11
19852.9354
 21
19869.1949
 31
2042.202
  0
LINE
  8
0
 10
19852.9354
 20
19869.1949
 30
2042.202
 11
19974.8821
 21
20161.8672
 31
1925.1331
  0
LINE
  8
0
 10
19974.8821
 20
20161.8672
 30
1925.1331
 11
19755.3779
 21
19934.2332
 31
2016.1867
  0
LINE
  8
0
 10
19755.3779
 20
19934.2332
 30
2016.1867
 11
20999.2351
 21
21690.2668
 31
1313.7733
  0
LINE
  8
0
 10
20999.2351
 20
21690.2668
 30
1313.7733
 11
20974.8457
 21
21755.3051
 31
1287.758
  0
LINE
  8
0
 10
20974.8457
 20
21755.3051
 30
1287.758
 11
19877.3247
 21
21332.5562
 31
1456.8575
  0
LINE
  8
0
 10
19877.3247
 20
21332.5562
 30
1456.8575
 11
20096.8289
 21
20747.2117
 31
1690.9953
  0
LINE
  8
0
 10
20096.8289
 20
20747.2117
 30
1690.9953
 11
20023.6608
 21
20877.2883
 31
1638.9647
  0
LINE
  8
0
 10
20023.6608
 20
20877.2883
 30
1638.9647
 11
20072.4396
 21
20649.6543
 31
1730.0183
  0
LINE
  8
0
 10
20072.4396
 20
20649.6543
 30
1730.0183
 11
19804.1566
 21
21267.518
 31
1482.8728
  0
LINE
  8
0
 10
19804.1566
 20
21267.518
 30
1482.8728
 11
19243.2015
 21
21137.4414
 31
1534.9034
  0
LINE
  8
0
 10
19243.2015
 20
21137.4414
 30
1534.9034
 11
19218.8121
 21
20877.2883
 31
1638.9647
  0
LINE
  8
0
 10
19218.8121
 20
20877.2883
 30
1638.9647
 11
19121.2547
 21
20844.7691
 31
1651.9723
  0
LINE
  8
0
 10
19121.2547
 20
20844.7691
 30
1651.9723
 11
19072.476
 21
20942.3266
 31
1612.9494
  0
LINE
  8
0
 10
19072.476
 20
20942.3266
 30
1612.9494
 11
19194.4228
 21
21039.884
 31
1573.9264
  0
LINE
  8
0
 10
19194.4228
 20
21039.884
 30
1573.9264
 11
19170.0334
 21
21104.9223
 31
1547.9111
  0
LINE
  8
0
 10
19170.0334
 20
21104.9223
 30
1547.9111
 11
18852.9718
 21
21007.3648
 31
1586.9341
  0
LINE
  8
0
 10
18852.9718
 20
21007.3648
 30
1586.9341
 11
19096.8653
 21
21202.4797
 31
1508.8881
  0
LINE
  8
0
 10
19096.8653
 20
21202.4797
 30
1508.8881
 11
19755.3779
 21
21397.5945
 31
1430.8422
  0
LINE
  8
0
 10
19755.3779
 20
21397.5945
 30
1430.8422
 11
19487.095
 21
22015.4582
 31
1183.6967
  0
LINE
  8
0
 10
19487.095
 20
22015.4582
 30
1183.6967
 11
19633.4312
 21
21722.7859
 31
1300.7656
  0
LINE
  8
0
 10
19633.4312
 20
21722.7859
 30
1300.7656
 11
19535.8737
 21
22113.0156
 31
1144.6738
  0
LINE
  8
0
 10
19535.8737
 20
22113.0156
 30
1144.6738
 11
19852.9354
 21
21397.5945
 31
1430.8422
  0
LINE
  8
0
 10
19852.9354
 20
21397.5945
 30
1430.8422
 11
21048.0138
 21
21787.8242
 31
1274.7503
  0
LINE
  8
0
 10
21048.0138
 20
21787.8242
 30
1274.7503
 11
21608.9689
 21
22600.8027
 31
949.5589
  0
LINE
  8
0
 10
21608.9689
 20
22600.8027
 30
949.5589
 11
21633.3583
 21
22633.3219
 31
936.5512
  0
LINE
  8
0
 10
12389.7926
 20
22503.2453
 30
988.5819
 11
12316.6245
 21
22373.1688
 31
1040.6125
  0
LINE
  8
0
 10
12316.6245
 20
22373.1688
 30
1040.6125
 11
12487.35
 21
22210.573
 31
1105.6508
  0
LINE
  8
0
 10
12487.35
 20
22210.573
 30
1105.6508
 11
12511.7394
 21
22340.6496
 31
1053.6202
  0
LINE
  8
0
 10
12511.7394
 20
22340.6496
 30
1053.6202
 11
12414.1819
 21
22535.7645
 31
975.5742
  0
LINE
  8
0
 10
12414.1819
 20
22535.7645
 30
975.5742
 11
12389.7926
 21
22503.2453
 31
988.5819
  0
LINE
  8
0
 10
12316.6245
 20
22470.7262
 30
1001.5895
 11
12219.0671
 21
22210.573
 31
1105.6508
  0
LINE
  8
0
 10
12219.0671
 20
22210.573
 30
1105.6508
 11
12341.0139
 21
22308.1305
 31
1066.6278
  0
LINE
  8
0
 10
12341.0139
 20
22308.1305
 30
1066.6278
 11
12316.6245
 21
22438.207
 31
1014.5972
  0
LINE
  8
0
 10
12316.6245
 20
22438.207
 30
1014.5972
 11
12316.6245
 21
22470.7262
 31
1001.5895
  0
LINE
  8
0
 10
12389.7926
 20
22470.7262
 30
1001.5895
 11
12365.4032
 21
22535.7645
 31
975.5742
  0
LINE
  8
0
 10
12365.4032
 20
22535.7645
 30
975.5742
 11
12316.6245
 21
22373.1688
 31
1040.6125
  0
LINE
  8
0
 10
12316.6245
 20
22373.1688
 30
1040.6125
 11
12487.35
 21
22210.573
 31
1105.6508
  0
LINE
  8
0
 10
12487.35
 20
22210.573
 30
1105.6508
 11
12462.9606
 21
22503.2453
 31
988.5819
  0
LINE
  8
0
 10
12462.9606
 20
22503.2453
 30
988.5819
 11
12389.7926
 21
22503.2453
 31
988.5819
  0
LINE
  8
0
 10
12389.7926
 20
22503.2453
 30
988.5819
 11
12389.7926
 21
22470.7262
 31
1001.5895
  0
LINE
  8
0
 10
12536.1287
 20
22470.7262
 30
1001.5895
 11
12511.7394
 21
22665.841
 31
923.5436
  0
LINE
  8
0
 10
12511.7394
 20
22665.841
 30
923.5436
 11
12462.9606
 21
22503.2453
 31
988.5819
  0
LINE
  8
0
 10
12462.9606
 20
22503.2453
 30
988.5819
 11
12536.1287
 21
22438.207
 31
1014.5972
  0
LINE
  8
0
 10
12536.1287
 20
22438.207
 30
1014.5972
 11
12536.1287
 21
22470.7262
 31
1001.5895
  0
LINE
  8
0
 10
21657.7477
 20
22470.7262
 30
1001.5895
 11
21633.3583
 21
22535.7645
 31
975.5742
  0
LINE
  8
0
 10
21633.3583
 20
22535.7645
 30
975.5742
 11
21316.2967
 21
22080.4965
 31
1157.6814
  0
LINE
  8
0
 10
21316.2967
 20
22080.4965
 30
1157.6814
 11
21633.3583
 21
22438.207
 31
1014.5972
  0
LINE
  8
0
 10
21633.3583
 20
22438.207
 30
1014.5972
 11
21657.7477
 21
22470.7262
 31
1001.5895
  0
LINE
  8
0
 10
21779.6944
 20
22470.7262
 30
1001.5895
 11
21462.6328
 21
21982.9391
 31
1196.7044
  0
LINE
  8
0
 10
21462.6328
 20
21982.9391
 30
1196.7044
 11
21779.6944
 21
22438.207
 31
1014.5972
  0
LINE
  8
0
 10
21779.6944
 20
22438.207
 30
1014.5972
 11
21779.6944
 21
22470.7262
 31
1001.5895
  0
LINE
  8
0
 10
12389.7926
 20
22438.207
 30
1014.5972
 11
12365.4032
 21
22535.7645
 31
975.5742
  0
LINE
  8
0
 10
12365.4032
 20
22535.7645
 30
975.5742
 11
12316.6245
 21
22373.1688
 31
1040.6125
  0
LINE
  8
0
 10
12316.6245
 20
22373.1688
 30
1040.6125
 11
12487.35
 21
22210.573
 31
1105.6508
  0
LINE
  8
0
 10
12487.35
 20
22210.573
 30
1105.6508
 11
12462.9606
 21
22503.2453
 31
988.5819
  0
LINE
  8
0
 10
12462.9606
 20
22503.2453
 30
988.5819
 11
12389.7926
 21
22470.7262
 31
1001.5895
  0
LINE
  8
0
 10
12389.7926
 20
22470.7262
 30
1001.5895
 11
12389.7926
 21
22438.207
 31
1014.5972
  0
LINE
  8
0
 10
19511.4844
 20
22340.6496
 30
1053.6202
 11
19487.095
 21
22178.0539
 31
1118.6584
  0
LINE
  8
0
 10
19487.095
 20
22178.0539
 30
1118.6584
 11
19487.095
 21
22308.1305
 31
1066.6278
  0
LINE
  8
0
 10
19487.095
 20
22308.1305
 30
1066.6278
 11
19511.4844
 21
22340.6496
 31
1053.6202
  0
LINE
  8
0
 10
22511.3751
 20
22308.1305
 30
1066.6278
 11
23243.0558
 21
22047.9773
 31
1170.6891
  0
LINE
  8
0
 10
23243.0558
 20
22047.9773
 30
1170.6891
 11
22608.9325
 21
22210.573
 31
1105.6508
  0
LINE
  8
0
 10
22608.9325
 20
22210.573
 30
1105.6508
 11
22169.9241
 21
21982.9391
 31
1196.7044
  0
LINE
  8
0
 10
22169.9241
 20
21982.9391
 30
1196.7044
 11
21413.8541
 21
21852.8625
 31
1248.735
  0
LINE
  8
0
 10
21413.8541
 20
21852.8625
 30
1248.735
 11
21218.7393
 21
21625.2285
 31
1339.7886
  0
LINE
  8
0
 10
21218.7393
 20
21625.2285
 30
1339.7886
 11
21316.2967
 21
21820.3434
 31
1261.7427
  0
LINE
  8
0
 10
21316.2967
 20
21820.3434
 30
1261.7427
 11
21511.4115
 21
21950.4199
 31
1209.712
  0
LINE
  8
0
 10
21511.4115
 20
21950.4199
 30
1209.712
 11
22486.9857
 21
22275.6113
 31
1079.6355
  0
LINE
  8
0
 10
22486.9857
 20
22275.6113
 30
1079.6355
 11
22511.3751
 21
22308.1305
 31
1066.6278
  0
LINE
  8
0
 10
23511.3387
 20
22308.1305
 30
1066.6278
 11
23633.2854
 21
22275.6113
 31
1079.6355
  0
LINE
  8
0
 10
23633.2854
 20
22275.6113
 30
1079.6355
 11
23535.728
 21
22308.1305
 31
1066.6278
  0
LINE
  8
0
 10
23535.728
 20
22308.1305
 30
1066.6278
 11
23511.3387
 21
22308.1305
 31
1066.6278
  0
LINE
  8
0
 10
5536.3837
 20
22243.0922
 30
1092.6431
 11
5511.9943
 21
22308.1305
 31
1066.6278
  0
LINE
  8
0
 10
5511.9943
 20
22308.1305
 30
1066.6278
 11
5463.2156
 21
22178.0539
 31
1118.6584
  0
LINE
  8
0
 10
5463.2156
 20
22178.0539
 30
1118.6584
 11
5536.3837
 21
22210.573
 31
1105.6508
  0
LINE
  8
0
 10
5536.3837
 20
22210.573
 30
1105.6508
 11
5536.3837
 21
22243.0922
 31
1092.6431
  0
LINE
  8
0
 10
12828.801
 20
22210.573
 30
1105.6508
 11
13877.5433
 21
21852.8625
 31
1248.735
  0
LINE
  8
0
 10
13877.5433
 20
21852.8625
 30
1248.735
 11
13975.1007
 21
21950.4199
 31
1209.712
  0
LINE
  8
0
 10
13975.1007
 20
21950.4199
 30
1209.712
 11
13975.1007
 21
21852.8625
 31
1248.735
  0
LINE
  8
0
 10
13975.1007
 20
21852.8625
 30
1248.735
 11
12853.1903
 21
22210.573
 31
1105.6508
  0
LINE
  8
0
 10
12853.1903
 20
22210.573
 30
1105.6508
 11
12828.801
 21
22210.573
 31
1105.6508
  0
LINE
  8
0
 10
3170.6162
 20
22178.0539
 30
1118.6584
 11
3316.9523
 21
22145.5348
 31
1131.6661
  0
LINE
  8
0
 10
3316.9523
 20
22145.5348
 30
1131.6661
 11
3877.9075
 21
21397.5945
 31
1430.8422
  0
LINE
  8
0
 10
3877.9075
 20
21397.5945
 30
1430.8422
 11
5072.9859
 21
21072.4031
 31
1560.9187
  0
LINE
  8
0
 10
5072.9859
 20
21072.4031
 30
1560.9187
 11
5365.6582
 21
21950.4199
 31
1209.712
  0
LINE
  8
0
 10
5365.6582
 20
21950.4199
 30
1209.712
 11
5390.0476
 21
21722.7859
 31
1300.7656
  0
LINE
  8
0
 10
5390.0476
 20
21722.7859
 30
1300.7656
 11
5170.5434
 21
21072.4031
 31
1560.9187
  0
LINE
  8
0
 10
5170.5434
 20
21072.4031
 30
1560.9187
 11
5731.4985
 21
20909.8074
 31
1625.957
  0
LINE
  8
0
 10
5731.4985
 20
20909.8074
 30
1625.957
 11
5755.8879
 21
21267.518
 31
1482.8728
  0
LINE
  8
0
 10
5755.8879
 20
21267.518
 30
1482.8728
 11
5804.6666
 21
20909.8074
 31
1625.957
  0
LINE
  8
0
 10
5804.6666
 20
20909.8074
 30
1625.957
 11
5951.0027
 21
20844.7691
 31
1651.9723
  0
LINE
  8
0
 10
5951.0027
 20
20844.7691
 30
1651.9723
 11
5853.4453
 21
20812.25
 31
1664.98
  0
LINE
  8
0
 10
5853.4453
 20
20812.25
 30
1664.98
 11
6048.5602
 21
20714.6926
 31
1704.003
  0
LINE
  8
0
 10
6048.5602
 20
20714.6926
 30
1704.003
 11
5829.056
 21
20747.2117
 31
1690.9953
  0
LINE
  8
0
 10
5829.056
 20
20747.2117
 30
1690.9953
 11
5853.4453
 21
20552.0969
 31
1769.0413
  0
LINE
  8
0
 10
5853.4453
 20
20552.0969
 30
1769.0413
 11
5755.8879
 21
20487.0586
 31
1795.0566
  0
LINE
  8
0
 10
5755.8879
 20
20487.0586
 30
1795.0566
 11
5731.4985
 21
20259.4246
 31
1886.1102
  0
LINE
  8
0
 10
5731.4985
 20
20259.4246
 30
1886.1102
 11
5853.4453
 21
20259.4246
 31
1886.1102
  0
LINE
  8
0
 10
5853.4453
 20
20259.4246
 30
1886.1102
 11
6097.3389
 21
19869.1949
 31
2042.202
  0
LINE
  8
0
 10
6097.3389
 20
19869.1949
 30
2042.202
 11
6487.5686
 21
19999.2715
 31
1990.1714
  0
LINE
  8
0
 10
6487.5686
 20
19999.2715
 30
1990.1714
 11
6487.5686
 21
20096.8289
 31
1951.1484
  0
LINE
  8
0
 10
6487.5686
 20
20096.8289
 30
1951.1484
 11
6560.7366
 21
20031.7906
 31
1977.1637
  0
LINE
  8
0
 10
6560.7366
 20
20031.7906
 30
1977.1637
 11
6219.2856
 21
19869.1949
 31
2042.202
  0
LINE
  8
0
 10
6219.2856
 20
19869.1949
 30
2042.202
 11
6194.8963
 21
19674.0801
 31
2120.248
  0
LINE
  8
0
 10
6194.8963
 20
19674.0801
 30
2120.248
 11
5902.224
 21
19446.4461
 31
2211.3016
  0
LINE
  8
0
 10
5902.224
 20
19446.4461
 30
2211.3016
 11
5755.8879
 21
19413.927
 31
2224.3092
  0
LINE
  8
0
 10
5755.8879
 20
19413.927
 30
2224.3092
 11
5536.3837
 21
19576.5227
 31
2159.2709
  0
LINE
  8
0
 10
5536.3837
 20
19576.5227
 30
2159.2709
 11
5341.2688
 21
19544.0035
 31
2172.2786
  0
LINE
  8
0
 10
5341.2688
 20
19544.0035
 30
2172.2786
 11
5097.3753
 21
19804.1566
 31
2068.2173
  0
LINE
  8
0
 10
5097.3753
 20
19804.1566
 30
2068.2173
 11
5146.154
 21
19641.5609
 31
2133.2556
  0
LINE
  8
0
 10
5146.154
 20
19641.5609
 30
2133.2556
 11
4829.0924
 21
20031.7906
 31
1977.1637
  0
LINE
  8
0
 10
4829.0924
 20
20031.7906
 30
1977.1637
 11
4829.0924
 21
20161.8672
 31
1925.1331
  0
LINE
  8
0
 10
4829.0924
 20
20161.8672
 30
1925.1331
 11
4731.535
 21
20129.348
 31
1938.1408
  0
LINE
  8
0
 10
4731.535
 20
20129.348
 30
1938.1408
 11
3829.1288
 21
21267.518
 31
1482.8728
  0
LINE
  8
0
 10
3829.1288
 20
21267.518
 30
1482.8728
 11
3926.6862
 21
21267.518
 31
1482.8728
  0
LINE
  8
0
 10
3926.6862
 20
21267.518
 30
1482.8728
 11
3804.7395
 21
21430.1137
 31
1417.8345
  0
LINE
  8
0
 10
3804.7395
 20
21430.1137
 30
1417.8345
 11
3682.7927
 21
21462.6328
 31
1404.8269
  0
LINE
  8
0
 10
3682.7927
 20
21462.6328
 30
1404.8269
 11
3146.2269
 21
22145.5348
 31
1131.6661
  0
LINE
  8
0
 10
3146.2269
 20
22145.5348
 30
1131.6661
 11
3170.6162
 21
22178.0539
 31
1118.6584
  0
LINE
  8
0
 10
10682.5377
 20
22178.0539
 30
1118.6584
 11
10682.5377
 21
21982.9391
 31
1196.7044
  0
LINE
  8
0
 10
10682.5377
 20
21982.9391
 30
1196.7044
 11
10682.5377
 21
22145.5348
 31
1131.6661
  0
LINE
  8
0
 10
10682.5377
 20
22145.5348
 30
1131.6661
 11
10682.5377
 21
22178.0539
 31
1118.6584
  0
LINE
  8
0
 10
11926.3948
 20
22178.0539
 30
1118.6584
 11
11975.1735
 21
22145.5348
 31
1131.6661
  0
LINE
  8
0
 10
11975.1735
 20
22145.5348
 30
1131.6661
 11
10902.0419
 21
21755.3051
 31
1287.758
  0
LINE
  8
0
 10
10902.0419
 20
21755.3051
 30
1287.758
 11
10902.0419
 21
21885.3816
 31
1235.7273
  0
LINE
  8
0
 10
10902.0419
 20
21885.3816
 30
1235.7273
 11
10999.5993
 21
21787.8242
 31
1274.7503
  0
LINE
  8
0
 10
10999.5993
 20
21787.8242
 30
1274.7503
 11
11389.829
 21
21950.4199
 31
1209.712
  0
LINE
  8
0
 10
11389.829
 20
21950.4199
 30
1209.712
 11
11414.2184
 21
22047.9773
 31
1170.6891
  0
LINE
  8
0
 10
11414.2184
 20
22047.9773
 30
1170.6891
 11
11487.3864
 21
21982.9391
 31
1196.7044
  0
LINE
  8
0
 10
11487.3864
 20
21982.9391
 30
1196.7044
 11
11902.0055
 21
22145.5348
 31
1131.6661
  0
LINE
  8
0
 10
11902.0055
 20
22145.5348
 30
1131.6661
 11
11926.3948
 21
22178.0539
 31
1118.6584
  0
LINE
  8
0
 10
22389.4283
 20
22178.0539
 30
1118.6584
 11
21877.2519
 21
22047.9773
 31
1170.6891
  0
LINE
  8
0
 10
21877.2519
 20
22047.9773
 30
1170.6891
 11
22096.7561
 21
21982.9391
 31
1196.7044
  0
LINE
  8
0
 10
22096.7561
 20
21982.9391
 30
1196.7044
 11
22365.039
 21
22145.5348
 31
1131.6661
  0
LINE
  8
0
 10
22365.039
 20
22145.5348
 30
1131.6661
 11
22389.4283
 21
22178.0539
 31
1118.6584
  0
LINE
  8
0
 10
19389.5376
 20
22145.5348
 30
1131.6661
 11
19218.8121
 21
21755.3051
 31
1287.758
  0
LINE
  8
0
 10
19218.8121
 20
21755.3051
 30
1287.758
 11
19389.5376
 21
22113.0156
 31
1144.6738
  0
LINE
  8
0
 10
19389.5376
 20
22113.0156
 30
1144.6738
 11
19389.5376
 21
22145.5348
 31
1131.6661
  0
LINE
  8
0
 10
3268.1736
 20
22113.0156
 30
1144.6738
 11
3195.0056
 21
22113.0156
 31
1144.6738
  0
LINE
  8
0
 10
3195.0056
 20
22113.0156
 30
1144.6738
 11
3268.1736
 21
22015.4582
 31
1183.6967
  0
LINE
  8
0
 10
3268.1736
 20
22015.4582
 30
1183.6967
 11
3292.563
 21
22080.4965
 31
1157.6814
  0
LINE
  8
0
 10
3292.563
 20
22080.4965
 30
1157.6814
 11
3268.1736
 21
22113.0156
 31
1144.6738
  0
LINE
  8
0
 10
19218.8121
 20
22113.0156
 30
1144.6738
 11
19145.644
 21
22080.4965
 31
1157.6814
  0
LINE
  8
0
 10
19145.644
 20
22080.4965
 30
1157.6814
 11
19243.2015
 21
22080.4965
 31
1157.6814
  0
LINE
  8
0
 10
19243.2015
 20
22080.4965
 30
1157.6814
 11
19218.8121
 21
22113.0156
 31
1144.6738
  0
LINE
  8
0
 10
12414.1819
 20
22047.9773
 30
1170.6891
 11
12292.2352
 21
22047.9773
 31
1170.6891
  0
LINE
  8
0
 10
12292.2352
 20
22047.9773
 30
1170.6891
 11
12023.9522
 21
21787.8242
 31
1274.7503
  0
LINE
  8
0
 10
12023.9522
 20
21787.8242
 30
1274.7503
 11
12267.8458
 21
21560.1902
 31
1365.8039
  0
LINE
  8
0
 10
12267.8458
 20
21560.1902
 30
1365.8039
 11
12609.2968
 21
21625.2285
 31
1339.7886
  0
LINE
  8
0
 10
12609.2968
 20
21625.2285
 30
1339.7886
 11
12731.2436
 21
21820.3434
 31
1261.7427
  0
LINE
  8
0
 10
12731.2436
 20
21820.3434
 30
1261.7427
 11
12438.5713
 21
22047.9773
 31
1170.6891
  0
LINE
  8
0
 10
12438.5713
 20
22047.9773
 30
1170.6891
 11
12414.1819
 21
22047.9773
 31
1170.6891
  0
LINE
  8
0
 10
1926.7591
 20
22015.4582
 30
1183.6967
 11
1780.4229
 21
21950.4199
 31
1209.712
  0
LINE
  8
0
 10
1780.4229
 20
21950.4199
 30
1209.712
 11
1902.3697
 21
21982.9391
 31
1196.7044
  0
LINE
  8
0
 10
1902.3697
 20
21982.9391
 30
1196.7044
 11
1926.7591
 21
22015.4582
 31
1183.6967
  0
LINE
  8
0
 10
23389.3919
 20
22015.4582
 30
1183.6967
 11
23511.3387
 21
21950.4199
 31
1209.712
  0
LINE
  8
0
 10
23511.3387
 20
21950.4199
 30
1209.712
 11
23413.7812
 21
21982.9391
 31
1196.7044
  0
LINE
  8
0
 10
23413.7812
 20
21982.9391
 30
1196.7044
 11
21291.9073
 21
19413.927
 31
2224.3092
  0
LINE
  8
0
 10
21291.9073
 20
19413.927
 30
2224.3092
 11
21852.8625
 21
20096.8289
 31
1951.1484
  0
LINE
  8
0
 10
21852.8625
 20
20096.8289
 30
1951.1484
 11
21194.3499
 21
19446.4461
 31
2211.3016
  0
LINE
  8
0
 10
21194.3499
 20
19446.4461
 30
2211.3016
 11
23365.0025
 21
21982.9391
 31
1196.7044
  0
LINE
  8
0
 10
23365.0025
 20
21982.9391
 30
1196.7044
 11
23389.3919
 21
22015.4582
 31
1183.6967
  0
LINE
  8
0
 10
7585.0896
 20
21982.9391
 30
1196.7044
 11
8292.3809
 21
20389.5012
 31
1834.0795
  0
LINE
  8
0
 10
8292.3809
 20
20389.5012
 30
1834.0795
 11
7609.4789
 21
21950.4199
 31
1209.712
  0
LINE
  8
0
 10
7609.4789
 20
21950.4199
 30
1209.712
 11
7585.0896
 21
21982.9391
 31
1196.7044
  0
LINE
  8
0
 10
14121.4368
 20
21950.4199
 30
1209.712
 11
14194.6049
 21
21755.3051
 31
1287.758
  0
LINE
  8
0
 10
14194.6049
 20
21755.3051
 30
1287.758
 11
15316.5152
 21
21365.0754
 31
1443.8498
  0
LINE
  8
0
 10
15316.5152
 20
21365.0754
 30
1443.8498
 11
15414.0727
 21
21495.152
 31
1391.8192
  0
LINE
  8
0
 10
15414.0727
 20
21495.152
 30
1391.8192
 11
15438.462
 21
21365.0754
 31
1443.8498
  0
LINE
  8
0
 10
15438.462
 20
21365.0754
 30
1443.8498
 11
15267.7365
 21
21332.5562
 31
1456.8575
  0
LINE
  8
0
 10
15267.7365
 20
21332.5562
 30
1456.8575
 11
14218.9942
 21
21690.2668
 31
1313.7733
  0
LINE
  8
0
 10
14218.9942
 20
21690.2668
 30
1313.7733
 11
14072.6581
 21
21787.8242
 31
1274.7503
  0
LINE
  8
0
 10
14072.6581
 20
21787.8242
 30
1274.7503
 11
14097.0475
 21
21917.9008
 31
1222.7197
  0
LINE
  8
0
 10
14097.0475
 20
21917.9008
 30
1222.7197
 11
14121.4368
 21
21950.4199
 31
1209.712
  0
LINE
  8
0
 10
21291.9073
 20
21950.4199
 30
1209.712
 11
21267.518
 21
22015.4582
 31
1183.6967
  0
LINE
  8
0
 10
21267.518
 20
22015.4582
 30
1183.6967
 11
21145.5712
 21
21852.8625
 31
1248.735
  0
LINE
  8
0
 10
21145.5712
 20
21852.8625
 30
1248.735
 11
21267.518
 21
21917.9008
 31
1222.7197
  0
LINE
  8
0
 10
21267.518
 20
21917.9008
 30
1222.7197
 11
21291.9073
 21
21950.4199
 31
1209.712
  0
LINE
  8
0
 10
21706.5264
 20
21950.4199
 30
1209.712
 11
21487.0222
 21
21917.9008
 31
1222.7197
  0
LINE
  8
0
 10
21487.0222
 20
21917.9008
 30
1222.7197
 11
21682.137
 21
21917.9008
 31
1222.7197
  0
LINE
  8
0
 10
21682.137
 20
21917.9008
 30
1222.7197
 11
21706.5264
 21
21950.4199
 31
1209.712
  0
LINE
  8
0
 10
3438.8991
 20
21885.3816
 30
1235.7273
 11
3390.1204
 21
21852.8625
 31
1248.735
  0
LINE
  8
0
 10
3390.1204
 20
21852.8625
 30
1248.735
 11
3487.6778
 21
21755.3051
 31
1287.758
  0
LINE
  8
0
 10
3487.6778
 20
21755.3051
 30
1287.758
 11
3463.2885
 21
21852.8625
 31
1248.735
  0
LINE
  8
0
 10
3463.2885
 20
21852.8625
 30
1248.735
 11
3438.8991
 21
21885.3816
 31
1235.7273
  0
LINE
  8
0
 10
5829.056
 20
21885.3816
 30
1235.7273
 11
5731.4985
 21
21885.3816
 31
1235.7273
  0
LINE
  8
0
 10
5731.4985
 20
21885.3816
 30
1235.7273
 11
5804.6666
 21
21722.7859
 31
1300.7656
  0
LINE
  8
0
 10
5804.6666
 20
21722.7859
 30
1300.7656
 11
5877.8347
 21
21755.3051
 31
1287.758
  0
LINE
  8
0
 10
5877.8347
 20
21755.3051
 30
1287.758
 11
5853.4453
 21
21852.8625
 31
1248.735
  0
LINE
  8
0
 10
5853.4453
 20
21852.8625
 30
1248.735
 11
5829.056
 21
21885.3816
 31
1235.7273
  0
LINE
  8
0
 10
2390.1568
 20
21852.8625
 30
1248.735
 11
3390.1204
 21
21527.6711
 31
1378.8116
  0
LINE
  8
0
 10
3390.1204
 20
21527.6711
 30
1378.8116
 11
3316.9523
 21
21495.152
 31
1391.8192
  0
LINE
  8
0
 10
3316.9523
 20
21495.152
 30
1391.8192
 11
3512.0672
 21
21397.5945
 31
1430.8422
  0
LINE
  8
0
 10
3512.0672
 20
21397.5945
 30
1430.8422
 11
2536.493
 21
21592.7094
 31
1352.7962
  0
LINE
  8
0
 10
2536.493
 20
21592.7094
 30
1352.7962
 11
2365.7675
 21
21722.7859
 31
1300.7656
  0
LINE
  8
0
 10
2365.7675
 20
21722.7859
 30
1300.7656
 11
1707.2549
 21
21560.1902
 31
1365.8039
  0
LINE
  8
0
 10
1707.2549
 20
21560.1902
 30
1365.8039
 11
2365.7675
 21
21820.3434
 31
1261.7427
  0
LINE
  8
0
 10
2365.7675
 20
21820.3434
 30
1261.7427
 11
2390.1568
 21
21852.8625
 31
1248.735
  0
LINE
  8
0
 10
17072.5488
 20
21787.8242
 30
1274.7503
 11
17048.1595
 21
21852.8625
 31
1248.735
  0
LINE
  8
0
 10
17048.1595
 20
21852.8625
 30
1248.735
 11
16999.3808
 21
21722.7859
 31
1300.7656
  0
LINE
  8
0
 10
16999.3808
 20
21722.7859
 30
1300.7656
 11
17048.1595
 21
21755.3051
 31
1287.758
  0
LINE
  8
0
 10
17048.1595
 20
21755.3051
 30
1287.758
 11
17072.5488
 21
21787.8242
 31
1274.7503
  0
LINE
  8
0
 10
21169.9605
 20
21787.8242
 30
1274.7503
 11
21072.4031
 21
21787.8242
 31
1274.7503
  0
LINE
  8
0
 10
21072.4031
 20
21787.8242
 30
1274.7503
 11
21121.1818
 21
21690.2668
 31
1313.7733
  0
LINE
  8
0
 10
21121.1818
 20
21690.2668
 30
1313.7733
 11
21169.9605
 21
21755.3051
 31
1287.758
  0
LINE
  8
0
 10
21169.9605
 20
21755.3051
 30
1287.758
 11
21169.9605
 21
21787.8242
 31
1274.7503
  0
LINE
  8
0
 10
5755.8879
 20
21755.3051
 30
1287.758
 11
5658.3305
 21
21722.7859
 31
1300.7656
  0
LINE
  8
0
 10
5658.3305
 20
21722.7859
 30
1300.7656
 11
5731.4985
 21
21625.2285
 31
1339.7886
  0
LINE
  8
0
 10
5731.4985
 20
21625.2285
 30
1339.7886
 11
5755.8879
 21
21722.7859
 31
1300.7656
  0
LINE
  8
0
 10
5755.8879
 20
21722.7859
 30
1300.7656
 11
5755.8879
 21
21755.3051
 31
1287.758
  0
LINE
  8
0
 10
2658.4397
 20
21722.7859
 30
1300.7656
 11
2512.1036
 21
21690.2668
 31
1313.7733
  0
LINE
  8
0
 10
2512.1036
 20
21690.2668
 30
1313.7733
 11
2780.3865
 21
21560.1902
 31
1365.8039
  0
LINE
  8
0
 10
2780.3865
 20
21560.1902
 30
1365.8039
 11
2975.5014
 21
21625.2285
 31
1339.7886
  0
LINE
  8
0
 10
2975.5014
 20
21625.2285
 30
1339.7886
 11
2682.8291
 21
21722.7859
 31
1300.7656
  0
LINE
  8
0
 10
2682.8291
 20
21722.7859
 30
1300.7656
 11
2658.4397
 21
21722.7859
 31
1300.7656
  0
LINE
  8
0
 10
19145.644
 20
21722.7859
 30
1300.7656
 11
19145.644
 21
21300.0371
 31
1469.8652
  0
LINE
  8
0
 10
19145.644
 20
21300.0371
 30
1469.8652
 11
19145.644
 21
21690.2668
 31
1313.7733
  0
LINE
  8
0
 10
19145.644
 20
21690.2668
 30
1313.7733
 11
19145.644
 21
21722.7859
 31
1300.7656
  0
LINE
  8
0
 10
3609.6246
 20
21690.2668
 30
1313.7733
 11
3536.4565
 21
21690.2668
 31
1313.7733
  0
LINE
  8
0
 10
3536.4565
 20
21690.2668
 30
1313.7733
 11
3755.9607
 21
21430.1137
 31
1417.8345
  0
LINE
  8
0
 10
3755.9607
 20
21430.1137
 30
1417.8345
 11
3634.014
 21
21657.7477
 31
1326.7809
  0
LINE
  8
0
 10
3634.014
 20
21657.7477
 30
1326.7809
 11
3609.6246
 21
21690.2668
 31
1313.7733
  0
LINE
  8
0
 10
17023.7701
 20
21657.7477
 30
1326.7809
 11
16999.3808
 21
21722.7859
 31
1300.7656
  0
LINE
  8
0
 10
16999.3808
 20
21722.7859
 30
1300.7656
 11
16950.6021
 21
21592.7094
 31
1352.7962
  0
LINE
  8
0
 10
16950.6021
 20
21592.7094
 30
1352.7962
 11
16999.3808
 21
21625.2285
 31
1339.7886
  0
LINE
  8
0
 10
16999.3808
 20
21625.2285
 30
1339.7886
 11
17023.7701
 21
21657.7477
 31
1326.7809
  0
LINE
  8
0
 10
3097.4481
 20
21592.7094
 30
1352.7962
 11
2975.5014
 21
21592.7094
 31
1352.7962
  0
LINE
  8
0
 10
2975.5014
 20
21592.7094
 30
1352.7962
 11
3073.0588
 21
21560.1902
 31
1365.8039
  0
LINE
  8
0
 10
3073.0588
 20
21560.1902
 30
1365.8039
 11
3097.4481
 21
21592.7094
 31
1352.7962
  0
LINE
  8
0
 10
19730.9886
 20
21592.7094
 30
1352.7962
 11
19682.2099
 21
21690.2668
 31
1313.7733
  0
LINE
  8
0
 10
19682.2099
 20
21690.2668
 30
1313.7733
 11
19730.9886
 21
21560.1902
 31
1365.8039
  0
LINE
  8
0
 10
19730.9886
 20
21560.1902
 30
1365.8039
 11
19730.9886
 21
21592.7094
 31
1352.7962
  0
LINE
  8
0
 10
3195.0056
 20
21560.1902
 30
1365.8039
 11
3073.0588
 21
21560.1902
 31
1365.8039
  0
LINE
  8
0
 10
3073.0588
 20
21560.1902
 30
1365.8039
 11
3170.6162
 21
21527.6711
 31
1378.8116
  0
LINE
  8
0
 10
3170.6162
 20
21527.6711
 30
1378.8116
 11
3195.0056
 21
21560.1902
 31
1365.8039
  0
LINE
  8
0
 10
829.2381
 20
21527.6711
 30
1378.8116
 11
804.8487
 21
21365.0754
 31
1443.8498
  0
LINE
  8
0
 10
804.8487
 20
21365.0754
 30
1443.8498
 11
829.2381
 21
21495.152
 31
1391.8192
  0
LINE
  8
0
 10
829.2381
 20
21495.152
 30
1391.8192
 11
829.2381
 21
21527.6711
 31
1378.8116
  0
LINE
  8
0
 10
1560.9187
 20
21527.6711
 30
1378.8116
 11
3926.6862
 21
19088.7355
 31
2354.3858
  0
LINE
  8
0
 10
3926.6862
 20
19088.7355
 30
2354.3858
 11
3609.6246
 21
19413.927
 31
2224.3092
  0
LINE
  8
0
 10
3609.6246
 20
19413.927
 30
2224.3092
 11
3560.8459
 21
19348.8887
 31
2250.3245
  0
LINE
  8
0
 10
3560.8459
 20
19348.8887
 30
2250.3245
 11
3463.2885
 21
19446.4461
 31
2211.3016
  0
LINE
  8
0
 10
3463.2885
 20
19446.4461
 30
2211.3016
 11
3365.7311
 21
19576.5227
 31
2159.2709
  0
LINE
  8
0
 10
3365.7311
 20
19576.5227
 30
2159.2709
 11
3585.2353
 21
19413.927
 31
2224.3092
  0
LINE
  8
0
 10
3585.2353
 20
19413.927
 30
2224.3092
 11
3292.563
 21
19706.5992
 31
2107.2403
  0
LINE
  8
0
 10
3292.563
 20
19706.5992
 30
2107.2403
 11
3316.9523
 21
19609.0418
 31
2146.2633
  0
LINE
  8
0
 10
3316.9523
 20
19609.0418
 30
2146.2633
 11
3073.0588
 21
19966.7523
 31
2003.1791
  0
LINE
  8
0
 10
3073.0588
 20
19966.7523
 30
2003.1791
 11
3024.2801
 21
19934.2332
 31
2016.1867
  0
LINE
  8
0
 10
3024.2801
 20
19934.2332
 30
2016.1867
 11
3219.3949
 21
19706.5992
 31
2107.2403
  0
LINE
  8
0
 10
3219.3949
 20
19706.5992
 30
2107.2403
 11
2951.112
 21
19966.7523
 31
2003.1791
  0
LINE
  8
0
 10
2951.112
 20
19966.7523
 30
2003.1791
 11
3048.6694
 21
19966.7523
 31
2003.1791
  0
LINE
  8
0
 10
3048.6694
 20
19966.7523
 30
2003.1791
 11
2658.4397
 21
20389.5012
 31
1834.0795
  0
LINE
  8
0
 10
2658.4397
 20
20389.5012
 30
1834.0795
 11
2634.0504
 21
20324.4629
 31
1860.0948
  0
LINE
  8
0
 10
2634.0504
 20
20324.4629
 30
1860.0948
 11
2512.1036
 21
20422.0203
 31
1821.0719
  0
LINE
  8
0
 10
2512.1036
 20
20422.0203
 30
1821.0719
 11
2609.661
 21
20422.0203
 31
1821.0719
  0
LINE
  8
0
 10
2609.661
 20
20422.0203
 30
1821.0719
 11
2219.4313
 21
20812.25
 31
1664.98
  0
LINE
  8
0
 10
2219.4313
 20
20812.25
 30
1664.98
 11
2292.5994
 21
20649.6543
 31
1730.0183
  0
LINE
  8
0
 10
2292.5994
 20
20649.6543
 30
1730.0183
 11
2243.8207
 21
20682.1734
 31
1717.0106
  0
LINE
  8
0
 10
2243.8207
 20
20682.1734
 30
1717.0106
 11
2121.8739
 21
20942.3266
 31
1612.9494
  0
LINE
  8
0
 10
2121.8739
 20
20942.3266
 30
1612.9494
 11
1560.9187
 21
21495.152
 31
1391.8192
  0
LINE
  8
0
 10
1560.9187
 20
21495.152
 30
1391.8192
 11
1487.7507
 21
21462.6328
 31
1404.8269
  0
LINE
  8
0
 10
1487.7507
 20
21462.6328
 30
1404.8269
 11
1536.5294
 21
21495.152
 31
1391.8192
  0
LINE
  8
0
 10
1536.5294
 20
21495.152
 30
1391.8192
 11
1560.9187
 21
21527.6711
 31
1378.8116
  0
LINE
  8
0
 10
20950.4563
 20
21495.152
 30
1391.8192
 11
20779.7309
 21
21300.0371
 31
1469.8652
  0
LINE
  8
0
 10
20779.7309
 20
21300.0371
 30
1469.8652
 11
20950.4563
 21
21462.6328
 31
1404.8269
  0
LINE
  8
0
 10
20950.4563
 20
21462.6328
 30
1404.8269
 11
20950.4563
 21
21495.152
 31
1391.8192
  0
LINE
  8
0
 10
12804.4116
 20
21462.6328
 30
1404.8269
 11
19950.4928
 21
18991.1781
 31
2393.4088
  0
LINE
  8
0
 10
19950.4928
 20
18991.1781
 30
2393.4088
 11
12828.801
 21
21462.6328
 31
1404.8269
  0
LINE
  8
0
 10
12828.801
 20
21462.6328
 30
1404.8269
 11
12804.4116
 21
21462.6328
 31
1404.8269
  0
LINE
  8
0
 10
19048.0866
 20
21462.6328
 30
1404.8269
 11
18877.3611
 21
21137.4414
 31
1534.9034
  0
LINE
  8
0
 10
18877.3611
 20
21137.4414
 30
1534.9034
 11
19023.6973
 21
21430.1137
 31
1417.8345
  0
LINE
  8
0
 10
19023.6973
 20
21430.1137
 30
1417.8345
 11
19048.0866
 21
21462.6328
 31
1404.8269
  0
LINE
  8
0
 10
11975.1735
 20
21430.1137
 30
1417.8345
 11
12048.3416
 21
21430.1137
 31
1417.8345
  0
LINE
  8
0
 10
12048.3416
 20
21430.1137
 30
1417.8345
 11
5097.3753
 21
18698.5059
 31
2510.4777
  0
LINE
  8
0
 10
5097.3753
 20
18698.5059
 30
2510.4777
 11
11950.7842
 21
21397.5945
 31
1430.8422
  0
LINE
  8
0
 10
11950.7842
 20
21397.5945
 30
1430.8422
 11
11975.1735
 21
21430.1137
 31
1417.8345
  0
LINE
  8
0
 10
21072.4031
 20
21430.1137
 30
1417.8345
 11
20804.1202
 21
21039.884
 31
1573.9264
  0
LINE
  8
0
 10
20804.1202
 20
21039.884
 30
1573.9264
 11
21048.0138
 21
21397.5945
 31
1430.8422
  0
LINE
  8
0
 10
21048.0138
 20
21397.5945
 30
1430.8422
 11
21072.4031
 21
21430.1137
 31
1417.8345
  0
LINE
  8
0
 10
17121.3275
 20
21397.5945
 30
1430.8422
 11
16974.9914
 21
20812.25
 31
1664.98
  0
LINE
  8
0
 10
16974.9914
 20
20812.25
 30
1664.98
 11
17535.9466
 21
20617.1352
 31
1743.0259
  0
LINE
  8
0
 10
17535.9466
 20
20617.1352
 30
1743.0259
 11
17145.7169
 21
20519.5777
 31
1782.0489
  0
LINE
  8
0
 10
17145.7169
 20
20519.5777
 30
1782.0489
 11
17413.9998
 21
20617.1352
 31
1743.0259
  0
LINE
  8
0
 10
17413.9998
 20
20617.1352
 30
1743.0259
 11
16950.6021
 21
20779.7309
 31
1677.9877
  0
LINE
  8
0
 10
16950.6021
 20
20779.7309
 30
1677.9877
 11
16828.6553
 21
20519.5777
 31
1782.0489
  0
LINE
  8
0
 10
16828.6553
 20
20519.5777
 30
1782.0489
 11
16706.7085
 21
20454.5395
 31
1808.0642
  0
LINE
  8
0
 10
16706.7085
 20
20454.5395
 30
1808.0642
 11
17121.3275
 21
21365.0754
 31
1443.8498
  0
LINE
  8
0
 10
17121.3275
 20
21365.0754
 30
1443.8498
 11
17121.3275
 21
21397.5945
 31
1430.8422
  0
LINE
  8
0
 10
22999.1622
 20
21397.5945
 30
1430.8422
 11
22633.3219
 21
20942.3266
 31
1612.9494
  0
LINE
  8
0
 10
22633.3219
 20
20942.3266
 30
1612.9494
 11
22974.7729
 21
21365.0754
 31
1443.8498
  0
LINE
  8
0
 10
22974.7729
 20
21365.0754
 30
1443.8498
 11
22999.1622
 21
21397.5945
 31
1430.8422
  0
LINE
  8
0
 10
4048.633
 20
21332.5562
 30
1456.8575
 11
3926.6862
 21
21332.5562
 31
1456.8575
  0
LINE
  8
0
 10
3926.6862
 20
21332.5562
 30
1456.8575
 11
4024.2437
 21
21300.0371
 31
1469.8652
  0
LINE
  8
0
 10
4024.2437
 20
21300.0371
 30
1469.8652
 11
4048.633
 21
21332.5562
 31
1456.8575
  0
LINE
  8
0
 10
4146.1904
 20
21300.0371
 30
1469.8652
 11
3999.8543
 21
21267.518
 31
1482.8728
  0
LINE
  8
0
 10
3999.8543
 20
21267.518
 30
1482.8728
 11
5292.4901
 21
19609.0418
 31
2146.2633
  0
LINE
  8
0
 10
5292.4901
 20
19609.0418
 30
2146.2633
 11
5438.8263
 21
19609.0418
 31
2146.2633
  0
LINE
  8
0
 10
5438.8263
 20
19609.0418
 30
2146.2633
 11
5292.4901
 21
19836.6758
 31
2055.2097
  0
LINE
  8
0
 10
5292.4901
 20
19836.6758
 30
2055.2097
 11
5755.8879
 21
20356.982
 31
1847.0872
  0
LINE
  8
0
 10
5755.8879
 20
20356.982
 30
1847.0872
 11
5731.4985
 21
20812.25
 31
1664.98
  0
LINE
  8
0
 10
5731.4985
 20
20812.25
 30
1664.98
 11
5146.154
 21
20974.8457
 31
1599.9417
  0
LINE
  8
0
 10
5146.154
 20
20974.8457
 30
1599.9417
 11
4877.8711
 21
20226.9055
 31
1899.1178
  0
LINE
  8
0
 10
4877.8711
 20
20226.9055
 30
1899.1178
 11
4853.4817
 21
20389.5012
 31
1834.0795
  0
LINE
  8
0
 10
4853.4817
 20
20389.5012
 30
1834.0795
 11
5048.5966
 21
20974.8457
 31
1599.9417
  0
LINE
  8
0
 10
5048.5966
 20
20974.8457
 30
1599.9417
 11
4121.8011
 21
21267.518
 31
1482.8728
  0
LINE
  8
0
 10
4121.8011
 20
21267.518
 30
1482.8728
 11
4146.1904
 21
21300.0371
 31
1469.8652
  0
LINE
  8
0
 10
9292.3444
 20
21300.0371
 30
1469.8652
 11
9389.9019
 21
21234.9988
 31
1495.8805
  0
LINE
  8
0
 10
9389.9019
 20
21234.9988
 30
1495.8805
 11
9316.7338
 21
21072.4031
 31
1560.9187
  0
LINE
  8
0
 10
9316.7338
 20
21072.4031
 30
1560.9187
 11
8243.6021
 21
20714.6926
 31
1704.003
  0
LINE
  8
0
 10
8243.6021
 20
20714.6926
 30
1704.003
 11
9341.1231
 21
21137.4414
 31
1534.9034
  0
LINE
  8
0
 10
9341.1231
 20
21137.4414
 30
1534.9034
 11
9316.7338
 21
21267.518
 31
1482.8728
  0
LINE
  8
0
 10
9316.7338
 20
21267.518
 30
1482.8728
 11
9292.3444
 21
21300.0371
 31
1469.8652
  0
LINE
  8
0
 10
12853.1903
 20
21300.0371
 30
1469.8652
 11
13755.5965
 21
20942.3266
 31
1612.9494
  0
LINE
  8
0
 10
13755.5965
 20
20942.3266
 30
1612.9494
 11
12926.3584
 21
21267.518
 31
1482.8728
  0
LINE
  8
0
 10
12926.3584
 20
21267.518
 30
1482.8728
 11
12706.8542
 21
21202.4797
 31
1508.8881
  0
LINE
  8
0
 10
12706.8542
 20
21202.4797
 30
1508.8881
 11
12828.801
 21
21267.518
 31
1482.8728
  0
LINE
  8
0
 10
12828.801
 20
21267.518
 30
1482.8728
 11
12853.1903
 21
21300.0371
 31
1469.8652
  0
LINE
  8
0
 10
4268.1372
 20
21267.518
 30
1482.8728
 11
4146.1904
 21
21267.518
 31
1482.8728
  0
LINE
  8
0
 10
4146.1904
 20
21267.518
 30
1482.8728
 11
4243.7479
 21
21234.9988
 31
1495.8805
  0
LINE
  8
0
 10
4243.7479
 20
21234.9988
 30
1495.8805
 11
4268.1372
 21
21267.518
 31
1482.8728
  0
LINE
  8
0
 10
11975.1735
 20
21267.518
 30
1482.8728
 11
12219.0671
 21
21202.4797
 31
1508.8881
  0
LINE
  8
0
 10
12219.0671
 20
21202.4797
 30
1508.8881
 11
11999.5629
 21
21234.9988
 31
1495.8805
  0
LINE
  8
0
 10
11999.5629
 20
21234.9988
 30
1495.8805
 11
11121.5461
 21
20844.7691
 31
1651.9723
  0
LINE
  8
0
 10
11121.5461
 20
20844.7691
 30
1651.9723
 11
11341.0503
 21
19544.0035
 31
2172.2786
  0
LINE
  8
0
 10
11341.0503
 20
19544.0035
 30
2172.2786
 11
11072.7674
 21
20812.25
 31
1664.98
  0
LINE
  8
0
 10
11072.7674
 20
20812.25
 30
1664.98
 11
11121.5461
 21
20909.8074
 31
1625.957
  0
LINE
  8
0
 10
11121.5461
 20
20909.8074
 30
1625.957
 11
11950.7842
 21
21234.9988
 31
1495.8805
  0
LINE
  8
0
 10
11950.7842
 20
21234.9988
 30
1495.8805
 11
11975.1735
 21
21267.518
 31
1482.8728
  0
LINE
  8
0
 10
12560.5181
 20
21169.9605
 30
1521.8958
 11
12609.2968
 21
20682.1734
 31
1717.0106
  0
LINE
  8
0
 10
12609.2968
 20
20682.1734
 30
1717.0106
 11
12682.4648
 21
20714.6926
 31
1704.003
  0
LINE
  8
0
 10
12682.4648
 20
20714.6926
 30
1704.003
 11
12706.8542
 21
21007.3648
 31
1586.9341
  0
LINE
  8
0
 10
12706.8542
 20
21007.3648
 30
1586.9341
 11
12731.2436
 21
20714.6926
 31
1704.003
  0
LINE
  8
0
 10
12731.2436
 20
20714.6926
 30
1704.003
 11
12658.0755
 21
20617.1352
 31
1743.0259
  0
LINE
  8
0
 10
12658.0755
 20
20617.1352
 30
1743.0259
 11
12706.8542
 21
19966.7523
 31
2003.1791
  0
LINE
  8
0
 10
12706.8542
 20
19966.7523
 30
2003.1791
 11
12682.4648
 21
20226.9055
 31
1899.1178
  0
LINE
  8
0
 10
12682.4648
 20
20226.9055
 30
1899.1178
 11
12609.2968
 21
19381.4078
 31
2237.3169
  0
LINE
  8
0
 10
12609.2968
 20
19381.4078
 30
2237.3169
 11
12853.1903
 21
18926.1398
 31
2419.4241
  0
LINE
  8
0
 10
12853.1903
 20
18926.1398
 30
2419.4241
 11
17389.6104
 21
17300.1828
 31
3069.8069
  0
LINE
  8
0
 10
17389.6104
 20
17300.1828
 30
3069.8069
 11
17487.1679
 21
17332.702
 31
3056.7992
  0
LINE
  8
0
 10
17487.1679
 20
17332.702
 30
3056.7992
 11
17267.6637
 21
17560.3359
 31
2965.7456
  0
LINE
  8
0
 10
17267.6637
 20
17560.3359
 30
2965.7456
 11
17413.9998
 21
17885.5273
 31
2835.6691
  0
LINE
  8
0
 10
17413.9998
 20
17885.5273
 30
2835.6691
 11
17218.885
 21
18015.6039
 31
2783.6384
  0
LINE
  8
0
 10
17218.885
 20
18015.6039
 30
2783.6384
 11
17413.9998
 21
18015.6039
 31
2783.6384
  0
LINE
  8
0
 10
17413.9998
 20
18015.6039
 30
2783.6384
 11
17462.7785
 21
17820.4891
 31
2861.6844
  0
LINE
  8
0
 10
17462.7785
 20
17820.4891
 30
2861.6844
 11
17584.7253
 21
18145.6805
 31
2731.6078
  0
LINE
  8
0
 10
17584.7253
 20
18145.6805
 30
2731.6078
 11
17535.9466
 21
18210.7187
 31
2705.5925
  0
LINE
  8
0
 10
17535.9466
 20
18210.7187
 30
2705.5925
 11
17633.504
 21
18275.757
 31
2679.5772
  0
LINE
  8
0
 10
17633.504
 20
18275.757
 30
2679.5772
 11
17535.9466
 21
17885.5273
 31
2835.6691
  0
LINE
  8
0
 10
17535.9466
 20
17885.5273
 30
2835.6691
 11
17755.4508
 21
17950.5656
 31
2809.6537
  0
LINE
  8
0
 10
17755.4508
 20
17950.5656
 30
2809.6537
 11
17950.5656
 21
17820.4891
 31
2861.6844
  0
LINE
  8
0
 10
17950.5656
 20
17820.4891
 30
2861.6844
 11
17901.7869
 21
17755.4508
 31
2887.6997
  0
LINE
  8
0
 10
17901.7869
 20
17755.4508
 30
2887.6997
 11
18194.4592
 21
17657.8934
 31
2926.7227
  0
LINE
  8
0
 10
18194.4592
 20
17657.8934
 30
2926.7227
 11
18218.8485
 21
17820.4891
 31
2861.6844
  0
LINE
  8
0
 10
18218.8485
 20
17820.4891
 30
2861.6844
 11
18462.7421
 21
18015.6039
 31
2783.6384
  0
LINE
  8
0
 10
18462.7421
 20
18015.6039
 30
2783.6384
 11
18365.1847
 21
18145.6805
 31
2731.6078
  0
LINE
  8
0
 10
18365.1847
 20
18145.6805
 30
2731.6078
 11
18487.1314
 21
18080.6422
 31
2757.6231
  0
LINE
  8
0
 10
18487.1314
 20
18080.6422
 30
2757.6231
 11
18852.9718
 21
18633.4676
 31
2536.493
  0
LINE
  8
0
 10
18852.9718
 20
18633.4676
 30
2536.493
 11
18218.8485
 21
18535.9102
 31
2575.5159
  0
LINE
  8
0
 10
18218.8485
 20
18535.9102
 30
2575.5159
 11
18170.0698
 21
18470.8719
 31
2601.5312
  0
LINE
  8
0
 10
18170.0698
 20
18470.8719
 30
2601.5312
 11
18267.6272
 21
18308.2762
 31
2666.5695
  0
LINE
  8
0
 10
18267.6272
 20
18308.2762
 30
2666.5695
 11
18145.6805
 21
18503.391
 31
2588.5236
  0
LINE
  8
0
 10
18145.6805
 20
18503.391
 30
2588.5236
 11
17804.2295
 21
18405.8336
 31
2627.5466
  0
LINE
  8
0
 10
17804.2295
 20
18405.8336
 30
2627.5466
 11
17682.2827
 21
18470.8719
 31
2601.5312
  0
LINE
  8
0
 10
17682.2827
 20
18470.8719
 30
2601.5312
 11
17609.1146
 21
18340.7953
 31
2653.5619
  0
LINE
  8
0
 10
17609.1146
 20
18340.7953
 30
2653.5619
 11
17560.3359
 21
18796.0633
 31
2471.4547
  0
LINE
  8
0
 10
17560.3359
 20
18796.0633
 30
2471.4547
 11
17170.1063
 21
18048.123
 31
2770.6308
  0
LINE
  8
0
 10
17170.1063
 20
18048.123
 30
2770.6308
 11
17194.4956
 21
18243.2379
 31
2692.5848
  0
LINE
  8
0
 10
17194.4956
 20
18243.2379
 30
2692.5848
 11
17121.3275
 21
18080.6422
 31
2757.6231
  0
LINE
  8
0
 10
17121.3275
 20
18080.6422
 30
2757.6231
 11
16950.6021
 21
18048.123
 31
2770.6308
  0
LINE
  8
0
 10
16950.6021
 20
18048.123
 30
2770.6308
 11
16048.1959
 21
18373.3145
 31
2640.5542
  0
LINE
  8
0
 10
16048.1959
 20
18373.3145
 30
2640.5542
 11
15926.2491
 21
18113.1613
 31
2744.6155
  0
LINE
  8
0
 10
15926.2491
 20
18113.1613
 30
2744.6155
 11
15828.6917
 21
18113.1613
 31
2744.6155
  0
LINE
  8
0
 10
15828.6917
 20
18113.1613
 30
2744.6155
 11
15804.3023
 21
18470.8719
 31
2601.5312
  0
LINE
  8
0
 10
15804.3023
 20
18470.8719
 30
2601.5312
 11
14950.6749
 21
18796.0633
 31
2471.4547
  0
LINE
  8
0
 10
14950.6749
 20
18796.0633
 30
2471.4547
 11
15877.4704
 21
18438.3527
 31
2614.5389
  0
LINE
  8
0
 10
15877.4704
 20
18438.3527
 30
2614.5389
 11
16243.3107
 21
19674.0801
 31
2120.248
  0
LINE
  8
0
 10
16243.3107
 20
19674.0801
 30
2120.248
 11
16438.4256
 21
20031.7906
 31
1977.1637
  0
LINE
  8
0
 10
16438.4256
 20
20031.7906
 30
1977.1637
 11
15853.0811
 21
18145.6805
 31
2731.6078
  0
LINE
  8
0
 10
15853.0811
 20
18145.6805
 30
2731.6078
 11
16121.364
 21
18665.9867
 31
2523.4853
  0
LINE
  8
0
 10
16121.364
 20
18665.9867
 30
2523.4853
 11
16072.5853
 21
18405.8336
 31
2627.5466
  0
LINE
  8
0
 10
16072.5853
 20
18405.8336
 30
2627.5466
 11
17023.7701
 21
18048.123
 31
2770.6308
  0
LINE
  8
0
 10
17023.7701
 20
18048.123
 30
2770.6308
 11
17243.2743
 21
18373.3145
 31
2640.5542
  0
LINE
  8
0
 10
17243.2743
 20
18373.3145
 30
2640.5542
 11
17511.5572
 21
18926.1398
 31
2419.4241
  0
LINE
  8
0
 10
17511.5572
 20
18926.1398
 30
2419.4241
 11
17487.1679
 21
19218.8121
 31
2302.3552
  0
LINE
  8
0
 10
17487.1679
 20
19218.8121
 30
2302.3552
 11
17560.3359
 21
19316.3695
 31
2263.3322
  0
LINE
  8
0
 10
17560.3359
 20
19316.3695
 30
2263.3322
 11
17316.4424
 21
19706.5992
 31
2107.2403
  0
LINE
  8
0
 10
17316.4424
 20
19706.5992
 30
2107.2403
 11
16804.2659
 21
19901.7141
 31
2029.1944
  0
LINE
  8
0
 10
16804.2659
 20
19901.7141
 30
2029.1944
 11
17292.053
 21
19771.6375
 31
2081.225
  0
LINE
  8
0
 10
17292.053
 20
19771.6375
 30
2081.225
 11
17413.9998
 21
19576.5227
 31
2159.2709
  0
LINE
  8
0
 10
17413.9998
 20
19576.5227
 30
2159.2709
 11
17438.3892
 21
19706.5992
 31
2107.2403
  0
LINE
  8
0
 10
17438.3892
 20
19706.5992
 30
2107.2403
 11
17731.0614
 21
19609.0418
 31
2146.2633
  0
LINE
  8
0
 10
17731.0614
 20
19609.0418
 30
2146.2633
 11
17438.3892
 21
19641.5609
 31
2133.2556
  0
LINE
  8
0
 10
17438.3892
 20
19641.5609
 30
2133.2556
 11
17657.8934
 21
19316.3695
 31
2263.3322
  0
LINE
  8
0
 10
17657.8934
 20
19316.3695
 30
2263.3322
 11
17828.6188
 21
19544.0035
 31
2172.2786
  0
LINE
  8
0
 10
17828.6188
 20
19544.0035
 30
2172.2786
 11
17926.1763
 21
19544.0035
 31
2172.2786
  0
LINE
  8
0
 10
17926.1763
 20
19544.0035
 30
2172.2786
 11
17999.3443
 21
19446.4461
 31
2211.3016
  0
LINE
  8
0
 10
17999.3443
 20
19446.4461
 30
2211.3016
 11
17804.2295
 21
19056.2164
 31
2367.3934
  0
LINE
  8
0
 10
17804.2295
 20
19056.2164
 30
2367.3934
 11
18121.2911
 21
18568.4293
 31
2562.5083
  0
LINE
  8
0
 10
18121.2911
 20
18568.4293
 30
2562.5083
 11
18852.9718
 21
18731.025
 31
2497.47
  0
LINE
  8
0
 10
18852.9718
 20
18731.025
 30
2497.47
 11
19170.0334
 21
19088.7355
 31
2354.3858
  0
LINE
  8
0
 10
19170.0334
 20
19088.7355
 30
2354.3858
 11
19267.5908
 21
19023.6973
 31
2380.4011
  0
LINE
  8
0
 10
19267.5908
 20
19023.6973
 30
2380.4011
 11
19121.2547
 21
18731.025
 31
2497.47
  0
LINE
  8
0
 10
19121.2547
 20
18731.025
 30
2497.47
 11
19291.9802
 21
18763.5441
 31
2484.4623
  0
LINE
  8
0
 10
19291.9802
 20
18763.5441
 30
2484.4623
 11
19218.8121
 21
18828.5824
 31
2458.447
  0
LINE
  8
0
 10
19218.8121
 20
18828.5824
 30
2458.447
 11
19340.7589
 21
18991.1781
 31
2393.4088
  0
LINE
  8
0
 10
19340.7589
 20
18991.1781
 30
2393.4088
 11
19291.9802
 21
18828.5824
 31
2458.447
  0
LINE
  8
0
 10
19291.9802
 20
18828.5824
 30
2458.447
 11
19657.8205
 21
18926.1398
 31
2419.4241
  0
LINE
  8
0
 10
19657.8205
 20
18926.1398
 30
2419.4241
 11
19462.7057
 21
18861.1016
 31
2445.4394
  0
LINE
  8
0
 10
19462.7057
 20
18861.1016
 30
2445.4394
 11
19926.1034
 21
18828.5824
 31
2458.447
  0
LINE
  8
0
 10
19926.1034
 20
18828.5824
 30
2458.447
 11
20340.7225
 21
18665.9867
 31
2523.4853
  0
LINE
  8
0
 10
20340.7225
 20
18665.9867
 30
2523.4853
 11
19877.3247
 21
18828.5824
 31
2458.447
  0
LINE
  8
0
 10
19877.3247
 20
18828.5824
 30
2458.447
 11
19511.4844
 21
18828.5824
 31
2458.447
  0
LINE
  8
0
 10
19511.4844
 20
18828.5824
 30
2458.447
 11
19170.0334
 21
18731.025
 31
2497.47
  0
LINE
  8
0
 10
19170.0334
 20
18731.025
 30
2497.47
 11
18950.5292
 21
18438.3527
 31
2614.5389
  0
LINE
  8
0
 10
18950.5292
 20
18438.3527
 30
2614.5389
 11
19096.8653
 21
18763.5441
 31
2484.4623
  0
LINE
  8
0
 10
19096.8653
 20
18763.5441
 30
2484.4623
 11
18316.406
 21
17657.8934
 31
2926.7227
  0
LINE
  8
0
 10
18316.406
 20
17657.8934
 30
2926.7227
 11
18340.7953
 21
17787.9699
 31
2874.692
  0
LINE
  8
0
 10
18340.7953
 20
17787.9699
 30
2874.692
 11
18243.2379
 21
17657.8934
 31
2926.7227
  0
LINE
  8
0
 10
18243.2379
 20
17657.8934
 30
2926.7227
 11
17974.955
 21
17690.4125
 31
2913.715
  0
LINE
  8
0
 10
17974.955
 20
17690.4125
 30
2913.715
 11
17731.0614
 21
17267.6637
 31
3082.8145
  0
LINE
  8
0
 10
17731.0614
 20
17267.6637
 30
3082.8145
 11
16853.0446
 21
17462.7785
 31
3004.7686
  0
LINE
  8
0
 10
16853.0446
 20
17462.7785
 30
3004.7686
 11
16657.9298
 21
17040.0297
 31
3173.8681
  0
LINE
  8
0
 10
16657.9298
 20
17040.0297
 30
3173.8681
 11
16633.5404
 21
17137.5871
 31
3134.8452
  0
LINE
  8
0
 10
16633.5404
 20
17137.5871
 30
3134.8452
 11
16584.7617
 21
17072.5488
 31
3160.8605
  0
LINE
  8
0
 10
16584.7617
 20
17072.5488
 30
3160.8605
 11
16487.2043
 21
16747.3574
 31
3290.937
  0
LINE
  8
0
 10
16487.2043
 20
16747.3574
 30
3290.937
 11
16535.983
 21
16942.4723
 31
3212.8911
  0
LINE
  8
0
 10
16535.983
 20
16942.4723
 30
3212.8911
 11
16438.4256
 21
16779.8766
 31
3277.9294
  0
LINE
  8
0
 10
16438.4256
 20
16779.8766
 30
3277.9294
 11
16365.2575
 21
16812.3957
 31
3264.9217
  0
LINE
  8
0
 10
16365.2575
 20
16812.3957
 30
3264.9217
 11
16609.1511
 21
17170.1063
 31
3121.8375
  0
LINE
  8
0
 10
16609.1511
 20
17170.1063
 30
3121.8375
 11
16584.7617
 21
17365.2211
 31
3043.7916
  0
LINE
  8
0
 10
16584.7617
 20
17365.2211
 30
3043.7916
 11
16828.6553
 21
17495.2977
 31
2991.7609
  0
LINE
  8
0
 10
16828.6553
 20
17495.2977
 30
2991.7609
 11
13292.1987
 21
18665.9867
 31
2523.4853
  0
LINE
  8
0
 10
13292.1987
 20
18665.9867
 30
2523.4853
 11
13438.5349
 21
18535.9102
 31
2575.5159
  0
LINE
  8
0
 10
13438.5349
 20
18535.9102
 30
2575.5159
 11
13243.42
 21
18665.9867
 31
2523.4853
  0
LINE
  8
0
 10
13243.42
 20
18665.9867
 30
2523.4853
 11
13292.1987
 21
18731.025
 31
2497.47
  0
LINE
  8
0
 10
13292.1987
 20
18731.025
 30
2497.47
 11
12877.5797
 21
18893.6207
 31
2432.4317
  0
LINE
  8
0
 10
12877.5797
 20
18893.6207
 30
2432.4317
 11
12682.4648
 21
18600.9484
 31
2549.5006
  0
LINE
  8
0
 10
12682.4648
 20
18600.9484
 30
2549.5006
 11
12682.4648
 21
17657.8934
 31
2926.7227
  0
LINE
  8
0
 10
12682.4648
 20
17657.8934
 30
2926.7227
 11
12658.0755
 21
18373.3145
 31
2640.5542
  0
LINE
  8
0
 10
12658.0755
 20
18373.3145
 30
2640.5542
 11
12633.6861
 21
18503.391
 31
2588.5236
  0
LINE
  8
0
 10
12633.6861
 20
18503.391
 30
2588.5236
 11
12560.5181
 21
18503.391
 31
2588.5236
  0
LINE
  8
0
 10
12560.5181
 20
18503.391
 30
2588.5236
 11
12560.5181
 21
17690.4125
 31
2913.715
  0
LINE
  8
0
 10
12560.5181
 20
17690.4125
 30
2913.715
 11
12560.5181
 21
18210.7187
 31
2705.5925
  0
LINE
  8
0
 10
12560.5181
 20
18210.7187
 30
2705.5925
 11
12511.7394
 21
18113.1613
 31
2744.6155
  0
LINE
  8
0
 10
12511.7394
 20
18113.1613
 30
2744.6155
 11
12462.9606
 21
18503.391
 31
2588.5236
  0
LINE
  8
0
 10
12462.9606
 20
18503.391
 30
2588.5236
 11
12121.5097
 21
18796.0633
 31
2471.4547
  0
LINE
  8
0
 10
12121.5097
 20
18796.0633
 30
2471.4547
 11
11853.2268
 21
18633.4676
 31
2536.493
  0
LINE
  8
0
 10
11853.2268
 20
18633.4676
 30
2536.493
 11
11584.9438
 21
18145.6805
 31
2731.6078
  0
LINE
  8
0
 10
11584.9438
 20
18145.6805
 30
2731.6078
 11
11584.9438
 21
18340.7953
 31
2653.5619
  0
LINE
  8
0
 10
11584.9438
 20
18340.7953
 30
2653.5619
 11
11950.7842
 21
18731.025
 31
2497.47
  0
LINE
  8
0
 10
11950.7842
 20
18731.025
 30
2497.47
 11
10828.8738
 21
18275.757
 31
2679.5772
  0
LINE
  8
0
 10
10828.8738
 20
18275.757
 30
2679.5772
 11
10902.0419
 21
18243.2379
 31
2692.5848
  0
LINE
  8
0
 10
10902.0419
 20
18243.2379
 30
2692.5848
 11
10414.2548
 21
18145.6805
 31
2731.6078
  0
LINE
  8
0
 10
10414.2548
 20
18145.6805
 30
2731.6078
 11
10584.9803
 21
17983.0848
 31
2796.6461
  0
LINE
  8
0
 10
10584.9803
 20
17983.0848
 30
2796.6461
 11
11121.5461
 21
17853.0082
 31
2848.6767
  0
LINE
  8
0
 10
11121.5461
 20
17853.0082
 30
2848.6767
 11
11243.4929
 21
17918.0465
 31
2822.6614
  0
LINE
  8
0
 10
11243.4929
 20
17918.0465
 30
2822.6614
 11
11365.4396
 21
17820.4891
 31
2861.6844
  0
LINE
  8
0
 10
11365.4396
 20
17820.4891
 30
2861.6844
 11
11170.3248
 21
17755.4508
 31
2887.6997
  0
LINE
  8
0
 10
11170.3248
 20
17755.4508
 30
2887.6997
 11
11023.9887
 21
17820.4891
 31
2861.6844
  0
LINE
  8
0
 10
11023.9887
 20
17820.4891
 30
2861.6844
 11
11048.378
 21
17885.5273
 31
2835.6691
  0
LINE
  8
0
 10
11048.378
 20
17885.5273
 30
2835.6691
 11
10609.3696
 21
17918.0465
 31
2822.6614
  0
LINE
  8
0
 10
10609.3696
 20
17918.0465
 30
2822.6614
 11
10780.0951
 21
17300.1828
 31
3069.8069
  0
LINE
  8
0
 10
10780.0951
 20
17300.1828
 30
3069.8069
 11
11511.7758
 21
17625.3742
 31
2939.7303
  0
LINE
  8
0
 10
11511.7758
 20
17625.3742
 30
2939.7303
 11
11609.3332
 21
17560.3359
 31
2965.7456
  0
LINE
  8
0
 10
11609.3332
 20
17560.3359
 30
2965.7456
 11
12316.6245
 21
17983.0848
 31
2796.6461
  0
LINE
  8
0
 10
12316.6245
 20
17983.0848
 30
2796.6461
 11
12462.9606
 21
17950.5656
 31
2809.6537
  0
LINE
  8
0
 10
12462.9606
 20
17950.5656
 30
2809.6537
 11
11877.6161
 21
17690.4125
 31
2913.715
  0
LINE
  8
0
 10
11877.6161
 20
17690.4125
 30
2913.715
 11
11950.7842
 21
17657.8934
 31
2926.7227
  0
LINE
  8
0
 10
11950.7842
 20
17657.8934
 30
2926.7227
 11
10780.0951
 21
17267.6637
 31
3082.8145
  0
LINE
  8
0
 10
10780.0951
 20
17267.6637
 30
3082.8145
 11
10755.7058
 21
17170.1063
 31
3121.8375
  0
LINE
  8
0
 10
10755.7058
 20
17170.1063
 30
3121.8375
 11
10780.0951
 21
17267.6637
 31
3082.8145
  0
LINE
  8
0
 10
10780.0951
 20
17267.6637
 30
3082.8145
 11
10560.5909
 21
17853.0082
 31
2848.6767
  0
LINE
  8
0
 10
10560.5909
 20
17853.0082
 30
2848.6767
 11
10658.1483
 21
17950.5656
 31
2809.6537
  0
LINE
  8
0
 10
10658.1483
 20
17950.5656
 30
2809.6537
 11
10463.0335
 21
18080.6422
 31
2757.6231
  0
LINE
  8
0
 10
10463.0335
 20
18080.6422
 30
2757.6231
 11
10341.0867
 21
18113.1613
 31
2744.6155
  0
LINE
  8
0
 10
10341.0867
 20
18113.1613
 30
2744.6155
 11
10024.0251
 21
17983.0848
 31
2796.6461
  0
LINE
  8
0
 10
10024.0251
 20
17983.0848
 30
2796.6461
 11
10048.4145
 21
17918.0465
 31
2822.6614
  0
LINE
  8
0
 10
10048.4145
 20
17918.0465
 30
2822.6614
 11
9585.0167
 21
17820.4891
 31
2861.6844
  0
LINE
  8
0
 10
9585.0167
 20
17820.4891
 30
2861.6844
 11
9755.7422
 21
17332.702
 31
3056.7992
  0
LINE
  8
0
 10
9755.7422
 20
17332.702
 30
3056.7992
 11
9682.5741
 21
17462.7785
 31
3004.7686
  0
LINE
  8
0
 10
9682.5741
 20
17462.7785
 30
3004.7686
 11
9658.1848
 21
17397.7402
 31
3030.7839
  0
LINE
  8
0
 10
9658.1848
 20
17397.7402
 30
3030.7839
 11
9975.2464
 21
16682.3191
 31
3316.9523
  0
LINE
  8
0
 10
9975.2464
 20
16682.3191
 30
3316.9523
 11
9511.8486
 21
17625.3742
 31
2939.7303
  0
LINE
  8
0
 10
9511.8486
 20
17625.3742
 30
2939.7303
 11
9560.6273
 21
17787.9699
 31
2874.692
  0
LINE
  8
0
 10
9560.6273
 20
17787.9699
 30
2874.692
 11
8902.1147
 21
17527.8168
 31
2978.7533
  0
LINE
  8
0
 10
8902.1147
 20
17527.8168
 30
2978.7533
 11
8999.6722
 21
17495.2977
 31
2991.7609
  0
LINE
  8
0
 10
8999.6722
 20
17495.2977
 30
2991.7609
 11
8828.9467
 21
17527.8168
 31
2978.7533
  0
LINE
  8
0
 10
8828.9467
 20
17527.8168
 30
2978.7533
 11
8389.9383
 21
17332.702
 31
3056.7992
  0
LINE
  8
0
 10
8389.9383
 20
17332.702
 30
3056.7992
 11
8633.8318
 21
17235.1445
 31
3095.8222
  0
LINE
  8
0
 10
8633.8318
 20
17235.1445
 30
3095.8222
 11
8755.7786
 21
17397.7402
 31
3030.7839
  0
LINE
  8
0
 10
8755.7786
 20
17397.7402
 30
3030.7839
 11
8633.8318
 21
17105.068
 31
3147.8528
  0
LINE
  8
0
 10
8633.8318
 20
17105.068
 30
3147.8528
 11
8877.7254
 21
16617.2809
 31
3342.9677
  0
LINE
  8
0
 10
8877.7254
 20
16617.2809
 30
3342.9677
 11
8389.9383
 21
17332.702
 31
3056.7992
  0
LINE
  8
0
 10
8389.9383
 20
17332.702
 30
3056.7992
 11
7755.815
 21
17105.068
 31
3147.8528
  0
LINE
  8
0
 10
7755.815
 20
17105.068
 30
3147.8528
 11
7487.5321
 21
17105.068
 31
3147.8528
  0
LINE
  8
0
 10
7487.5321
 20
17105.068
 30
3147.8528
 11
7560.7002
 21
17040.0297
 31
3173.8681
  0
LINE
  8
0
 10
7560.7002
 20
17040.0297
 30
3173.8681
 11
7341.196
 21
16942.4723
 31
3212.8911
  0
LINE
  8
0
 10
7341.196
 20
16942.4723
 30
3212.8911
 11
7560.7002
 21
16877.434
 31
3238.9064
  0
LINE
  8
0
 10
7560.7002
 20
16877.434
 30
3238.9064
 11
7633.8683
 21
16747.3574
 31
3290.937
  0
LINE
  8
0
 10
7633.8683
 20
16747.3574
 30
3290.937
 11
8024.0979
 21
16714.8383
 31
3303.9447
  0
LINE
  8
0
 10
8024.0979
 20
16714.8383
 30
3303.9447
 11
7658.2576
 21
16682.3191
 31
3316.9523
  0
LINE
  8
0
 10
7658.2576
 20
16682.3191
 30
3316.9523
 11
8072.8767
 21
16227.0512
 31
3499.0595
  0
LINE
  8
0
 10
8072.8767
 20
16227.0512
 30
3499.0595
 11
9658.1848
 21
16844.9148
 31
3251.9141
  0
LINE
  8
0
 10
9658.1848
 20
16844.9148
 30
3251.9141
 11
9731.3528
 21
16909.9531
 31
3225.8987
  0
LINE
  8
0
 10
9731.3528
 20
16909.9531
 30
3225.8987
 11
9706.9635
 21
17007.5105
 31
3186.8758
  0
LINE
  8
0
 10
9706.9635
 20
17007.5105
 30
3186.8758
 11
9780.1315
 21
16909.9531
 31
3225.8987
  0
LINE
  8
0
 10
9780.1315
 20
16909.9531
 30
3225.8987
 11
9926.4677
 21
16584.7617
 31
3355.9753
  0
LINE
  8
0
 10
9926.4677
 20
16584.7617
 30
3355.9753
 11
9755.7422
 21
16844.9148
 31
3251.9141
  0
LINE
  8
0
 10
9755.7422
 20
16844.9148
 30
3251.9141
 11
9633.7954
 21
16844.9148
 31
3251.9141
  0
LINE
  8
0
 10
9633.7954
 20
16844.9148
 30
3251.9141
 11
9146.0083
 21
16617.2809
 31
3342.9677
  0
LINE
  8
0
 10
9146.0083
 20
16617.2809
 30
3342.9677
 11
9341.1231
 21
16584.7617
 31
3355.9753
  0
LINE
  8
0
 10
9341.1231
 20
16584.7617
 30
3355.9753
 11
9097.2296
 21
16617.2809
 31
3342.9677
  0
LINE
  8
0
 10
9097.2296
 20
16617.2809
 30
3342.9677
 11
8926.5041
 21
16519.7234
 31
3381.9906
  0
LINE
  8
0
 10
8926.5041
 20
16519.7234
 30
3381.9906
 11
8975.2828
 21
16487.2043
 31
3394.9983
  0
LINE
  8
0
 10
8975.2828
 20
16487.2043
 30
3394.9983
 11
8706.9999
 21
16454.6852
 31
3408.0059
  0
LINE
  8
0
 10
8706.9999
 20
16454.6852
 30
3408.0059
 11
8682.6105
 21
16292.0895
 31
3473.0442
  0
LINE
  8
0
 10
8682.6105
 20
16292.0895
 30
3473.0442
 11
8853.336
 21
16096.9746
 31
3551.0902
  0
LINE
  8
0
 10
8853.336
 20
16096.9746
 30
3551.0902
 11
8902.1147
 21
15901.8598
 31
3629.1361
  0
LINE
  8
0
 10
8902.1147
 20
15901.8598
 30
3629.1361
 11
10072.8038
 21
16389.6469
 31
3434.0212
  0
LINE
  8
0
 10
10072.8038
 20
16389.6469
 30
3434.0212
 11
10414.2548
 21
16389.6469
 31
3434.0212
  0
LINE
  8
0
 10
10414.2548
 20
16389.6469
 30
3434.0212
 11
9097.2296
 21
15869.3406
 31
3642.1438
  0
LINE
  8
0
 10
9097.2296
 20
15869.3406
 30
3642.1438
 11
8926.5041
 21
15901.8598
 31
3629.1361
  0
LINE
  8
0
 10
8926.5041
 20
15901.8598
 30
3629.1361
 11
8950.8935
 21
15836.8215
 31
3655.1514
  0
LINE
  8
0
 10
8950.8935
 20
15836.8215
 30
3655.1514
 11
8682.6105
 21
15641.7066
 31
3733.1973
  0
LINE
  8
0
 10
8682.6105
 20
15641.7066
 30
3733.1973
 11
8438.717
 21
15739.2641
 31
3694.1744
  0
LINE
  8
0
 10
8438.717
 20
15739.2641
 30
3694.1744
 11
8365.5489
 21
15869.3406
 31
3642.1438
  0
LINE
  8
0
 10
8365.5489
 20
15869.3406
 30
3642.1438
 11
8463.1063
 21
16162.0129
 31
3525.0748
  0
LINE
  8
0
 10
8463.1063
 20
16162.0129
 30
3525.0748
 11
8389.9383
 21
16227.0512
 31
3499.0595
  0
LINE
  8
0
 10
8389.9383
 20
16227.0512
 30
3499.0595
 11
8511.8851
 21
16357.1277
 31
3447.0289
  0
LINE
  8
0
 10
8511.8851
 20
16357.1277
 30
3447.0289
 11
7975.3192
 21
16096.9746
 31
3551.0902
  0
LINE
  8
0
 10
7975.3192
 20
16096.9746
 30
3551.0902
 11
7682.647
 21
16064.4555
 31
3564.0978
  0
LINE
  8
0
 10
7682.647
 20
16064.4555
 30
3564.0978
 11
7877.7618
 21
16031.9363
 31
3577.1055
  0
LINE
  8
0
 10
7877.7618
 20
16031.9363
 30
3577.1055
 11
7755.815
 21
15999.4172
 31
3590.1131
  0
LINE
  8
0
 10
7755.815
 20
15999.4172
 30
3590.1131
 11
7755.815
 21
15901.8598
 31
3629.1361
  0
LINE
  8
0
 10
7755.815
 20
15901.8598
 30
3629.1361
 11
7585.0896
 21
15934.3789
 31
3616.1284
  0
LINE
  8
0
 10
7585.0896
 20
15934.3789
 30
3616.1284
 11
7682.647
 21
15999.4172
 31
3590.1131
  0
LINE
  8
0
 10
7682.647
 20
15999.4172
 30
3590.1131
 11
7633.8683
 21
16031.9363
 31
3577.1055
  0
LINE
  8
0
 10
7633.8683
 20
16031.9363
 30
3577.1055
 11
7219.2492
 21
15869.3406
 31
3642.1438
  0
LINE
  8
0
 10
7219.2492
 20
15869.3406
 30
3642.1438
 11
6707.0728
 21
16292.0895
 31
3473.0442
  0
LINE
  8
0
 10
6707.0728
 20
16292.0895
 30
3473.0442
 11
6682.6834
 21
16194.532
 31
3512.0672
  0
LINE
  8
0
 10
6682.6834
 20
16194.532
 30
3512.0672
 11
7097.3024
 21
15771.7832
 31
3681.1667
  0
LINE
  8
0
 10
7097.3024
 20
15771.7832
 30
3681.1667
 11
7024.1344
 21
15771.7832
 31
3681.1667
  0
LINE
  8
0
 10
7024.1344
 20
15771.7832
 30
3681.1667
 11
7048.5237
 21
15674.2258
 31
3720.1897
  0
LINE
  8
0
 10
7048.5237
 20
15674.2258
 30
3720.1897
 11
6609.5153
 21
16096.9746
 31
3551.0902
  0
LINE
  8
0
 10
6609.5153
 20
16096.9746
 30
3551.0902
 11
6926.577
 21
15869.3406
 31
3642.1438
  0
LINE
  8
0
 10
6926.577
 20
15869.3406
 30
3642.1438
 11
6902.1876
 21
15966.898
 31
3603.1208
  0
LINE
  8
0
 10
6902.1876
 20
15966.898
 30
3603.1208
 11
6414.4005
 21
16422.166
 31
3421.0136
  0
LINE
  8
0
 10
6414.4005
 20
16422.166
 30
3421.0136
 11
6365.6218
 21
16357.1277
 31
3447.0289
  0
LINE
  8
0
 10
6365.6218
 20
16357.1277
 30
3447.0289
 11
6438.7898
 21
16422.166
 31
3421.0136
  0
LINE
  8
0
 10
6438.7898
 20
16422.166
 30
3421.0136
 11
6609.5153
 21
16259.5703
 31
3486.0519
  0
LINE
  8
0
 10
6609.5153
 20
16259.5703
 30
3486.0519
 11
6609.5153
 21
16389.6469
 31
3434.0212
  0
LINE
  8
0
 10
6609.5153
 20
16389.6469
 30
3434.0212
 11
6438.7898
 21
16519.7234
 31
3381.9906
  0
LINE
  8
0
 10
6438.7898
 20
16519.7234
 30
3381.9906
 11
6633.9047
 21
16552.2426
 31
3368.983
  0
LINE
  8
0
 10
6633.9047
 20
16552.2426
 30
3368.983
 11
6536.3473
 21
16519.7234
 31
3381.9906
  0
LINE
  8
0
 10
6536.3473
 20
16519.7234
 30
3381.9906
 11
7170.4705
 21
15901.8598
 31
3629.1361
  0
LINE
  8
0
 10
7170.4705
 20
15901.8598
 30
3629.1361
 11
7950.9299
 21
16194.532
 31
3512.0672
  0
LINE
  8
0
 10
7950.9299
 20
16194.532
 30
3512.0672
 11
7341.196
 21
16942.4723
 31
3212.8911
  0
LINE
  8
0
 10
7341.196
 20
16942.4723
 30
3212.8911
 11
6804.6302
 21
16747.3574
 31
3290.937
  0
LINE
  8
0
 10
6804.6302
 20
16747.3574
 30
3290.937
 11
7463.1428
 21
17040.0297
 31
3173.8681
  0
LINE
  8
0
 10
7463.1428
 20
17040.0297
 30
3173.8681
 11
7219.2492
 21
17332.702
 31
3056.7992
  0
LINE
  8
0
 10
7219.2492
 20
17332.702
 30
3056.7992
 11
7194.8599
 21
17495.2977
 31
2991.7609
  0
LINE
  8
0
 10
7194.8599
 20
17495.2977
 30
2991.7609
 11
6902.1876
 21
17462.7785
 31
3004.7686
  0
LINE
  8
0
 10
6902.1876
 20
17462.7785
 30
3004.7686
 11
5829.056
 21
18828.5824
 31
2458.447
  0
LINE
  8
0
 10
5829.056
 20
18828.5824
 30
2458.447
 11
5926.6134
 21
18828.5824
 31
2458.447
  0
LINE
  8
0
 10
5926.6134
 20
18828.5824
 30
2458.447
 11
6268.0644
 21
18470.8719
 31
2601.5312
  0
LINE
  8
0
 10
6268.0644
 20
18470.8719
 30
2601.5312
 11
7024.1344
 21
18373.3145
 31
2640.5542
  0
LINE
  8
0
 10
7024.1344
 20
18373.3145
 30
2640.5542
 11
7316.8066
 21
18893.6207
 31
2432.4317
  0
LINE
  8
0
 10
7316.8066
 20
18893.6207
 30
2432.4317
 11
7268.0279
 21
18763.5441
 31
2484.4623
  0
LINE
  8
0
 10
7268.0279
 20
18763.5441
 30
2484.4623
 11
7365.5854
 21
18796.0633
 31
2471.4547
  0
LINE
  8
0
 10
7365.5854
 20
18796.0633
 30
2471.4547
 11
7316.8066
 21
18763.5441
 31
2484.4623
  0
LINE
  8
0
 10
7316.8066
 20
18763.5441
 30
2484.4623
 11
7511.9215
 21
18568.4293
 31
2562.5083
  0
LINE
  8
0
 10
7511.9215
 20
18568.4293
 30
2562.5083
 11
7511.9215
 21
18340.7953
 31
2653.5619
  0
LINE
  8
0
 10
7511.9215
 20
18340.7953
 30
2653.5619
 11
7487.5321
 21
18568.4293
 31
2562.5083
  0
LINE
  8
0
 10
7487.5321
 20
18568.4293
 30
2562.5083
 11
7316.8066
 21
18731.025
 31
2497.47
  0
LINE
  8
0
 10
7316.8066
 20
18731.025
 30
2497.47
 11
7097.3024
 21
18373.3145
 31
2640.5542
  0
LINE
  8
0
 10
7097.3024
 20
18373.3145
 30
2640.5542
 11
7707.0363
 21
18178.1996
 31
2718.6002
  0
LINE
  8
0
 10
7707.0363
 20
18178.1996
 30
2718.6002
 11
7048.5237
 21
18275.757
 31
2679.5772
  0
LINE
  8
0
 10
7048.5237
 20
18275.757
 30
2679.5772
 11
6755.8515
 21
17787.9699
 31
2874.692
  0
LINE
  8
0
 10
6755.8515
 20
17787.9699
 30
2874.692
 11
6902.1876
 21
17625.3742
 31
2939.7303
  0
LINE
  8
0
 10
6902.1876
 20
17625.3742
 30
2939.7303
 11
7024.1344
 21
17657.8934
 31
2926.7227
  0
LINE
  8
0
 10
7024.1344
 20
17657.8934
 30
2926.7227
 11
6975.3557
 21
17527.8168
 31
2978.7533
  0
LINE
  8
0
 10
6975.3557
 20
17527.8168
 30
2978.7533
 11
7048.5237
 21
17462.7785
 31
3004.7686
  0
LINE
  8
0
 10
7048.5237
 20
17462.7785
 30
3004.7686
 11
7511.9215
 21
17755.4508
 31
2887.6997
  0
LINE
  8
0
 10
7511.9215
 20
17755.4508
 30
2887.6997
 11
7487.5321
 21
18048.123
 31
2770.6308
  0
LINE
  8
0
 10
7487.5321
 20
18048.123
 30
2770.6308
 11
7585.0896
 21
18048.123
 31
2770.6308
  0
LINE
  8
0
 10
7585.0896
 20
18048.123
 30
2770.6308
 11
7682.647
 21
17787.9699
 31
2874.692
  0
LINE
  8
0
 10
7682.647
 20
17787.9699
 30
2874.692
 11
7999.7086
 21
17885.5273
 31
2835.6691
  0
LINE
  8
0
 10
7999.7086
 20
17885.5273
 30
2835.6691
 11
7536.3108
 21
18633.4676
 31
2536.493
  0
LINE
  8
0
 10
7536.3108
 20
18633.4676
 30
2536.493
 11
7560.7002
 21
18731.025
 31
2497.47
  0
LINE
  8
0
 10
7560.7002
 20
18731.025
 30
2497.47
 11
7463.1428
 21
18763.5441
 31
2484.4623
  0
LINE
  8
0
 10
7463.1428
 20
18763.5441
 30
2484.4623
 11
7365.5854
 21
18893.6207
 31
2432.4317
  0
LINE
  8
0
 10
7365.5854
 20
18893.6207
 30
2432.4317
 11
7414.3641
 21
18958.659
 31
2406.4164
  0
LINE
  8
0
 10
7414.3641
 20
18958.659
 30
2406.4164
 11
7121.6918
 21
19316.3695
 31
2263.3322
  0
LINE
  8
0
 10
7121.6918
 20
19316.3695
 30
2263.3322
 11
7268.0279
 21
19316.3695
 31
2263.3322
  0
LINE
  8
0
 10
7268.0279
 20
19316.3695
 30
2263.3322
 11
7389.9747
 21
19088.7355
 31
2354.3858
  0
LINE
  8
0
 10
7389.9747
 20
19088.7355
 30
2354.3858
 11
7585.0896
 21
19413.927
 31
2224.3092
  0
LINE
  8
0
 10
7585.0896
 20
19413.927
 30
2224.3092
 11
7316.8066
 21
19413.927
 31
2224.3092
  0
LINE
  8
0
 10
7316.8066
 20
19413.927
 30
2224.3092
 11
8072.8767
 21
19674.0801
 31
2120.248
  0
LINE
  8
0
 10
8072.8767
 20
19674.0801
 30
2120.248
 11
7755.815
 21
19544.0035
 31
2172.2786
  0
LINE
  8
0
 10
7755.815
 20
19544.0035
 30
2172.2786
 11
7487.5321
 21
19088.7355
 31
2354.3858
  0
LINE
  8
0
 10
7487.5321
 20
19088.7355
 30
2354.3858
 11
7609.4789
 21
18991.1781
 31
2393.4088
  0
LINE
  8
0
 10
7609.4789
 20
18991.1781
 30
2393.4088
 11
7585.0896
 21
18763.5441
 31
2484.4623
  0
LINE
  8
0
 10
7585.0896
 20
18763.5441
 30
2484.4623
 11
7926.5405
 21
18178.1996
 31
2718.6002
  0
LINE
  8
0
 10
7926.5405
 20
18178.1996
 30
2718.6002
 11
8121.6554
 21
18048.123
 31
2770.6308
  0
LINE
  8
0
 10
8121.6554
 20
18048.123
 30
2770.6308
 11
8048.4873
 21
17983.0848
 31
2796.6461
  0
LINE
  8
0
 10
8048.4873
 20
17983.0848
 30
2796.6461
 11
8389.9383
 21
17983.0848
 31
2796.6461
  0
LINE
  8
0
 10
8389.9383
 20
17983.0848
 30
2796.6461
 11
8365.5489
 21
18048.123
 31
2770.6308
  0
LINE
  8
0
 10
8365.5489
 20
18048.123
 30
2770.6308
 11
8560.6638
 21
18048.123
 31
2770.6308
  0
LINE
  8
0
 10
8560.6638
 20
18048.123
 30
2770.6308
 11
8658.2212
 21
18178.1996
 31
2718.6002
  0
LINE
  8
0
 10
8658.2212
 20
18178.1996
 30
2718.6002
 11
9048.4509
 21
18243.2379
 31
2692.5848
  0
LINE
  8
0
 10
9048.4509
 20
18243.2379
 30
2692.5848
 11
9048.4509
 21
18340.7953
 31
2653.5619
  0
LINE
  8
0
 10
9048.4509
 20
18340.7953
 30
2653.5619
 11
8975.2828
 21
18308.2762
 31
2666.5695
  0
LINE
  8
0
 10
8975.2828
 20
18308.2762
 30
2666.5695
 11
9048.4509
 21
18340.7953
 31
2653.5619
  0
LINE
  8
0
 10
9048.4509
 20
18340.7953
 30
2653.5619
 11
8950.8935
 21
18568.4293
 31
2562.5083
  0
LINE
  8
0
 10
8950.8935
 20
18568.4293
 30
2562.5083
 11
9267.9551
 21
18015.6039
 31
2783.6384
  0
LINE
  8
0
 10
9267.9551
 20
18015.6039
 30
2783.6384
 11
9316.7338
 21
18113.1613
 31
2744.6155
  0
LINE
  8
0
 10
9316.7338
 20
18113.1613
 30
2744.6155
 11
8536.2744
 21
19804.1566
 31
2068.2173
  0
LINE
  8
0
 10
8536.2744
 20
19804.1566
 30
2068.2173
 11
8609.4425
 21
19901.7141
 31
2029.1944
  0
LINE
  8
0
 10
8609.4425
 20
19901.7141
 30
2029.1944
 11
8950.8935
 21
19121.2547
 31
2341.3781
  0
LINE
  8
0
 10
8950.8935
 20
19121.2547
 30
2341.3781
 11
8585.0531
 21
19869.1949
 31
2042.202
  0
LINE
  8
0
 10
8585.0531
 20
19869.1949
 30
2042.202
 11
8585.0531
 21
19739.1184
 31
2094.2327
  0
LINE
  8
0
 10
8585.0531
 20
19739.1184
 30
2094.2327
 11
9341.1231
 21
18048.123
 31
2770.6308
  0
LINE
  8
0
 10
9341.1231
 20
18048.123
 30
2770.6308
 11
9219.1764
 21
17983.0848
 31
2796.6461
  0
LINE
  8
0
 10
9219.1764
 20
17983.0848
 30
2796.6461
 11
9024.0615
 21
18210.7187
 31
2705.5925
  0
LINE
  8
0
 10
9024.0615
 20
18210.7187
 30
2705.5925
 11
8706.9999
 21
18080.6422
 31
2757.6231
  0
LINE
  8
0
 10
8706.9999
 20
18080.6422
 30
2757.6231
 11
8999.6722
 21
18015.6039
 31
2783.6384
  0
LINE
  8
0
 10
8999.6722
 20
18015.6039
 30
2783.6384
 11
8902.1147
 21
17950.5656
 31
2809.6537
  0
LINE
  8
0
 10
8902.1147
 20
17950.5656
 30
2809.6537
 11
8706.9999
 21
17950.5656
 31
2809.6537
  0
LINE
  8
0
 10
8706.9999
 20
17950.5656
 30
2809.6537
 11
8658.2212
 21
18080.6422
 31
2757.6231
  0
LINE
  8
0
 10
8658.2212
 20
18080.6422
 30
2757.6231
 11
7804.5938
 21
17755.4508
 31
2887.6997
  0
LINE
  8
0
 10
7804.5938
 20
17755.4508
 30
2887.6997
 11
7731.4257
 21
17690.4125
 31
2913.715
  0
LINE
  8
0
 10
7731.4257
 20
17690.4125
 30
2913.715
 11
7902.1512
 21
17332.702
 31
3056.7992
  0
LINE
  8
0
 10
7902.1512
 20
17332.702
 30
3056.7992
 11
7780.2044
 21
17202.6254
 31
3108.8298
  0
LINE
  8
0
 10
7780.2044
 20
17202.6254
 30
3108.8298
 11
7877.7618
 21
17170.1063
 31
3121.8375
  0
LINE
  8
0
 10
7877.7618
 20
17170.1063
 30
3121.8375
 11
12145.899
 21
18861.1016
 31
2445.4394
  0
LINE
  8
0
 10
12145.899
 20
18861.1016
 30
2445.4394
 11
12462.9606
 21
19478.9652
 31
2198.2939
  0
LINE
  8
0
 10
12462.9606
 20
19478.9652
 30
2198.2939
 11
12389.7926
 21
21137.4414
 31
1534.9034
  0
LINE
  8
0
 10
12389.7926
 20
21137.4414
 30
1534.9034
 11
12462.9606
 21
19674.0801
 31
2120.248
  0
LINE
  8
0
 10
12462.9606
 20
19674.0801
 30
2120.248
 11
12584.9074
 21
19446.4461
 31
2211.3016
  0
LINE
  8
0
 10
12584.9074
 20
19446.4461
 30
2211.3016
 11
12609.2968
 21
20552.0969
 31
1769.0413
  0
LINE
  8
0
 10
12609.2968
 20
20552.0969
 30
1769.0413
 11
12536.1287
 21
20552.0969
 31
1769.0413
  0
LINE
  8
0
 10
12536.1287
 20
20552.0969
 30
1769.0413
 11
12536.1287
 21
20909.8074
 31
1625.957
  0
LINE
  8
0
 10
12536.1287
 20
20909.8074
 30
1625.957
 11
12584.9074
 21
20714.6926
 31
1704.003
  0
LINE
  8
0
 10
12584.9074
 20
20714.6926
 30
1704.003
 11
12609.2968
 21
21072.4031
 31
1560.9187
  0
LINE
  8
0
 10
12609.2968
 20
21072.4031
 30
1560.9187
 11
12536.1287
 21
21007.3648
 31
1586.9341
  0
LINE
  8
0
 10
12536.1287
 20
21007.3648
 30
1586.9341
 11
12536.1287
 21
21137.4414
 31
1534.9034
  0
LINE
  8
0
 10
12536.1287
 20
21137.4414
 30
1534.9034
 11
12560.5181
 21
21169.9605
 31
1521.8958
  0
LINE
  8
0
 10
24169.8513
 20
21169.9605
 30
1521.8958
 11
24413.7448
 21
17397.7402
 31
3030.7839
  0
LINE
  8
0
 10
24413.7448
 20
17397.7402
 30
3030.7839
 11
24584.4703
 21
13137.7328
 31
4734.7869
  0
LINE
  8
0
 10
24584.4703
 20
13137.7328
 30
4734.7869
 11
24169.8513
 21
21137.4414
 31
1534.9034
  0
LINE
  8
0
 10
24169.8513
 20
21137.4414
 30
1534.9034
 11
24169.8513
 21
21169.9605
 31
1521.8958
  0
LINE
  8
0
 10
4073.0224
 20
21104.9223
 30
1547.9111
 11
3999.8543
 21
21104.9223
 31
1547.9111
  0
LINE
  8
0
 10
3999.8543
 20
21104.9223
 30
1547.9111
 11
4194.9691
 21
20877.2883
 31
1638.9647
  0
LINE
  8
0
 10
4194.9691
 20
20877.2883
 30
1638.9647
 11
4097.4117
 21
21072.4031
 31
1560.9187
  0
LINE
  8
0
 10
4097.4117
 20
21072.4031
 30
1560.9187
 11
4073.0224
 21
21104.9223
 31
1547.9111
  0
LINE
  8
0
 10
12292.2352
 20
21104.9223
 30
1547.9111
 11
12341.0139
 21
20161.8672
 31
1925.1331
  0
LINE
  8
0
 10
12341.0139
 20
20161.8672
 30
1925.1331
 11
12292.2352
 21
21072.4031
 31
1560.9187
  0
LINE
  8
0
 10
12292.2352
 20
21072.4031
 30
1560.9187
 11
12292.2352
 21
21104.9223
 31
1547.9111
  0
LINE
  8
0
 10
804.8487
 20
21072.4031
 30
1560.9187
 11
219.5042
 21
4975.4285
 31
7999.7086
  0
LINE
  8
0
 10
219.5042
 20
4975.4285
 30
7999.7086
 11
121.9468
 21
5072.9859
 31
7960.6856
  0
LINE
  8
0
 10
121.9468
 20
5072.9859
 30
7960.6856
 11
195.1148
 21
5105.5051
 31
7947.678
  0
LINE
  8
0
 10
195.1148
 20
5105.5051
 30
7947.678
 11
243.8936
 21
5788.407
 31
7674.5172
  0
LINE
  8
0
 10
243.8936
 20
5788.407
 30
7674.5172
 11
804.8487
 21
21039.884
 31
1573.9264
  0
LINE
  8
0
 10
804.8487
 20
21039.884
 30
1573.9264
 11
804.8487
 21
21072.4031
 31
1560.9187
  0
LINE
  8
0
 10
20657.7841
 20
21072.4031
 30
1560.9187
 11
20487.0586
 21
20877.2883
 31
1638.9647
  0
LINE
  8
0
 10
20487.0586
 20
20877.2883
 30
1638.9647
 11
20657.7841
 21
21039.884
 31
1573.9264
  0
LINE
  8
0
 10
20657.7841
 20
21039.884
 30
1573.9264
 11
20657.7841
 21
21072.4031
 31
1560.9187
  0
LINE
  8
0
 10
23877.179
 20
21039.884
 30
1573.9264
 11
23901.5684
 21
20942.3266
 31
1612.9494
  0
LINE
  8
0
 10
23901.5684
 20
20942.3266
 30
1612.9494
 11
21608.9689
 21
18633.4676
 31
2536.493
  0
LINE
  8
0
 10
21608.9689
 20
18633.4676
 30
2536.493
 11
22072.3667
 21
7056.6535
 31
7167.2186
  0
LINE
  8
0
 10
22072.3667
 20
7056.6535
 30
7167.2186
 11
22096.7561
 21
6633.9047
 31
7336.3181
  0
LINE
  8
0
 10
22096.7561
 20
6633.9047
 30
7336.3181
 11
22169.9241
 21
6536.3473
 31
7375.3411
  0
LINE
  8
0
 10
22169.9241
 20
6536.3473
 30
7375.3411
 11
22730.8793
 21
6341.2324
 31
7453.387
  0
LINE
  8
0
 10
22730.8793
 20
6341.2324
 30
7453.387
 11
22828.4367
 21
6926.577
 31
7219.2492
  0
LINE
  8
0
 10
22828.4367
 20
6926.577
 30
7219.2492
 11
22901.6048
 21
6276.1941
 31
7479.4023
  0
LINE
  8
0
 10
22901.6048
 20
6276.1941
 30
7479.4023
 11
22901.6048
 21
6959.0961
 31
7206.2416
  0
LINE
  8
0
 10
22901.6048
 20
6959.0961
 30
7206.2416
 11
22901.6048
 21
6178.6367
 31
7518.4253
  0
LINE
  8
0
 10
22901.6048
 20
6178.6367
 30
7518.4253
 11
24682.0277
 21
5658.3305
 31
7726.5478
  0
LINE
  8
0
 10
24682.0277
 20
5658.3305
 30
7726.5478
 11
24560.081
 21
8324.9
 31
6659.92
  0
LINE
  8
0
 10
24560.081
 20
8324.9
 30
6659.92
 11
24194.2406
 21
8454.9766
 31
6607.8894
  0
LINE
  8
0
 10
24194.2406
 20
8454.9766
 30
6607.8894
 11
23730.8429
 21
8454.9766
 31
6607.8894
  0
LINE
  8
0
 10
23730.8429
 20
8454.9766
 30
6607.8894
 11
23608.8961
 21
8552.534
 31
6568.8664
  0
LINE
  8
0
 10
23608.8961
 20
8552.534
 30
6568.8664
 11
23486.9493
 21
8487.4957
 31
6594.8817
  0
LINE
  8
0
 10
23486.9493
 20
8487.4957
 30
6594.8817
 11
22486.9857
 21
8650.0914
 31
6529.8434
  0
LINE
  8
0
 10
22486.9857
 20
8650.0914
 30
6529.8434
 11
22413.8177
 21
9820.7805
 31
6061.5678
  0
LINE
  8
0
 10
22413.8177
 20
9820.7805
 30
6061.5678
 11
22389.4283
 21
11381.6992
 31
5437.2003
  0
LINE
  8
0
 10
22389.4283
 20
11381.6992
 30
5437.2003
 11
22438.207
 21
10763.8355
 31
5684.3458
  0
LINE
  8
0
 10
22438.207
 20
10763.8355
 30
5684.3458
 11
22486.9857
 21
11219.1035
 31
5502.2386
  0
LINE
  8
0
 10
22486.9857
 20
11219.1035
 30
5502.2386
 11
22682.1006
 21
11219.1035
 31
5502.2386
  0
LINE
  8
0
 10
22682.1006
 20
11219.1035
 30
5502.2386
 11
22706.4899
 21
11056.5078
 31
5567.2769
  0
LINE
  8
0
 10
22706.4899
 20
11056.5078
 30
5567.2769
 11
23462.56
 21
11186.5844
 31
5515.2462
  0
LINE
  8
0
 10
23462.56
 20
11186.5844
 30
5515.2462
 11
23145.4983
 21
11284.1418
 31
5476.2233
  0
LINE
  8
0
 10
23145.4983
 20
11284.1418
 30
5476.2233
 11
23243.0558
 21
11186.5844
 31
5515.2462
  0
LINE
  8
0
 10
23243.0558
 20
11186.5844
 30
5515.2462
 11
22877.2154
 21
11251.6227
 31
5489.2309
  0
LINE
  8
0
 10
22877.2154
 20
11251.6227
 30
5489.2309
 11
22925.9941
 21
11186.5844
 31
5515.2462
  0
LINE
  8
0
 10
22925.9941
 20
11186.5844
 30
5515.2462
 11
22755.2687
 21
11154.0652
 31
5528.2539
  0
LINE
  8
0
 10
22755.2687
 20
11154.0652
 30
5528.2539
 11
22755.2687
 21
11251.6227
 31
5489.2309
  0
LINE
  8
0
 10
22755.2687
 20
11251.6227
 30
5489.2309
 11
22950.3835
 21
11251.6227
 31
5489.2309
  0
LINE
  8
0
 10
22950.3835
 20
11251.6227
 30
5489.2309
 11
22950.3835
 21
11349.1801
 31
5450.208
  0
LINE
  8
0
 10
22950.3835
 20
11349.1801
 30
5450.208
 11
23511.3387
 21
11251.6227
 31
5489.2309
  0
LINE
  8
0
 10
23511.3387
 20
11251.6227
 30
5489.2309
 11
23584.5067
 21
11316.6609
 31
5463.2156
  0
LINE
  8
0
 10
23584.5067
 20
11316.6609
 30
5463.2156
 11
23608.8961
 21
11251.6227
 31
5489.2309
  0
LINE
  8
0
 10
23608.8961
 20
11251.6227
 30
5489.2309
 11
23486.9493
 21
11219.1035
 31
5502.2386
  0
LINE
  8
0
 10
23486.9493
 20
11219.1035
 30
5502.2386
 11
23511.3387
 21
10861.393
 31
5645.3228
  0
LINE
  8
0
 10
23511.3387
 20
10861.393
 30
5645.3228
 11
23535.728
 21
11154.0652
 31
5528.2539
  0
LINE
  8
0
 10
23535.728
 20
11154.0652
 30
5528.2539
 11
24413.7448
 21
11284.1418
 31
5476.2233
  0
LINE
  8
0
 10
24413.7448
 20
11284.1418
 30
5476.2233
 11
24340.5768
 21
11349.1801
 31
5450.208
  0
LINE
  8
0
 10
24340.5768
 20
11349.1801
 30
5450.208
 11
24413.7448
 21
11381.6992
 31
5437.2003
  0
LINE
  8
0
 10
24413.7448
 20
11381.6992
 30
5437.2003
 11
24413.7448
 21
11544.2949
 31
5372.162
  0
LINE
  8
0
 10
24413.7448
 20
11544.2949
 30
5372.162
 11
24316.1874
 21
11544.2949
 31
5372.162
  0
LINE
  8
0
 10
24316.1874
 20
11544.2949
 30
5372.162
 11
24413.7448
 21
11641.8523
 31
5333.1391
  0
LINE
  8
0
 10
24413.7448
 20
11641.8523
 30
5333.1391
 11
24364.9661
 21
11706.8906
 31
5307.1237
  0
LINE
  8
0
 10
24364.9661
 20
11706.8906
 30
5307.1237
 11
23901.5684
 21
11674.3715
 31
5320.1314
  0
LINE
  8
0
 10
23901.5684
 20
11674.3715
 30
5320.1314
 11
24389.3555
 21
11771.9289
 31
5281.1084
  0
LINE
  8
0
 10
24389.3555
 20
11771.9289
 30
5281.1084
 11
23999.1258
 21
20291.9437
 31
1873.1025
  0
LINE
  8
0
 10
23999.1258
 20
20291.9437
 30
1873.1025
 11
24755.1958
 21
5463.2156
 31
7804.5938
  0
LINE
  8
0
 10
24755.1958
 20
5463.2156
 30
7804.5938
 11
24560.081
 21
5430.6965
 31
7817.6014
  0
LINE
  8
0
 10
24560.081
 20
5430.6965
 30
7817.6014
 11
24316.1874
 21
5593.2922
 31
7752.5631
  0
LINE
  8
0
 10
24316.1874
 20
5593.2922
 30
7752.5631
 11
23974.7364
 21
5625.8113
 31
7739.5555
  0
LINE
  8
0
 10
23974.7364
 20
5625.8113
 30
7739.5555
 11
23804.0109
 21
5788.407
 31
7674.5172
  0
LINE
  8
0
 10
23804.0109
 20
5788.407
 30
7674.5172
 11
23096.7196
 21
6081.0793
 31
7557.4483
  0
LINE
  8
0
 10
23096.7196
 20
6081.0793
 30
7557.4483
 11
22950.3835
 21
6113.5984
 31
7544.4406
  0
LINE
  8
0
 10
22950.3835
 20
6113.5984
 30
7544.4406
 11
22877.2154
 21
5983.5219
 31
7596.4712
  0
LINE
  8
0
 10
22877.2154
 20
5983.5219
 30
7596.4712
 11
24730.8064
 21
5235.5816
 31
7895.6473
  0
LINE
  8
0
 10
24730.8064
 20
5235.5816
 30
7895.6473
 11
24755.1958
 21
5138.0242
 31
7934.6703
  0
LINE
  8
0
 10
24755.1958
 20
5138.0242
 30
7934.6703
 11
24560.081
 21
4975.4285
 31
7999.7086
  0
LINE
  8
0
 10
24560.081
 20
4975.4285
 30
7999.7086
 11
24584.4703
 21
4812.8328
 31
8064.7469
  0
LINE
  8
0
 10
24584.4703
 20
4812.8328
 30
8064.7469
 11
24560.081
 21
4975.4285
 31
7999.7086
  0
LINE
  8
0
 10
24560.081
 20
4975.4285
 30
7999.7086
 11
24389.3555
 21
5040.4668
 31
7973.6933
  0
LINE
  8
0
 10
24389.3555
 20
5040.4668
 30
7973.6933
 11
24413.7448
 21
5105.5051
 31
7947.678
  0
LINE
  8
0
 10
24413.7448
 20
5105.5051
 30
7947.678
 11
24047.9045
 21
5170.5434
 31
7921.6627
  0
LINE
  8
0
 10
24047.9045
 20
5170.5434
 30
7921.6627
 11
24389.3555
 21
5235.5816
 31
7895.6473
  0
LINE
  8
0
 10
24389.3555
 20
5235.5816
 30
7895.6473
 11
24218.63
 21
5333.1391
 31
7856.6244
  0
LINE
  8
0
 10
24218.63
 20
5333.1391
 30
7856.6244
 11
23974.7364
 21
5235.5816
 31
7895.6473
  0
LINE
  8
0
 10
23974.7364
 20
5235.5816
 30
7895.6473
 11
23462.56
 21
5528.2539
 31
7778.5784
  0
LINE
  8
0
 10
23462.56
 20
5528.2539
 30
7778.5784
 11
23340.6132
 21
5723.3687
 31
7700.5325
  0
LINE
  8
0
 10
23340.6132
 20
5723.3687
 30
7700.5325
 11
22950.3835
 21
5885.9645
 31
7635.4942
  0
LINE
  8
0
 10
22950.3835
 20
5885.9645
 30
7635.4942
 11
22852.8261
 21
5853.4453
 31
7648.5019
  0
LINE
  8
0
 10
22852.8261
 20
5853.4453
 30
7648.5019
 11
22925.9941
 21
5105.5051
 31
7947.678
  0
LINE
  8
0
 10
22925.9941
 20
5105.5051
 30
7947.678
 11
22852.8261
 21
4975.4285
 31
7999.7086
  0
LINE
  8
0
 10
22852.8261
 20
4975.4285
 30
7999.7086
 11
22730.8793
 21
6276.1941
 31
7479.4023
  0
LINE
  8
0
 10
22730.8793
 20
6276.1941
 30
7479.4023
 11
22023.588
 21
6503.8281
 31
7388.3487
  0
LINE
  8
0
 10
22023.588
 20
6503.8281
 30
7388.3487
 11
22096.7561
 21
6568.8664
 31
7362.3334
  0
LINE
  8
0
 10
22096.7561
 20
6568.8664
 30
7362.3334
 11
21584.5796
 21
18698.5059
 31
2510.4777
  0
LINE
  8
0
 10
21584.5796
 20
18698.5059
 30
2510.4777
 11
23852.7896
 21
21007.3648
 31
1586.9341
  0
LINE
  8
0
 10
23852.7896
 20
21007.3648
 30
1586.9341
 11
23877.179
 21
21039.884
 31
1573.9264
  0
LINE
  8
0
 10
5487.605
 20
20942.3266
 30
1612.9494
 11
5365.6582
 21
20942.3266
 31
1612.9494
  0
LINE
  8
0
 10
5365.6582
 20
20942.3266
 30
1612.9494
 11
5463.2156
 21
20909.8074
 31
1625.957
  0
LINE
  8
0
 10
5463.2156
 20
20909.8074
 30
1625.957
 11
5487.605
 21
20942.3266
 31
1612.9494
  0
LINE
  8
0
 10
18413.9634
 20
20942.3266
 30
1612.9494
 11
18218.8485
 21
20877.2883
 31
1638.9647
  0
LINE
  8
0
 10
18218.8485
 20
20877.2883
 30
1638.9647
 11
18389.574
 21
20909.8074
 31
1625.957
  0
LINE
  8
0
 10
18389.574
 20
20909.8074
 30
1625.957
 11
18413.9634
 21
20942.3266
 31
1612.9494
  0
LINE
  8
0
 10
13877.5433
 20
20844.7691
 30
1651.9723
 11
13828.7646
 21
20519.5777
 31
1782.0489
  0
LINE
  8
0
 10
13828.7646
 20
20519.5777
 30
1782.0489
 11
13877.5433
 21
20812.25
 31
1664.98
  0
LINE
  8
0
 10
13877.5433
 20
20812.25
 30
1664.98
 11
13877.5433
 21
20844.7691
 31
1651.9723
  0
LINE
  8
0
 10
13975.1007
 20
20844.7691
 30
1651.9723
 11
14194.6049
 21
20844.7691
 31
1651.9723
  0
LINE
  8
0
 10
14194.6049
 20
20844.7691
 30
1651.9723
 11
15072.6217
 21
20487.0586
 31
1795.0566
  0
LINE
  8
0
 10
15072.6217
 20
20487.0586
 30
1795.0566
 11
14023.8794
 21
20844.7691
 31
1651.9723
  0
LINE
  8
0
 10
14023.8794
 20
20844.7691
 30
1651.9723
 11
13877.5433
 21
19544.0035
 31
2172.2786
  0
LINE
  8
0
 10
13877.5433
 20
19544.0035
 30
2172.2786
 11
13975.1007
 21
20812.25
 31
1664.98
  0
LINE
  8
0
 10
13975.1007
 20
20812.25
 30
1664.98
 11
13975.1007
 21
20844.7691
 31
1651.9723
  0
LINE
  8
0
 10
10853.2632
 20
20812.25
 30
1664.98
 11
10902.0419
 21
20779.7309
 31
1677.9877
  0
LINE
  8
0
 10
10902.0419
 20
20779.7309
 30
1677.9877
 11
9828.9103
 21
20324.4629
 31
1860.0948
  0
LINE
  8
0
 10
9828.9103
 20
20324.4629
 30
1860.0948
 11
10316.6974
 21
18796.0633
 31
2471.4547
  0
LINE
  8
0
 10
10316.6974
 20
18796.0633
 30
2471.4547
 11
11194.7142
 21
19186.293
 31
2315.3628
  0
LINE
  8
0
 10
11194.7142
 20
19186.293
 30
2315.3628
 11
11292.2716
 21
19121.2547
 31
2341.3781
  0
LINE
  8
0
 10
11292.2716
 20
19121.2547
 30
2341.3781
 11
10316.6974
 21
18698.5059
 31
2510.4777
  0
LINE
  8
0
 10
10316.6974
 20
18698.5059
 30
2510.4777
 11
10194.7506
 21
18991.1781
 31
2393.4088
  0
LINE
  8
0
 10
10194.7506
 20
18991.1781
 30
2393.4088
 11
10219.1399
 21
18796.0633
 31
2471.4547
  0
LINE
  8
0
 10
10219.1399
 20
18796.0633
 30
2471.4547
 11
10145.9719
 21
18828.5824
 31
2458.447
  0
LINE
  8
0
 10
10145.9719
 20
18828.5824
 30
2458.447
 11
10194.7506
 21
19056.2164
 31
2367.3934
  0
LINE
  8
0
 10
10194.7506
 20
19056.2164
 30
2367.3934
 11
10097.1932
 21
19153.7738
 31
2328.3705
  0
LINE
  8
0
 10
10097.1932
 20
19153.7738
 30
2328.3705
 11
10097.1932
 21
19348.8887
 31
2250.3245
  0
LINE
  8
0
 10
10097.1932
 20
19348.8887
 30
2250.3245
 11
10048.4145
 21
19446.4461
 31
2211.3016
  0
LINE
  8
0
 10
10048.4145
 20
19446.4461
 30
2211.3016
 11
10024.0251
 21
19381.4078
 31
2237.3169
  0
LINE
  8
0
 10
10024.0251
 20
19381.4078
 30
2237.3169
 11
10048.4145
 21
19478.9652
 31
2198.2939
  0
LINE
  8
0
 10
10048.4145
 20
19478.9652
 30
2198.2939
 11
9731.3528
 21
20356.982
 31
1847.0872
  0
LINE
  8
0
 10
9731.3528
 20
20356.982
 30
1847.0872
 11
10828.8738
 21
20779.7309
 31
1677.9877
  0
LINE
  8
0
 10
10828.8738
 20
20779.7309
 30
1677.9877
 11
10853.2632
 21
20812.25
 31
1664.98
  0
LINE
  8
0
 10
10975.21
 20
20779.7309
 30
1677.9877
 11
11048.378
 21
20096.8289
 31
1951.1484
  0
LINE
  8
0
 10
11048.378
 20
20096.8289
 30
1951.1484
 11
10950.8206
 21
20747.2117
 31
1690.9953
  0
LINE
  8
0
 10
10950.8206
 20
20747.2117
 30
1690.9953
 11
10975.21
 21
20779.7309
 31
1677.9877
  0
LINE
  8
0
 10
22438.207
 20
20747.2117
 30
1690.9953
 11
22267.4815
 21
20552.0969
 31
1769.0413
  0
LINE
  8
0
 10
22267.4815
 20
20552.0969
 30
1769.0413
 11
22413.8177
 21
20714.6926
 31
1704.003
  0
LINE
  8
0
 10
22413.8177
 20
20714.6926
 30
1704.003
 11
22438.207
 21
20747.2117
 31
1690.9953
  0
LINE
  8
0
 10
1048.7423
 20
20714.6926
 30
1704.003
 11
3560.8459
 21
18373.3145
 31
2640.5542
  0
LINE
  8
0
 10
3560.8459
 20
18373.3145
 30
2640.5542
 11
3243.7843
 21
6633.9047
 31
7336.3181
  0
LINE
  8
0
 10
3243.7843
 20
6633.9047
 30
7336.3181
 11
3243.7843
 21
6503.8281
 31
7388.3487
  0
LINE
  8
0
 10
3243.7843
 20
6503.8281
 30
7388.3487
 11
3316.9523
 21
6471.309
 31
7401.3564
  0
LINE
  8
0
 10
3316.9523
 20
6471.309
 30
7401.3564
 11
3219.3949
 21
6308.7133
 31
7466.3947
  0
LINE
  8
0
 10
3219.3949
 20
6308.7133
 30
7466.3947
 11
3243.7843
 21
6503.8281
 31
7388.3487
  0
LINE
  8
0
 10
3243.7843
 20
6503.8281
 30
7388.3487
 11
3170.6162
 21
6471.309
 31
7401.3564
  0
LINE
  8
0
 10
3170.6162
 20
6471.309
 30
7401.3564
 11
3170.6162
 21
6341.2324
 31
7453.387
  0
LINE
  8
0
 10
3170.6162
 20
6341.2324
 30
7453.387
 11
3170.6162
 21
6438.7898
 31
7414.3641
  0
LINE
  8
0
 10
3170.6162
 20
6438.7898
 30
7414.3641
 11
3073.0588
 21
6471.309
 31
7401.3564
  0
LINE
  8
0
 10
3073.0588
 20
6471.309
 30
7401.3564
 11
2560.8823
 21
6243.675
 31
7492.41
  0
LINE
  8
0
 10
2560.8823
 20
6243.675
 30
7492.41
 11
2463.3249
 21
5235.5816
 31
7895.6473
  0
LINE
  8
0
 10
2463.3249
 20
5235.5816
 30
7895.6473
 11
2414.5462
 21
6146.1176
 31
7531.433
  0
LINE
  8
0
 10
2414.5462
 20
6146.1176
 30
7531.433
 11
682.902
 21
5463.2156
 31
7804.5938
  0
LINE
  8
0
 10
682.902
 20
5463.2156
 30
7804.5938
 11
439.0084
 21
5463.2156
 31
7804.5938
  0
LINE
  8
0
 10
439.0084
 20
5463.2156
 30
7804.5938
 11
804.8487
 21
14861.2473
 31
4045.3811
  0
LINE
  8
0
 10
804.8487
 20
14861.2473
 30
4045.3811
 11
829.2381
 21
15153.9195
 31
3928.3122
  0
LINE
  8
0
 10
829.2381
 20
15153.9195
 30
3928.3122
 11
707.2913
 21
11511.7758
 31
5385.1697
  0
LINE
  8
0
 10
707.2913
 20
11511.7758
 30
5385.1697
 11
780.4594
 21
11414.2184
 31
5424.1927
  0
LINE
  8
0
 10
780.4594
 20
11414.2184
 30
5424.1927
 11
707.2913
 21
11381.6992
 31
5437.2003
  0
LINE
  8
0
 10
707.2913
 20
11381.6992
 30
5437.2003
 11
658.5126
 21
9593.1465
 31
6152.6214
  0
LINE
  8
0
 10
658.5126
 20
9593.1465
 30
6152.6214
 11
780.4594
 21
11219.1035
 31
5502.2386
  0
LINE
  8
0
 10
780.4594
 20
11219.1035
 30
5502.2386
 11
1390.1933
 21
11154.0652
 31
5528.2539
  0
LINE
  8
0
 10
1390.1933
 20
11154.0652
 30
5528.2539
 11
1317.0252
 21
11251.6227
 31
5489.2309
  0
LINE
  8
0
 10
1317.0252
 20
11251.6227
 30
5489.2309
 11
1390.1933
 21
11381.6992
 31
5437.2003
  0
LINE
  8
0
 10
1390.1933
 20
11381.6992
 30
5437.2003
 11
1341.4146
 21
11316.6609
 31
5463.2156
  0
LINE
  8
0
 10
1341.4146
 20
11316.6609
 30
5463.2156
 11
1414.5826
 21
11186.5844
 31
5515.2462
  0
LINE
  8
0
 10
1414.5826
 20
11186.5844
 30
5515.2462
 11
2755.9972
 21
11089.027
 31
5554.2692
  0
LINE
  8
0
 10
2755.9972
 20
11089.027
 30
5554.2692
 11
2755.9972
 21
8975.2828
 31
6399.7669
  0
LINE
  8
0
 10
2755.9972
 20
8975.2828
 30
6399.7669
 11
2707.2185
 21
8812.6871
 31
6464.8052
  0
LINE
  8
0
 10
2707.2185
 20
8812.6871
 30
6464.8052
 11
2512.1036
 21
8942.7637
 31
6412.7745
  0
LINE
  8
0
 10
2512.1036
 20
8942.7637
 30
6412.7745
 11
1853.591
 21
8812.6871
 31
6464.8052
  0
LINE
  8
0
 10
1853.591
 20
8812.6871
 30
6464.8052
 11
1682.8655
 21
8910.2445
 31
6425.7822
  0
LINE
  8
0
 10
1682.8655
 20
8910.2445
 30
6425.7822
 11
1634.0868
 21
8780.168
 31
6477.8128
  0
LINE
  8
0
 10
1634.0868
 20
8780.168
 30
6477.8128
 11
1756.0336
 21
8780.168
 31
6477.8128
  0
LINE
  8
0
 10
1756.0336
 20
8780.168
 30
6477.8128
 11
1585.3081
 21
8585.0531
 31
6555.8587
  0
LINE
  8
0
 10
1585.3081
 20
8585.0531
 30
6555.8587
 11
1341.4146
 21
8650.0914
 31
6529.8434
  0
LINE
  8
0
 10
1341.4146
 20
8650.0914
 30
6529.8434
 11
1438.972
 21
8715.1297
 31
6503.8281
  0
LINE
  8
0
 10
1438.972
 20
8715.1297
 30
6503.8281
 11
1341.4146
 21
8780.168
 31
6477.8128
  0
LINE
  8
0
 10
1341.4146
 20
8780.168
 30
6477.8128
 11
1268.2465
 21
8682.6105
 31
6516.8358
  0
LINE
  8
0
 10
1268.2465
 20
8682.6105
 30
6516.8358
 11
1219.4678
 21
8780.168
 31
6477.8128
  0
LINE
  8
0
 10
1219.4678
 20
8780.168
 30
6477.8128
 11
780.4594
 21
8682.6105
 31
6516.8358
  0
LINE
  8
0
 10
780.4594
 20
8682.6105
 30
6516.8358
 11
682.902
 21
8747.6488
 31
6490.8205
  0
LINE
  8
0
 10
682.902
 20
8747.6488
 30
6490.8205
 11
658.5126
 21
9430.5508
 31
6217.6597
  0
LINE
  8
0
 10
658.5126
 20
9430.5508
 30
6217.6597
 11
609.7339
 21
8324.9
 31
6659.92
  0
LINE
  8
0
 10
609.7339
 20
8324.9
 30
6659.92
 11
951.1849
 21
8357.4191
 31
6646.9123
  0
LINE
  8
0
 10
951.1849
 20
8357.4191
 30
6646.9123
 11
878.0168
 21
8389.9383
 31
6633.9047
  0
LINE
  8
0
 10
878.0168
 20
8389.9383
 30
6633.9047
 11
853.6274
 21
8585.0531
 31
6555.8587
  0
LINE
  8
0
 10
853.6274
 20
8585.0531
 30
6555.8587
 11
731.6807
 21
8585.0531
 31
6555.8587
  0
LINE
  8
0
 10
731.6807
 20
8585.0531
 30
6555.8587
 11
804.8487
 21
8617.5723
 31
6542.8511
  0
LINE
  8
0
 10
804.8487
 20
8617.5723
 30
6542.8511
 11
1292.6358
 21
8617.5723
 31
6542.8511
  0
LINE
  8
0
 10
1292.6358
 20
8617.5723
 30
6542.8511
 11
999.9636
 21
8585.0531
 31
6555.8587
  0
LINE
  8
0
 10
999.9636
 20
8585.0531
 30
6555.8587
 11
975.5742
 21
8454.9766
 31
6607.8894
  0
LINE
  8
0
 10
975.5742
 20
8454.9766
 30
6607.8894
 11
878.0168
 21
8422.4574
 31
6620.897
  0
LINE
  8
0
 10
878.0168
 20
8422.4574
 30
6620.897
 11
1073.1316
 21
8324.9
 31
6659.92
  0
LINE
  8
0
 10
1073.1316
 20
8324.9
 30
6659.92
 11
1341.4146
 21
8454.9766
 31
6607.8894
  0
LINE
  8
0
 10
1341.4146
 20
8454.9766
 30
6607.8894
 11
1707.2549
 21
8422.4574
 31
6620.897
  0
LINE
  8
0
 10
1707.2549
 20
8422.4574
 30
6620.897
 11
1829.2017
 21
8520.0148
 31
6581.8741
  0
LINE
  8
0
 10
1829.2017
 20
8520.0148
 30
6581.8741
 11
2268.2101
 21
8520.0148
 31
6581.8741
  0
LINE
  8
0
 10
2268.2101
 20
8520.0148
 30
6581.8741
 11
2292.5994
 21
8617.5723
 31
6542.8511
  0
LINE
  8
0
 10
2292.5994
 20
8617.5723
 30
6542.8511
 11
2512.1036
 21
8552.534
 31
6568.8664
  0
LINE
  8
0
 10
2512.1036
 20
8552.534
 30
6568.8664
 11
2804.7759
 21
8650.0914
 31
6529.8434
  0
LINE
  8
0
 10
2804.7759
 20
8650.0914
 30
6529.8434
 11
2877.9439
 21
11121.5461
 31
5541.2616
  0
LINE
  8
0
 10
2877.9439
 20
11121.5461
 30
5541.2616
 11
2829.1652
 21
11284.1418
 31
5476.2233
  0
LINE
  8
0
 10
2829.1652
 20
11284.1418
 30
5476.2233
 11
2682.8291
 21
11316.6609
 31
5463.2156
  0
LINE
  8
0
 10
2682.8291
 20
11316.6609
 30
5463.2156
 11
2829.1652
 21
11316.6609
 31
5463.2156
  0
LINE
  8
0
 10
2829.1652
 20
11316.6609
 30
5463.2156
 11
2902.3333
 21
11121.5461
 31
5541.2616
  0
LINE
  8
0
 10
2902.3333
 20
11121.5461
 30
5541.2616
 11
2853.5546
 21
9235.4359
 31
6295.7056
  0
LINE
  8
0
 10
2853.5546
 20
9235.4359
 30
6295.7056
 11
2829.1652
 21
8617.5723
 31
6542.8511
  0
LINE
  8
0
 10
2829.1652
 20
8617.5723
 30
6542.8511
 11
2755.9972
 21
8552.534
 31
6568.8664
  0
LINE
  8
0
 10
2755.9972
 20
8552.534
 30
6568.8664
 11
585.3445
 21
8227.3426
 31
6698.943
  0
LINE
  8
0
 10
585.3445
 20
8227.3426
 30
6698.943
 11
536.5658
 21
5593.2922
 31
7752.5631
  0
LINE
  8
0
 10
536.5658
 20
5593.2922
 30
7752.5631
 11
1975.5378
 21
6113.5984
 31
7544.4406
  0
LINE
  8
0
 10
1975.5378
 20
6113.5984
 30
7544.4406
 11
2316.9888
 21
6146.1176
 31
7531.433
  0
LINE
  8
0
 10
2316.9888
 20
6146.1176
 30
7531.433
 11
2390.1568
 21
6243.675
 31
7492.41
  0
LINE
  8
0
 10
2390.1568
 20
6243.675
 30
7492.41
 11
2414.5462
 21
6894.0578
 31
7232.2569
  0
LINE
  8
0
 10
2414.5462
 20
6894.0578
 30
7232.2569
 11
2438.9355
 21
6243.675
 31
7492.41
  0
LINE
  8
0
 10
2438.9355
 20
6243.675
 30
7492.41
 11
2463.3249
 21
7284.2875
 31
7076.165
  0
LINE
  8
0
 10
2463.3249
 20
7284.2875
 30
7076.165
 11
2536.493
 21
7284.2875
 31
7076.165
  0
LINE
  8
0
 10
2536.493
 20
7284.2875
 30
7076.165
 11
2536.493
 21
7446.8832
 31
7011.1267
  0
LINE
  8
0
 10
2536.493
 20
7446.8832
 30
7011.1267
 11
2560.8823
 21
7316.8066
 31
7063.1573
  0
LINE
  8
0
 10
2560.8823
 20
7316.8066
 30
7063.1573
 11
2585.2717
 21
7446.8832
 31
7011.1267
  0
LINE
  8
0
 10
2585.2717
 20
7446.8832
 30
7011.1267
 11
2609.661
 21
7381.8449
 31
7037.142
  0
LINE
  8
0
 10
2609.661
 20
7381.8449
 30
7037.142
 11
2585.2717
 21
6926.577
 31
7219.2492
  0
LINE
  8
0
 10
2585.2717
 20
6926.577
 30
7219.2492
 11
2512.1036
 21
6861.5387
 31
7245.2645
  0
LINE
  8
0
 10
2512.1036
 20
6861.5387
 30
7245.2645
 11
2512.1036
 21
6471.309
 31
7401.3564
  0
LINE
  8
0
 10
2512.1036
 20
6471.309
 30
7401.3564
 11
2585.2717
 21
6341.2324
 31
7453.387
  0
LINE
  8
0
 10
2585.2717
 20
6341.2324
 30
7453.387
 11
3146.2269
 21
6536.3473
 31
7375.3411
  0
LINE
  8
0
 10
3146.2269
 20
6536.3473
 30
7375.3411
 11
3243.7843
 21
6698.943
 31
7310.3028
  0
LINE
  8
0
 10
3243.7843
 20
6698.943
 30
7310.3028
 11
3536.4565
 21
18308.2762
 31
2666.5695
  0
LINE
  8
0
 10
3536.4565
 20
18308.2762
 30
2666.5695
 11
1073.1316
 21
20552.0969
 31
1769.0413
  0
LINE
  8
0
 10
1073.1316
 20
20552.0969
 30
1769.0413
 11
878.0168
 21
16812.3957
 31
3264.9217
  0
LINE
  8
0
 10
878.0168
 20
16812.3957
 30
3264.9217
 11
1048.7423
 21
20682.1734
 31
1717.0106
  0
LINE
  8
0
 10
1048.7423
 20
20682.1734
 30
1717.0106
 11
1048.7423
 21
20714.6926
 31
1704.003
  0
LINE
  8
0
 10
6585.126
 20
20649.6543
 30
1730.0183
 11
6780.2408
 21
20617.1352
 31
1743.0259
  0
LINE
  8
0
 10
6780.2408
 20
20617.1352
 30
1743.0259
 11
6609.5153
 21
20649.6543
 31
1730.0183
  0
LINE
  8
0
 10
6609.5153
 20
20649.6543
 30
1730.0183
 11
6585.126
 21
20649.6543
 31
1730.0183
  0
LINE
  8
0
 10
17584.7253
 20
20584.616
 30
1756.0336
 11
18218.8485
 21
20356.982
 31
1847.0872
  0
LINE
  8
0
 10
18218.8485
 20
20356.982
 30
1847.0872
 11
17584.7253
 21
20552.0969
 31
1769.0413
  0
LINE
  8
0
 10
17584.7253
 20
20552.0969
 30
1769.0413
 11
17584.7253
 21
20584.616
 31
1756.0336
  0
LINE
  8
0
 10
12658.0755
 20
20552.0969
 30
1769.0413
 11
12658.0755
 21
20194.3863
 31
1912.1255
  0
LINE
  8
0
 10
12658.0755
 20
20194.3863
 30
1912.1255
 11
12682.4648
 21
20552.0969
 31
1769.0413
  0
LINE
  8
0
 10
12682.4648
 20
20552.0969
 30
1769.0413
 11
12658.0755
 21
20552.0969
 31
1769.0413
  0
LINE
  8
0
 10
19096.8653
 20
20552.0969
 30
1769.0413
 11
19194.4228
 21
20617.1352
 31
1743.0259
  0
LINE
  8
0
 10
19194.4228
 20
20617.1352
 30
1743.0259
 11
19145.644
 21
20584.616
 31
1756.0336
  0
LINE
  8
0
 10
19145.644
 20
20584.616
 30
1756.0336
 11
19413.927
 21
20519.5777
 31
1782.0489
  0
LINE
  8
0
 10
19413.927
 20
20519.5777
 30
1782.0489
 11
19535.8737
 21
20291.9437
 31
1873.1025
  0
LINE
  8
0
 10
19535.8737
 20
20291.9437
 30
1873.1025
 11
19560.2631
 21
20356.982
 31
1847.0872
  0
LINE
  8
0
 10
19560.2631
 20
20356.982
 30
1847.0872
 11
19633.4312
 21
20129.348
 31
1938.1408
  0
LINE
  8
0
 10
19633.4312
 20
20129.348
 30
1938.1408
 11
19535.8737
 21
19934.2332
 31
2016.1867
  0
LINE
  8
0
 10
19535.8737
 20
19934.2332
 30
2016.1867
 11
19657.8205
 21
19869.1949
 31
2042.202
  0
LINE
  8
0
 10
19657.8205
 20
19869.1949
 30
2042.202
 11
18999.3079
 21
19739.1184
 31
2094.2327
  0
LINE
  8
0
 10
18999.3079
 20
19739.1184
 30
2094.2327
 11
18731.025
 21
19966.7523
 31
2003.1791
  0
LINE
  8
0
 10
18731.025
 20
19966.7523
 30
2003.1791
 11
18706.6356
 21
20161.8672
 31
1925.1331
  0
LINE
  8
0
 10
18706.6356
 20
20161.8672
 30
1925.1331
 11
18438.3527
 21
20324.4629
 31
1860.0948
  0
LINE
  8
0
 10
18438.3527
 20
20324.4629
 30
1860.0948
 11
18755.4144
 21
20194.3863
 31
1912.1255
  0
LINE
  8
0
 10
18755.4144
 20
20194.3863
 30
1912.1255
 11
19072.476
 21
20519.5777
 31
1782.0489
  0
LINE
  8
0
 10
19072.476
 20
20519.5777
 30
1782.0489
 11
19096.8653
 21
20552.0969
 31
1769.0413
  0
LINE
  8
0
 10
20316.3331
 20
20552.0969
 30
1769.0413
 11
20291.9437
 21
20617.1352
 31
1743.0259
  0
LINE
  8
0
 10
20291.9437
 20
20617.1352
 30
1743.0259
 11
20194.3863
 21
20454.5395
 31
1808.0642
  0
LINE
  8
0
 10
20194.3863
 20
20454.5395
 30
1808.0642
 11
20291.9437
 21
20519.5777
 31
1782.0489
  0
LINE
  8
0
 10
20291.9437
 20
20519.5777
 30
1782.0489
 11
20316.3331
 21
20552.0969
 31
1769.0413
  0
LINE
  8
0
 10
4536.4201
 20
20519.5777
 30
1782.0489
 11
4463.2521
 21
20519.5777
 31
1782.0489
  0
LINE
  8
0
 10
4463.2521
 20
20519.5777
 30
1782.0489
 11
4585.1988
 21
20389.5012
 31
1834.0795
  0
LINE
  8
0
 10
4585.1988
 20
20389.5012
 30
1834.0795
 11
4560.8095
 21
20487.0586
 31
1795.0566
  0
LINE
  8
0
 10
4560.8095
 20
20487.0586
 30
1795.0566
 11
4536.4201
 21
20519.5777
 31
1782.0489
  0
LINE
  8
0
 10
17462.7785
 20
20519.5777
 30
1782.0489
 11
17511.5572
 21
20487.0586
 31
1795.0566
  0
LINE
  8
0
 10
17511.5572
 20
20487.0586
 30
1795.0566
 11
17243.2743
 21
20422.0203
 31
1821.0719
  0
LINE
  8
0
 10
17243.2743
 20
20422.0203
 30
1821.0719
 11
17438.3892
 21
20487.0586
 31
1795.0566
  0
LINE
  8
0
 10
17438.3892
 20
20487.0586
 30
1795.0566
 11
17462.7785
 21
20519.5777
 31
1782.0489
  0
LINE
  8
0
 10
22218.7028
 20
20487.0586
 30
1795.0566
 11
22072.3667
 21
20324.4629
 31
1860.0948
  0
LINE
  8
0
 10
22072.3667
 20
20324.4629
 30
1860.0948
 11
22194.3135
 21
20454.5395
 31
1808.0642
  0
LINE
  8
0
 10
22194.3135
 20
20454.5395
 30
1808.0642
 11
22218.7028
 21
20487.0586
 31
1795.0566
  0
LINE
  8
0
 10
7536.3108
 20
20389.5012
 30
1834.0795
 11
7414.3641
 21
20324.4629
 31
1860.0948
  0
LINE
  8
0
 10
7414.3641
 20
20324.4629
 30
1860.0948
 11
7658.2576
 21
20324.4629
 31
1860.0948
  0
LINE
  8
0
 10
7658.2576
 20
20324.4629
 30
1860.0948
 11
7536.3108
 21
20356.982
 31
1847.0872
  0
LINE
  8
0
 10
7536.3108
 20
20356.982
 30
1847.0872
 11
7536.3108
 21
20389.5012
 31
1834.0795
  0
LINE
  8
0
 10
15170.1791
 20
20389.5012
 30
1834.0795
 11
15121.4004
 21
20064.3098
 31
1964.1561
  0
LINE
  8
0
 10
15121.4004
 20
20064.3098
 30
1964.1561
 11
15170.1791
 21
20356.982
 31
1847.0872
  0
LINE
  8
0
 10
15170.1791
 20
20356.982
 30
1847.0872
 11
15170.1791
 21
20389.5012
 31
1834.0795
  0
LINE
  8
0
 10
15316.5152
 20
20389.5012
 30
1834.0795
 11
15901.8598
 21
20226.9055
 31
1899.1178
  0
LINE
  8
0
 10
15901.8598
 20
20226.9055
 30
1899.1178
 11
15340.9046
 21
20389.5012
 31
1834.0795
  0
LINE
  8
0
 10
15340.9046
 20
20389.5012
 30
1834.0795
 11
15121.4004
 21
19544.0035
 31
2172.2786
  0
LINE
  8
0
 10
15121.4004
 20
19544.0035
 30
2172.2786
 11
15292.1259
 21
20356.982
 31
1847.0872
  0
LINE
  8
0
 10
15292.1259
 20
20356.982
 30
1847.0872
 11
15316.5152
 21
20389.5012
 31
1834.0795
  0
LINE
  8
0
 10
19316.3695
 20
20324.4629
 30
1860.0948
 11
19096.8653
 21
20324.4629
 31
1860.0948
  0
LINE
  8
0
 10
19096.8653
 20
20324.4629
 30
1860.0948
 11
18804.1931
 21
20064.3098
 31
1964.1561
  0
LINE
  8
0
 10
18804.1931
 20
20064.3098
 30
1964.1561
 11
18926.1398
 21
19934.2332
 31
2016.1867
  0
LINE
  8
0
 10
18926.1398
 20
19934.2332
 30
2016.1867
 11
19267.5908
 21
19934.2332
 31
2016.1867
  0
LINE
  8
0
 10
19267.5908
 20
19934.2332
 30
2016.1867
 11
19535.8737
 21
20194.3863
 31
1912.1255
  0
LINE
  8
0
 10
19535.8737
 20
20194.3863
 30
1912.1255
 11
19340.7589
 21
20324.4629
 31
1860.0948
  0
LINE
  8
0
 10
19340.7589
 20
20324.4629
 30
1860.0948
 11
19316.3695
 21
20324.4629
 31
1860.0948
  0
LINE
  8
0
 10
9560.6273
 20
20291.9437
 30
1873.1025
 11
9609.4061
 21
20259.4246
 31
1886.1102
  0
LINE
  8
0
 10
9609.4061
 20
20259.4246
 30
1886.1102
 11
8804.5573
 21
19966.7523
 31
2003.1791
  0
LINE
  8
0
 10
8804.5573
 20
19966.7523
 30
2003.1791
 11
9536.238
 21
20259.4246
 31
1886.1102
  0
LINE
  8
0
 10
9536.238
 20
20259.4246
 30
1886.1102
 11
9560.6273
 21
20291.9437
 31
1873.1025
  0
LINE
  8
0
 10
12633.6861
 20
20194.3863
 30
1912.1255
 11
12609.2968
 21
19999.2715
 31
1990.1714
  0
LINE
  8
0
 10
12609.2968
 20
19999.2715
 30
1990.1714
 11
12633.6861
 21
20161.8672
 31
1925.1331
  0
LINE
  8
0
 10
12633.6861
 20
20161.8672
 30
1925.1331
 11
12633.6861
 21
20194.3863
 31
1912.1255
  0
LINE
  8
0
 10
11097.1567
 20
20161.8672
 30
1925.1331
 11
11121.5461
 21
19771.6375
 31
2081.225
  0
LINE
  8
0
 10
11121.5461
 20
19771.6375
 30
2081.225
 11
11097.1567
 21
20129.348
 31
1938.1408
  0
LINE
  8
0
 10
11097.1567
 20
20129.348
 30
1938.1408
 11
11097.1567
 21
20161.8672
 31
1925.1331
  0
LINE
  8
0
 10
12389.7926
 20
20129.348
 30
1938.1408
 11
12341.0139
 21
19966.7523
 31
2003.1791
  0
LINE
  8
0
 10
12341.0139
 20
19966.7523
 30
2003.1791
 11
12389.7926
 21
20096.8289
 31
1951.1484
  0
LINE
  8
0
 10
12389.7926
 20
20096.8289
 30
1951.1484
 11
12389.7926
 21
20129.348
 31
1938.1408
  0
LINE
  8
0
 10
5755.8879
 20
19999.2715
 30
1990.1714
 11
5438.8263
 21
19836.6758
 31
2055.2097
  0
LINE
  8
0
 10
5438.8263
 20
19836.6758
 30
2055.2097
 11
5731.4985
 21
19609.0418
 31
2146.2633
  0
LINE
  8
0
 10
5731.4985
 20
19609.0418
 30
2146.2633
 11
6072.9495
 21
19771.6375
 31
2081.225
  0
LINE
  8
0
 10
6072.9495
 20
19771.6375
 30
2081.225
 11
5780.2772
 21
19999.2715
 31
1990.1714
  0
LINE
  8
0
 10
5780.2772
 20
19999.2715
 30
1990.1714
 11
5755.8879
 21
19999.2715
 31
1990.1714
  0
LINE
  8
0
 10
16438.4256
 20
19999.2715
 30
1990.1714
 11
16365.2575
 21
19966.7523
 31
2003.1791
  0
LINE
  8
0
 10
16365.2575
 20
19966.7523
 30
2003.1791
 11
16365.2575
 21
19804.1566
 31
2068.2173
  0
LINE
  8
0
 10
16365.2575
 20
19804.1566
 30
2068.2173
 11
16438.4256
 21
19966.7523
 31
2003.1791
  0
LINE
  8
0
 10
16438.4256
 20
19966.7523
 30
2003.1791
 11
16438.4256
 21
19999.2715
 31
1990.1714
  0
LINE
  8
0
 10
4999.8179
 20
19934.2332
 30
2016.1867
 11
4926.6498
 21
19934.2332
 31
2016.1867
  0
LINE
  8
0
 10
4926.6498
 20
19934.2332
 30
2016.1867
 11
4999.8179
 21
19836.6758
 31
2055.2097
  0
LINE
  8
0
 10
4999.8179
 20
19836.6758
 30
2055.2097
 11
5024.2072
 21
19901.7141
 31
2029.1944
  0
LINE
  8
0
 10
5024.2072
 20
19901.7141
 30
2029.1944
 11
4999.8179
 21
19934.2332
 31
2016.1867
  0
LINE
  8
0
 10
16633.5404
 20
19934.2332
 30
2016.1867
 11
16389.6469
 21
19251.3312
 31
2289.3475
  0
LINE
  8
0
 10
16389.6469
 20
19251.3312
 30
2289.3475
 11
16609.1511
 21
19901.7141
 31
2029.1944
  0
LINE
  8
0
 10
16609.1511
 20
19901.7141
 30
2029.1944
 11
16633.5404
 21
19934.2332
 31
2016.1867
  0
LINE
  8
0
 10
9804.5209
 20
19706.5992
 30
2107.2403
 11
9877.689
 21
19511.4844
 31
2185.2862
  0
LINE
  8
0
 10
9877.689
 20
19511.4844
 30
2185.2862
 11
9804.5209
 21
19674.0801
 31
2120.248
  0
LINE
  8
0
 10
9804.5209
 20
19674.0801
 30
2120.248
 11
9804.5209
 21
19706.5992
 31
2107.2403
  0
LINE
  8
0
 10
11121.5461
 20
19706.5992
 30
2107.2403
 11
11170.3248
 21
19446.4461
 31
2211.3016
  0
LINE
  8
0
 10
11170.3248
 20
19446.4461
 30
2211.3016
 11
11121.5461
 21
19674.0801
 31
2120.248
  0
LINE
  8
0
 10
11121.5461
 20
19674.0801
 30
2120.248
 11
11121.5461
 21
19706.5992
 31
2107.2403
  0
LINE
  8
0
 10
12341.0139
 20
19641.5609
 30
2133.2556
 11
12341.0139
 21
19511.4844
 31
2185.2862
  0
LINE
  8
0
 10
12341.0139
 20
19511.4844
 30
2185.2862
 11
11341.0503
 21
19153.7738
 31
2328.3705
  0
LINE
  8
0
 10
11341.0503
 20
19153.7738
 30
2328.3705
 11
11389.829
 21
19251.3312
 31
2289.3475
  0
LINE
  8
0
 10
11389.829
 20
19251.3312
 30
2289.3475
 11
11487.3864
 21
19186.293
 31
2315.3628
  0
LINE
  8
0
 10
11487.3864
 20
19186.293
 30
2315.3628
 11
11560.5545
 21
19251.3312
 31
2289.3475
  0
LINE
  8
0
 10
11560.5545
 20
19251.3312
 30
2289.3475
 11
11511.7758
 21
19283.8504
 31
2276.3398
  0
LINE
  8
0
 10
11511.7758
 20
19283.8504
 30
2276.3398
 11
11706.8906
 21
19283.8504
 31
2276.3398
  0
LINE
  8
0
 10
11706.8906
 20
19283.8504
 30
2276.3398
 11
11804.448
 21
19348.8887
 31
2250.3245
  0
LINE
  8
0
 10
11804.448
 20
19348.8887
 30
2250.3245
 11
11731.28
 21
19381.4078
 31
2237.3169
  0
LINE
  8
0
 10
11731.28
 20
19381.4078
 30
2237.3169
 11
11975.1735
 21
19478.9652
 31
2198.2939
  0
LINE
  8
0
 10
11975.1735
 20
19478.9652
 30
2198.2939
 11
11877.6161
 21
19413.927
 31
2224.3092
  0
LINE
  8
0
 10
11877.6161
 20
19413.927
 30
2224.3092
 11
12243.4564
 21
19478.9652
 31
2198.2939
  0
LINE
  8
0
 10
12243.4564
 20
19478.9652
 30
2198.2939
 11
12365.4032
 21
19576.5227
 31
2159.2709
  0
LINE
  8
0
 10
12365.4032
 20
19576.5227
 30
2159.2709
 11
12316.6245
 21
19609.0418
 31
2146.2633
  0
LINE
  8
0
 10
12316.6245
 20
19609.0418
 30
2146.2633
 11
12341.0139
 21
19641.5609
 31
2133.2556
  0
LINE
  8
0
 10
16316.4788
 20
19641.5609
 30
2133.2556
 11
16316.4788
 21
19771.6375
 31
2081.225
  0
LINE
  8
0
 10
16316.4788
 20
19771.6375
 30
2081.225
 11
16170.1427
 21
19251.3312
 31
2289.3475
  0
LINE
  8
0
 10
16170.1427
 20
19251.3312
 30
2289.3475
 11
16316.4788
 21
19609.0418
 31
2146.2633
  0
LINE
  8
0
 10
16316.4788
 20
19609.0418
 30
2146.2633
 11
16316.4788
 21
19641.5609
 31
2133.2556
  0
LINE
  8
0
 10
12755.6329
 20
19544.0035
 30
2172.2786
 11
13584.871
 21
19316.3695
 31
2263.3322
  0
LINE
  8
0
 10
13584.871
 20
19316.3695
 30
2263.3322
 11
13487.3136
 21
19381.4078
 31
2237.3169
  0
LINE
  8
0
 10
13487.3136
 20
19381.4078
 30
2237.3169
 11
13755.5965
 21
19218.8121
 31
2302.3552
  0
LINE
  8
0
 10
13755.5965
 20
19218.8121
 30
2302.3552
 11
12780.0223
 21
19511.4844
 31
2185.2862
  0
LINE
  8
0
 10
12780.0223
 20
19511.4844
 30
2185.2862
 11
12755.6329
 21
19544.0035
 31
2172.2786
  0
LINE
  8
0
 10
20633.3947
 20
19511.4844
 30
2185.2862
 11
21072.4031
 21
19316.3695
 31
2263.3322
  0
LINE
  8
0
 10
21072.4031
 20
19316.3695
 30
2263.3322
 11
20657.7841
 21
19478.9652
 31
2198.2939
  0
LINE
  8
0
 10
20657.7841
 20
19478.9652
 30
2198.2939
 11
20633.3947
 21
19511.4844
 31
2185.2862
  0
LINE
  8
0
 10
18048.123
 20
19478.9652
 30
2198.2939
 11
18804.1931
 21
19218.8121
 31
2302.3552
  0
LINE
  8
0
 10
18804.1931
 20
19218.8121
 30
2302.3552
 11
18048.123
 21
19446.4461
 31
2211.3016
  0
LINE
  8
0
 10
18048.123
 20
19446.4461
 30
2211.3016
 11
18048.123
 21
19478.9652
 31
2198.2939
  0
LINE
  8
0
 10
3341.3417
 20
19446.4461
 30
2211.3016
 11
3755.9607
 21
19056.2164
 31
2367.3934
  0
LINE
  8
0
 10
3755.9607
 20
19056.2164
 30
2367.3934
 11
3365.7311
 21
19413.927
 31
2224.3092
  0
LINE
  8
0
 10
3365.7311
 20
19413.927
 30
2224.3092
 11
3341.3417
 21
19446.4461
 31
2211.3016
  0
LINE
  8
0
 10
5072.9859
 20
19446.4461
 30
2211.3016
 11
4926.6498
 21
19413.927
 31
2224.3092
  0
LINE
  8
0
 10
4926.6498
 20
19413.927
 30
2224.3092
 11
5048.5966
 21
19413.927
 31
2224.3092
  0
LINE
  8
0
 10
5048.5966
 20
19413.927
 30
2224.3092
 11
5072.9859
 21
19446.4461
 31
2211.3016
  0
LINE
  8
0
 10
12584.9074
 20
19348.8887
 30
2250.3245
 11
12560.5181
 21
19218.8121
 31
2302.3552
  0
LINE
  8
0
 10
12560.5181
 20
19218.8121
 30
2302.3552
 11
12584.9074
 21
19316.3695
 31
2263.3322
  0
LINE
  8
0
 10
12584.9074
 20
19316.3695
 30
2263.3322
 11
12584.9074
 21
19348.8887
 31
2250.3245
  0
LINE
  8
0
 10
12462.9606
 20
19316.3695
 30
2263.3322
 11
12389.7926
 21
19218.8121
 31
2302.3552
  0
LINE
  8
0
 10
12389.7926
 20
19218.8121
 30
2302.3552
 11
12462.9606
 21
19283.8504
 31
2276.3398
  0
LINE
  8
0
 10
12462.9606
 20
19283.8504
 30
2276.3398
 11
12462.9606
 21
19316.3695
 31
2263.3322
  0
LINE
  8
0
 10
17901.7869
 20
19316.3695
 30
2263.3322
 11
17877.3976
 21
19381.4078
 31
2237.3169
  0
LINE
  8
0
 10
17877.3976
 20
19381.4078
 30
2237.3169
 11
17828.6188
 21
19251.3312
 31
2289.3475
  0
LINE
  8
0
 10
17828.6188
 20
19251.3312
 30
2289.3475
 11
17877.3976
 21
19283.8504
 31
2276.3398
  0
LINE
  8
0
 10
17877.3976
 20
19283.8504
 30
2276.3398
 11
17901.7869
 21
19316.3695
 31
2263.3322
  0
LINE
  8
0
 10
3390.1204
 20
19251.3312
 30
2289.3475
 11
3512.0672
 21
19153.7738
 31
2328.3705
  0
LINE
  8
0
 10
3512.0672
 20
19153.7738
 30
2328.3705
 11
3414.5098
 21
19218.8121
 31
2302.3552
  0
LINE
  8
0
 10
3414.5098
 20
19218.8121
 30
2302.3552
 11
3390.1204
 21
19251.3312
 31
2289.3475
  0
LINE
  8
0
 10
13853.1539
 20
19251.3312
 30
2289.3475
 11
14243.3836
 21
19121.2547
 31
2341.3781
  0
LINE
  8
0
 10
14243.3836
 20
19121.2547
 30
2341.3781
 11
14121.4368
 21
19088.7355
 31
2354.3858
  0
LINE
  8
0
 10
14121.4368
 20
19088.7355
 30
2354.3858
 11
14316.5517
 21
18991.1781
 31
2393.4088
  0
LINE
  8
0
 10
14316.5517
 20
18991.1781
 30
2393.4088
 11
14853.1175
 21
18893.6207
 31
2432.4317
  0
LINE
  8
0
 10
14853.1175
 20
18893.6207
 30
2432.4317
 11
14755.5601
 21
18861.1016
 31
2445.4394
  0
LINE
  8
0
 10
14755.5601
 20
18861.1016
 30
2445.4394
 11
14853.1175
 21
18796.0633
 31
2471.4547
  0
LINE
  8
0
 10
14853.1175
 20
18796.0633
 30
2471.4547
 11
13926.322
 21
19088.7355
 31
2354.3858
  0
LINE
  8
0
 10
13926.322
 20
19088.7355
 30
2354.3858
 11
13828.7646
 21
19218.8121
 31
2302.3552
  0
LINE
  8
0
 10
13828.7646
 20
19218.8121
 30
2302.3552
 11
13853.1539
 21
19251.3312
 31
2289.3475
  0
LINE
  8
0
 10
17706.6721
 20
19251.3312
 30
2289.3475
 11
17535.9466
 21
19153.7738
 31
2328.3705
  0
LINE
  8
0
 10
17535.9466
 20
19153.7738
 30
2328.3705
 11
17731.0614
 21
19251.3312
 31
2289.3475
  0
LINE
  8
0
 10
17731.0614
 20
19251.3312
 30
2289.3475
 11
17706.6721
 21
19251.3312
 31
2289.3475
  0
LINE
  8
0
 10
4365.6946
 20
19218.8121
 30
2302.3552
 11
4463.2521
 21
19153.7738
 31
2328.3705
  0
LINE
  8
0
 10
4463.2521
 20
19153.7738
 30
2328.3705
 11
4390.084
 21
19023.6973
 31
2380.4011
  0
LINE
  8
0
 10
4390.084
 20
19023.6973
 30
2380.4011
 11
4414.4733
 21
19153.7738
 31
2328.3705
  0
LINE
  8
0
 10
4414.4733
 20
19153.7738
 30
2328.3705
 11
4048.633
 21
19023.6973
 31
2380.4011
  0
LINE
  8
0
 10
4048.633
 20
19023.6973
 30
2380.4011
 11
4390.084
 21
19186.293
 31
2315.3628
  0
LINE
  8
0
 10
4390.084
 20
19186.293
 30
2315.3628
 11
4365.6946
 21
19218.8121
 31
2302.3552
  0
LINE
  8
0
 10
6707.0728
 20
19153.7738
 30
2328.3705
 11
6316.8431
 21
18991.1781
 31
2393.4088
  0
LINE
  8
0
 10
6316.8431
 20
18991.1781
 30
2393.4088
 11
6682.6834
 21
19121.2547
 31
2341.3781
  0
LINE
  8
0
 10
6682.6834
 20
19121.2547
 30
2341.3781
 11
6707.0728
 21
19153.7738
 31
2328.3705
  0
LINE
  8
0
 10
14048.2687
 20
19153.7738
 30
2328.3705
 11
13926.322
 21
19153.7738
 31
2328.3705
  0
LINE
  8
0
 10
13926.322
 20
19153.7738
 30
2328.3705
 11
14023.8794
 21
19121.2547
 31
2341.3781
  0
LINE
  8
0
 10
14023.8794
 20
19121.2547
 30
2341.3781
 11
14048.2687
 21
19153.7738
 31
2328.3705
  0
LINE
  8
0
 10
16145.7533
 20
19153.7738
 30
2328.3705
 11
16145.7533
 21
19283.8504
 31
2276.3398
  0
LINE
  8
0
 10
16145.7533
 20
19283.8504
 30
2276.3398
 11
16048.1959
 21
18893.6207
 31
2432.4317
  0
LINE
  8
0
 10
16048.1959
 20
18893.6207
 30
2432.4317
 11
16145.7533
 21
19121.2547
 31
2341.3781
  0
LINE
  8
0
 10
16145.7533
 20
19121.2547
 30
2341.3781
 11
16145.7533
 21
19153.7738
 31
2328.3705
  0
LINE
  8
0
 10
17804.2295
 20
19153.7738
 30
2328.3705
 11
17828.6188
 21
19251.3312
 31
2289.3475
  0
LINE
  8
0
 10
17828.6188
 20
19251.3312
 30
2289.3475
 11
17779.8401
 21
19121.2547
 31
2341.3781
  0
LINE
  8
0
 10
17779.8401
 20
19121.2547
 30
2341.3781
 11
17804.2295
 21
19153.7738
 31
2328.3705
  0
LINE
  8
0
 10
17755.4508
 20
19121.2547
 30
2341.3781
 11
17657.8934
 21
18991.1781
 31
2393.4088
  0
LINE
  8
0
 10
17657.8934
 20
18991.1781
 30
2393.4088
 11
17560.3359
 21
19088.7355
 31
2354.3858
  0
LINE
  8
0
 10
17560.3359
 20
19088.7355
 30
2354.3858
 11
17633.504
 21
18828.5824
 31
2458.447
  0
LINE
  8
0
 10
17633.504
 20
18828.5824
 30
2458.447
 11
17779.8401
 21
19088.7355
 31
2354.3858
  0
LINE
  8
0
 10
17779.8401
 20
19088.7355
 30
2354.3858
 11
17755.4508
 21
19121.2547
 31
2341.3781
  0
LINE
  8
0
 10
8999.6722
 20
19056.2164
 30
2367.3934
 11
9170.3977
 21
18698.5059
 31
2510.4777
  0
LINE
  8
0
 10
9170.3977
 20
18698.5059
 30
2510.4777
 11
9024.0615
 21
19023.6973
 31
2380.4011
  0
LINE
  8
0
 10
9024.0615
 20
19023.6973
 30
2380.4011
 11
8999.6722
 21
19056.2164
 31
2367.3934
  0
LINE
  8
0
 10
12584.9074
 20
19023.6973
 30
2380.4011
 11
12462.9606
 21
19056.2164
 31
2367.3934
  0
LINE
  8
0
 10
12462.9606
 20
19056.2164
 30
2367.3934
 11
12267.8458
 21
18861.1016
 31
2445.4394
  0
LINE
  8
0
 10
12267.8458
 20
18861.1016
 30
2445.4394
 11
12560.5181
 21
18665.9867
 31
2523.4853
  0
LINE
  8
0
 10
12560.5181
 20
18665.9867
 30
2523.4853
 11
12755.6329
 21
18828.5824
 31
2458.447
  0
LINE
  8
0
 10
12755.6329
 20
18828.5824
 30
2458.447
 11
12609.2968
 21
19023.6973
 31
2380.4011
  0
LINE
  8
0
 10
12609.2968
 20
19023.6973
 30
2380.4011
 11
12584.9074
 21
19023.6973
 31
2380.4011
  0
LINE
  8
0
 10
17804.2295
 20
19023.6973
 30
2380.4011
 11
17609.1146
 21
18731.025
 31
2497.47
  0
LINE
  8
0
 10
17609.1146
 20
18731.025
 30
2497.47
 11
17633.504
 21
18438.3527
 31
2614.5389
  0
LINE
  8
0
 10
17633.504
 20
18438.3527
 30
2614.5389
 11
18023.7337
 21
18568.4293
 31
2562.5083
  0
LINE
  8
0
 10
18023.7337
 20
18568.4293
 30
2562.5083
 11
17804.2295
 21
18926.1398
 31
2419.4241
  0
LINE
  8
0
 10
17804.2295
 20
18926.1398
 30
2419.4241
 11
17999.3443
 21
18633.4676
 31
2536.493
  0
LINE
  8
0
 10
17999.3443
 20
18633.4676
 30
2536.493
 11
18023.7337
 21
18698.5059
 31
2510.4777
  0
LINE
  8
0
 10
18023.7337
 20
18698.5059
 30
2510.4777
 11
17828.6188
 21
18991.1781
 31
2393.4088
  0
LINE
  8
0
 10
17828.6188
 20
18991.1781
 30
2393.4088
 11
17804.2295
 21
19023.6973
 31
2380.4011
  0
LINE
  8
0
 10
7536.3108
 20
18991.1781
 30
2393.4088
 11
7487.5321
 21
18958.659
 31
2406.4164
  0
LINE
  8
0
 10
7487.5321
 20
18958.659
 30
2406.4164
 11
7560.7002
 21
18861.1016
 31
2445.4394
  0
LINE
  8
0
 10
7560.7002
 20
18861.1016
 30
2445.4394
 11
7560.7002
 21
18991.1781
 31
2393.4088
  0
LINE
  8
0
 10
7560.7002
 20
18991.1781
 30
2393.4088
 11
7536.3108
 21
18991.1781
 31
2393.4088
  0
LINE
  8
0
 10
10755.7058
 20
18926.1398
 30
2419.4241
 11
10853.2632
 21
18958.659
 31
2406.4164
  0
LINE
  8
0
 10
10853.2632
 20
18958.659
 30
2406.4164
 11
10658.1483
 21
18926.1398
 31
2419.4241
  0
LINE
  8
0
 10
10658.1483
 20
18926.1398
 30
2419.4241
 11
10731.3164
 21
18893.6207
 31
2432.4317
  0
LINE
  8
0
 10
10731.3164
 20
18893.6207
 30
2432.4317
 11
10755.7058
 21
18926.1398
 31
2419.4241
  0
LINE
  8
0
 10
10048.4145
 20
18861.1016
 30
2445.4394
 11
9780.1315
 21
18731.025
 31
2497.47
  0
LINE
  8
0
 10
9780.1315
 20
18731.025
 30
2497.47
 11
10024.0251
 21
18828.5824
 31
2458.447
  0
LINE
  8
0
 10
10024.0251
 20
18828.5824
 30
2458.447
 11
10048.4145
 21
18861.1016
 31
2445.4394
  0
LINE
  8
0
 10
19462.7057
 20
18828.5824
 30
2458.447
 11
19316.3695
 21
18828.5824
 31
2458.447
  0
LINE
  8
0
 10
19316.3695
 20
18828.5824
 30
2458.447
 11
19438.3163
 21
18796.0633
 31
2471.4547
  0
LINE
  8
0
 10
19438.3163
 20
18796.0633
 30
2471.4547
 11
19462.7057
 21
18828.5824
 31
2458.447
  0
LINE
  8
0
 10
20438.2799
 20
18796.0633
 30
2471.4547
 11
20560.2267
 21
18763.5441
 31
2484.4623
  0
LINE
  8
0
 10
20560.2267
 20
18763.5441
 30
2484.4623
 11
20462.6692
 21
18796.0633
 31
2471.4547
  0
LINE
  8
0
 10
20462.6692
 20
18796.0633
 30
2471.4547
 11
20438.2799
 21
18796.0633
 31
2471.4547
  0
LINE
  8
0
 10
10072.8038
 20
18731.025
 30
2497.47
 11
10194.7506
 21
18698.5059
 31
2510.4777
  0
LINE
  8
0
 10
10194.7506
 20
18698.5059
 30
2510.4777
 11
9365.5125
 21
18340.7953
 31
2653.5619
  0
LINE
  8
0
 10
9365.5125
 20
18340.7953
 30
2653.5619
 11
9585.0167
 21
18470.8719
 31
2601.5312
  0
LINE
  8
0
 10
9585.0167
 20
18470.8719
 30
2601.5312
 11
9536.238
 21
18503.391
 31
2588.5236
  0
LINE
  8
0
 10
9536.238
 20
18503.391
 30
2588.5236
 11
9780.1315
 21
18503.391
 31
2588.5236
  0
LINE
  8
0
 10
9780.1315
 20
18503.391
 30
2588.5236
 11
9926.4677
 21
18600.9484
 31
2549.5006
  0
LINE
  8
0
 10
9926.4677
 20
18600.9484
 30
2549.5006
 11
9853.2996
 21
18633.4676
 31
2536.493
  0
LINE
  8
0
 10
9853.2996
 20
18633.4676
 30
2536.493
 11
10048.4145
 21
18698.5059
 31
2510.4777
  0
LINE
  8
0
 10
10048.4145
 20
18698.5059
 30
2510.4777
 11
10072.8038
 21
18731.025
 31
2497.47
  0
LINE
  8
0
 10
18926.1398
 20
18698.5059
 30
2510.4777
 11
18804.1931
 21
18698.5059
 31
2510.4777
  0
LINE
  8
0
 10
18804.1931
 20
18698.5059
 30
2510.4777
 11
18901.7505
 21
18665.9867
 31
2523.4853
  0
LINE
  8
0
 10
18901.7505
 20
18665.9867
 30
2523.4853
 11
18926.1398
 21
18698.5059
 31
2510.4777
  0
LINE
  8
0
 10
9658.1848
 20
18665.9867
 30
2523.4853
 11
9731.3528
 21
18665.9867
 31
2523.4853
  0
LINE
  8
0
 10
9731.3528
 20
18665.9867
 30
2523.4853
 11
9633.7954
 21
18633.4676
 31
2536.493
  0
LINE
  8
0
 10
9633.7954
 20
18633.4676
 30
2536.493
 11
9658.1848
 21
18665.9867
 31
2523.4853
  0
LINE
  8
0
 10
5292.4901
 20
18633.4676
 30
2536.493
 11
5609.5518
 21
18600.9484
 31
2549.5006
  0
LINE
  8
0
 10
5609.5518
 20
18600.9484
 30
2549.5006
 11
5414.4369
 21
18535.9102
 31
2575.5159
  0
LINE
  8
0
 10
5414.4369
 20
18535.9102
 30
2575.5159
 11
5804.6666
 21
18568.4293
 31
2562.5083
  0
LINE
  8
0
 10
5804.6666
 20
18568.4293
 30
2562.5083
 11
5633.9411
 21
18535.9102
 31
2575.5159
  0
LINE
  8
0
 10
5633.9411
 20
18535.9102
 30
2575.5159
 11
5975.3921
 21
18470.8719
 31
2601.5312
  0
LINE
  8
0
 10
5975.3921
 20
18470.8719
 30
2601.5312
 11
6121.7282
 21
18308.2762
 31
2666.5695
  0
LINE
  8
0
 10
6121.7282
 20
18308.2762
 30
2666.5695
 11
5975.3921
 21
18470.8719
 31
2601.5312
  0
LINE
  8
0
 10
5975.3921
 20
18470.8719
 30
2601.5312
 11
5243.7114
 21
18568.4293
 31
2562.5083
  0
LINE
  8
0
 10
5243.7114
 20
18568.4293
 30
2562.5083
 11
4755.9243
 21
18308.2762
 31
2666.5695
  0
LINE
  8
0
 10
4755.9243
 20
18308.2762
 30
2666.5695
 11
5902.224
 21
17170.1063
 31
3121.8375
  0
LINE
  8
0
 10
5902.224
 20
17170.1063
 30
3121.8375
 11
5853.4453
 21
17072.5488
 31
3160.8605
  0
LINE
  8
0
 10
5853.4453
 20
17072.5488
 30
3160.8605
 11
5731.4985
 21
17170.1063
 31
3121.8375
  0
LINE
  8
0
 10
5731.4985
 20
17170.1063
 30
3121.8375
 11
5755.8879
 21
17040.0297
 31
3173.8681
  0
LINE
  8
0
 10
5755.8879
 20
17040.0297
 30
3173.8681
 11
5585.1624
 21
17202.6254
 31
3108.8298
  0
LINE
  8
0
 10
5585.1624
 20
17202.6254
 30
3108.8298
 11
5707.1092
 21
17007.5105
 31
3186.8758
  0
LINE
  8
0
 10
5707.1092
 20
17007.5105
 30
3186.8758
 11
5658.3305
 21
16974.9914
 31
3199.8834
  0
LINE
  8
0
 10
5658.3305
 20
16974.9914
 30
3199.8834
 11
5414.4369
 21
17267.6637
 31
3082.8145
  0
LINE
  8
0
 10
5414.4369
 20
17267.6637
 30
3082.8145
 11
5560.773
 21
17170.1063
 31
3121.8375
  0
LINE
  8
0
 10
5560.773
 20
17170.1063
 30
3121.8375
 11
5536.3837
 21
17267.6637
 31
3082.8145
  0
LINE
  8
0
 10
5536.3837
 20
17267.6637
 30
3082.8145
 11
4804.703
 21
18015.6039
 31
2783.6384
  0
LINE
  8
0
 10
4804.703
 20
18015.6039
 30
2783.6384
 11
4585.1988
 21
18210.7187
 31
2705.5925
  0
LINE
  8
0
 10
4585.1988
 20
18210.7187
 30
2705.5925
 11
4512.0308
 21
18080.6422
 31
2757.6231
  0
LINE
  8
0
 10
4512.0308
 20
18080.6422
 30
2757.6231
 11
4585.1988
 21
18243.2379
 31
2692.5848
  0
LINE
  8
0
 10
4585.1988
 20
18243.2379
 30
2692.5848
 11
4926.6498
 21
17918.0465
 31
2822.6614
  0
LINE
  8
0
 10
4926.6498
 20
17918.0465
 30
2822.6614
 11
4633.9775
 21
18340.7953
 31
2653.5619
  0
LINE
  8
0
 10
4633.9775
 20
18340.7953
 30
2653.5619
 11
4755.9243
 21
18308.2762
 31
2666.5695
  0
LINE
  8
0
 10
4755.9243
 20
18308.2762
 30
2666.5695
 11
5292.4901
 21
18600.9484
 31
2549.5006
  0
LINE
  8
0
 10
5292.4901
 20
18600.9484
 30
2549.5006
 11
5292.4901
 21
18633.4676
 31
2536.493
  0
LINE
  8
0
 10
20462.6692
 20
18633.4676
 30
2536.493
 11
20511.4479
 21
18535.9102
 31
2575.5159
  0
LINE
  8
0
 10
20511.4479
 20
18535.9102
 30
2575.5159
 11
20389.5012
 21
18373.3145
 31
2640.5542
  0
LINE
  8
0
 10
20389.5012
 20
18373.3145
 30
2640.5542
 11
20560.2267
 21
18470.8719
 31
2601.5312
  0
LINE
  8
0
 10
20560.2267
 20
18470.8719
 30
2601.5312
 11
20584.616
 21
18405.8336
 31
2627.5466
  0
LINE
  8
0
 10
20584.616
 20
18405.8336
 30
2627.5466
 11
20487.0586
 21
18405.8336
 31
2627.5466
  0
LINE
  8
0
 10
20487.0586
 20
18405.8336
 30
2627.5466
 11
20121.2183
 21
17983.0848
 31
2796.6461
  0
LINE
  8
0
 10
20121.2183
 20
17983.0848
 30
2796.6461
 11
20413.8905
 21
18340.7953
 31
2653.5619
  0
LINE
  8
0
 10
20413.8905
 20
18340.7953
 30
2653.5619
 11
20365.1118
 21
18373.3145
 31
2640.5542
  0
LINE
  8
0
 10
20365.1118
 20
18373.3145
 30
2640.5542
 11
19462.7057
 21
17332.702
 31
3056.7992
  0
LINE
  8
0
 10
19462.7057
 20
17332.702
 30
3056.7992
 11
19365.1482
 21
17365.2211
 31
3043.7916
  0
LINE
  8
0
 10
19365.1482
 20
17365.2211
 30
3043.7916
 11
20438.2799
 21
18600.9484
 31
2549.5006
  0
LINE
  8
0
 10
20438.2799
 20
18600.9484
 30
2549.5006
 11
20462.6692
 21
18633.4676
 31
2536.493
  0
LINE
  8
0
 10
9463.0699
 20
18600.9484
 30
2549.5006
 11
9536.238
 21
18600.9484
 31
2549.5006
  0
LINE
  8
0
 10
9536.238
 20
18600.9484
 30
2549.5006
 11
9292.3444
 21
18535.9102
 31
2575.5159
  0
LINE
  8
0
 10
9292.3444
 20
18535.9102
 30
2575.5159
 11
9438.6806
 21
18568.4293
 31
2562.5083
  0
LINE
  8
0
 10
9438.6806
 20
18568.4293
 30
2562.5083
 11
9463.0699
 21
18600.9484
 31
2549.5006
  0
LINE
  8
0
 10
18487.1314
 20
18600.9484
 30
2549.5006
 11
18340.7953
 21
18600.9484
 31
2549.5006
  0
LINE
  8
0
 10
18340.7953
 20
18600.9484
 30
2549.5006
 11
18462.7421
 21
18568.4293
 31
2562.5083
  0
LINE
  8
0
 10
18462.7421
 20
18568.4293
 30
2562.5083
 11
18487.1314
 21
18600.9484
 31
2549.5006
  0
LINE
  8
0
 10
18316.406
 20
18568.4293
 30
2562.5083
 11
18194.4592
 21
18568.4293
 31
2562.5083
  0
LINE
  8
0
 10
18194.4592
 20
18568.4293
 30
2562.5083
 11
18292.0166
 21
18535.9102
 31
2575.5159
  0
LINE
  8
0
 10
18292.0166
 20
18535.9102
 30
2575.5159
 11
18316.406
 21
18568.4293
 31
2562.5083
  0
LINE
  8
0
 10
4585.1988
 20
18503.391
 30
2588.5236
 11
4633.9775
 21
18470.8719
 31
2601.5312
  0
LINE
  8
0
 10
4633.9775
 20
18470.8719
 30
2601.5312
 11
4487.6414
 21
18438.3527
 31
2614.5389
  0
LINE
  8
0
 10
4487.6414
 20
18438.3527
 30
2614.5389
 11
4560.8095
 21
18470.8719
 31
2601.5312
  0
LINE
  8
0
 10
4560.8095
 20
18470.8719
 30
2601.5312
 11
4585.1988
 21
18503.391
 31
2588.5236
  0
LINE
  8
0
 10
12536.1287
 20
18503.391
 30
2588.5236
 11
12462.9606
 21
18438.3527
 31
2614.5389
  0
LINE
  8
0
 10
12462.9606
 20
18438.3527
 30
2614.5389
 11
12511.7394
 21
18308.2762
 31
2666.5695
  0
LINE
  8
0
 10
12511.7394
 20
18308.2762
 30
2666.5695
 11
12536.1287
 21
18470.8719
 31
2601.5312
  0
LINE
  8
0
 10
12536.1287
 20
18470.8719
 30
2601.5312
 11
12536.1287
 21
18503.391
 31
2588.5236
  0
LINE
  8
0
 10
12731.2436
 20
18470.8719
 30
2601.5312
 11
12755.6329
 21
18243.2379
 31
2692.5848
  0
LINE
  8
0
 10
12755.6329
 20
18243.2379
 30
2692.5848
 11
12731.2436
 21
18438.3527
 31
2614.5389
  0
LINE
  8
0
 10
12731.2436
 20
18438.3527
 30
2614.5389
 11
12731.2436
 21
18470.8719
 31
2601.5312
  0
LINE
  8
0
 10
20438.2799
 20
18470.8719
 30
2601.5312
 11
20316.3331
 21
18405.8336
 31
2627.5466
  0
LINE
  8
0
 10
20316.3331
 20
18405.8336
 30
2627.5466
 11
20413.8905
 21
18438.3527
 31
2614.5389
  0
LINE
  8
0
 10
20413.8905
 20
18438.3527
 30
2614.5389
 11
20438.2799
 21
18470.8719
 31
2601.5312
  0
LINE
  8
0
 10
6414.4005
 20
18438.3527
 30
2614.5389
 11
6243.675
 21
18405.8336
 31
2627.5466
  0
LINE
  8
0
 10
6243.675
 20
18405.8336
 30
2627.5466
 11
6341.2324
 21
18405.8336
 31
2627.5466
  0
LINE
  8
0
 10
6341.2324
 20
18405.8336
 30
2627.5466
 11
6292.4537
 21
18373.3145
 31
2640.5542
  0
LINE
  8
0
 10
6292.4537
 20
18373.3145
 30
2640.5542
 11
6707.0728
 21
17853.0082
 31
2848.6767
  0
LINE
  8
0
 10
6707.0728
 20
17853.0082
 30
2848.6767
 11
6950.9663
 21
18243.2379
 31
2692.5848
  0
LINE
  8
0
 10
6950.9663
 20
18243.2379
 30
2692.5848
 11
6390.0111
 21
18405.8336
 31
2627.5466
  0
LINE
  8
0
 10
6390.0111
 20
18405.8336
 30
2627.5466
 11
6414.4005
 21
18438.3527
 31
2614.5389
  0
LINE
  8
0
 10
6560.7366
 20
18405.8336
 30
2627.5466
 11
6414.4005
 21
18405.8336
 31
2627.5466
  0
LINE
  8
0
 10
6414.4005
 20
18405.8336
 30
2627.5466
 11
6536.3473
 21
18373.3145
 31
2640.5542
  0
LINE
  8
0
 10
6536.3473
 20
18373.3145
 30
2640.5542
 11
6560.7366
 21
18405.8336
 31
2627.5466
  0
LINE
  8
0
 10
13755.5965
 20
18405.8336
 30
2627.5466
 11
13828.7646
 21
18178.1996
 31
2718.6002
  0
LINE
  8
0
 10
13828.7646
 20
18178.1996
 30
2718.6002
 11
13755.5965
 21
18373.3145
 31
2640.5542
  0
LINE
  8
0
 10
13755.5965
 20
18373.3145
 30
2640.5542
 11
13755.5965
 21
18405.8336
 31
2627.5466
  0
LINE
  8
0
 10
18804.1931
 20
18405.8336
 30
2627.5466
 11
18657.8569
 21
18243.2379
 31
2692.5848
  0
LINE
  8
0
 10
18657.8569
 20
18243.2379
 30
2692.5848
 11
18804.1931
 21
18373.3145
 31
2640.5542
  0
LINE
  8
0
 10
18804.1931
 20
18373.3145
 30
2640.5542
 11
18804.1931
 21
18405.8336
 31
2627.5466
  0
LINE
  8
0
 10
6804.6302
 20
18373.3145
 30
2640.5542
 11
6609.5153
 21
18373.3145
 31
2640.5542
  0
LINE
  8
0
 10
6609.5153
 20
18373.3145
 30
2640.5542
 11
6780.2408
 21
18340.7953
 31
2653.5619
  0
LINE
  8
0
 10
6780.2408
 20
18340.7953
 30
2653.5619
 11
6804.6302
 21
18373.3145
 31
2640.5542
  0
LINE
  8
0
 10
6950.9663
 20
18340.7953
 30
2653.5619
 11
6804.6302
 21
18340.7953
 31
2653.5619
  0
LINE
  8
0
 10
6804.6302
 20
18340.7953
 30
2653.5619
 11
6926.577
 21
18308.2762
 31
2666.5695
  0
LINE
  8
0
 10
6926.577
 20
18308.2762
 30
2666.5695
 11
6950.9663
 21
18340.7953
 31
2653.5619
  0
LINE
  8
0
 10
4170.5798
 20
18308.2762
 30
2666.5695
 11
4170.5798
 21
18145.6805
 31
2731.6078
  0
LINE
  8
0
 10
4170.5798
 20
18145.6805
 30
2731.6078
 11
4170.5798
 21
18275.757
 31
2679.5772
  0
LINE
  8
0
 10
4170.5798
 20
18275.757
 30
2679.5772
 11
4170.5798
 21
18308.2762
 31
2666.5695
  0
LINE
  8
0
 10
7341.196
 20
18275.757
 30
2679.5772
 11
7194.8599
 21
18275.757
 31
2679.5772
  0
LINE
  8
0
 10
7194.8599
 20
18275.757
 30
2679.5772
 11
7316.8066
 21
18243.2379
 31
2692.5848
  0
LINE
  8
0
 10
7316.8066
 20
18243.2379
 30
2692.5848
 11
7341.196
 21
18275.757
 31
2679.5772
  0
LINE
  8
0
 10
20267.5544
 20
18275.757
 30
2679.5772
 11
20096.8289
 21
18145.6805
 31
2731.6078
  0
LINE
  8
0
 10
20096.8289
 20
18145.6805
 30
2731.6078
 11
20243.165
 21
18243.2379
 31
2692.5848
  0
LINE
  8
0
 10
20243.165
 20
18243.2379
 30
2692.5848
 11
20267.5544
 21
18275.757
 31
2679.5772
  0
LINE
  8
0
 10
11389.829
 20
18145.6805
 30
2731.6078
 11
11316.6609
 21
17983.0848
 31
2796.6461
  0
LINE
  8
0
 10
11316.6609
 20
17983.0848
 30
2796.6461
 11
11389.829
 21
18113.1613
 31
2744.6155
  0
LINE
  8
0
 10
11389.829
 20
18113.1613
 30
2744.6155
 11
11389.829
 21
18145.6805
 31
2731.6078
  0
LINE
  8
0
 10
16267.7001
 20
18145.6805
 30
2731.6078
 11
16462.8149
 21
18145.6805
 31
2731.6078
  0
LINE
  8
0
 10
16462.8149
 20
18145.6805
 30
2731.6078
 11
16243.3107
 21
18113.1613
 31
2744.6155
  0
LINE
  8
0
 10
16243.3107
 20
18113.1613
 30
2744.6155
 11
16267.7001
 21
18145.6805
 31
2731.6078
  0
LINE
  8
0
 10
14584.8346
 20
18113.1613
 30
2744.6155
 11
14706.7813
 21
18113.1613
 31
2744.6155
  0
LINE
  8
0
 10
14706.7813
 20
18113.1613
 30
2744.6155
 11
14511.6665
 21
18080.6422
 31
2757.6231
  0
LINE
  8
0
 10
14511.6665
 20
18080.6422
 30
2757.6231
 11
14560.4452
 21
18015.6039
 31
2783.6384
  0
LINE
  8
0
 10
14560.4452
 20
18015.6039
 30
2783.6384
 11
14487.2771
 21
17983.0848
 31
2796.6461
  0
LINE
  8
0
 10
14487.2771
 20
17983.0848
 30
2796.6461
 11
14389.7197
 21
18048.123
 31
2770.6308
  0
LINE
  8
0
 10
14389.7197
 20
18048.123
 30
2770.6308
 11
14048.2687
 21
17918.0465
 31
2822.6614
  0
LINE
  8
0
 10
14048.2687
 20
17918.0465
 30
2822.6614
 11
14121.4368
 21
17885.5273
 31
2835.6691
  0
LINE
  8
0
 10
14121.4368
 20
17885.5273
 30
2835.6691
 11
13999.49
 21
17918.0465
 31
2822.6614
  0
LINE
  8
0
 10
13999.49
 20
17918.0465
 30
2822.6614
 11
14560.4452
 21
18080.6422
 31
2757.6231
  0
LINE
  8
0
 10
14560.4452
 20
18080.6422
 30
2757.6231
 11
14584.8346
 21
18113.1613
 31
2744.6155
  0
LINE
  8
0
 10
20974.8457
 20
18080.6422
 30
2757.6231
 11
21218.7393
 21
11771.9289
 31
5281.1084
  0
LINE
  8
0
 10
21218.7393
 20
11771.9289
 30
5281.1084
 11
20974.8457
 21
18048.123
 31
2770.6308
  0
LINE
  8
0
 10
20974.8457
 20
18048.123
 30
2770.6308
 11
20974.8457
 21
18080.6422
 31
2757.6231
  0
LINE
  8
0
 10
4170.5798
 20
17983.0848
 30
2796.6461
 11
3926.6862
 21
6471.309
 31
7401.3564
  0
LINE
  8
0
 10
3926.6862
 20
6471.309
 30
7401.3564
 11
3853.5182
 21
6438.7898
 31
7414.3641
  0
LINE
  8
0
 10
3853.5182
 20
6438.7898
 30
7414.3641
 11
3780.3501
 21
6471.309
 31
7401.3564
  0
LINE
  8
0
 10
3780.3501
 20
6471.309
 30
7401.3564
 11
3877.9075
 21
6503.8281
 31
7388.3487
  0
LINE
  8
0
 10
3877.9075
 20
6503.8281
 30
7388.3487
 11
3902.2969
 21
6731.4621
 31
7297.2952
  0
LINE
  8
0
 10
3902.2969
 20
6731.4621
 30
7297.2952
 11
4170.5798
 21
17950.5656
 31
2809.6537
  0
LINE
  8
0
 10
4170.5798
 20
17950.5656
 30
2809.6537
 11
4170.5798
 21
17983.0848
 31
2796.6461
  0
LINE
  8
0
 10
10219.1399
 20
17983.0848
 30
2796.6461
 11
10389.8654
 21
17950.5656
 31
2809.6537
  0
LINE
  8
0
 10
10389.8654
 20
17950.5656
 30
2809.6537
 11
10243.5293
 21
17983.0848
 31
2796.6461
  0
LINE
  8
0
 10
10243.5293
 20
17983.0848
 30
2796.6461
 11
10219.1399
 21
17983.0848
 31
2796.6461
  0
LINE
  8
0
 10
12780.0223
 20
17950.5656
 30
2809.6537
 11
13487.3136
 21
17787.9699
 31
2874.692
  0
LINE
  8
0
 10
13487.3136
 20
17787.9699
 30
2874.692
 11
13633.6497
 21
17625.3742
 31
2939.7303
  0
LINE
  8
0
 10
13633.6497
 20
17625.3742
 30
2939.7303
 11
13560.4816
 21
17560.3359
 31
2965.7456
  0
LINE
  8
0
 10
13560.4816
 20
17560.3359
 30
2965.7456
 11
13609.2604
 21
17625.3742
 31
2939.7303
  0
LINE
  8
0
 10
13609.2604
 20
17625.3742
 30
2939.7303
 11
13536.0923
 21
17690.4125
 31
2913.715
  0
LINE
  8
0
 10
13536.0923
 20
17690.4125
 30
2913.715
 11
12804.4116
 21
17950.5656
 31
2809.6537
  0
LINE
  8
0
 10
12804.4116
 20
17950.5656
 30
2809.6537
 11
12780.0223
 21
17950.5656
 31
2809.6537
  0
LINE
  8
0
 10
20828.5096
 20
17950.5656
 30
2809.6537
 11
20706.5628
 21
17722.9316
 31
2900.7073
  0
LINE
  8
0
 10
20706.5628
 20
17722.9316
 30
2900.7073
 11
19730.9886
 21
16714.8383
 31
3303.9447
  0
LINE
  8
0
 10
19730.9886
 20
16714.8383
 30
3303.9447
 11
19828.546
 21
13105.2137
 31
4747.7945
  0
LINE
  8
0
 10
19828.546
 20
13105.2137
 30
4747.7945
 11
19901.7141
 21
12649.9457
 31
4929.9017
  0
LINE
  8
0
 10
19901.7141
 20
12649.9457
 30
4929.9017
 11
20974.8457
 21
13072.6945
 31
4760.8022
  0
LINE
  8
0
 10
20974.8457
 20
13072.6945
 30
4760.8022
 11
21023.6244
 21
13170.252
 31
4721.7792
  0
LINE
  8
0
 10
21023.6244
 20
13170.252
 30
4721.7792
 11
20877.2883
 21
17430.2594
 31
3017.7763
  0
LINE
  8
0
 10
20877.2883
 20
17430.2594
 30
3017.7763
 11
21023.6244
 21
12780.0223
 31
4877.8711
  0
LINE
  8
0
 10
21023.6244
 20
12780.0223
 30
4877.8711
 11
21243.1286
 21
9658.1848
 31
6126.6061
  0
LINE
  8
0
 10
21243.1286
 20
9658.1848
 30
6126.6061
 11
21194.3499
 21
8715.1297
 31
6503.8281
  0
LINE
  8
0
 10
21194.3499
 20
8715.1297
 30
6503.8281
 11
21267.518
 21
6633.9047
 31
7336.3181
  0
LINE
  8
0
 10
21267.518
 20
6633.9047
 30
7336.3181
 11
21169.9605
 21
6991.6152
 31
7193.2339
  0
LINE
  8
0
 10
21169.9605
 20
6991.6152
 30
7193.2339
 11
20462.6692
 21
7219.2492
 31
7102.1803
  0
LINE
  8
0
 10
20462.6692
 20
7219.2492
 30
7102.1803
 11
20462.6692
 21
6991.6152
 31
7193.2339
  0
LINE
  8
0
 10
20462.6692
 20
6991.6152
 30
7193.2339
 11
20365.1118
 21
6959.0961
 31
7206.2416
  0
LINE
  8
0
 10
20365.1118
 20
6959.0961
 30
7206.2416
 11
20365.1118
 21
7284.2875
 31
7076.165
  0
LINE
  8
0
 10
20365.1118
 20
7284.2875
 30
7076.165
 11
19926.1034
 21
7349.3258
 31
7050.1497
  0
LINE
  8
0
 10
19926.1034
 20
7349.3258
 30
7050.1497
 11
19999.2715
 21
7739.5555
 31
6894.0578
  0
LINE
  8
0
 10
19999.2715
 20
7739.5555
 30
6894.0578
 11
19828.546
 21
12324.7543
 31
5059.9783
  0
LINE
  8
0
 10
19828.546
 20
12324.7543
 30
5059.9783
 11
19730.9886
 21
12519.8691
 31
4981.9323
  0
LINE
  8
0
 10
19730.9886
 20
12519.8691
 30
4981.9323
 11
19804.1566
 21
12617.4266
 31
4942.9094
  0
LINE
  8
0
 10
19804.1566
 20
12617.4266
 30
4942.9094
 11
19804.1566
 21
13202.7711
 31
4708.7716
  0
LINE
  8
0
 10
19804.1566
 20
13202.7711
 30
4708.7716
 11
19682.2099
 21
16779.8766
 31
3277.9294
  0
LINE
  8
0
 10
19682.2099
 20
16779.8766
 30
3277.9294
 11
20804.1202
 21
17918.0465
 31
2822.6614
  0
LINE
  8
0
 10
20804.1202
 20
17918.0465
 30
2822.6614
 11
20828.5096
 21
17950.5656
 31
2809.6537
  0
LINE
  8
0
 10
5024.2072
 20
17885.5273
 30
2835.6691
 11
4926.6498
 21
17918.0465
 31
2822.6614
  0
LINE
  8
0
 10
4926.6498
 20
17918.0465
 30
2822.6614
 11
5121.7646
 21
17722.9316
 31
2900.7073
  0
LINE
  8
0
 10
5121.7646
 20
17722.9316
 30
2900.7073
 11
5048.5966
 21
17853.0082
 31
2848.6767
  0
LINE
  8
0
 10
5048.5966
 20
17853.0082
 30
2848.6767
 11
5024.2072
 21
17885.5273
 31
2835.6691
  0
LINE
  8
0
 10
10926.4312
 20
17885.5273
 30
2835.6691
 11
10804.4845
 21
17885.5273
 31
2835.6691
  0
LINE
  8
0
 10
10804.4845
 20
17885.5273
 30
2835.6691
 11
10902.0419
 21
17853.0082
 31
2848.6767
  0
LINE
  8
0
 10
10902.0419
 20
17853.0082
 30
2848.6767
 11
10926.4312
 21
17885.5273
 31
2835.6691
  0
LINE
  8
0
 10
15633.5769
 20
17820.4891
 30
2861.6844
 11
15657.9662
 21
17690.4125
 31
2913.715
  0
LINE
  8
0
 10
15657.9662
 20
17690.4125
 30
2913.715
 11
15292.1259
 21
16714.8383
 31
3303.9447
  0
LINE
  8
0
 10
15292.1259
 20
16714.8383
 30
3303.9447
 11
15340.9046
 21
17040.0297
 31
3173.8681
  0
LINE
  8
0
 10
15340.9046
 20
17040.0297
 30
3173.8681
 11
14633.6133
 21
17300.1828
 31
3069.8069
  0
LINE
  8
0
 10
14633.6133
 20
17300.1828
 30
3069.8069
 11
14731.1707
 21
17170.1063
 31
3121.8375
  0
LINE
  8
0
 10
14731.1707
 20
17170.1063
 30
3121.8375
 11
14682.392
 21
17072.5488
 31
3160.8605
  0
LINE
  8
0
 10
14682.392
 20
17072.5488
 30
3160.8605
 11
14609.2239
 21
17202.6254
 31
3108.8298
  0
LINE
  8
0
 10
14609.2239
 20
17202.6254
 30
3108.8298
 11
14682.392
 21
17365.2211
 31
3043.7916
  0
LINE
  8
0
 10
14682.392
 20
17365.2211
 30
3043.7916
 11
15389.6833
 21
17040.0297
 31
3173.8681
  0
LINE
  8
0
 10
15389.6833
 20
17040.0297
 30
3173.8681
 11
15657.9662
 21
17787.9699
 31
2874.692
  0
LINE
  8
0
 10
15657.9662
 20
17787.9699
 30
2874.692
 11
15633.5769
 21
17820.4891
 31
2861.6844
  0
LINE
  8
0
 10
7609.4789
 20
17787.9699
 30
2874.692
 11
7536.3108
 21
17722.9316
 31
2900.7073
  0
LINE
  8
0
 10
7536.3108
 20
17722.9316
 30
2900.7073
 11
7658.2576
 21
17657.8934
 31
2926.7227
  0
LINE
  8
0
 10
7658.2576
 20
17657.8934
 30
2926.7227
 11
7633.8683
 21
17755.4508
 31
2887.6997
  0
LINE
  8
0
 10
7633.8683
 20
17755.4508
 30
2887.6997
 11
7609.4789
 21
17787.9699
 31
2874.692
  0
LINE
  8
0
 10
11194.7142
 20
17787.9699
 30
2874.692
 11
11267.8822
 21
17853.0082
 31
2848.6767
  0
LINE
  8
0
 10
11267.8822
 20
17853.0082
 30
2848.6767
 11
11097.1567
 21
17820.4891
 31
2861.6844
  0
LINE
  8
0
 10
11097.1567
 20
17820.4891
 30
2861.6844
 11
11170.3248
 21
17755.4508
 31
2887.6997
  0
LINE
  8
0
 10
11170.3248
 20
17755.4508
 30
2887.6997
 11
11194.7142
 21
17787.9699
 31
2874.692
  0
LINE
  8
0
 10
15609.1875
 20
17787.9699
 30
2874.692
 11
15657.9662
 21
17820.4891
 31
2861.6844
  0
LINE
  8
0
 10
15657.9662
 20
17820.4891
 30
2861.6844
 11
15657.9662
 21
17690.4125
 31
2913.715
  0
LINE
  8
0
 10
15657.9662
 20
17690.4125
 30
2913.715
 11
15292.1259
 21
16714.8383
 31
3303.9447
  0
LINE
  8
0
 10
15292.1259
 20
16714.8383
 30
3303.9447
 11
15340.9046
 21
17040.0297
 31
3173.8681
  0
LINE
  8
0
 10
15340.9046
 20
17040.0297
 30
3173.8681
 11
14633.6133
 21
17300.1828
 31
3069.8069
  0
LINE
  8
0
 10
14633.6133
 20
17300.1828
 30
3069.8069
 11
14731.1707
 21
17170.1063
 31
3121.8375
  0
LINE
  8
0
 10
14731.1707
 20
17170.1063
 30
3121.8375
 11
14682.392
 21
17072.5488
 31
3160.8605
  0
LINE
  8
0
 10
14682.392
 20
17072.5488
 30
3160.8605
 11
14609.2239
 21
17202.6254
 31
3108.8298
  0
LINE
  8
0
 10
14609.2239
 20
17202.6254
 30
3108.8298
 11
14682.392
 21
17365.2211
 31
3043.7916
  0
LINE
  8
0
 10
14682.392
 20
17365.2211
 30
3043.7916
 11
15389.6833
 21
17040.0297
 31
3173.8681
  0
LINE
  8
0
 10
15389.6833
 20
17040.0297
 30
3173.8681
 11
15657.9662
 21
17722.9316
 31
2900.7073
  0
LINE
  8
0
 10
15657.9662
 20
17722.9316
 30
2900.7073
 11
15633.5769
 21
17820.4891
 31
2861.6844
  0
LINE
  8
0
 10
15633.5769
 20
17820.4891
 30
2861.6844
 11
15609.1875
 21
17787.9699
 31
2874.692
  0
LINE
  8
0
 10
4219.3585
 20
17755.4508
 30
2887.6997
 11
4243.7479
 21
17657.8934
 31
2926.7227
  0
LINE
  8
0
 10
4243.7479
 20
17657.8934
 30
2926.7227
 11
4341.3053
 21
17690.4125
 31
2913.715
  0
LINE
  8
0
 10
4341.3053
 20
17690.4125
 30
2913.715
 11
5658.3305
 21
16552.2426
 31
3368.983
  0
LINE
  8
0
 10
5658.3305
 20
16552.2426
 30
3368.983
 11
5536.3837
 21
12714.984
 31
4903.8864
  0
LINE
  8
0
 10
5536.3837
 20
12714.984
 30
4903.8864
 11
5609.5518
 21
12259.716
 31
5085.9936
  0
LINE
  8
0
 10
5609.5518
 20
12259.716
 30
5085.9936
 11
5536.3837
 21
12227.1969
 31
5099.0013
  0
LINE
  8
0
 10
5536.3837
 20
12227.1969
 30
5099.0013
 11
5438.8263
 21
8389.9383
 31
6633.9047
  0
LINE
  8
0
 10
5438.8263
 20
8389.9383
 30
6633.9047
 11
5438.8263
 21
7446.8832
 31
7011.1267
  0
LINE
  8
0
 10
5438.8263
 20
7446.8832
 30
7011.1267
 11
5511.9943
 21
7316.8066
 31
7063.1573
  0
LINE
  8
0
 10
5511.9943
 20
7316.8066
 30
7063.1573
 11
5487.605
 21
7219.2492
 31
7102.1803
  0
LINE
  8
0
 10
5487.605
 20
7219.2492
 30
7102.1803
 11
5048.5966
 21
7121.6918
 31
7141.2033
  0
LINE
  8
0
 10
5048.5966
 20
7121.6918
 30
7141.2033
 11
4999.8179
 21
6926.577
 31
7219.2492
  0
LINE
  8
0
 10
4999.8179
 20
6926.577
 30
7219.2492
 11
4926.6498
 21
6926.577
 31
7219.2492
  0
LINE
  8
0
 10
4926.6498
 20
6926.577
 30
7219.2492
 11
4926.6498
 21
6763.9812
 31
7284.2875
  0
LINE
  8
0
 10
4926.6498
 20
6763.9812
 30
7284.2875
 11
4877.8711
 21
7024.1344
 31
7180.2262
  0
LINE
  8
0
 10
4877.8711
 20
7024.1344
 30
7180.2262
 11
4048.633
 21
6731.4621
 31
7297.2952
  0
LINE
  8
0
 10
4048.633
 20
6731.4621
 30
7297.2952
 11
4024.2437
 21
6991.6152
 31
7193.2339
  0
LINE
  8
0
 10
4024.2437
 20
6991.6152
 30
7193.2339
 11
4146.1904
 21
12584.9074
 31
4955.917
  0
LINE
  8
0
 10
4146.1904
 20
12584.9074
 30
4955.917
 11
4170.5798
 21
12682.4648
 31
4916.8941
  0
LINE
  8
0
 10
4170.5798
 20
12682.4648
 30
4916.8941
 11
4292.5266
 21
12682.4648
 31
4916.8941
  0
LINE
  8
0
 10
4292.5266
 20
12682.4648
 30
4916.8941
 11
4999.8179
 21
12487.35
 31
4994.94
  0
LINE
  8
0
 10
4999.8179
 20
12487.35
 30
4994.94
 11
4170.5798
 21
12747.5031
 31
4890.8787
  0
LINE
  8
0
 10
4170.5798
 20
12747.5031
 30
4890.8787
 11
4146.1904
 21
12877.5797
 31
4838.8481
  0
LINE
  8
0
 10
4146.1904
 20
12877.5797
 30
4838.8481
 11
4268.1372
 21
17170.1063
 31
3121.8375
  0
LINE
  8
0
 10
4268.1372
 20
17170.1063
 30
3121.8375
 11
4194.9691
 21
12975.1371
 31
4799.8252
  0
LINE
  8
0
 10
4194.9691
 20
12975.1371
 30
4799.8252
 11
5463.2156
 21
12519.8691
 31
4981.9323
  0
LINE
  8
0
 10
5463.2156
 20
12519.8691
 30
4981.9323
 11
5560.773
 21
16519.7234
 31
3381.9906
  0
LINE
  8
0
 10
5560.773
 20
16519.7234
 30
3381.9906
 11
4219.3585
 21
17722.9316
 31
2900.7073
  0
LINE
  8
0
 10
4219.3585
 20
17722.9316
 30
2900.7073
 11
4219.3585
 21
17755.4508
 31
2887.6997
  0
LINE
  8
0
 10
15609.1875
 20
17755.4508
 30
2887.6997
 11
15657.9662
 21
17820.4891
 31
2861.6844
  0
LINE
  8
0
 10
15657.9662
 20
17820.4891
 30
2861.6844
 11
15292.1259
 21
16714.8383
 31
3303.9447
  0
LINE
  8
0
 10
15292.1259
 20
16714.8383
 30
3303.9447
 11
15340.9046
 21
17040.0297
 31
3173.8681
  0
LINE
  8
0
 10
15340.9046
 20
17040.0297
 30
3173.8681
 11
14633.6133
 21
17300.1828
 31
3069.8069
  0
LINE
  8
0
 10
14633.6133
 20
17300.1828
 30
3069.8069
 11
14731.1707
 21
17170.1063
 31
3121.8375
  0
LINE
  8
0
 10
14731.1707
 20
17170.1063
 30
3121.8375
 11
14682.392
 21
17072.5488
 31
3160.8605
  0
LINE
  8
0
 10
14682.392
 20
17072.5488
 30
3160.8605
 11
14609.2239
 21
17202.6254
 31
3108.8298
  0
LINE
  8
0
 10
14609.2239
 20
17202.6254
 30
3108.8298
 11
14682.392
 21
17365.2211
 31
3043.7916
  0
LINE
  8
0
 10
14682.392
 20
17365.2211
 30
3043.7916
 11
15389.6833
 21
17040.0297
 31
3173.8681
  0
LINE
  8
0
 10
15389.6833
 20
17040.0297
 30
3173.8681
 11
15657.9662
 21
17722.9316
 31
2900.7073
  0
LINE
  8
0
 10
15657.9662
 20
17722.9316
 30
2900.7073
 11
15609.1875
 21
17787.9699
 31
2874.692
  0
LINE
  8
0
 10
15609.1875
 20
17787.9699
 30
2874.692
 11
15609.1875
 21
17755.4508
 31
2887.6997
  0
LINE
  8
0
 10
11097.1567
 20
17722.9316
 30
2900.7073
 11
10926.4312
 21
17495.2977
 31
2991.7609
  0
LINE
  8
0
 10
10926.4312
 20
17495.2977
 30
2991.7609
 11
11072.7674
 21
17690.4125
 31
2913.715
  0
LINE
  8
0
 10
11072.7674
 20
17690.4125
 30
2913.715
 11
11097.1567
 21
17722.9316
 31
2900.7073
  0
LINE
  8
0
 10
22023.588
 20
17722.9316
 30
2900.7073
 11
22047.9773
 21
16844.9148
 31
3251.9141
  0
LINE
  8
0
 10
22047.9773
 20
16844.9148
 30
3251.9141
 11
22023.588
 21
17690.4125
 31
2913.715
  0
LINE
  8
0
 10
22023.588
 20
17690.4125
 30
2913.715
 11
22023.588
 21
17722.9316
 31
2900.7073
  0
LINE
  8
0
 10
13731.2071
 20
17690.4125
 30
2913.715
 11
14462.8878
 21
17397.7402
 31
3030.7839
  0
LINE
  8
0
 10
14462.8878
 20
17397.7402
 30
3030.7839
 11
14536.0559
 21
17267.6637
 31
3082.8145
  0
LINE
  8
0
 10
14536.0559
 20
17267.6637
 30
3082.8145
 11
13682.4284
 21
17592.8551
 31
2952.738
  0
LINE
  8
0
 10
13682.4284
 20
17592.8551
 30
2952.738
 11
13731.2071
 21
17657.8934
 31
2926.7227
  0
LINE
  8
0
 10
13731.2071
 20
17657.8934
 30
2926.7227
 11
13731.2071
 21
17690.4125
 31
2913.715
  0
LINE
  8
0
 10
17731.0614
 20
17690.4125
 30
2913.715
 11
17560.3359
 21
17722.9316
 31
2900.7073
  0
LINE
  8
0
 10
17560.3359
 20
17722.9316
 30
2900.7073
 11
17389.6104
 21
17560.3359
 31
2965.7456
  0
LINE
  8
0
 10
17389.6104
 20
17560.3359
 30
2965.7456
 11
17657.8934
 21
17430.2594
 31
3017.7763
  0
LINE
  8
0
 10
17657.8934
 20
17430.2594
 30
3017.7763
 11
17853.0082
 21
17625.3742
 31
2939.7303
  0
LINE
  8
0
 10
17853.0082
 20
17625.3742
 30
2939.7303
 11
17755.4508
 21
17690.4125
 31
2913.715
  0
LINE
  8
0
 10
17755.4508
 20
17690.4125
 30
2913.715
 11
17731.0614
 21
17690.4125
 31
2913.715
  0
LINE
  8
0
 10
5243.7114
 20
17657.8934
 30
2926.7227
 11
5121.7646
 21
17722.9316
 31
2900.7073
  0
LINE
  8
0
 10
5121.7646
 20
17722.9316
 30
2900.7073
 11
5316.8795
 21
17527.8168
 31
2978.7533
  0
LINE
  8
0
 10
5316.8795
 20
17527.8168
 30
2978.7533
 11
5268.1008
 21
17657.8934
 31
2926.7227
  0
LINE
  8
0
 10
5268.1008
 20
17657.8934
 30
2926.7227
 11
5243.7114
 21
17657.8934
 31
2926.7227
  0
LINE
  8
0
 10
19804.1566
 20
17625.3742
 30
2939.7303
 11
19487.095
 21
17267.6637
 31
3082.8145
  0
LINE
  8
0
 10
19487.095
 20
17267.6637
 30
3082.8145
 11
19779.7673
 21
17592.8551
 31
2952.738
  0
LINE
  8
0
 10
19779.7673
 20
17592.8551
 30
2952.738
 11
19804.1566
 21
17625.3742
 31
2939.7303
  0
LINE
  8
0
 10
7292.4173
 20
17592.8551
 30
2952.738
 11
7146.0812
 21
17560.3359
 31
2965.7456
  0
LINE
  8
0
 10
7146.0812
 20
17560.3359
 30
2965.7456
 11
7268.0279
 21
17560.3359
 31
2965.7456
  0
LINE
  8
0
 10
7268.0279
 20
17560.3359
 30
2965.7456
 11
7292.4173
 21
17592.8551
 31
2952.738
  0
LINE
  8
0
 10
9633.7954
 20
17592.8551
 30
2952.738
 11
9536.238
 21
17657.8934
 31
2926.7227
  0
LINE
  8
0
 10
9536.238
 20
17657.8934
 30
2926.7227
 11
9658.1848
 21
17430.2594
 31
3017.7763
  0
LINE
  8
0
 10
9658.1848
 20
17430.2594
 30
3017.7763
 11
9658.1848
 21
17560.3359
 31
2965.7456
  0
LINE
  8
0
 10
9658.1848
 20
17560.3359
 30
2965.7456
 11
9633.7954
 21
17592.8551
 31
2952.738
  0
LINE
  8
0
 10
12536.1287
 20
17592.8551
 30
2952.738
 11
12682.4648
 21
17592.8551
 31
2952.738
  0
LINE
  8
0
 10
12682.4648
 20
17592.8551
 30
2952.738
 11
12780.0223
 21
17365.2211
 31
3043.7916
  0
LINE
  8
0
 10
12780.0223
 20
17365.2211
 30
3043.7916
 11
12926.3584
 21
17300.1828
 31
3069.8069
  0
LINE
  8
0
 10
12926.3584
 20
17300.1828
 30
3069.8069
 11
12901.969
 21
17072.5488
 31
3160.8605
  0
LINE
  8
0
 10
12901.969
 20
17072.5488
 30
3160.8605
 11
13194.6413
 21
17072.5488
 31
3160.8605
  0
LINE
  8
0
 10
13194.6413
 20
17072.5488
 30
3160.8605
 11
13097.0839
 21
17137.5871
 31
3134.8452
  0
LINE
  8
0
 10
13097.0839
 20
17137.5871
 30
3134.8452
 11
13194.6413
 21
17202.6254
 31
3108.8298
  0
LINE
  8
0
 10
13194.6413
 20
17202.6254
 30
3108.8298
 11
14609.2239
 21
16682.3191
 31
3316.9523
  0
LINE
  8
0
 10
14609.2239
 20
16682.3191
 30
3316.9523
 11
14462.8878
 21
16617.2809
 31
3342.9677
  0
LINE
  8
0
 10
14462.8878
 20
16617.2809
 30
3342.9677
 11
13853.1539
 21
16812.3957
 31
3264.9217
  0
LINE
  8
0
 10
13853.1539
 20
16812.3957
 30
3264.9217
 11
13755.5965
 21
16877.434
 31
3238.9064
  0
LINE
  8
0
 10
13755.5965
 20
16877.434
 30
3238.9064
 11
13828.7646
 21
16942.4723
 31
3212.8911
  0
LINE
  8
0
 10
13828.7646
 20
16942.4723
 30
3212.8911
 11
13682.4284
 21
17007.5105
 31
3186.8758
  0
LINE
  8
0
 10
13682.4284
 20
17007.5105
 30
3186.8758
 11
13560.4816
 21
16974.9914
 31
3199.8834
  0
LINE
  8
0
 10
13560.4816
 20
16974.9914
 30
3199.8834
 11
13706.8178
 21
16909.9531
 31
3225.8987
  0
LINE
  8
0
 10
13706.8178
 20
16909.9531
 30
3225.8987
 11
13365.3668
 21
17040.0297
 31
3173.8681
  0
LINE
  8
0
 10
13365.3668
 20
17040.0297
 30
3173.8681
 11
12853.1903
 21
17040.0297
 31
3173.8681
  0
LINE
  8
0
 10
12853.1903
 20
17040.0297
 30
3173.8681
 11
12731.2436
 21
16877.434
 31
3238.9064
  0
LINE
  8
0
 10
12731.2436
 20
16877.434
 30
3238.9064
 11
12536.1287
 21
16877.434
 31
3238.9064
  0
LINE
  8
0
 10
12536.1287
 20
16877.434
 30
3238.9064
 11
12414.1819
 21
17007.5105
 31
3186.8758
  0
LINE
  8
0
 10
12414.1819
 20
17007.5105
 30
3186.8758
 11
11902.0055
 21
17040.0297
 31
3173.8681
  0
LINE
  8
0
 10
11902.0055
 20
17040.0297
 30
3173.8681
 11
10706.9271
 21
16519.7234
 31
3381.9906
  0
LINE
  8
0
 10
10706.9271
 20
16519.7234
 30
3381.9906
 11
10658.1483
 21
15544.1492
 31
3772.2203
  0
LINE
  8
0
 10
10658.1483
 20
15544.1492
 30
3772.2203
 11
14609.2239
 21
15544.1492
 31
3772.2203
  0
LINE
  8
0
 10
14609.2239
 20
15544.1492
 30
3772.2203
 11
14658.0026
 21
16519.7234
 31
3381.9906
  0
LINE
  8
0
 10
14658.0026
 20
16519.7234
 30
3381.9906
 11
14536.0559
 21
16584.7617
 31
3355.9753
  0
LINE
  8
0
 10
14536.0559
 20
16584.7617
 30
3355.9753
 11
14658.0026
 21
16552.2426
 31
3368.983
  0
LINE
  8
0
 10
14658.0026
 20
16552.2426
 30
3368.983
 11
14731.1707
 21
12259.716
 31
5085.9936
  0
LINE
  8
0
 10
14731.1707
 20
12259.716
 30
5085.9936
 11
14755.5601
 21
13267.8094
 31
4682.7562
  0
LINE
  8
0
 10
14755.5601
 20
13267.8094
 30
4682.7562
 11
14706.7813
 21
11836.9672
 31
5255.0931
  0
LINE
  8
0
 10
14706.7813
 20
11836.9672
 30
5255.0931
 11
14779.9494
 21
8032.2277
 31
6776.9889
  0
LINE
  8
0
 10
14779.9494
 20
8032.2277
 30
6776.9889
 11
14853.1175
 21
7804.5938
 31
6868.0425
  0
LINE
  8
0
 10
14853.1175
 20
7804.5938
 30
6868.0425
 11
14926.2855
 21
7837.1129
 31
6855.0348
  0
LINE
  8
0
 10
14926.2855
 20
7837.1129
 30
6855.0348
 11
14926.2855
 21
8032.2277
 31
6776.9889
  0
LINE
  8
0
 10
14926.2855
 20
8032.2277
 30
6776.9889
 11
14828.7281
 21
15088.8812
 31
3954.3275
  0
LINE
  8
0
 10
14828.7281
 20
15088.8812
 30
3954.3275
 11
14901.8962
 21
12129.6395
 31
5138.0242
  0
LINE
  8
0
 10
14901.8962
 20
12129.6395
 30
5138.0242
 11
17999.3443
 21
12129.6395
 31
5138.0242
  0
LINE
  8
0
 10
17999.3443
 20
12129.6395
 30
5138.0242
 11
17974.955
 21
14926.2855
 31
4019.3658
  0
LINE
  8
0
 10
17974.955
 20
14926.2855
 30
4019.3658
 11
18048.123
 21
15121.4004
 31
3941.3198
  0
LINE
  8
0
 10
18048.123
 20
15121.4004
 30
3941.3198
 11
18145.6805
 21
11414.2184
 31
5424.1927
  0
LINE
  8
0
 10
18145.6805
 20
11414.2184
 30
5424.1927
 11
18096.9018
 21
12129.6395
 31
5138.0242
  0
LINE
  8
0
 10
18096.9018
 20
12129.6395
 30
5138.0242
 11
18023.7337
 21
11902.0055
 31
5229.0778
  0
LINE
  8
0
 10
18023.7337
 20
11902.0055
 30
5229.0778
 11
18194.4592
 21
7869.632
 31
6842.0272
  0
LINE
  8
0
 10
18194.4592
 20
7869.632
 30
6842.0272
 11
15755.5236
 21
7934.6703
 31
6816.0119
  0
LINE
  8
0
 10
15755.5236
 20
7934.6703
 30
6816.0119
 11
15243.3472
 21
7902.1512
 31
6829.0195
  0
LINE
  8
0
 10
15243.3472
 20
7902.1512
 30
6829.0195
 11
15243.3472
 21
7804.5938
 31
6868.0425
  0
LINE
  8
0
 10
15243.3472
 20
7804.5938
 30
6868.0425
 11
15048.2323
 21
7804.5938
 31
6868.0425
  0
LINE
  8
0
 10
15048.2323
 20
7804.5938
 30
6868.0425
 11
15023.843
 21
7707.0363
 31
6907.0655
  0
LINE
  8
0
 10
15023.843
 20
7707.0363
 30
6907.0655
 11
14706.7813
 21
7674.5172
 31
6920.0731
  0
LINE
  8
0
 10
14706.7813
 20
7674.5172
 30
6920.0731
 11
14414.1091
 21
7707.0363
 31
6907.0655
  0
LINE
  8
0
 10
14414.1091
 20
7707.0363
 30
6907.0655
 11
14975.0643
 21
7707.0363
 31
6907.0655
  0
LINE
  8
0
 10
14975.0643
 20
7707.0363
 30
6907.0655
 11
15023.843
 21
7837.1129
 31
6855.0348
  0
LINE
  8
0
 10
15023.843
 20
7837.1129
 30
6855.0348
 11
15170.1791
 21
7869.632
 31
6842.0272
  0
LINE
  8
0
 10
15170.1791
 20
7869.632
 30
6842.0272
 11
14975.0643
 21
7934.6703
 31
6816.0119
  0
LINE
  8
0
 10
14975.0643
 20
7934.6703
 30
6816.0119
 11
14828.7281
 21
7772.0746
 31
6881.0502
  0
LINE
  8
0
 10
14828.7281
 20
7772.0746
 30
6881.0502
 11
14755.5601
 21
7967.1895
 31
6803.0042
  0
LINE
  8
0
 10
14755.5601
 20
7967.1895
 30
6803.0042
 11
11902.0055
 21
7967.1895
 31
6803.0042
  0
LINE
  8
0
 10
11902.0055
 20
7967.1895
 30
6803.0042
 11
12072.731
 21
7902.1512
 31
6829.0195
  0
LINE
  8
0
 10
12072.731
 20
7902.1512
 30
6829.0195
 11
10633.759
 21
7934.6703
 31
6816.0119
  0
LINE
  8
0
 10
10633.759
 20
7934.6703
 30
6816.0119
 11
10511.8122
 21
7804.5938
 31
6868.0425
  0
LINE
  8
0
 10
10511.8122
 20
7804.5938
 30
6868.0425
 11
10609.3696
 21
7999.7086
 31
6789.9966
  0
LINE
  8
0
 10
10609.3696
 20
7999.7086
 30
6789.9966
 11
10560.5909
 21
12194.6777
 31
5112.0089
  0
LINE
  8
0
 10
10560.5909
 20
12194.6777
 30
5112.0089
 11
10584.9803
 21
12129.6395
 31
5138.0242
  0
LINE
  8
0
 10
10584.9803
 20
12129.6395
 30
5138.0242
 11
10633.759
 21
16584.7617
 31
3355.9753
  0
LINE
  8
0
 10
10633.759
 20
16584.7617
 30
3355.9753
 11
12341.0139
 21
17267.6637
 31
3082.8145
  0
LINE
  8
0
 10
12341.0139
 20
17267.6637
 30
3082.8145
 11
12536.1287
 21
17560.3359
 31
2965.7456
  0
LINE
  8
0
 10
12536.1287
 20
17560.3359
 30
2965.7456
 11
12536.1287
 21
17592.8551
 31
2952.738
  0
LINE
  8
0
 10
18413.9634
 20
17560.3359
 30
2965.7456
 11
18560.2995
 21
17560.3359
 31
2965.7456
  0
LINE
  8
0
 10
18560.2995
 20
17560.3359
 30
2965.7456
 11
18438.3527
 21
17560.3359
 31
2965.7456
  0
LINE
  8
0
 10
18438.3527
 20
17560.3359
 30
2965.7456
 11
18413.9634
 21
17560.3359
 31
2965.7456
  0
LINE
  8
0
 10
18633.4676
 20
17527.8168
 30
2978.7533
 11
18755.4144
 21
17560.3359
 31
2965.7456
  0
LINE
  8
0
 10
18755.4144
 20
17560.3359
 30
2965.7456
 11
18682.2463
 21
17527.8168
 31
2978.7533
  0
LINE
  8
0
 10
18682.2463
 20
17527.8168
 30
2978.7533
 11
18755.4144
 21
17462.7785
 31
3004.7686
  0
LINE
  8
0
 10
18755.4144
 20
17462.7785
 30
3004.7686
 11
18657.8569
 21
17527.8168
 31
2978.7533
  0
LINE
  8
0
 10
18657.8569
 20
17527.8168
 30
2978.7533
 11
18633.4676
 21
17527.8168
 31
2978.7533
  0
LINE
  8
0
 10
7633.8683
 20
17495.2977
 30
2991.7609
 11
7463.1428
 21
17527.8168
 31
2978.7533
  0
LINE
  8
0
 10
7463.1428
 20
17527.8168
 30
2978.7533
 11
7292.4173
 21
17397.7402
 31
3030.7839
  0
LINE
  8
0
 10
7292.4173
 20
17397.7402
 30
3030.7839
 11
7609.4789
 21
17235.1445
 31
3095.8222
  0
LINE
  8
0
 10
7609.4789
 20
17235.1445
 30
3095.8222
 11
7780.2044
 21
17365.2211
 31
3043.7916
  0
LINE
  8
0
 10
7780.2044
 20
17365.2211
 30
3043.7916
 11
7658.2576
 21
17462.7785
 31
3004.7686
  0
LINE
  8
0
 10
7658.2576
 20
17462.7785
 30
3004.7686
 11
7633.8683
 21
17495.2977
 31
2991.7609
  0
LINE
  8
0
 10
5438.8263
 20
17462.7785
 30
3004.7686
 11
5316.8795
 21
17527.8168
 31
2978.7533
  0
LINE
  8
0
 10
5316.8795
 20
17527.8168
 30
2978.7533
 11
5414.4369
 21
17430.2594
 31
3017.7763
  0
LINE
  8
0
 10
5414.4369
 20
17430.2594
 30
3017.7763
 11
5438.8263
 21
17462.7785
 31
3004.7686
  0
LINE
  8
0
 10
5536.3837
 20
17462.7785
 30
3004.7686
 11
5414.4369
 21
17430.2594
 31
3017.7763
  0
LINE
  8
0
 10
5414.4369
 20
17430.2594
 30
3017.7763
 11
5707.1092
 21
17137.5871
 31
3134.8452
  0
LINE
  8
0
 10
5707.1092
 20
17137.5871
 30
3134.8452
 11
5560.773
 21
17430.2594
 31
3017.7763
  0
LINE
  8
0
 10
5560.773
 20
17430.2594
 30
3017.7763
 11
5536.3837
 21
17462.7785
 31
3004.7686
  0
LINE
  8
0
 10
6414.4005
 20
17430.2594
 30
3017.7763
 11
6292.4537
 21
17365.2211
 31
3043.7916
  0
LINE
  8
0
 10
6292.4537
 20
17365.2211
 30
3043.7916
 11
6390.0111
 21
17397.7402
 31
3030.7839
  0
LINE
  8
0
 10
6390.0111
 20
17397.7402
 30
3030.7839
 11
6414.4005
 21
17430.2594
 31
3017.7763
  0
LINE
  8
0
 10
19730.9886
 20
17430.2594
 30
3017.7763
 11
19804.1566
 21
17430.2594
 31
3017.7763
  0
LINE
  8
0
 10
19804.1566
 20
17430.2594
 30
3017.7763
 11
19584.6524
 21
17235.1445
 31
3095.8222
  0
LINE
  8
0
 10
19584.6524
 20
17235.1445
 30
3095.8222
 11
19706.5992
 21
17397.7402
 31
3030.7839
  0
LINE
  8
0
 10
19706.5992
 20
17397.7402
 30
3030.7839
 11
19730.9886
 21
17430.2594
 31
3017.7763
  0
LINE
  8
0
 10
3121.8375
 20
17397.7402
 30
3030.7839
 11
3121.8375
 21
16909.9531
 31
3225.8987
  0
LINE
  8
0
 10
3121.8375
 20
16909.9531
 30
3225.8987
 11
3121.8375
 21
17365.2211
 31
3043.7916
  0
LINE
  8
0
 10
3121.8375
 20
17365.2211
 30
3043.7916
 11
3121.8375
 21
17397.7402
 31
3030.7839
  0
LINE
  8
0
 10
18901.7505
 20
17397.7402
 30
3030.7839
 11
19072.476
 21
17332.702
 31
3056.7992
  0
LINE
  8
0
 10
19072.476
 20
17332.702
 30
3056.7992
 11
18926.1398
 21
17365.2211
 31
3043.7916
  0
LINE
  8
0
 10
18926.1398
 20
17365.2211
 30
3043.7916
 11
18901.7505
 21
17397.7402
 31
3030.7839
  0
LINE
  8
0
 10
6682.6834
 20
17365.2211
 30
3043.7916
 11
6804.6302
 21
17365.2211
 31
3043.7916
  0
LINE
  8
0
 10
6804.6302
 20
17365.2211
 30
3043.7916
 11
6682.6834
 21
17332.702
 31
3056.7992
  0
LINE
  8
0
 10
6682.6834
 20
17332.702
 30
3056.7992
 11
6682.6834
 21
17365.2211
 31
3043.7916
  0
LINE
  8
0
 10
6585.126
 20
17332.702
 30
3056.7992
 11
6463.1792
 21
17267.6637
 31
3082.8145
  0
LINE
  8
0
 10
6463.1792
 20
17267.6637
 30
3082.8145
 11
6560.7366
 21
17300.1828
 31
3069.8069
  0
LINE
  8
0
 10
6560.7366
 20
17300.1828
 30
3069.8069
 11
6585.126
 21
17332.702
 31
3056.7992
  0
LINE
  8
0
 10
16706.7085
 20
17300.1828
 30
3069.8069
 11
16609.1511
 21
17332.702
 31
3056.7992
  0
LINE
  8
0
 10
16609.1511
 20
17332.702
 30
3056.7992
 11
16682.3191
 21
17267.6637
 31
3082.8145
  0
LINE
  8
0
 10
16682.3191
 20
17267.6637
 30
3082.8145
 11
16706.7085
 21
17300.1828
 31
3069.8069
  0
LINE
  8
0
 10
19145.644
 20
17300.1828
 30
3069.8069
 11
19291.9802
 21
17267.6637
 31
3082.8145
  0
LINE
  8
0
 10
19291.9802
 20
17267.6637
 30
3082.8145
 11
19170.0334
 21
17267.6637
 31
3082.8145
  0
LINE
  8
0
 10
19170.0334
 20
17267.6637
 30
3082.8145
 11
19145.644
 21
17300.1828
 31
3069.8069
  0
LINE
  8
0
 10
10560.5909
 20
17235.1445
 30
3095.8222
 11
10706.9271
 21
17170.1063
 31
3121.8375
  0
LINE
  8
0
 10
10706.9271
 20
17170.1063
 30
3121.8375
 11
10584.9803
 21
17170.1063
 31
3121.8375
  0
LINE
  8
0
 10
10584.9803
 20
17170.1063
 30
3121.8375
 11
10706.9271
 21
17105.068
 31
3147.8528
  0
LINE
  8
0
 10
10706.9271
 20
17105.068
 30
3147.8528
 11
10609.3696
 21
17007.5105
 31
3186.8758
  0
LINE
  8
0
 10
10609.3696
 20
17007.5105
 30
3186.8758
 11
10511.8122
 21
17072.5488
 31
3160.8605
  0
LINE
  8
0
 10
10511.8122
 20
17072.5488
 30
3160.8605
 11
10609.3696
 21
17137.5871
 31
3134.8452
  0
LINE
  8
0
 10
10609.3696
 20
17137.5871
 30
3134.8452
 11
10536.2016
 21
17170.1063
 31
3121.8375
  0
LINE
  8
0
 10
10536.2016
 20
17170.1063
 30
3121.8375
 11
9950.857
 21
16942.4723
 31
3212.8911
  0
LINE
  8
0
 10
9950.857
 20
16942.4723
 30
3212.8911
 11
10536.2016
 21
17202.6254
 31
3108.8298
  0
LINE
  8
0
 10
10536.2016
 20
17202.6254
 30
3108.8298
 11
10560.5909
 21
17235.1445
 31
3095.8222
  0
LINE
  8
0
 10
10902.0419
 20
17235.1445
 30
3095.8222
 11
11023.9887
 21
17267.6637
 31
3082.8145
  0
LINE
  8
0
 10
11023.9887
 20
17267.6637
 30
3082.8145
 11
10877.6525
 21
17202.6254
 31
3108.8298
  0
LINE
  8
0
 10
10877.6525
 20
17202.6254
 30
3108.8298
 11
10902.0419
 21
17235.1445
 31
3095.8222
  0
LINE
  8
0
 10
12389.7926
 20
17235.1445
 30
3095.8222
 11
12048.3416
 21
17137.5871
 31
3134.8452
  0
LINE
  8
0
 10
12048.3416
 20
17137.5871
 30
3134.8452
 11
12219.0671
 21
17137.5871
 31
3134.8452
  0
LINE
  8
0
 10
12219.0671
 20
17137.5871
 30
3134.8452
 11
12145.899
 21
17105.068
 31
3147.8528
  0
LINE
  8
0
 10
12145.899
 20
17105.068
 30
3147.8528
 11
12267.8458
 21
17040.0297
 31
3173.8681
  0
LINE
  8
0
 10
12267.8458
 20
17040.0297
 30
3173.8681
 11
12365.4032
 21
17202.6254
 31
3108.8298
  0
LINE
  8
0
 10
12365.4032
 20
17202.6254
 30
3108.8298
 11
12389.7926
 21
17235.1445
 31
3095.8222
  0
LINE
  8
0
 10
15584.7981
 20
17235.1445
 30
3095.8222
 11
15560.4088
 21
16974.9914
 31
3199.8834
  0
LINE
  8
0
 10
15560.4088
 20
16974.9914
 30
3199.8834
 11
17194.4956
 21
16422.166
 31
3421.0136
  0
LINE
  8
0
 10
17194.4956
 20
16422.166
 30
3421.0136
 11
17365.2211
 21
16422.166
 31
3421.0136
  0
LINE
  8
0
 10
17365.2211
 20
16422.166
 30
3421.0136
 11
17706.6721
 21
17007.5105
 31
3186.8758
  0
LINE
  8
0
 10
17706.6721
 20
17007.5105
 30
3186.8758
 11
17877.3976
 21
17007.5105
 31
3186.8758
  0
LINE
  8
0
 10
17877.3976
 20
17007.5105
 30
3186.8758
 11
17340.8317
 21
16357.1277
 31
3447.0289
  0
LINE
  8
0
 10
17340.8317
 20
16357.1277
 30
3447.0289
 11
17535.9466
 21
16259.5703
 31
3486.0519
  0
LINE
  8
0
 10
17535.9466
 20
16259.5703
 30
3486.0519
 11
16779.8766
 21
16519.7234
 31
3381.9906
  0
LINE
  8
0
 10
16779.8766
 20
16519.7234
 30
3381.9906
 11
16926.2127
 21
16389.6469
 31
3434.0212
  0
LINE
  8
0
 10
16926.2127
 20
16389.6469
 30
3434.0212
 11
16828.6553
 21
16357.1277
 31
3447.0289
  0
LINE
  8
0
 10
16828.6553
 20
16357.1277
 30
3447.0289
 11
16974.9914
 21
16129.4938
 31
3538.0825
  0
LINE
  8
0
 10
16974.9914
 20
16129.4938
 30
3538.0825
 11
16950.6021
 21
15966.898
 31
3603.1208
  0
LINE
  8
0
 10
16950.6021
 20
15966.898
 30
3603.1208
 11
16828.6553
 21
15804.3023
 31
3668.1591
  0
LINE
  8
0
 10
16828.6553
 20
15804.3023
 30
3668.1591
 11
16633.5404
 21
15804.3023
 31
3668.1591
  0
LINE
  8
0
 10
16633.5404
 20
15804.3023
 30
3668.1591
 11
16487.2043
 21
15966.898
 31
3603.1208
  0
LINE
  8
0
 10
16487.2043
 20
15966.898
 30
3603.1208
 11
15950.6385
 21
16096.9746
 31
3551.0902
  0
LINE
  8
0
 10
15950.6385
 20
16096.9746
 30
3551.0902
 11
15999.4172
 21
16162.0129
 31
3525.0748
  0
LINE
  8
0
 10
15999.4172
 20
16162.0129
 30
3525.0748
 11
15853.0811
 21
16129.4938
 31
3538.0825
  0
LINE
  8
0
 10
15853.0811
 20
16129.4938
 30
3538.0825
 11
15048.2323
 21
16422.166
 31
3421.0136
  0
LINE
  8
0
 10
15048.2323
 20
16422.166
 30
3421.0136
 11
15267.7365
 21
16357.1277
 31
3447.0289
  0
LINE
  8
0
 10
15267.7365
 20
16357.1277
 30
3447.0289
 11
15121.4004
 21
16487.2043
 31
3394.9983
  0
LINE
  8
0
 10
15121.4004
 20
16487.2043
 30
3394.9983
 11
15316.5152
 21
16454.6852
 31
3408.0059
  0
LINE
  8
0
 10
15316.5152
 20
16454.6852
 30
3408.0059
 11
16316.4788
 21
16064.4555
 31
3564.0978
  0
LINE
  8
0
 10
16316.4788
 20
16064.4555
 30
3564.0978
 11
16511.5937
 21
16227.0512
 31
3499.0595
  0
LINE
  8
0
 10
16511.5937
 20
16227.0512
 30
3499.0595
 11
16584.7617
 21
16487.2043
 31
3394.9983
  0
LINE
  8
0
 10
16584.7617
 20
16487.2043
 30
3394.9983
 11
16487.2043
 21
16519.7234
 31
3381.9906
  0
LINE
  8
0
 10
16487.2043
 20
16519.7234
 30
3381.9906
 11
16584.7617
 21
16519.7234
 31
3381.9906
  0
LINE
  8
0
 10
16584.7617
 20
16519.7234
 30
3381.9906
 11
16560.3724
 21
16617.2809
 31
3342.9677
  0
LINE
  8
0
 10
16560.3724
 20
16617.2809
 30
3342.9677
 11
16438.4256
 21
16649.8
 31
3329.96
  0
LINE
  8
0
 10
16438.4256
 20
16649.8
 30
3329.96
 11
16340.8682
 21
16552.2426
 31
3368.983
  0
LINE
  8
0
 10
16340.8682
 20
16552.2426
 30
3368.983
 11
16267.7001
 21
16617.2809
 31
3342.9677
  0
LINE
  8
0
 10
16267.7001
 20
16617.2809
 30
3342.9677
 11
16365.2575
 21
16584.7617
 31
3355.9753
  0
LINE
  8
0
 10
16365.2575
 20
16584.7617
 30
3355.9753
 11
16389.6469
 21
16682.3191
 31
3316.9523
  0
LINE
  8
0
 10
16389.6469
 20
16682.3191
 30
3316.9523
 11
15584.7981
 21
16974.9914
 31
3199.8834
  0
LINE
  8
0
 10
15584.7981
 20
16974.9914
 30
3199.8834
 11
15414.0727
 21
16682.3191
 31
3316.9523
  0
LINE
  8
0
 10
15414.0727
 20
16682.3191
 30
3316.9523
 11
15584.7981
 21
17202.6254
 31
3108.8298
  0
LINE
  8
0
 10
15584.7981
 20
17202.6254
 30
3108.8298
 11
15584.7981
 21
17235.1445
 31
3095.8222
  0
LINE
  8
0
 10
6316.8431
 20
17202.6254
 30
3108.8298
 11
5951.0027
 21
17040.0297
 31
3173.8681
  0
LINE
  8
0
 10
5951.0027
 20
17040.0297
 30
3173.8681
 11
6292.4537
 21
17170.1063
 31
3121.8375
  0
LINE
  8
0
 10
6292.4537
 20
17170.1063
 30
3121.8375
 11
6316.8431
 21
17202.6254
 31
3108.8298
  0
LINE
  8
0
 10
8633.8318
 20
17202.6254
 30
3108.8298
 11
8536.2744
 21
17202.6254
 31
3108.8298
  0
LINE
  8
0
 10
8536.2744
 20
17202.6254
 30
3108.8298
 11
8658.2212
 21
17170.1063
 31
3121.8375
  0
LINE
  8
0
 10
8658.2212
 20
17170.1063
 30
3121.8375
 11
8633.8318
 21
17202.6254
 31
3108.8298
  0
LINE
  8
0
 10
12682.4648
 20
17202.6254
 30
3108.8298
 11
12584.9074
 21
17235.1445
 31
3095.8222
  0
LINE
  8
0
 10
12584.9074
 20
17235.1445
 30
3095.8222
 11
12462.9606
 21
17105.068
 31
3147.8528
  0
LINE
  8
0
 10
12462.9606
 20
17105.068
 30
3147.8528
 11
12633.6861
 21
16974.9914
 31
3199.8834
  0
LINE
  8
0
 10
12633.6861
 20
16974.9914
 30
3199.8834
 11
12780.0223
 21
17105.068
 31
3147.8528
  0
LINE
  8
0
 10
12780.0223
 20
17105.068
 30
3147.8528
 11
12706.8542
 21
17202.6254
 31
3108.8298
  0
LINE
  8
0
 10
12706.8542
 20
17202.6254
 30
3108.8298
 11
12682.4648
 21
17202.6254
 31
3108.8298
  0
LINE
  8
0
 10
17682.2827
 20
17202.6254
 30
3108.8298
 11
18413.9634
 21
16974.9914
 31
3199.8834
  0
LINE
  8
0
 10
18413.9634
 20
16974.9914
 30
3199.8834
 11
17706.6721
 21
17202.6254
 31
3108.8298
  0
LINE
  8
0
 10
17706.6721
 20
17202.6254
 30
3108.8298
 11
17682.2827
 21
17202.6254
 31
3108.8298
  0
LINE
  8
0
 10
13316.5881
 20
17137.5871
 30
3134.8452
 11
13194.6413
 21
17137.5871
 31
3134.8452
  0
LINE
  8
0
 10
13194.6413
 20
17137.5871
 30
3134.8452
 11
13340.9774
 21
17137.5871
 31
3134.8452
  0
LINE
  8
0
 10
13340.9774
 20
17137.5871
 30
3134.8452
 11
13316.5881
 21
17137.5871
 31
3134.8452
  0
LINE
  8
0
 10
12048.3416
 20
17105.068
 30
3147.8528
 11
11926.3948
 21
17072.5488
 31
3160.8605
  0
LINE
  8
0
 10
11926.3948
 20
17072.5488
 30
3160.8605
 11
12145.899
 21
17072.5488
 31
3160.8605
  0
LINE
  8
0
 10
12145.899
 20
17072.5488
 30
3160.8605
 11
12072.731
 21
17105.068
 31
3147.8528
  0
LINE
  8
0
 10
12072.731
 20
17105.068
 30
3147.8528
 11
12048.3416
 21
17105.068
 31
3147.8528
  0
LINE
  8
0
 10
13950.7113
 20
16877.434
 30
3238.9064
 11
13828.7646
 21
16877.434
 31
3238.9064
  0
LINE
  8
0
 10
13828.7646
 20
16877.434
 30
3238.9064
 11
13926.322
 21
16844.9148
 31
3251.9141
  0
LINE
  8
0
 10
13926.322
 20
16844.9148
 30
3251.9141
 11
13950.7113
 21
16877.434
 31
3238.9064
  0
LINE
  8
0
 10
17096.9382
 20
16877.434
 30
3238.9064
 11
17292.053
 21
16844.9148
 31
3251.9141
  0
LINE
  8
0
 10
17292.053
 20
16844.9148
 30
3251.9141
 11
17072.5488
 21
16844.9148
 31
3251.9141
  0
LINE
  8
0
 10
17072.5488
 20
16844.9148
 30
3251.9141
 11
17096.9382
 21
16877.434
 31
3238.9064
  0
LINE
  8
0
 10
18389.574
 20
16844.9148
 30
3251.9141
 11
18511.5208
 21
16779.8766
 31
3277.9294
  0
LINE
  8
0
 10
18511.5208
 20
16779.8766
 30
3277.9294
 11
18413.9634
 21
16812.3957
 31
3264.9217
  0
LINE
  8
0
 10
18413.9634
 20
16812.3957
 30
3264.9217
 11
18389.574
 21
16844.9148
 31
3251.9141
  0
LINE
  8
0
 10
18755.4144
 20
16844.9148
 30
3251.9141
 11
18901.7505
 21
16812.3957
 31
3264.9217
  0
LINE
  8
0
 10
18901.7505
 20
16812.3957
 30
3264.9217
 11
18779.8037
 21
16844.9148
 31
3251.9141
  0
LINE
  8
0
 10
18779.8037
 20
16844.9148
 30
3251.9141
 11
18755.4144
 21
16844.9148
 31
3251.9141
  0
LINE
  8
0
 10
7194.8599
 20
16779.8766
 30
3277.9294
 11
7316.8066
 21
16779.8766
 31
3277.9294
  0
LINE
  8
0
 10
7316.8066
 20
16779.8766
 30
3277.9294
 11
7219.2492
 21
16779.8766
 31
3277.9294
  0
LINE
  8
0
 10
7219.2492
 20
16779.8766
 30
3277.9294
 11
7194.8599
 21
16779.8766
 31
3277.9294
  0
LINE
  8
0
 10
6585.126
 20
16714.8383
 30
3303.9447
 11
6755.8515
 21
16747.3574
 31
3290.937
  0
LINE
  8
0
 10
6755.8515
 20
16747.3574
 30
3290.937
 11
6560.7366
 21
16682.3191
 31
3316.9523
  0
LINE
  8
0
 10
6560.7366
 20
16682.3191
 30
3316.9523
 11
6585.126
 21
16714.8383
 31
3303.9447
  0
LINE
  8
0
 10
7048.5237
 20
16714.8383
 30
3303.9447
 11
7414.3641
 21
16714.8383
 31
3303.9447
  0
LINE
  8
0
 10
7414.3641
 20
16714.8383
 30
3303.9447
 11
7072.9131
 21
16714.8383
 31
3303.9447
  0
LINE
  8
0
 10
7072.9131
 20
16714.8383
 30
3303.9447
 11
7048.5237
 21
16714.8383
 31
3303.9447
  0
LINE
  8
0
 10
14462.8878
 20
16714.8383
 30
3303.9447
 11
14340.941
 21
16714.8383
 31
3303.9447
  0
LINE
  8
0
 10
14340.941
 20
16714.8383
 30
3303.9447
 11
14487.2771
 21
16714.8383
 31
3303.9447
  0
LINE
  8
0
 10
14487.2771
 20
16714.8383
 30
3303.9447
 11
14462.8878
 21
16714.8383
 31
3303.9447
  0
LINE
  8
0
 10
18779.8037
 20
16714.8383
 30
3303.9447
 11
18755.4144
 21
16552.2426
 31
3368.983
  0
LINE
  8
0
 10
18755.4144
 20
16552.2426
 30
3368.983
 11
18243.2379
 21
15966.898
 31
3603.1208
  0
LINE
  8
0
 10
18243.2379
 20
15966.898
 30
3603.1208
 11
17633.504
 21
16227.0512
 31
3499.0595
  0
LINE
  8
0
 10
17633.504
 20
16227.0512
 30
3499.0595
 11
17706.6721
 21
16096.9746
 31
3551.0902
  0
LINE
  8
0
 10
17706.6721
 20
16096.9746
 30
3551.0902
 11
17584.7253
 21
16259.5703
 31
3486.0519
  0
LINE
  8
0
 10
17584.7253
 20
16259.5703
 30
3486.0519
 11
18243.2379
 21
16064.4555
 31
3564.0978
  0
LINE
  8
0
 10
18243.2379
 20
16064.4555
 30
3564.0978
 11
18755.4144
 21
16682.3191
 31
3316.9523
  0
LINE
  8
0
 10
18755.4144
 20
16682.3191
 30
3316.9523
 11
18779.8037
 21
16714.8383
 31
3303.9447
  0
LINE
  8
0
 10
6877.7982
 20
16682.3191
 30
3316.9523
 11
6682.6834
 21
16584.7617
 31
3355.9753
  0
LINE
  8
0
 10
6682.6834
 20
16584.7617
 30
3355.9753
 11
6853.4089
 21
16649.8
 31
3329.96
  0
LINE
  8
0
 10
6853.4089
 20
16649.8
 30
3329.96
 11
6877.7982
 21
16682.3191
 31
3316.9523
  0
LINE
  8
0
 10
8072.8767
 20
16682.3191
 30
3316.9523
 11
8341.1596
 21
16682.3191
 31
3316.9523
  0
LINE
  8
0
 10
8341.1596
 20
16682.3191
 30
3316.9523
 11
8097.266
 21
16682.3191
 31
3316.9523
  0
LINE
  8
0
 10
8097.266
 20
16682.3191
 30
3316.9523
 11
8072.8767
 21
16682.3191
 31
3316.9523
  0
LINE
  8
0
 10
6463.1792
 20
16649.8
 30
3329.96
 11
6268.0644
 21
16584.7617
 31
3355.9753
  0
LINE
  8
0
 10
6268.0644
 20
16584.7617
 30
3355.9753
 11
6438.7898
 21
16617.2809
 31
3342.9677
  0
LINE
  8
0
 10
6438.7898
 20
16617.2809
 30
3342.9677
 11
6463.1792
 21
16649.8
 31
3329.96
  0
LINE
  8
0
 10
7804.5938
 20
16649.8
 30
3329.96
 11
7999.7086
 21
16649.8
 31
3329.96
  0
LINE
  8
0
 10
7999.7086
 20
16649.8
 30
3329.96
 11
7828.9831
 21
16649.8
 31
3329.96
  0
LINE
  8
0
 10
7828.9831
 20
16649.8
 30
3329.96
 11
7804.5938
 21
16649.8
 31
3329.96
  0
LINE
  8
0
 10
10999.5993
 20
16649.8
 30
3329.96
 11
10804.4845
 21
16617.2809
 31
3342.9677
  0
LINE
  8
0
 10
10804.4845
 20
16617.2809
 30
3342.9677
 11
10975.21
 21
16617.2809
 31
3342.9677
  0
LINE
  8
0
 10
10975.21
 20
16617.2809
 30
3342.9677
 11
10999.5993
 21
16649.8
 31
3329.96
  0
LINE
  8
0
 10
8097.266
 20
16617.2809
 30
3342.9677
 11
7999.7086
 21
16422.166
 31
3421.0136
  0
LINE
  8
0
 10
7999.7086
 20
16422.166
 30
3421.0136
 11
8097.266
 21
16584.7617
 31
3355.9753
  0
LINE
  8
0
 10
8097.266
 20
16584.7617
 30
3355.9753
 11
8097.266
 21
16617.2809
 31
3342.9677
  0
LINE
  8
0
 10
8170.4341
 20
16617.2809
 30
3342.9677
 11
8292.3809
 21
16617.2809
 31
3342.9677
  0
LINE
  8
0
 10
8292.3809
 20
16617.2809
 30
3342.9677
 11
8194.8234
 21
16617.2809
 31
3342.9677
  0
LINE
  8
0
 10
8194.8234
 20
16617.2809
 30
3342.9677
 11
8170.4341
 21
16617.2809
 31
3342.9677
  0
LINE
  8
0
 10
9511.8486
 20
16584.7617
 30
3355.9753
 11
9731.3528
 21
16552.2426
 31
3368.983
  0
LINE
  8
0
 10
9731.3528
 20
16552.2426
 30
3368.983
 11
9536.238
 21
16584.7617
 31
3355.9753
  0
LINE
  8
0
 10
9536.238
 20
16584.7617
 30
3355.9753
 11
9511.8486
 21
16584.7617
 31
3355.9753
  0
LINE
  8
0
 10
6121.7282
 20
16519.7234
 30
3381.9906
 11
6219.2856
 21
16552.2426
 31
3368.983
  0
LINE
  8
0
 10
6219.2856
 20
16552.2426
 30
3368.983
 11
6097.3389
 21
16389.6469
 31
3434.0212
  0
LINE
  8
0
 10
6097.3389
 20
16389.6469
 30
3434.0212
 11
6121.7282
 21
15966.898
 31
3603.1208
  0
LINE
  8
0
 10
6121.7282
 20
15966.898
 30
3603.1208
 11
6146.1176
 21
16096.9746
 31
3551.0902
  0
LINE
  8
0
 10
6146.1176
 20
16096.9746
 30
3551.0902
 11
6999.745
 21
15381.5535
 31
3837.2586
  0
LINE
  8
0
 10
6999.745
 20
15381.5535
 30
3837.2586
 11
7024.1344
 21
14763.6898
 31
4084.4041
  0
LINE
  8
0
 10
7024.1344
 20
14763.6898
 30
4084.4041
 11
6902.1876
 21
7999.7086
 31
6789.9966
  0
LINE
  8
0
 10
6902.1876
 20
7999.7086
 30
6789.9966
 11
6780.2408
 21
7837.1129
 31
6855.0348
  0
LINE
  8
0
 10
6780.2408
 20
7837.1129
 30
6855.0348
 11
6097.3389
 21
7609.4789
 31
6946.0884
  0
LINE
  8
0
 10
6097.3389
 20
7609.4789
 30
6946.0884
 11
5999.7814
 21
7219.2492
 31
7102.1803
  0
LINE
  8
0
 10
5999.7814
 20
7219.2492
 30
7102.1803
 11
5902.224
 21
7251.7684
 31
7089.1727
  0
LINE
  8
0
 10
5902.224
 20
7251.7684
 30
7089.1727
 11
6097.3389
 21
16487.2043
 31
3394.9983
  0
LINE
  8
0
 10
6097.3389
 20
16487.2043
 30
3394.9983
 11
6121.7282
 21
16519.7234
 31
3381.9906
  0
LINE
  8
0
 10
18804.1931
 20
16487.2043
 30
3394.9983
 11
18926.1398
 21
16552.2426
 31
3368.983
  0
LINE
  8
0
 10
18926.1398
 20
16552.2426
 30
3368.983
 11
18828.5824
 21
16519.7234
 31
3381.9906
  0
LINE
  8
0
 10
18828.5824
 20
16519.7234
 30
3381.9906
 11
18804.1931
 21
16487.2043
 31
3394.9983
  0
LINE
  8
0
 10
16706.7085
 20
16454.6852
 30
3408.0059
 11
16657.9298
 21
16487.2043
 31
3394.9983
  0
LINE
  8
0
 10
16657.9298
 20
16487.2043
 30
3394.9983
 11
16609.1511
 21
16357.1277
 31
3447.0289
  0
LINE
  8
0
 10
16609.1511
 20
16357.1277
 30
3447.0289
 11
16731.0979
 21
16422.166
 31
3421.0136
  0
LINE
  8
0
 10
16731.0979
 20
16422.166
 30
3421.0136
 11
16706.7085
 21
16454.6852
 31
3408.0059
  0
LINE
  8
0
 10
18779.8037
 20
16454.6852
 30
3408.0059
 11
18926.1398
 21
16552.2426
 31
3368.983
  0
LINE
  8
0
 10
18926.1398
 20
16552.2426
 30
3368.983
 11
18804.1931
 21
16487.2043
 31
3394.9983
  0
LINE
  8
0
 10
18804.1931
 20
16487.2043
 30
3394.9983
 11
18779.8037
 21
16454.6852
 31
3408.0059
  0
LINE
  8
0
 10
18731.025
 20
16422.166
 30
3421.0136
 11
18292.0166
 21
15934.3789
 31
3616.1284
  0
LINE
  8
0
 10
18292.0166
 20
15934.3789
 30
3616.1284
 11
18706.6356
 21
16389.6469
 31
3434.0212
  0
LINE
  8
0
 10
18706.6356
 20
16389.6469
 30
3434.0212
 11
18731.025
 21
16422.166
 31
3421.0136
  0
LINE
  8
0
 10
19194.4228
 20
16357.1277
 30
3447.0289
 11
19340.7589
 21
11186.5844
 31
5515.2462
  0
LINE
  8
0
 10
19340.7589
 20
11186.5844
 30
5515.2462
 11
19267.5908
 21
12422.3117
 31
5020.9553
  0
LINE
  8
0
 10
19267.5908
 20
12422.3117
 30
5020.9553
 11
19218.8121
 21
12129.6395
 31
5138.0242
  0
LINE
  8
0
 10
19218.8121
 20
12129.6395
 30
5138.0242
 11
19365.1482
 21
9690.7039
 31
6113.5984
  0
LINE
  8
0
 10
19365.1482
 20
9690.7039
 30
6113.5984
 11
19365.1482
 21
7934.6703
 31
6816.0119
  0
LINE
  8
0
 10
19365.1482
 20
7934.6703
 30
6816.0119
 11
19316.3695
 21
9040.3211
 31
6373.7516
  0
LINE
  8
0
 10
19316.3695
 20
9040.3211
 30
6373.7516
 11
18804.1931
 21
9170.3977
 31
6321.7209
  0
LINE
  8
0
 10
18804.1931
 20
9170.3977
 30
6321.7209
 11
18755.4144
 21
10211.0102
 31
5905.4759
  0
LINE
  8
0
 10
18755.4144
 20
10211.0102
 30
5905.4759
 11
18804.1931
 21
10893.9121
 31
5632.3152
  0
LINE
  8
0
 10
18804.1931
 20
10893.9121
 30
5632.3152
 11
18804.1931
 21
10731.3164
 31
5697.3534
  0
LINE
  8
0
 10
18804.1931
 20
10731.3164
 30
5697.3534
 11
19243.2015
 21
10763.8355
 31
5684.3458
  0
LINE
  8
0
 10
19243.2015
 20
10763.8355
 30
5684.3458
 11
19170.0334
 21
10926.4312
 31
5619.3075
  0
LINE
  8
0
 10
19170.0334
 20
10926.4312
 30
5619.3075
 11
18852.9718
 21
10893.9121
 31
5632.3152
  0
LINE
  8
0
 10
18852.9718
 20
10893.9121
 30
5632.3152
 11
19243.2015
 21
10958.9504
 31
5606.2998
  0
LINE
  8
0
 10
19243.2015
 20
10958.9504
 30
5606.2998
 11
19218.8121
 21
12064.6012
 31
5164.0395
  0
LINE
  8
0
 10
19218.8121
 20
12064.6012
 30
5164.0395
 11
18657.8569
 21
11934.5246
 31
5216.0702
  0
LINE
  8
0
 10
18657.8569
 20
11934.5246
 30
5216.0702
 11
18584.6889
 21
11739.4098
 31
5294.1161
  0
LINE
  8
0
 10
18584.6889
 20
11739.4098
 30
5294.1161
 11
18706.6356
 21
7967.1895
 31
6803.0042
  0
LINE
  8
0
 10
18706.6356
 20
7967.1895
 30
6803.0042
 11
18901.7505
 21
7837.1129
 31
6855.0348
  0
LINE
  8
0
 10
18901.7505
 20
7837.1129
 30
6855.0348
 11
18950.5292
 21
7902.1512
 31
6829.0195
  0
LINE
  8
0
 10
18950.5292
 20
7902.1512
 30
6829.0195
 11
18852.9718
 21
8780.168
 31
6477.8128
  0
LINE
  8
0
 10
18852.9718
 20
8780.168
 30
6477.8128
 11
18974.9186
 21
8812.6871
 31
6464.8052
  0
LINE
  8
0
 10
18974.9186
 20
8812.6871
 30
6464.8052
 11
18974.9186
 21
7902.1512
 31
6829.0195
  0
LINE
  8
0
 10
18974.9186
 20
7902.1512
 30
6829.0195
 11
19365.1482
 21
7707.0363
 31
6907.0655
  0
LINE
  8
0
 10
19365.1482
 20
7707.0363
 30
6907.0655
 11
19389.5376
 21
7349.3258
 31
7050.1497
  0
LINE
  8
0
 10
19389.5376
 20
7349.3258
 30
7050.1497
 11
19365.1482
 21
7609.4789
 31
6946.0884
  0
LINE
  8
0
 10
19365.1482
 20
7609.4789
 30
6946.0884
 11
19291.9802
 21
7674.5172
 31
6920.0731
  0
LINE
  8
0
 10
19291.9802
 20
7674.5172
 30
6920.0731
 11
18999.3079
 21
7772.0746
 31
6881.0502
  0
LINE
  8
0
 10
18999.3079
 20
7772.0746
 30
6881.0502
 11
18901.7505
 21
7674.5172
 31
6920.0731
  0
LINE
  8
0
 10
18901.7505
 20
7674.5172
 30
6920.0731
 11
18901.7505
 21
7804.5938
 31
6868.0425
  0
LINE
  8
0
 10
18901.7505
 20
7804.5938
 30
6868.0425
 11
18609.0782
 21
7837.1129
 31
6855.0348
  0
LINE
  8
0
 10
18609.0782
 20
7837.1129
 30
6855.0348
 11
18438.3527
 21
13137.7328
 31
4734.7869
  0
LINE
  8
0
 10
18438.3527
 20
13137.7328
 30
4734.7869
 11
18389.574
 21
15414.0727
 31
3824.2509
  0
LINE
  8
0
 10
18389.574
 20
15414.0727
 30
3824.2509
 11
18438.3527
 21
14796.209
 31
4071.3964
  0
LINE
  8
0
 10
18438.3527
 20
14796.209
 30
4071.3964
 11
18462.7421
 21
15544.1492
 31
3772.2203
  0
LINE
  8
0
 10
18462.7421
 20
15544.1492
 30
3772.2203
 11
19121.2547
 21
16162.0129
 31
3525.0748
  0
LINE
  8
0
 10
19121.2547
 20
16162.0129
 30
3525.0748
 11
18487.1314
 21
15479.1109
 31
3798.2356
  0
LINE
  8
0
 10
18487.1314
 20
15479.1109
 30
3798.2356
 11
18487.1314
 21
15023.843
 31
3980.3428
  0
LINE
  8
0
 10
18487.1314
 20
15023.843
 30
3980.3428
 11
18584.6889
 21
12227.1969
 31
5099.0013
  0
LINE
  8
0
 10
18584.6889
 20
12227.1969
 30
5099.0013
 11
19194.4228
 21
12422.3117
 31
5020.9553
  0
LINE
  8
0
 10
19194.4228
 20
12422.3117
 30
5020.9553
 11
19121.2547
 21
15121.4004
 31
3941.3198
  0
LINE
  8
0
 10
19121.2547
 20
15121.4004
 30
3941.3198
 11
19121.2547
 21
15283.9961
 31
3876.2816
  0
LINE
  8
0
 10
19121.2547
 20
15283.9961
 30
3876.2816
 11
19194.4228
 21
15088.8812
 31
3954.3275
  0
LINE
  8
0
 10
19194.4228
 20
15088.8812
 30
3954.3275
 11
19194.4228
 21
16324.6086
 31
3460.0366
  0
LINE
  8
0
 10
19194.4228
 20
16324.6086
 30
3460.0366
 11
19194.4228
 21
16357.1277
 31
3447.0289
  0
LINE
  8
0
 10
8658.2212
 20
16324.6086
 30
3460.0366
 11
8609.4425
 21
16357.1277
 31
3447.0289
  0
LINE
  8
0
 10
8609.4425
 20
16357.1277
 30
3447.0289
 11
8560.6638
 21
16227.0512
 31
3499.0595
  0
LINE
  8
0
 10
8560.6638
 20
16227.0512
 30
3499.0595
 11
8633.8318
 21
16194.532
 31
3512.0672
  0
LINE
  8
0
 10
8633.8318
 20
16194.532
 30
3512.0672
 11
8658.2212
 21
16292.0895
 31
3473.0442
  0
LINE
  8
0
 10
8658.2212
 20
16292.0895
 30
3473.0442
 11
8658.2212
 21
16324.6086
 31
3460.0366
  0
LINE
  8
0
 10
9975.2464
 20
16259.5703
 30
3486.0519
 11
9853.2996
 21
16259.5703
 31
3486.0519
  0
LINE
  8
0
 10
9853.2996
 20
16259.5703
 30
3486.0519
 11
9950.857
 21
16227.0512
 31
3499.0595
  0
LINE
  8
0
 10
9950.857
 20
16227.0512
 30
3499.0595
 11
9975.2464
 21
16259.5703
 31
3486.0519
  0
LINE
  8
0
 10
16779.8766
 20
16129.4938
 30
3538.0825
 11
16633.5404
 21
16162.0129
 31
3525.0748
  0
LINE
  8
0
 10
16633.5404
 20
16162.0129
 30
3525.0748
 11
16511.5937
 21
16064.4555
 31
3564.0978
  0
LINE
  8
0
 10
16511.5937
 20
16064.4555
 30
3564.0978
 11
16706.7085
 21
15934.3789
 31
3616.1284
  0
LINE
  8
0
 10
16706.7085
 20
15934.3789
 30
3616.1284
 11
16853.0446
 21
16096.9746
 31
3551.0902
  0
LINE
  8
0
 10
16853.0446
 20
16096.9746
 30
3551.0902
 11
16804.2659
 21
16129.4938
 31
3538.0825
  0
LINE
  8
0
 10
16804.2659
 20
16129.4938
 30
3538.0825
 11
16779.8766
 21
16129.4938
 31
3538.0825
  0
LINE
  8
0
 10
18560.2995
 20
16096.9746
 30
3551.0902
 11
18365.1847
 21
15869.3406
 31
3642.1438
  0
LINE
  8
0
 10
18365.1847
 20
15869.3406
 30
3642.1438
 11
18535.9102
 21
16064.4555
 31
3564.0978
  0
LINE
  8
0
 10
18535.9102
 20
16064.4555
 30
3564.0978
 11
18560.2995
 21
16096.9746
 31
3551.0902
  0
LINE
  8
0
 10
16365.2575
 20
16031.9363
 30
3577.1055
 11
16292.0895
 21
15999.4172
 31
3590.1131
  0
LINE
  8
0
 10
16292.0895
 20
15999.4172
 30
3590.1131
 11
16389.6469
 21
15934.3789
 31
3616.1284
  0
LINE
  8
0
 10
16389.6469
 20
15934.3789
 30
3616.1284
 11
16389.6469
 21
16031.9363
 31
3577.1055
  0
LINE
  8
0
 10
16389.6469
 20
16031.9363
 30
3577.1055
 11
16365.2575
 21
16031.9363
 31
3577.1055
  0
LINE
  8
0
 10
8658.2212
 20
15999.4172
 30
3590.1131
 11
8463.1063
 21
15934.3789
 31
3616.1284
  0
LINE
  8
0
 10
8463.1063
 20
15934.3789
 30
3616.1284
 11
8706.9999
 21
15804.3023
 31
3668.1591
  0
LINE
  8
0
 10
8706.9999
 20
15804.3023
 30
3668.1591
 11
8780.168
 21
15901.8598
 31
3629.1361
  0
LINE
  8
0
 10
8780.168
 20
15901.8598
 30
3629.1361
 11
8682.6105
 21
15999.4172
 31
3590.1131
  0
LINE
  8
0
 10
8682.6105
 20
15999.4172
 30
3590.1131
 11
8658.2212
 21
15999.4172
 31
3590.1131
  0
LINE
  8
0
 10
6170.5069
 20
15966.898
 30
3603.1208
 11
6097.3389
 21
15609.1875
 31
3746.205
  0
LINE
  8
0
 10
6097.3389
 20
15609.1875
 30
3746.205
 11
6121.7282
 21
14048.2687
 31
4370.5725
  0
LINE
  8
0
 10
6121.7282
 20
14048.2687
 30
4370.5725
 11
6170.5069
 21
15609.1875
 31
3746.205
  0
LINE
  8
0
 10
6170.5069
 20
15609.1875
 30
3746.205
 11
6146.1176
 21
12324.7543
 31
5059.9783
  0
LINE
  8
0
 10
6146.1176
 20
12324.7543
 30
5059.9783
 11
6853.4089
 21
12097.1203
 31
5151.0319
  0
LINE
  8
0
 10
6853.4089
 20
12097.1203
 30
5151.0319
 11
6926.577
 21
15316.5152
 31
3863.2739
  0
LINE
  8
0
 10
6926.577
 20
15316.5152
 30
3863.2739
 11
6170.5069
 21
15934.3789
 31
3616.1284
  0
LINE
  8
0
 10
6170.5069
 20
15934.3789
 30
3616.1284
 11
6170.5069
 21
15966.898
 31
3603.1208
  0
LINE
  8
0
 10
5341.2688
 20
15869.3406
 30
3642.1438
 11
5341.2688
 21
15414.0727
 31
3824.2509
  0
LINE
  8
0
 10
5341.2688
 20
15414.0727
 30
3824.2509
 11
5341.2688
 21
15836.8215
 31
3655.1514
  0
LINE
  8
0
 10
5341.2688
 20
15836.8215
 30
3655.1514
 11
5341.2688
 21
15869.3406
 31
3642.1438
  0
LINE
  8
0
 10
16901.8233
 20
15771.7832
 30
3681.1667
 11
17243.2743
 21
15674.2258
 31
3720.1897
  0
LINE
  8
0
 10
17243.2743
 20
15674.2258
 30
3720.1897
 11
16926.2127
 21
15771.7832
 31
3681.1667
  0
LINE
  8
0
 10
16926.2127
 20
15771.7832
 30
3681.1667
 11
16901.8233
 21
15771.7832
 31
3681.1667
  0
LINE
  8
0
 10
8365.5489
 20
15641.7066
 30
3733.1973
 11
8487.4957
 21
15641.7066
 31
3733.1973
  0
LINE
  8
0
 10
8487.4957
 20
15641.7066
 30
3733.1973
 11
8121.6554
 21
15544.1492
 31
3772.2203
  0
LINE
  8
0
 10
8121.6554
 20
15544.1492
 30
3772.2203
 11
8341.1596
 21
15609.1875
 31
3746.205
  0
LINE
  8
0
 10
8341.1596
 20
15609.1875
 30
3746.205
 11
8365.5489
 21
15641.7066
 31
3733.1973
  0
LINE
  8
0
 10
16194.532
 20
15609.1875
 30
3746.205
 11
17340.8317
 21
15576.6684
 31
3759.2127
  0
LINE
  8
0
 10
17340.8317
 20
15576.6684
 30
3759.2127
 11
14828.7281
 21
15446.5918
 31
3811.2433
  0
LINE
  8
0
 10
14828.7281
 20
15446.5918
 30
3811.2433
 11
17731.0614
 21
15479.1109
 31
3798.2356
  0
LINE
  8
0
 10
17731.0614
 20
15479.1109
 30
3798.2356
 11
17950.5656
 21
15056.3621
 31
3967.3352
  0
LINE
  8
0
 10
17950.5656
 20
15056.3621
 30
3967.3352
 11
17755.4508
 21
15414.0727
 31
3824.2509
  0
LINE
  8
0
 10
17755.4508
 20
15414.0727
 30
3824.2509
 11
14804.3388
 21
15414.0727
 31
3824.2509
  0
LINE
  8
0
 10
14804.3388
 20
15414.0727
 30
3824.2509
 11
14877.5068
 21
15576.6684
 31
3759.2127
  0
LINE
  8
0
 10
14877.5068
 20
15576.6684
 30
3759.2127
 11
16170.1427
 21
15576.6684
 31
3759.2127
  0
LINE
  8
0
 10
16170.1427
 20
15576.6684
 30
3759.2127
 11
16194.532
 21
15609.1875
 31
3746.205
  0
LINE
  8
0
 10
8585.0531
 20
15511.6301
 30
3785.228
 11
10463.0335
 21
15511.6301
 31
3785.228
  0
LINE
  8
0
 10
10463.0335
 20
15511.6301
 30
3785.228
 11
10511.8122
 21
15349.0344
 31
3850.2662
  0
LINE
  8
0
 10
10511.8122
 20
15349.0344
 30
3850.2662
 11
10463.0335
 21
15251.477
 31
3889.2892
  0
LINE
  8
0
 10
10463.0335
 20
15251.477
 30
3889.2892
 11
7633.8683
 21
15283.9961
 31
3876.2816
  0
LINE
  8
0
 10
7633.8683
 20
15283.9961
 30
3876.2816
 11
7438.7534
 21
14861.2473
 31
4045.3811
  0
LINE
  8
0
 10
7438.7534
 20
14861.2473
 30
4045.3811
 11
7414.3641
 21
12064.6012
 31
5164.0395
  0
LINE
  8
0
 10
7414.3641
 20
12064.6012
 30
5164.0395
 11
10438.6441
 21
12097.1203
 31
5151.0319
  0
LINE
  8
0
 10
10438.6441
 20
12097.1203
 30
5151.0319
 11
10487.4229
 21
14601.0941
 31
4149.4423
  0
LINE
  8
0
 10
10487.4229
 20
14601.0941
 30
4149.4423
 11
10463.0335
 21
7837.1129
 31
6855.0348
  0
LINE
  8
0
 10
10463.0335
 20
7837.1129
 30
6855.0348
 11
10292.308
 21
7934.6703
 31
6816.0119
  0
LINE
  8
0
 10
10292.308
 20
7934.6703
 30
6816.0119
 11
7292.4173
 21
7902.1512
 31
6829.0195
  0
LINE
  8
0
 10
7292.4173
 20
7902.1512
 30
6829.0195
 11
7389.9747
 21
10406.125
 31
5827.43
  0
LINE
  8
0
 10
7389.9747
 20
10406.125
 30
5827.43
 11
7341.196
 21
7967.1895
 31
6803.0042
  0
LINE
  8
0
 10
7341.196
 20
7967.1895
 30
6803.0042
 11
10414.2548
 21
7999.7086
 31
6789.9966
  0
LINE
  8
0
 10
10414.2548
 20
7999.7086
 30
6789.9966
 11
10463.0335
 21
11771.9289
 31
5281.1084
  0
LINE
  8
0
 10
10463.0335
 20
11771.9289
 30
5281.1084
 11
10292.308
 21
11836.9672
 31
5255.0931
  0
LINE
  8
0
 10
10292.308
 20
11836.9672
 30
5255.0931
 11
7463.1428
 21
11771.9289
 31
5281.1084
  0
LINE
  8
0
 10
7463.1428
 20
11771.9289
 30
5281.1084
 11
7389.9747
 21
11674.3715
 31
5320.1314
  0
LINE
  8
0
 10
7389.9747
 20
11674.3715
 30
5320.1314
 11
7389.9747
 21
10763.8355
 31
5684.3458
  0
LINE
  8
0
 10
7389.9747
 20
10763.8355
 30
5684.3458
 11
7389.9747
 21
10991.4695
 31
5593.2922
  0
LINE
  8
0
 10
7389.9747
 20
10991.4695
 30
5593.2922
 11
7316.8066
 21
11023.9887
 31
5580.2845
  0
LINE
  8
0
 10
7316.8066
 20
11023.9887
 30
5580.2845
 11
7243.6386
 21
8097.266
 31
6750.9736
  0
LINE
  8
0
 10
7243.6386
 20
8097.266
 30
6750.9736
 11
7316.8066
 21
11446.7375
 31
5411.185
  0
LINE
  8
0
 10
7316.8066
 20
11446.7375
 30
5411.185
 11
7268.0279
 21
13300.3285
 31
4669.7486
  0
LINE
  8
0
 10
7268.0279
 20
13300.3285
 30
4669.7486
 11
7292.4173
 21
14080.7879
 31
4357.5648
  0
LINE
  8
0
 10
7292.4173
 20
14080.7879
 30
4357.5648
 11
7316.8066
 21
12877.5797
 31
4838.8481
  0
LINE
  8
0
 10
7316.8066
 20
12877.5797
 30
4838.8481
 11
7365.5854
 21
15283.9961
 31
3876.2816
  0
LINE
  8
0
 10
7365.5854
 20
15283.9961
 30
3876.2816
 11
7414.3641
 21
14405.9793
 31
4227.4883
  0
LINE
  8
0
 10
7414.3641
 20
14405.9793
 30
4227.4883
 11
7438.7534
 21
14958.8047
 31
4006.3581
  0
LINE
  8
0
 10
7438.7534
 20
14958.8047
 30
4006.3581
 11
7658.2576
 21
15381.5535
 31
3837.2586
  0
LINE
  8
0
 10
7658.2576
 20
15381.5535
 30
3837.2586
 11
10487.4229
 21
15381.5535
 31
3837.2586
  0
LINE
  8
0
 10
10487.4229
 20
15381.5535
 30
3837.2586
 11
8097.266
 21
15446.5918
 31
3811.2433
  0
LINE
  8
0
 10
8097.266
 20
15446.5918
 30
3811.2433
 11
8560.6638
 21
15479.1109
 31
3798.2356
  0
LINE
  8
0
 10
8560.6638
 20
15479.1109
 30
3798.2356
 11
8585.0531
 21
15511.6301
 31
3785.228
  0
LINE
  8
0
 10
14682.392
 20
15479.1109
 30
3798.2356
 11
12853.1903
 21
15446.5918
 31
3811.2433
  0
LINE
  8
0
 10
12853.1903
 20
15446.5918
 30
3811.2433
 11
14658.0026
 21
15446.5918
 31
3811.2433
  0
LINE
  8
0
 10
14658.0026
 20
15446.5918
 30
3811.2433
 11
14682.392
 21
15479.1109
 31
3798.2356
  0
LINE
  8
0
 10
11682.5013
 20
15414.0727
 30
3824.2509
 11
10633.759
 21
15414.0727
 31
3824.2509
  0
LINE
  8
0
 10
10633.759
 20
15414.0727
 30
3824.2509
 11
11658.1119
 21
15381.5535
 31
3837.2586
  0
LINE
  8
0
 10
11658.1119
 20
15381.5535
 30
3837.2586
 11
11682.5013
 21
15414.0727
 31
3824.2509
  0
LINE
  8
0
 10
14584.8346
 20
15316.5152
 30
3863.2739
 11
10682.5377
 21
15283.9961
 31
3876.2816
  0
LINE
  8
0
 10
10682.5377
 20
15283.9961
 30
3876.2816
 11
10658.1483
 21
12129.6395
 31
5138.0242
  0
LINE
  8
0
 10
10658.1483
 20
12129.6395
 30
5138.0242
 11
14658.0026
 21
12097.1203
 31
5151.0319
  0
LINE
  8
0
 10
14658.0026
 20
12097.1203
 30
5151.0319
 11
14682.392
 21
14796.209
 31
4071.3964
  0
LINE
  8
0
 10
14682.392
 20
14796.209
 30
4071.3964
 11
14609.2239
 21
15349.0344
 31
3850.2662
  0
LINE
  8
0
 10
14609.2239
 20
15349.0344
 30
3850.2662
 11
14584.8346
 21
15316.5152
 31
3863.2739
  0
LINE
  8
0
 10
6999.745
 20
15056.3621
 30
3967.3352
 11
6975.3557
 21
14178.3453
 31
4318.5419
  0
LINE
  8
0
 10
6975.3557
 20
14178.3453
 30
4318.5419
 11
6999.745
 21
15023.843
 31
3980.3428
  0
LINE
  8
0
 10
6999.745
 20
15023.843
 30
3980.3428
 11
6999.745
 21
15056.3621
 31
3967.3352
  0
LINE
  8
0
 10
19218.8121
 20
14926.2855
 30
4019.3658
 11
19194.4228
 21
14633.6133
 31
4136.4347
  0
LINE
  8
0
 10
19194.4228
 20
14633.6133
 30
4136.4347
 11
19218.8121
 21
14893.7664
 31
4032.3734
  0
LINE
  8
0
 10
19218.8121
 20
14893.7664
 30
4032.3734
 11
19218.8121
 21
14926.2855
 31
4019.3658
  0
LINE
  8
0
 10
19218.8121
 20
14601.0941
 30
4149.4423
 11
19194.4228
 21
14308.4219
 31
4266.5113
  0
LINE
  8
0
 10
19194.4228
 20
14308.4219
 30
4266.5113
 11
19218.8121
 21
14568.575
 31
4162.45
  0
LINE
  8
0
 10
19218.8121
 20
14568.575
 30
4162.45
 11
19218.8121
 21
14601.0941
 31
4149.4423
  0
LINE
  8
0
 10
7292.4173
 20
14503.5367
 30
4188.4653
 11
7292.4173
 21
14243.3836
 31
4292.5266
  0
LINE
  8
0
 10
7292.4173
 20
14243.3836
 30
4292.5266
 11
7292.4173
 21
14471.0176
 31
4201.473
  0
LINE
  8
0
 10
7292.4173
 20
14471.0176
 30
4201.473
 11
7292.4173
 21
14503.5367
 31
4188.4653
  0
LINE
  8
0
 10
7414.3641
 20
14308.4219
 30
4266.5113
 11
7389.9747
 21
13527.9625
 31
4578.695
  0
LINE
  8
0
 10
7389.9747
 20
13527.9625
 30
4578.695
 11
7414.3641
 21
14275.9027
 31
4279.5189
  0
LINE
  8
0
 10
7414.3641
 20
14275.9027
 30
4279.5189
 11
7414.3641
 21
14308.4219
 31
4266.5113
  0
LINE
  8
0
 10
18487.1314
 20
14308.4219
 30
4266.5113
 11
18462.7421
 21
13853.1539
 31
4448.6184
  0
LINE
  8
0
 10
18462.7421
 20
13853.1539
 30
4448.6184
 11
18487.1314
 21
14275.9027
 31
4279.5189
  0
LINE
  8
0
 10
18487.1314
 20
14275.9027
 30
4279.5189
 11
18487.1314
 21
14308.4219
 31
4266.5113
  0
LINE
  8
0
 10
18048.123
 20
14113.307
 30
4344.5572
 11
18023.7337
 21
13885.673
 31
4435.6108
  0
LINE
  8
0
 10
18023.7337
 20
13885.673
 30
4435.6108
 11
18048.123
 21
14080.7879
 31
4357.5648
  0
LINE
  8
0
 10
18048.123
 20
14080.7879
 30
4357.5648
 11
18048.123
 21
14113.307
 31
4344.5572
  0
LINE
  8
0
 10
19243.2015
 20
13885.673
 30
4435.6108
 11
19218.8121
 21
13527.9625
 31
4578.695
  0
LINE
  8
0
 10
19218.8121
 20
13527.9625
 30
4578.695
 11
19243.2015
 21
13853.1539
 31
4448.6184
  0
LINE
  8
0
 10
19243.2015
 20
13853.1539
 30
4448.6184
 11
19243.2015
 21
13885.673
 31
4435.6108
  0
LINE
  8
0
 10
6121.7282
 20
13527.9625
 30
4578.695
 11
6097.3389
 21
12454.8309
 31
5007.9477
  0
LINE
  8
0
 10
6097.3389
 20
12454.8309
 30
5007.9477
 11
6121.7282
 21
13495.4434
 31
4591.7027
  0
LINE
  8
0
 10
6121.7282
 20
13495.4434
 30
4591.7027
 11
6121.7282
 21
13527.9625
 31
4578.695
  0
LINE
  8
0
 10
18072.5124
 20
13495.4434
 30
4591.7027
 11
18048.123
 21
13267.8094
 31
4682.7562
  0
LINE
  8
0
 10
18048.123
 20
13267.8094
 30
4682.7562
 11
18072.5124
 21
13462.9242
 31
4604.7103
  0
LINE
  8
0
 10
18072.5124
 20
13462.9242
 30
4604.7103
 11
18072.5124
 21
13495.4434
 31
4591.7027
  0
LINE
  8
0
 10
18511.5208
 20
13332.8477
 30
4656.7409
 11
18487.1314
 21
12910.0988
 31
4825.8405
  0
LINE
  8
0
 10
18487.1314
 20
12910.0988
 30
4825.8405
 11
18511.5208
 21
13300.3285
 31
4669.7486
  0
LINE
  8
0
 10
18511.5208
 20
13300.3285
 30
4669.7486
 11
18511.5208
 21
13332.8477
 31
4656.7409
  0
LINE
  8
0
 10
19267.5908
 20
13235.2902
 30
4695.7639
 11
19243.2015
 21
12519.8691
 31
4981.9323
  0
LINE
  8
0
 10
19243.2015
 20
12519.8691
 30
4981.9323
 11
19267.5908
 21
13202.7711
 31
4708.7716
  0
LINE
  8
0
 10
19267.5908
 20
13202.7711
 30
4708.7716
 11
19267.5908
 21
13235.2902
 31
4695.7639
  0
LINE
  8
0
 10
18072.5124
 20
13202.7711
 30
4708.7716
 11
18048.123
 21
13007.6562
 31
4786.8175
  0
LINE
  8
0
 10
18048.123
 20
13007.6562
 30
4786.8175
 11
18072.5124
 21
13170.252
 31
4721.7792
  0
LINE
  8
0
 10
18072.5124
 20
13170.252
 30
4721.7792
 11
18072.5124
 21
13202.7711
 31
4708.7716
  0
LINE
  8
0
 10
20926.067
 20
12942.618
 30
4812.8328
 11
20755.3415
 21
12910.0988
 31
4825.8405
  0
LINE
  8
0
 10
20755.3415
 20
12910.0988
 30
4825.8405
 11
20901.6776
 21
12910.0988
 31
4825.8405
  0
LINE
  8
0
 10
20901.6776
 20
12910.0988
 30
4825.8405
 11
20926.067
 21
12942.618
 31
4812.8328
  0
LINE
  8
0
 10
20755.3415
 20
12877.5797
 30
4838.8481
 11
20243.165
 21
12714.984
 31
4903.8864
  0
LINE
  8
0
 10
20243.165
 20
12714.984
 30
4903.8864
 11
20291.9437
 21
12649.9457
 31
4929.9017
  0
LINE
  8
0
 10
20291.9437
 20
12649.9457
 30
4929.9017
 11
20730.9521
 21
12845.0605
 31
4851.8558
  0
LINE
  8
0
 10
20730.9521
 20
12845.0605
 30
4851.8558
 11
20755.3415
 21
12877.5797
 31
4838.8481
  0
LINE
  8
0
 10
21023.6244
 20
12877.5797
 30
4838.8481
 11
19852.9354
 21
12454.8309
 31
5007.9477
  0
LINE
  8
0
 10
19852.9354
 20
12454.8309
 30
5007.9477
 11
21023.6244
 21
12845.0605
 31
4851.8558
  0
LINE
  8
0
 10
21023.6244
 20
12845.0605
 30
4851.8558
 11
21023.6244
 21
12877.5797
 31
4838.8481
  0
LINE
  8
0
 10
4365.6946
 20
12812.5414
 30
4864.8634
 11
4268.1372
 21
12780.0223
 31
4877.8711
  0
LINE
  8
0
 10
4268.1372
 20
12780.0223
 30
4877.8711
 11
4780.3137
 21
12649.9457
 31
4929.9017
  0
LINE
  8
0
 10
4780.3137
 20
12649.9457
 30
4929.9017
 11
4390.084
 21
12812.5414
 31
4864.8634
  0
LINE
  8
0
 10
4390.084
 20
12812.5414
 30
4864.8634
 11
4365.6946
 21
12812.5414
 31
4864.8634
  0
LINE
  8
0
 10
20243.165
 20
12682.4648
 30
4916.8941
 11
20048.0502
 21
12649.9457
 31
4929.9017
  0
LINE
  8
0
 10
20048.0502
 20
12649.9457
 30
4929.9017
 11
20218.7757
 21
12649.9457
 31
4929.9017
  0
LINE
  8
0
 10
20218.7757
 20
12649.9457
 30
4929.9017
 11
20243.165
 21
12682.4648
 31
4916.8941
  0
LINE
  8
0
 10
21023.6244
 20
12682.4648
 30
4916.8941
 11
19877.3247
 21
12292.2352
 31
5072.9859
  0
LINE
  8
0
 10
19877.3247
 20
12292.2352
 30
5072.9859
 11
19974.8821
 21
8617.5723
 31
6542.8511
  0
LINE
  8
0
 10
19974.8821
 20
8617.5723
 30
6542.8511
 11
20096.8289
 21
7414.3641
 31
7024.1344
  0
LINE
  8
0
 10
20096.8289
 20
7414.3641
 30
7024.1344
 11
21218.7393
 21
7089.1727
 31
7154.2109
  0
LINE
  8
0
 10
21218.7393
 20
7089.1727
 30
7154.2109
 11
21169.9605
 21
8747.6488
 31
6490.8205
  0
LINE
  8
0
 10
21169.9605
 20
8747.6488
 30
6490.8205
 11
20218.7757
 21
8942.7637
 31
6412.7745
  0
LINE
  8
0
 10
20218.7757
 20
8942.7637
 30
6412.7745
 11
20145.6076
 21
10666.2781
 31
5723.3688
  0
LINE
  8
0
 10
20145.6076
 20
10666.2781
 30
5723.3688
 11
20145.6076
 21
11023.9887
 31
5580.2845
  0
LINE
  8
0
 10
20145.6076
 20
11023.9887
 30
5580.2845
 11
20267.5544
 21
11089.027
 31
5554.2692
  0
LINE
  8
0
 10
20267.5544
 20
11089.027
 30
5554.2692
 11
20316.3331
 21
11056.5078
 31
5567.2769
  0
LINE
  8
0
 10
20316.3331
 20
11056.5078
 30
5567.2769
 11
20169.997
 21
10991.4695
 31
5593.2922
  0
LINE
  8
0
 10
20169.997
 20
10991.4695
 30
5593.2922
 11
20194.3863
 21
10861.393
 31
5645.3228
  0
LINE
  8
0
 10
20194.3863
 20
10861.393
 30
5645.3228
 11
21096.7925
 21
10861.393
 31
5645.3228
  0
LINE
  8
0
 10
21096.7925
 20
10861.393
 30
5645.3228
 11
21072.4031
 21
11154.0652
 31
5528.2539
  0
LINE
  8
0
 10
21072.4031
 20
11154.0652
 30
5528.2539
 11
20365.1118
 21
11089.027
 31
5554.2692
  0
LINE
  8
0
 10
20365.1118
 20
11089.027
 30
5554.2692
 11
21072.4031
 21
11219.1035
 31
5502.2386
  0
LINE
  8
0
 10
21072.4031
 20
11219.1035
 30
5502.2386
 11
21023.6244
 21
12649.9457
 31
4929.9017
  0
LINE
  8
0
 10
21023.6244
 20
12649.9457
 30
4929.9017
 11
21023.6244
 21
12682.4648
 31
4916.8941
  0
LINE
  8
0
 10
4853.4817
 20
12649.9457
 30
4929.9017
 11
4780.3137
 21
12617.4266
 31
4942.9094
  0
LINE
  8
0
 10
4780.3137
 20
12617.4266
 30
4942.9094
 11
5097.3753
 21
12487.35
 31
4994.94
  0
LINE
  8
0
 10
5097.3753
 20
12487.35
 30
4994.94
 11
5146.154
 21
12552.3883
 31
4968.9247
  0
LINE
  8
0
 10
5146.154
 20
12552.3883
 30
4968.9247
 11
4877.8711
 21
12649.9457
 31
4929.9017
  0
LINE
  8
0
 10
4877.8711
 20
12649.9457
 30
4929.9017
 11
4853.4817
 21
12649.9457
 31
4929.9017
  0
LINE
  8
0
 10
19926.1034
 20
12552.3883
 30
4968.9247
 11
19999.2715
 21
12584.9074
 31
4955.917
  0
LINE
  8
0
 10
19999.2715
 20
12584.9074
 30
4955.917
 11
19828.546
 21
12552.3883
 31
4968.9247
  0
LINE
  8
0
 10
19828.546
 20
12552.3883
 30
4968.9247
 11
19901.7141
 21
12519.8691
 31
4981.9323
  0
LINE
  8
0
 10
19901.7141
 20
12519.8691
 30
4981.9323
 11
19926.1034
 21
12552.3883
 31
4968.9247
  0
LINE
  8
0
 10
4341.3053
 20
12519.8691
 30
4981.9323
 11
4170.5798
 21
12487.35
 31
4994.94
  0
LINE
  8
0
 10
4170.5798
 20
12487.35
 30
4994.94
 11
4146.1904
 21
11154.0652
 31
5528.2539
  0
LINE
  8
0
 10
4146.1904
 20
11154.0652
 30
5528.2539
 11
4390.084
 21
11089.027
 31
5554.2692
  0
LINE
  8
0
 10
4390.084
 20
11089.027
 30
5554.2692
 11
4170.5798
 21
11089.027
 31
5554.2692
  0
LINE
  8
0
 10
4170.5798
 20
11089.027
 30
5554.2692
 11
4146.1904
 21
10926.4312
 31
5619.3075
  0
LINE
  8
0
 10
4146.1904
 20
10926.4312
 30
5619.3075
 11
5121.7646
 21
10796.3547
 31
5671.3381
  0
LINE
  8
0
 10
5121.7646
 20
10796.3547
 30
5671.3381
 11
5146.154
 21
10666.2781
 31
5723.3688
  0
LINE
  8
0
 10
5146.154
 20
10666.2781
 30
5723.3688
 11
5219.3221
 21
10763.8355
 31
5684.3458
  0
LINE
  8
0
 10
5219.3221
 20
10763.8355
 30
5684.3458
 11
5194.9327
 21
10926.4312
 31
5619.3075
  0
LINE
  8
0
 10
5194.9327
 20
10926.4312
 30
5619.3075
 11
5072.9859
 21
10991.4695
 31
5593.2922
  0
LINE
  8
0
 10
5072.9859
 20
10991.4695
 30
5593.2922
 11
5219.3221
 21
10958.9504
 31
5606.2998
  0
LINE
  8
0
 10
5219.3221
 20
10958.9504
 30
5606.2998
 11
5194.9327
 21
9235.4359
 31
6295.7056
  0
LINE
  8
0
 10
5194.9327
 20
9235.4359
 30
6295.7056
 11
5121.7646
 21
8877.7254
 31
6438.7898
  0
LINE
  8
0
 10
5121.7646
 20
8877.7254
 30
6438.7898
 11
4097.4117
 21
8715.1297
 31
6503.8281
  0
LINE
  8
0
 10
4097.4117
 20
8715.1297
 30
6503.8281
 11
4097.4117
 21
7024.1344
 31
7180.2262
  0
LINE
  8
0
 10
4097.4117
 20
7024.1344
 30
7180.2262
 11
4755.9243
 21
7219.2492
 31
7102.1803
  0
LINE
  8
0
 10
4755.9243
 20
7219.2492
 30
7102.1803
 11
4829.0924
 21
7316.8066
 31
7063.1573
  0
LINE
  8
0
 10
4829.0924
 20
7316.8066
 30
7063.1573
 11
4829.0924
 21
7804.5938
 31
6868.0425
  0
LINE
  8
0
 10
4829.0924
 20
7804.5938
 30
6868.0425
 11
4853.4817
 21
7284.2875
 31
7076.165
  0
LINE
  8
0
 10
4853.4817
 20
7284.2875
 30
7076.165
 11
5414.4369
 21
7446.8832
 31
7011.1267
  0
LINE
  8
0
 10
5414.4369
 20
7446.8832
 30
7011.1267
 11
5365.6582
 21
7479.4023
 31
6998.1191
  0
LINE
  8
0
 10
5365.6582
 20
7479.4023
 30
6998.1191
 11
5463.2156
 21
9690.7039
 31
6113.5984
  0
LINE
  8
0
 10
5463.2156
 20
9690.7039
 30
6113.5984
 11
5463.2156
 21
12194.6777
 31
5112.0089
  0
LINE
  8
0
 10
5463.2156
 20
12194.6777
 30
5112.0089
 11
4365.6946
 21
12519.8691
 31
4981.9323
  0
LINE
  8
0
 10
4365.6946
 20
12519.8691
 30
4981.9323
 11
4341.3053
 21
12519.8691
 31
4981.9323
  0
LINE
  8
0
 10
5243.7114
 20
12519.8691
 30
4981.9323
 11
5146.154
 21
12519.8691
 31
4981.9323
  0
LINE
  8
0
 10
5146.154
 20
12519.8691
 30
4981.9323
 11
5268.1008
 21
12389.7926
 31
5033.963
  0
LINE
  8
0
 10
5268.1008
 20
12389.7926
 30
5033.963
 11
5463.2156
 21
12422.3117
 31
5020.9553
  0
LINE
  8
0
 10
5463.2156
 20
12422.3117
 30
5020.9553
 11
5268.1008
 21
12519.8691
 31
4981.9323
  0
LINE
  8
0
 10
5268.1008
 20
12519.8691
 30
4981.9323
 11
5243.7114
 21
12519.8691
 31
4981.9323
  0
LINE
  8
0
 10
5072.9859
 20
12487.35
 30
4994.94
 11
4999.8179
 21
12454.8309
 31
5007.9477
  0
LINE
  8
0
 10
4999.8179
 20
12454.8309
 30
5007.9477
 11
5268.1008
 21
12389.7926
 31
5033.963
  0
LINE
  8
0
 10
5268.1008
 20
12389.7926
 30
5033.963
 11
5097.3753
 21
12487.35
 31
4994.94
  0
LINE
  8
0
 10
5097.3753
 20
12487.35
 30
4994.94
 11
5072.9859
 21
12487.35
 31
4994.94
  0
LINE
  8
0
 10
18535.9102
 20
12422.3117
 30
5020.9553
 11
18511.5208
 21
12129.6395
 31
5138.0242
  0
LINE
  8
0
 10
18511.5208
 20
12129.6395
 30
5138.0242
 11
18535.9102
 21
12389.7926
 31
5033.963
  0
LINE
  8
0
 10
18535.9102
 20
12389.7926
 30
5033.963
 11
18535.9102
 21
12422.3117
 31
5020.9553
  0
LINE
  8
0
 10
5414.4369
 20
12357.2734
 30
5046.9706
 11
5292.4901
 21
12389.7926
 31
5033.963
  0
LINE
  8
0
 10
5292.4901
 20
12389.7926
 30
5033.963
 11
5390.0476
 21
12324.7543
 31
5059.9783
  0
LINE
  8
0
 10
5390.0476
 20
12324.7543
 30
5059.9783
 11
5414.4369
 21
12357.2734
 31
5046.9706
  0
LINE
  8
0
 10
18096.9018
 20
12357.2734
 30
5046.9706
 11
18072.5124
 21
12097.1203
 31
5151.0319
  0
LINE
  8
0
 10
18072.5124
 20
12097.1203
 30
5151.0319
 11
18096.9018
 21
12324.7543
 31
5059.9783
  0
LINE
  8
0
 10
18096.9018
 20
12324.7543
 30
5059.9783
 11
18096.9018
 21
12357.2734
 31
5046.9706
  0
LINE
  8
0
 10
6097.3389
 20
12227.1969
 30
5099.0013
 11
6072.9495
 21
12032.082
 31
5177.0472
  0
LINE
  8
0
 10
6072.9495
 20
12032.082
 30
5177.0472
 11
6097.3389
 21
12194.6777
 31
5112.0089
  0
LINE
  8
0
 10
6097.3389
 20
12194.6777
 30
5112.0089
 11
6097.3389
 21
12227.1969
 31
5099.0013
  0
LINE
  8
0
 10
6268.0644
 20
12194.6777
 30
5112.0089
 11
6146.1176
 21
12194.6777
 31
5112.0089
  0
LINE
  8
0
 10
6146.1176
 20
12194.6777
 30
5112.0089
 11
6243.675
 21
12162.1586
 31
5125.0166
  0
LINE
  8
0
 10
6243.675
 20
12162.1586
 30
5125.0166
 11
6268.0644
 21
12194.6777
 31
5112.0089
  0
LINE
  8
0
 10
6365.6218
 20
12162.1586
 30
5125.0166
 11
6243.675
 21
12162.1586
 31
5125.0166
  0
LINE
  8
0
 10
6243.675
 20
12162.1586
 30
5125.0166
 11
6341.2324
 21
12129.6395
 31
5138.0242
  0
LINE
  8
0
 10
6341.2324
 20
12129.6395
 30
5138.0242
 11
6365.6218
 21
12162.1586
 31
5125.0166
  0
LINE
  8
0
 10
7389.9747
 20
12162.1586
 30
5125.0166
 11
7365.5854
 21
11999.5629
 31
5190.0548
  0
LINE
  8
0
 10
7365.5854
 20
11999.5629
 30
5190.0548
 11
7389.9747
 21
12129.6395
 31
5138.0242
  0
LINE
  8
0
 10
7389.9747
 20
12129.6395
 30
5138.0242
 11
7389.9747
 21
12162.1586
 31
5125.0166
  0
LINE
  8
0
 10
18974.9186
 20
12129.6395
 30
5138.0242
 11
18804.1931
 21
12097.1203
 31
5151.0319
  0
LINE
  8
0
 10
18804.1931
 20
12097.1203
 30
5151.0319
 11
18950.5292
 21
12097.1203
 31
5151.0319
  0
LINE
  8
0
 10
18950.5292
 20
12097.1203
 30
5151.0319
 11
18974.9186
 21
12129.6395
 31
5138.0242
  0
LINE
  8
0
 10
6682.6834
 20
12064.6012
 30
5164.0395
 11
6560.7366
 21
12064.6012
 31
5164.0395
  0
LINE
  8
0
 10
6560.7366
 20
12064.6012
 30
5164.0395
 11
6658.294
 21
12032.082
 31
5177.0472
  0
LINE
  8
0
 10
6658.294
 20
12032.082
 30
5177.0472
 11
6682.6834
 21
12064.6012
 31
5164.0395
  0
LINE
  8
0
 10
18048.123
 20
12032.082
 30
5177.0472
 11
17413.9998
 21
12032.082
 31
5177.0472
  0
LINE
  8
0
 10
17413.9998
 20
12032.082
 30
5177.0472
 11
18023.7337
 21
11999.5629
 31
5190.0548
  0
LINE
  8
0
 10
18023.7337
 20
11999.5629
 30
5190.0548
 11
18048.123
 21
12032.082
 31
5177.0472
  0
LINE
  8
0
 10
6194.8963
 20
11999.5629
 30
5190.0548
 11
6121.7282
 21
11967.0438
 31
5203.0625
  0
LINE
  8
0
 10
6121.7282
 20
11967.0438
 30
5203.0625
 11
6121.7282
 21
10861.393
 31
5645.3228
  0
LINE
  8
0
 10
6121.7282
 20
10861.393
 30
5645.3228
 11
6536.3473
 21
10796.3547
 31
5671.3381
  0
LINE
  8
0
 10
6536.3473
 20
10796.3547
 30
5671.3381
 11
6146.1176
 21
10828.8738
 31
5658.3305
  0
LINE
  8
0
 10
6146.1176
 20
10828.8738
 30
5658.3305
 11
6121.7282
 21
10698.7973
 31
5710.3611
  0
LINE
  8
0
 10
6121.7282
 20
10698.7973
 30
5710.3611
 11
6633.9047
 21
10568.7207
 31
5762.3917
  0
LINE
  8
0
 10
6633.9047
 20
10568.7207
 30
5762.3917
 11
6707.0728
 21
10731.3164
 31
5697.3534
  0
LINE
  8
0
 10
6707.0728
 20
10731.3164
 30
5697.3534
 11
6682.6834
 21
9398.0316
 31
6230.6673
  0
LINE
  8
0
 10
6682.6834
 20
9398.0316
 30
6230.6673
 11
6633.9047
 21
9072.8402
 31
6360.7439
  0
LINE
  8
0
 10
6633.9047
 20
9072.8402
 30
6360.7439
 11
6072.9495
 21
8975.2828
 31
6399.7669
  0
LINE
  8
0
 10
6072.9495
 20
8975.2828
 30
6399.7669
 11
6048.5602
 21
8520.0148
 31
6581.8741
  0
LINE
  8
0
 10
6048.5602
 20
8520.0148
 30
6581.8741
 11
5999.7814
 21
9040.3211
 31
6373.7516
  0
LINE
  8
0
 10
5999.7814
 20
9040.3211
 30
6373.7516
 11
5999.7814
 21
7251.7684
 31
7089.1727
  0
LINE
  8
0
 10
5999.7814
 20
7251.7684
 30
7089.1727
 11
6048.5602
 21
7641.998
 31
6933.0808
  0
LINE
  8
0
 10
6048.5602
 20
7641.998
 30
6933.0808
 11
6511.9579
 21
7869.632
 31
6842.0272
  0
LINE
  8
0
 10
6511.9579
 20
7869.632
 30
6842.0272
 11
6487.5686
 21
8780.168
 31
6477.8128
  0
LINE
  8
0
 10
6487.5686
 20
8780.168
 30
6477.8128
 11
6609.5153
 21
8747.6488
 31
6490.8205
  0
LINE
  8
0
 10
6609.5153
 20
8747.6488
 30
6490.8205
 11
6536.3473
 21
8520.0148
 31
6581.8741
  0
LINE
  8
0
 10
6536.3473
 20
8520.0148
 30
6581.8741
 11
6536.3473
 21
7837.1129
 31
6855.0348
  0
LINE
  8
0
 10
6536.3473
 20
7837.1129
 30
6855.0348
 11
6804.6302
 21
7999.7086
 31
6789.9966
  0
LINE
  8
0
 10
6804.6302
 20
7999.7086
 30
6789.9966
 11
6877.7982
 21
11706.8906
 31
5307.1237
  0
LINE
  8
0
 10
6877.7982
 20
11706.8906
 30
5307.1237
 11
6829.0195
 21
11609.3332
 31
5346.1467
  0
LINE
  8
0
 10
6829.0195
 20
11609.3332
 30
5346.1467
 11
6853.4089
 21
11771.9289
 31
5281.1084
  0
LINE
  8
0
 10
6853.4089
 20
11771.9289
 30
5281.1084
 11
6780.2408
 21
11836.9672
 31
5255.0931
  0
LINE
  8
0
 10
6780.2408
 20
11836.9672
 30
5255.0931
 11
6219.2856
 21
11967.0438
 31
5203.0625
  0
LINE
  8
0
 10
6219.2856
 20
11967.0438
 30
5203.0625
 11
6194.8963
 21
11999.5629
 31
5190.0548
  0
LINE
  8
0
 10
12828.801
 20
11999.5629
 30
5190.0548
 11
10609.3696
 21
11967.0438
 31
5203.0625
  0
LINE
  8
0
 10
10609.3696
 20
11967.0438
 30
5203.0625
 11
12804.4116
 21
11967.0438
 31
5203.0625
  0
LINE
  8
0
 10
12804.4116
 20
11967.0438
 30
5203.0625
 11
12828.801
 21
11999.5629
 31
5190.0548
  0
LINE
  8
0
 10
14731.1707
 20
11999.5629
 30
5190.0548
 11
13023.9158
 21
11999.5629
 31
5190.0548
  0
LINE
  8
0
 10
13023.9158
 20
11999.5629
 30
5190.0548
 11
14706.7813
 21
11967.0438
 31
5203.0625
  0
LINE
  8
0
 10
14706.7813
 20
11967.0438
 30
5203.0625
 11
14731.1707
 21
11999.5629
 31
5190.0548
  0
LINE
  8
0
 10
16657.9298
 20
11999.5629
 30
5190.0548
 11
14877.5068
 21
11999.5629
 31
5190.0548
  0
LINE
  8
0
 10
14877.5068
 20
11999.5629
 30
5190.0548
 11
16633.5404
 21
11967.0438
 31
5203.0625
  0
LINE
  8
0
 10
16633.5404
 20
11967.0438
 30
5203.0625
 11
16657.9298
 21
11999.5629
 31
5190.0548
  0
LINE
  8
0
 10
6097.3389
 20
11967.0438
 30
5203.0625
 11
6072.9495
 21
11186.5844
 31
5515.2462
  0
LINE
  8
0
 10
6072.9495
 20
11186.5844
 30
5515.2462
 11
6097.3389
 21
11934.5246
 31
5216.0702
  0
LINE
  8
0
 10
6097.3389
 20
11934.5246
 30
5216.0702
 11
6097.3389
 21
11967.0438
 31
5203.0625
  0
LINE
  8
0
 10
10170.3612
 20
11967.0438
 30
5203.0625
 11
9682.5741
 21
11967.0438
 31
5203.0625
  0
LINE
  8
0
 10
9682.5741
 20
11967.0438
 30
5203.0625
 11
10145.9719
 21
11934.5246
 31
5216.0702
  0
LINE
  8
0
 10
10145.9719
 20
11934.5246
 30
5216.0702
 11
10170.3612
 21
11967.0438
 31
5203.0625
  0
LINE
  8
0
 10
10316.6974
 20
11967.0438
 30
5203.0625
 11
10170.3612
 21
11967.0438
 31
5203.0625
  0
LINE
  8
0
 10
10170.3612
 20
11967.0438
 30
5203.0625
 11
10292.308
 21
11934.5246
 31
5216.0702
  0
LINE
  8
0
 10
10292.308
 20
11934.5246
 30
5216.0702
 11
10316.6974
 21
11967.0438
 31
5203.0625
  0
LINE
  8
0
 10
12975.1371
 20
11967.0438
 30
5203.0625
 11
12853.1903
 21
11967.0438
 31
5203.0625
  0
LINE
  8
0
 10
12853.1903
 20
11967.0438
 30
5203.0625
 11
12950.7478
 21
11934.5246
 31
5216.0702
  0
LINE
  8
0
 10
12950.7478
 20
11934.5246
 30
5216.0702
 11
12975.1371
 21
11967.0438
 31
5203.0625
  0
LINE
  8
0
 10
8536.2744
 20
11934.5246
 30
5216.0702
 11
7389.9747
 21
11934.5246
 31
5216.0702
  0
LINE
  8
0
 10
7389.9747
 20
11934.5246
 30
5216.0702
 11
8511.8851
 21
11902.0055
 31
5229.0778
  0
LINE
  8
0
 10
8511.8851
 20
11902.0055
 30
5229.0778
 11
8536.2744
 21
11934.5246
 31
5216.0702
  0
LINE
  8
0
 10
9292.3444
 20
11934.5246
 30
5216.0702
 11
8560.6638
 21
11934.5246
 31
5216.0702
  0
LINE
  8
0
 10
8560.6638
 20
11934.5246
 30
5216.0702
 11
9267.9551
 21
11902.0055
 31
5229.0778
  0
LINE
  8
0
 10
9267.9551
 20
11902.0055
 30
5229.0778
 11
9292.3444
 21
11934.5246
 31
5216.0702
  0
LINE
  8
0
 10
9536.238
 20
11934.5246
 30
5216.0702
 11
9365.5125
 21
11934.5246
 31
5216.0702
  0
LINE
  8
0
 10
9365.5125
 20
11934.5246
 30
5216.0702
 11
9511.8486
 21
11902.0055
 31
5229.0778
  0
LINE
  8
0
 10
9511.8486
 20
11902.0055
 30
5229.0778
 11
9536.238
 21
11934.5246
 31
5216.0702
  0
LINE
  8
0
 10
17560.3359
 20
11869.4863
 30
5242.0855
 11
14877.5068
 21
11804.448
 31
5268.1008
  0
LINE
  8
0
 10
14877.5068
 20
11804.448
 30
5268.1008
 11
14975.0643
 21
7999.7086
 31
6789.9966
  0
LINE
  8
0
 10
14975.0643
 20
7999.7086
 30
6789.9966
 11
18072.5124
 21
8032.2277
 31
6776.9889
  0
LINE
  8
0
 10
18072.5124
 20
8032.2277
 30
6776.9889
 11
17974.955
 21
11674.3715
 31
5320.1314
  0
LINE
  8
0
 10
17974.955
 20
11674.3715
 30
5320.1314
 11
17901.7869
 21
11869.4863
 31
5242.0855
  0
LINE
  8
0
 10
17901.7869
 20
11869.4863
 30
5242.0855
 11
17584.7253
 21
11869.4863
 31
5242.0855
  0
LINE
  8
0
 10
17584.7253
 20
11869.4863
 30
5242.0855
 11
17560.3359
 21
11869.4863
 31
5242.0855
  0
LINE
  8
0
 10
7389.9747
 20
11836.9672
 30
5255.0931
 11
7365.5854
 21
11479.2566
 31
5398.1773
  0
LINE
  8
0
 10
7365.5854
 20
11479.2566
 30
5398.1773
 11
7389.9747
 21
11804.448
 31
5268.1008
  0
LINE
  8
0
 10
7389.9747
 20
11804.448
 30
5268.1008
 11
7389.9747
 21
11836.9672
 31
5255.0931
  0
LINE
  8
0
 10
10706.9271
 20
11836.9672
 30
5255.0931
 11
10633.759
 21
11706.8906
 31
5307.1237
  0
LINE
  8
0
 10
10633.759
 20
11706.8906
 30
5307.1237
 11
10658.1483
 21
8032.2277
 31
6776.9889
  0
LINE
  8
0
 10
10658.1483
 20
8032.2277
 30
6776.9889
 11
14755.5601
 21
8064.7469
 31
6763.9812
  0
LINE
  8
0
 10
14755.5601
 20
8064.7469
 30
6763.9812
 11
14731.1707
 21
11154.0652
 31
5528.2539
  0
LINE
  8
0
 10
14731.1707
 20
11154.0652
 30
5528.2539
 11
14658.0026
 21
11869.4863
 31
5242.0855
  0
LINE
  8
0
 10
14658.0026
 20
11869.4863
 30
5242.0855
 11
10731.3164
 21
11836.9672
 31
5255.0931
  0
LINE
  8
0
 10
10731.3164
 20
11836.9672
 30
5255.0931
 11
10706.9271
 21
11836.9672
 31
5255.0931
  0
LINE
  8
0
 10
18023.7337
 20
11804.448
 30
5268.1008
 11
17950.5656
 21
11804.448
 31
5268.1008
  0
LINE
  8
0
 10
17950.5656
 20
11804.448
 30
5268.1008
 11
18023.7337
 21
11479.2566
 31
5398.1773
  0
LINE
  8
0
 10
18023.7337
 20
11479.2566
 30
5398.1773
 11
18023.7337
 21
11771.9289
 31
5281.1084
  0
LINE
  8
0
 10
18023.7337
 20
11771.9289
 30
5281.1084
 11
18023.7337
 21
11804.448
 31
5268.1008
  0
LINE
  8
0
 10
6950.9663
 20
11706.8906
 30
5307.1237
 11
6926.577
 21
11186.5844
 31
5515.2462
  0
LINE
  8
0
 10
6926.577
 20
11186.5844
 30
5515.2462
 11
6950.9663
 21
11674.3715
 31
5320.1314
  0
LINE
  8
0
 10
6950.9663
 20
11674.3715
 30
5320.1314
 11
6950.9663
 21
11706.8906
 31
5307.1237
  0
LINE
  8
0
 10
23633.2854
 20
11641.8523
 30
5333.1391
 11
23901.5684
 21
11576.8141
 31
5359.1544
  0
LINE
  8
0
 10
23901.5684
 20
11576.8141
 30
5359.1544
 11
23657.6748
 21
11609.3332
 31
5346.1467
  0
LINE
  8
0
 10
23657.6748
 20
11609.3332
 30
5346.1467
 11
23633.2854
 21
11641.8523
 31
5333.1391
  0
LINE
  8
0
 10
23438.1706
 20
11609.3332
 30
5346.1467
 11
23584.5067
 21
11641.8523
 31
5333.1391
  0
LINE
  8
0
 10
23584.5067
 20
11641.8523
 30
5333.1391
 11
23413.7812
 21
11576.8141
 31
5359.1544
  0
LINE
  8
0
 10
23413.7812
 20
11576.8141
 30
5359.1544
 11
23438.1706
 21
11609.3332
 31
5346.1467
  0
LINE
  8
0
 10
23169.8877
 20
11576.8141
 30
5359.1544
 11
23340.6132
 21
11511.7758
 31
5385.1697
  0
LINE
  8
0
 10
23340.6132
 20
11511.7758
 30
5385.1697
 11
23145.4983
 21
11544.2949
 31
5372.162
  0
LINE
  8
0
 10
23145.4983
 20
11544.2949
 30
5372.162
 11
23169.8877
 21
11576.8141
 31
5359.1544
  0
LINE
  8
0
 10
829.2381
 20
11544.2949
 30
5372.162
 11
1073.1316
 21
11511.7758
 31
5385.1697
  0
LINE
  8
0
 10
1073.1316
 20
11511.7758
 30
5385.1697
 11
829.2381
 21
11511.7758
 31
5385.1697
  0
LINE
  8
0
 10
829.2381
 20
11511.7758
 30
5385.1697
 11
829.2381
 21
11544.2949
 31
5372.162
  0
LINE
  8
0
 10
18560.2995
 20
11544.2949
 30
5372.162
 11
18535.9102
 21
11186.5844
 31
5515.2462
  0
LINE
  8
0
 10
18535.9102
 20
11186.5844
 30
5515.2462
 11
18560.2995
 21
11511.7758
 31
5385.1697
  0
LINE
  8
0
 10
18560.2995
 20
11511.7758
 30
5385.1697
 11
18560.2995
 21
11544.2949
 31
5372.162
  0
LINE
  8
0
 10
22950.3835
 20
11544.2949
 30
5372.162
 11
23072.3303
 21
11479.2566
 31
5398.1773
  0
LINE
  8
0
 10
23072.3303
 20
11479.2566
 30
5398.1773
 11
22925.9941
 21
11511.7758
 31
5385.1697
  0
LINE
  8
0
 10
22925.9941
 20
11511.7758
 30
5385.1697
 11
22950.3835
 21
11544.2949
 31
5372.162
  0
LINE
  8
0
 10
1121.9104
 20
11511.7758
 30
5385.1697
 11
1609.6975
 21
11446.7375
 31
5411.185
  0
LINE
  8
0
 10
1609.6975
 20
11446.7375
 30
5411.185
 11
1463.3613
 21
11284.1418
 31
5476.2233
  0
LINE
  8
0
 10
1463.3613
 20
11284.1418
 30
5476.2233
 11
1536.5294
 21
11446.7375
 31
5411.185
  0
LINE
  8
0
 10
1536.5294
 20
11446.7375
 30
5411.185
 11
1146.2997
 21
11479.2566
 31
5398.1773
  0
LINE
  8
0
 10
1146.2997
 20
11479.2566
 30
5398.1773
 11
1121.9104
 21
11511.7758
 31
5385.1697
  0
LINE
  8
0
 10
22657.7112
 20
11511.7758
 30
5385.1697
 11
22804.0474
 21
11511.7758
 31
5385.1697
  0
LINE
  8
0
 10
22804.0474
 20
11511.7758
 30
5385.1697
 11
22682.1006
 21
11479.2566
 31
5398.1773
  0
LINE
  8
0
 10
22682.1006
 20
11479.2566
 30
5398.1773
 11
22657.7112
 21
11511.7758
 31
5385.1697
  0
LINE
  8
0
 10
22560.1538
 20
11479.2566
 30
5398.1773
 11
22413.8177
 21
11446.7375
 31
5411.185
  0
LINE
  8
0
 10
22413.8177
 20
11446.7375
 30
5411.185
 11
22535.7645
 21
11446.7375
 31
5411.185
  0
LINE
  8
0
 10
22535.7645
 20
11446.7375
 30
5411.185
 11
22560.1538
 21
11479.2566
 31
5398.1773
  0
LINE
  8
0
 10
1024.3529
 20
11446.7375
 30
5411.185
 11
1097.521
 21
11446.7375
 31
5411.185
  0
LINE
  8
0
 10
1097.521
 20
11446.7375
 30
5411.185
 11
1024.3529
 21
11349.1801
 31
5450.208
  0
LINE
  8
0
 10
1024.3529
 20
11349.1801
 30
5450.208
 11
1097.521
 21
11284.1418
 31
5476.2233
  0
LINE
  8
0
 10
1097.521
 20
11284.1418
 30
5476.2233
 11
1024.3529
 21
11284.1418
 31
5476.2233
  0
LINE
  8
0
 10
1024.3529
 20
11284.1418
 30
5476.2233
 11
1048.7423
 21
11414.2184
 31
5424.1927
  0
LINE
  8
0
 10
1048.7423
 20
11414.2184
 30
5424.1927
 11
1024.3529
 21
11446.7375
 31
5411.185
  0
LINE
  8
0
 10
1731.6442
 20
11446.7375
 30
5411.185
 11
2146.2633
 21
11381.6992
 31
5437.2003
  0
LINE
  8
0
 10
2146.2633
 20
11381.6992
 30
5437.2003
 11
1658.4762
 21
11381.6992
 31
5437.2003
  0
LINE
  8
0
 10
1658.4762
 20
11381.6992
 30
5437.2003
 11
1707.2549
 21
11414.2184
 31
5424.1927
  0
LINE
  8
0
 10
1707.2549
 20
11414.2184
 30
5424.1927
 11
1731.6442
 21
11446.7375
 31
5411.185
  0
LINE
  8
0
 10
7243.6386
 20
11414.2184
 30
5424.1927
 11
7243.6386
 21
11089.027
 31
5554.2692
  0
LINE
  8
0
 10
7243.6386
 20
11089.027
 30
5554.2692
 11
7243.6386
 21
11381.6992
 31
5437.2003
  0
LINE
  8
0
 10
7243.6386
 20
11381.6992
 30
5437.2003
 11
7243.6386
 21
11414.2184
 31
5424.1927
  0
LINE
  8
0
 10
24121.0726
 20
11414.2184
 30
5424.1927
 11
24267.4087
 21
11349.1801
 31
5450.208
  0
LINE
  8
0
 10
24267.4087
 20
11349.1801
 30
5450.208
 11
24072.2938
 21
11316.6609
 31
5463.2156
  0
LINE
  8
0
 10
24072.2938
 20
11316.6609
 30
5463.2156
 11
24096.6832
 21
11381.6992
 31
5437.2003
  0
LINE
  8
0
 10
24096.6832
 20
11381.6992
 30
5437.2003
 11
24121.0726
 21
11414.2184
 31
5424.1927
  0
LINE
  8
0
 10
2195.042
 20
11381.6992
 30
5437.2003
 11
2390.1568
 21
11349.1801
 31
5450.208
  0
LINE
  8
0
 10
2390.1568
 20
11349.1801
 30
5450.208
 11
2219.4313
 21
11349.1801
 31
5450.208
  0
LINE
  8
0
 10
2219.4313
 20
11349.1801
 30
5450.208
 11
2195.042
 21
11381.6992
 31
5437.2003
  0
LINE
  8
0
 10
23852.7896
 20
11381.6992
 30
5437.2003
 11
23999.1258
 21
11316.6609
 31
5463.2156
  0
LINE
  8
0
 10
23999.1258
 20
11316.6609
 30
5463.2156
 11
23804.0109
 21
11284.1418
 31
5476.2233
  0
LINE
  8
0
 10
23804.0109
 20
11284.1418
 30
5476.2233
 11
23828.4003
 21
11349.1801
 31
5450.208
  0
LINE
  8
0
 10
23828.4003
 20
11349.1801
 30
5450.208
 11
23852.7896
 21
11381.6992
 31
5437.2003
  0
LINE
  8
0
 10
2560.8823
 20
11349.1801
 30
5450.208
 11
2390.1568
 21
11284.1418
 31
5476.2233
  0
LINE
  8
0
 10
2390.1568
 20
11284.1418
 30
5476.2233
 11
2536.493
 21
11316.6609
 31
5463.2156
  0
LINE
  8
0
 10
2536.493
 20
11316.6609
 30
5463.2156
 11
2560.8823
 21
11349.1801
 31
5450.208
  0
LINE
  8
0
 10
14779.9494
 20
11219.1035
 30
5502.2386
 11
14779.9494
 21
10926.4312
 31
5619.3075
  0
LINE
  8
0
 10
14779.9494
 20
10926.4312
 30
5619.3075
 11
14779.9494
 21
11186.5844
 31
5515.2462
  0
LINE
  8
0
 10
14779.9494
 20
11186.5844
 30
5515.2462
 11
14779.9494
 21
11219.1035
 31
5502.2386
  0
LINE
  8
0
 10
878.0168
 20
11186.5844
 30
5515.2462
 11
804.8487
 21
11219.1035
 31
5502.2386
  0
LINE
  8
0
 10
804.8487
 20
11219.1035
 30
5502.2386
 11
780.4594
 21
11089.027
 31
5554.2692
  0
LINE
  8
0
 10
780.4594
 20
11089.027
 30
5554.2692
 11
1536.5294
 21
11056.5078
 31
5567.2769
  0
LINE
  8
0
 10
1536.5294
 20
11056.5078
 30
5567.2769
 11
1512.14
 21
10991.4695
 31
5593.2922
  0
LINE
  8
0
 10
1512.14
 20
10991.4695
 30
5593.2922
 11
1658.4762
 21
11056.5078
 31
5567.2769
  0
LINE
  8
0
 10
1658.4762
 20
11056.5078
 30
5567.2769
 11
902.4062
 21
11186.5844
 31
5515.2462
  0
LINE
  8
0
 10
902.4062
 20
11186.5844
 30
5515.2462
 11
878.0168
 21
11186.5844
 31
5515.2462
  0
LINE
  8
0
 10
24413.7448
 20
11154.0652
 30
5528.2539
 11
23608.8961
 21
11089.027
 31
5554.2692
  0
LINE
  8
0
 10
23608.8961
 20
11089.027
 30
5554.2692
 11
23633.2854
 21
9398.0316
 31
6230.6673
  0
LINE
  8
0
 10
23633.2854
 20
9398.0316
 30
6230.6673
 11
23657.6748
 21
9040.3211
 31
6373.7516
  0
LINE
  8
0
 10
23657.6748
 20
9040.3211
 30
6373.7516
 11
23706.4535
 21
9170.3977
 31
6321.7209
  0
LINE
  8
0
 10
23706.4535
 20
9170.3977
 30
6321.7209
 11
23730.8429
 21
8975.2828
 31
6399.7669
  0
LINE
  8
0
 10
23730.8429
 20
8975.2828
 30
6399.7669
 11
24535.6916
 21
8910.2445
 31
6425.7822
  0
LINE
  8
0
 10
24535.6916
 20
8910.2445
 30
6425.7822
 11
24413.7448
 21
11121.5461
 31
5541.2616
  0
LINE
  8
0
 10
24413.7448
 20
11121.5461
 30
5541.2616
 11
24413.7448
 21
11154.0652
 31
5528.2539
  0
LINE
  8
0
 10
22560.1538
 20
11121.5461
 30
5541.2616
 11
22511.3751
 21
10568.7207
 31
5762.3917
  0
LINE
  8
0
 10
22511.3751
 20
10568.7207
 30
5762.3917
 11
22633.3219
 21
8942.7637
 31
6412.7745
  0
LINE
  8
0
 10
22633.3219
 20
8942.7637
 30
6412.7745
 11
22682.1006
 21
9040.3211
 31
6373.7516
  0
LINE
  8
0
 10
22682.1006
 20
9040.3211
 30
6373.7516
 11
22584.5432
 21
11089.027
 31
5554.2692
  0
LINE
  8
0
 10
22584.5432
 20
11089.027
 30
5554.2692
 11
22560.1538
 21
11121.5461
 31
5541.2616
  0
LINE
  8
0
 10
1829.2017
 20
11089.027
 30
5554.2692
 11
1731.6442
 21
11121.5461
 31
5541.2616
  0
LINE
  8
0
 10
1731.6442
 20
11121.5461
 30
5541.2616
 11
1707.2549
 21
11023.9887
 31
5580.2845
  0
LINE
  8
0
 10
1707.2549
 20
11023.9887
 30
5580.2845
 11
2268.2101
 21
11023.9887
 31
5580.2845
  0
LINE
  8
0
 10
2268.2101
 20
11023.9887
 30
5580.2845
 11
2219.4313
 21
10991.4695
 31
5593.2922
  0
LINE
  8
0
 10
2219.4313
 20
10991.4695
 30
5593.2922
 11
2414.5462
 21
10926.4312
 31
5619.3075
  0
LINE
  8
0
 10
2414.5462
 20
10926.4312
 30
5619.3075
 11
2634.0504
 21
10991.4695
 31
5593.2922
  0
LINE
  8
0
 10
2634.0504
 20
10991.4695
 30
5593.2922
 11
1853.591
 21
11089.027
 31
5554.2692
  0
LINE
  8
0
 10
1853.591
 20
11089.027
 30
5554.2692
 11
1829.2017
 21
11089.027
 31
5554.2692
  0
LINE
  8
0
 10
4487.6414
 20
11089.027
 30
5554.2692
 11
4755.9243
 21
10991.4695
 31
5593.2922
  0
LINE
  8
0
 10
4755.9243
 20
10991.4695
 30
5593.2922
 11
4463.2521
 21
11056.5078
 31
5567.2769
  0
LINE
  8
0
 10
4463.2521
 20
11056.5078
 30
5567.2769
 11
4487.6414
 21
11089.027
 31
5554.2692
  0
LINE
  8
0
 10
22657.7112
 20
11089.027
 30
5554.2692
 11
22608.9325
 21
10471.1633
 31
5801.4147
  0
LINE
  8
0
 10
22608.9325
 20
10471.1633
 30
5801.4147
 11
22706.4899
 21
9007.802
 31
6386.7592
  0
LINE
  8
0
 10
22706.4899
 20
9007.802
 30
6386.7592
 11
22657.7112
 21
11056.5078
 31
5567.2769
  0
LINE
  8
0
 10
22657.7112
 20
11056.5078
 30
5567.2769
 11
22657.7112
 21
11089.027
 31
5554.2692
  0
LINE
  8
0
 10
23462.56
 20
11089.027
 30
5554.2692
 11
22779.658
 21
10991.4695
 31
5593.2922
  0
LINE
  8
0
 10
22779.658
 20
10991.4695
 30
5593.2922
 11
22828.4367
 21
9137.8785
 31
6334.7286
  0
LINE
  8
0
 10
22828.4367
 20
9137.8785
 30
6334.7286
 11
23169.8877
 21
8975.2828
 31
6399.7669
  0
LINE
  8
0
 10
23169.8877
 20
8975.2828
 30
6399.7669
 11
23218.6664
 21
8812.6871
 31
6464.8052
  0
LINE
  8
0
 10
23218.6664
 20
8812.6871
 30
6464.8052
 11
23633.2854
 21
8877.7254
 31
6438.7898
  0
LINE
  8
0
 10
23633.2854
 20
8877.7254
 30
6438.7898
 11
23560.1174
 21
8975.2828
 31
6399.7669
  0
LINE
  8
0
 10
23560.1174
 20
8975.2828
 30
6399.7669
 11
23340.6132
 21
8877.7254
 31
6438.7898
  0
LINE
  8
0
 10
23340.6132
 20
8877.7254
 30
6438.7898
 11
23560.1174
 21
9007.802
 31
6386.7592
  0
LINE
  8
0
 10
23560.1174
 20
9007.802
 30
6386.7592
 11
23462.56
 21
11056.5078
 31
5567.2769
  0
LINE
  8
0
 10
23462.56
 20
11056.5078
 30
5567.2769
 11
23462.56
 21
11089.027
 31
5554.2692
  0
LINE
  8
0
 10
4804.703
 20
11023.9887
 30
5580.2845
 11
5024.2072
 21
10958.9504
 31
5606.2998
  0
LINE
  8
0
 10
5024.2072
 20
10958.9504
 30
5606.2998
 11
4829.0924
 21
11023.9887
 31
5580.2845
  0
LINE
  8
0
 10
4829.0924
 20
11023.9887
 30
5580.2845
 11
4804.703
 21
11023.9887
 31
5580.2845
  0
LINE
  8
0
 10
878.0168
 20
10991.4695
 30
5593.2922
 11
829.2381
 21
11023.9887
 31
5580.2845
  0
LINE
  8
0
 10
829.2381
 20
11023.9887
 30
5580.2845
 11
780.4594
 21
10861.393
 31
5645.3228
  0
LINE
  8
0
 10
780.4594
 20
10861.393
 30
5645.3228
 11
829.2381
 21
10536.2016
 31
5775.3994
  0
LINE
  8
0
 10
829.2381
 20
10536.2016
 30
5775.3994
 11
756.07
 21
10211.0102
 31
5905.4759
  0
LINE
  8
0
 10
756.07
 20
10211.0102
 30
5905.4759
 11
731.6807
 21
8845.2063
 31
6451.7975
  0
LINE
  8
0
 10
731.6807
 20
8845.2063
 30
6451.7975
 11
1487.7507
 21
8877.7254
 31
6438.7898
  0
LINE
  8
0
 10
1487.7507
 20
8877.7254
 30
6438.7898
 11
1560.9187
 21
10048.4145
 31
5970.5142
  0
LINE
  8
0
 10
1560.9187
 20
10048.4145
 30
5970.5142
 11
1512.14
 21
10926.4312
 31
5619.3075
  0
LINE
  8
0
 10
1512.14
 20
10926.4312
 30
5619.3075
 11
902.4062
 21
10991.4695
 31
5593.2922
  0
LINE
  8
0
 10
902.4062
 20
10991.4695
 30
5593.2922
 11
878.0168
 21
10991.4695
 31
5593.2922
  0
LINE
  8
0
 10
6097.3389
 20
10958.9504
 30
5606.2998
 11
6024.1708
 21
10958.9504
 31
5606.2998
  0
LINE
  8
0
 10
6024.1708
 20
10958.9504
 30
5606.2998
 11
6048.5602
 21
10373.6059
 31
5840.4377
  0
LINE
  8
0
 10
6048.5602
 20
10373.6059
 30
5840.4377
 11
6097.3389
 21
10926.4312
 31
5619.3075
  0
LINE
  8
0
 10
6097.3389
 20
10926.4312
 30
5619.3075
 11
6097.3389
 21
10958.9504
 31
5606.2998
  0
LINE
  8
0
 10
22730.8793
 20
10926.4312
 30
5619.3075
 11
22706.4899
 21
10536.2016
 31
5775.3994
  0
LINE
  8
0
 10
22706.4899
 20
10536.2016
 30
5775.3994
 11
22730.8793
 21
10893.9121
 31
5632.3152
  0
LINE
  8
0
 10
22730.8793
 20
10893.9121
 30
5632.3152
 11
22730.8793
 21
10926.4312
 31
5619.3075
  0
LINE
  8
0
 10
1585.3081
 20
10893.9121
 30
5632.3152
 11
1512.14
 21
10893.9121
 31
5632.3152
  0
LINE
  8
0
 10
1512.14
 20
10893.9121
 30
5632.3152
 11
1560.9187
 21
10731.3164
 31
5697.3534
  0
LINE
  8
0
 10
1560.9187
 20
10731.3164
 30
5697.3534
 11
1585.3081
 21
10861.393
 31
5645.3228
  0
LINE
  8
0
 10
1585.3081
 20
10861.393
 30
5645.3228
 11
1585.3081
 21
10893.9121
 31
5632.3152
  0
LINE
  8
0
 10
1682.8655
 20
10893.9121
 30
5632.3152
 11
1658.4762
 21
10308.5676
 31
5866.453
  0
LINE
  8
0
 10
1658.4762
 20
10308.5676
 30
5866.453
 11
1682.8655
 21
10861.393
 31
5645.3228
  0
LINE
  8
0
 10
1682.8655
 20
10861.393
 30
5645.3228
 11
1682.8655
 21
10893.9121
 31
5632.3152
  0
LINE
  8
0
 10
2121.8739
 20
10893.9121
 30
5632.3152
 11
1780.4229
 21
10861.393
 31
5645.3228
  0
LINE
  8
0
 10
1780.4229
 20
10861.393
 30
5645.3228
 11
1731.6442
 21
9137.8785
 31
6334.7286
  0
LINE
  8
0
 10
1731.6442
 20
9137.8785
 30
6334.7286
 11
1877.9804
 21
9105.3594
 31
6347.7363
  0
LINE
  8
0
 10
1877.9804
 20
9105.3594
 30
6347.7363
 11
1731.6442
 21
9072.8402
 31
6360.7439
  0
LINE
  8
0
 10
1731.6442
 20
9072.8402
 30
6360.7439
 11
1756.0336
 21
8910.2445
 31
6425.7822
  0
LINE
  8
0
 10
1756.0336
 20
8910.2445
 30
6425.7822
 11
2536.493
 21
9007.802
 31
6386.7592
  0
LINE
  8
0
 10
2536.493
 20
9007.802
 30
6386.7592
 11
2536.493
 21
10828.8738
 31
5658.3305
  0
LINE
  8
0
 10
2536.493
 20
10828.8738
 30
5658.3305
 11
2146.2633
 21
10893.9121
 31
5632.3152
  0
LINE
  8
0
 10
2146.2633
 20
10893.9121
 30
5632.3152
 11
2121.8739
 21
10893.9121
 31
5632.3152
  0
LINE
  8
0
 10
20779.7309
 20
10893.9121
 30
5632.3152
 11
20413.8905
 21
10828.8738
 31
5658.3305
  0
LINE
  8
0
 10
20413.8905
 20
10828.8738
 30
5658.3305
 11
20535.8373
 21
10763.8355
 31
5684.3458
  0
LINE
  8
0
 10
20535.8373
 20
10763.8355
 30
5684.3458
 11
20804.1202
 21
10861.393
 31
5645.3228
  0
LINE
  8
0
 10
20804.1202
 20
10861.393
 30
5645.3228
 11
20779.7309
 21
10893.9121
 31
5632.3152
  0
LINE
  8
0
 10
1756.0336
 20
10861.393
 30
5645.3228
 11
1731.6442
 21
10471.1633
 31
5801.4147
  0
LINE
  8
0
 10
1731.6442
 20
10471.1633
 30
5801.4147
 11
1756.0336
 21
10828.8738
 31
5658.3305
  0
LINE
  8
0
 10
1756.0336
 20
10828.8738
 30
5658.3305
 11
1756.0336
 21
10861.393
 31
5645.3228
  0
LINE
  8
0
 10
2682.8291
 20
10861.393
 30
5645.3228
 11
2658.4397
 21
10438.6441
 31
5814.4223
  0
LINE
  8
0
 10
2658.4397
 20
10438.6441
 30
5814.4223
 11
2682.8291
 21
10828.8738
 31
5658.3305
  0
LINE
  8
0
 10
2682.8291
 20
10828.8738
 30
5658.3305
 11
2682.8291
 21
10861.393
 31
5645.3228
  0
LINE
  8
0
 10
12828.801
 20
10861.393
 30
5645.3228
 11
13023.9158
 21
10763.8355
 31
5684.3458
  0
LINE
  8
0
 10
13023.9158
 20
10763.8355
 30
5684.3458
 11
13048.3052
 21
10861.393
 31
5645.3228
  0
LINE
  8
0
 10
13048.3052
 20
10861.393
 30
5645.3228
 11
13828.7646
 21
10796.3547
 31
5671.3381
  0
LINE
  8
0
 10
13828.7646
 20
10796.3547
 30
5671.3381
 11
13853.1539
 21
9202.9168
 31
6308.7133
  0
LINE
  8
0
 10
13853.1539
 20
9202.9168
 30
6308.7133
 11
11609.3332
 21
9202.9168
 31
6308.7133
  0
LINE
  8
0
 10
11609.3332
 20
9202.9168
 30
6308.7133
 11
11609.3332
 21
10796.3547
 31
5671.3381
  0
LINE
  8
0
 10
11609.3332
 20
10796.3547
 30
5671.3381
 11
12804.4116
 21
10828.8738
 31
5658.3305
  0
LINE
  8
0
 10
12804.4116
 20
10828.8738
 30
5658.3305
 11
12828.801
 21
10861.393
 31
5645.3228
  0
LINE
  8
0
 10
2585.2717
 20
10828.8738
 30
5658.3305
 11
2560.8823
 21
10471.1633
 31
5801.4147
  0
LINE
  8
0
 10
2560.8823
 20
10471.1633
 30
5801.4147
 11
2585.2717
 21
10796.3547
 31
5671.3381
  0
LINE
  8
0
 10
2585.2717
 20
10796.3547
 30
5671.3381
 11
2585.2717
 21
10828.8738
 31
5658.3305
  0
LINE
  8
0
 10
4341.3053
 20
10828.8738
 30
5658.3305
 11
4146.1904
 21
10796.3547
 31
5671.3381
  0
LINE
  8
0
 10
4146.1904
 20
10796.3547
 30
5671.3381
 11
4438.8627
 21
10796.3547
 31
5671.3381
  0
LINE
  8
0
 10
4438.8627
 20
10796.3547
 30
5671.3381
 11
4365.6946
 21
10828.8738
 31
5658.3305
  0
LINE
  8
0
 10
4365.6946
 20
10828.8738
 30
5658.3305
 11
4341.3053
 21
10828.8738
 31
5658.3305
  0
LINE
  8
0
 10
4682.7562
 20
10796.3547
 30
5671.3381
 11
4487.6414
 21
10796.3547
 31
5671.3381
  0
LINE
  8
0
 10
4487.6414
 20
10796.3547
 30
5671.3381
 11
5024.2072
 21
10731.3164
 31
5697.3534
  0
LINE
  8
0
 10
5024.2072
 20
10731.3164
 30
5697.3534
 11
4707.1456
 21
10796.3547
 31
5671.3381
  0
LINE
  8
0
 10
4707.1456
 20
10796.3547
 30
5671.3381
 11
4682.7562
 21
10796.3547
 31
5671.3381
  0
LINE
  8
0
 10
11853.2268
 20
10796.3547
 30
5671.3381
 11
11609.3332
 21
10763.8355
 31
5684.3458
  0
LINE
  8
0
 10
11609.3332
 20
10763.8355
 30
5684.3458
 11
11633.7226
 21
9235.4359
 31
6295.7056
  0
LINE
  8
0
 10
11633.7226
 20
9235.4359
 30
6295.7056
 11
13828.7646
 21
9267.9551
 31
6282.698
  0
LINE
  8
0
 10
13828.7646
 20
9267.9551
 30
6282.698
 11
13779.9858
 21
10796.3547
 31
5671.3381
  0
LINE
  8
0
 10
13779.9858
 20
10796.3547
 30
5671.3381
 11
11877.6161
 21
10796.3547
 31
5671.3381
  0
LINE
  8
0
 10
11877.6161
 20
10796.3547
 30
5671.3381
 11
11853.2268
 21
10796.3547
 31
5671.3381
  0
LINE
  8
0
 10
20291.9437
 20
10796.3547
 30
5671.3381
 11
20243.165
 21
10341.0867
 31
5853.4453
  0
LINE
  8
0
 10
20243.165
 20
10341.0867
 30
5853.4453
 11
20340.7225
 21
9137.8785
 31
6334.7286
  0
LINE
  8
0
 10
20340.7225
 20
9137.8785
 30
6334.7286
 11
20389.5012
 21
9658.1848
 31
6126.6061
  0
LINE
  8
0
 10
20389.5012
 20
9658.1848
 30
6126.6061
 11
20291.9437
 21
10763.8355
 31
5684.3458
  0
LINE
  8
0
 10
20291.9437
 20
10763.8355
 30
5684.3458
 11
20291.9437
 21
10796.3547
 31
5671.3381
  0
LINE
  8
0
 10
20413.8905
 20
10796.3547
 30
5671.3381
 11
20389.5012
 21
10438.6441
 31
5814.4223
  0
LINE
  8
0
 10
20389.5012
 20
10438.6441
 30
5814.4223
 11
20413.8905
 21
10763.8355
 31
5684.3458
  0
LINE
  8
0
 10
20413.8905
 20
10763.8355
 30
5684.3458
 11
20413.8905
 21
10796.3547
 31
5671.3381
  0
LINE
  8
0
 10
11926.3948
 20
10731.3164
 30
5697.3534
 11
11975.1735
 21
10601.2398
 31
5749.3841
  0
LINE
  8
0
 10
11975.1735
 20
10601.2398
 30
5749.3841
 11
12487.35
 21
10601.2398
 31
5749.3841
  0
LINE
  8
0
 10
12487.35
 20
10601.2398
 30
5749.3841
 11
12462.9606
 21
10698.7973
 31
5710.3611
  0
LINE
  8
0
 10
12462.9606
 20
10698.7973
 30
5710.3611
 11
12706.8542
 21
10568.7207
 31
5762.3917
  0
LINE
  8
0
 10
12706.8542
 20
10568.7207
 30
5762.3917
 11
12999.5265
 21
10666.2781
 31
5723.3688
  0
LINE
  8
0
 10
12999.5265
 20
10666.2781
 30
5723.3688
 11
13219.0307
 21
10601.2398
 31
5749.3841
  0
LINE
  8
0
 10
13219.0307
 20
10601.2398
 30
5749.3841
 11
13267.8094
 21
10698.7973
 31
5710.3611
  0
LINE
  8
0
 10
13267.8094
 20
10698.7973
 30
5710.3611
 11
13340.9774
 21
10698.7973
 31
5710.3611
  0
LINE
  8
0
 10
13340.9774
 20
10698.7973
 30
5710.3611
 11
13267.8094
 21
10601.2398
 31
5749.3841
  0
LINE
  8
0
 10
13267.8094
 20
10601.2398
 30
5749.3841
 11
13682.4284
 21
10601.2398
 31
5749.3841
  0
LINE
  8
0
 10
13682.4284
 20
10601.2398
 30
5749.3841
 11
13682.4284
 21
9430.5508
 31
6217.6597
  0
LINE
  8
0
 10
13682.4284
 20
9430.5508
 30
6217.6597
 11
12731.2436
 21
9365.5125
 31
6243.675
  0
LINE
  8
0
 10
12731.2436
 20
9365.5125
 30
6243.675
 11
12731.2436
 21
9463.0699
 31
6204.652
  0
LINE
  8
0
 10
12731.2436
 20
9463.0699
 30
6204.652
 11
12487.35
 21
9332.9934
 31
6256.6827
  0
LINE
  8
0
 10
12487.35
 20
9332.9934
 30
6256.6827
 11
11853.2268
 21
9300.4742
 31
6269.6903
  0
LINE
  8
0
 10
11853.2268
 20
9300.4742
 30
6269.6903
 11
11706.8906
 21
9365.5125
 31
6243.675
  0
LINE
  8
0
 10
11706.8906
 20
9365.5125
 30
6243.675
 11
11682.5013
 21
10276.0484
 31
5879.4606
  0
LINE
  8
0
 10
11682.5013
 20
10276.0484
 30
5879.4606
 11
11731.28
 21
9658.1848
 31
6126.6061
  0
LINE
  8
0
 10
11731.28
 20
9658.1848
 30
6126.6061
 11
11755.6693
 21
10633.759
 31
5736.3764
  0
LINE
  8
0
 10
11755.6693
 20
10633.759
 30
5736.3764
 11
11926.3948
 21
10601.2398
 31
5749.3841
  0
LINE
  8
0
 10
11926.3948
 20
10601.2398
 30
5749.3841
 11
11902.0055
 21
10698.7973
 31
5710.3611
  0
LINE
  8
0
 10
11902.0055
 20
10698.7973
 30
5710.3611
 11
11926.3948
 21
10731.3164
 31
5697.3534
  0
LINE
  8
0
 10
18584.6889
 20
10731.3164
 30
5697.3534
 11
18560.2995
 21
10406.125
 31
5827.43
  0
LINE
  8
0
 10
18560.2995
 20
10406.125
 30
5827.43
 11
18584.6889
 21
10698.7973
 31
5710.3611
  0
LINE
  8
0
 10
18584.6889
 20
10698.7973
 30
5710.3611
 11
18584.6889
 21
10731.3164
 31
5697.3534
  0
LINE
  8
0
 10
20779.7309
 20
10731.3164
 30
5697.3534
 11
20438.2799
 21
10698.7973
 31
5710.3611
  0
LINE
  8
0
 10
20438.2799
 20
10698.7973
 30
5710.3611
 11
20462.6692
 21
9300.4742
 31
6269.6903
  0
LINE
  8
0
 10
20462.6692
 20
9300.4742
 30
6269.6903
 11
20755.3415
 21
9170.3977
 31
6321.7209
  0
LINE
  8
0
 10
20755.3415
 20
9170.3977
 30
6321.7209
 11
20657.7841
 21
9137.8785
 31
6334.7286
  0
LINE
  8
0
 10
20657.7841
 20
9137.8785
 30
6334.7286
 11
20755.3415
 21
9105.3594
 31
6347.7363
  0
LINE
  8
0
 10
20755.3415
 20
9105.3594
 30
6347.7363
 11
20730.9521
 21
9040.3211
 31
6373.7516
  0
LINE
  8
0
 10
20730.9521
 20
9040.3211
 30
6373.7516
 11
20852.8989
 21
9040.3211
 31
6373.7516
  0
LINE
  8
0
 10
20852.8989
 20
9040.3211
 30
6373.7516
 11
20779.7309
 21
10698.7973
 31
5710.3611
  0
LINE
  8
0
 10
20779.7309
 20
10698.7973
 30
5710.3611
 11
20779.7309
 21
10731.3164
 31
5697.3534
  0
LINE
  8
0
 10
21096.7925
 20
10731.3164
 30
5697.3534
 11
20877.2883
 21
10731.3164
 31
5697.3534
  0
LINE
  8
0
 10
20877.2883
 20
10731.3164
 30
5697.3534
 11
20926.067
 21
9235.4359
 31
6295.7056
  0
LINE
  8
0
 10
20926.067
 20
9235.4359
 30
6295.7056
 11
21023.6244
 21
9170.3977
 31
6321.7209
  0
LINE
  8
0
 10
21023.6244
 20
9170.3977
 30
6321.7209
 11
21145.5712
 21
9202.9168
 31
6308.7133
  0
LINE
  8
0
 10
21145.5712
 20
9202.9168
 30
6308.7133
 11
21096.7925
 21
10698.7973
 31
5710.3611
  0
LINE
  8
0
 10
21096.7925
 20
10698.7973
 30
5710.3611
 11
21096.7925
 21
10731.3164
 31
5697.3534
  0
LINE
  8
0
 10
7389.9747
 20
10698.7973
 30
5710.3611
 11
7389.9747
 21
10536.2016
 31
5775.3994
  0
LINE
  8
0
 10
7389.9747
 20
10536.2016
 30
5775.3994
 11
7365.5854
 21
10666.2781
 31
5723.3688
  0
LINE
  8
0
 10
7365.5854
 20
10666.2781
 30
5723.3688
 11
7389.9747
 21
10698.7973
 31
5710.3611
  0
LINE
  8
0
 10
13536.0923
 20
10698.7973
 30
5710.3611
 11
13706.8178
 21
10666.2781
 31
5723.3688
  0
LINE
  8
0
 10
13706.8178
 20
10666.2781
 30
5723.3688
 11
13560.4816
 21
10698.7973
 31
5710.3611
  0
LINE
  8
0
 10
13560.4816
 20
10698.7973
 30
5710.3611
 11
13536.0923
 21
10698.7973
 31
5710.3611
  0
LINE
  8
0
 10
19194.4228
 20
10698.7973
 30
5710.3611
 11
19048.0866
 21
10698.7973
 31
5710.3611
  0
LINE
  8
0
 10
19048.0866
 20
10698.7973
 30
5710.3611
 11
19170.0334
 21
10666.2781
 31
5723.3688
  0
LINE
  8
0
 10
19170.0334
 20
10666.2781
 30
5723.3688
 11
19194.4228
 21
10698.7973
 31
5710.3611
  0
LINE
  8
0
 10
22486.9857
 20
10698.7973
 30
5710.3611
 11
22413.8177
 21
10698.7973
 31
5710.3611
  0
LINE
  8
0
 10
22413.8177
 20
10698.7973
 30
5710.3611
 11
22462.5964
 21
10145.9719
 31
5931.4913
  0
LINE
  8
0
 10
22462.5964
 20
10145.9719
 30
5931.4913
 11
22486.9857
 21
10666.2781
 31
5723.3688
  0
LINE
  8
0
 10
22486.9857
 20
10666.2781
 30
5723.3688
 11
22486.9857
 21
10698.7973
 31
5710.3611
  0
LINE
  8
0
 10
4390.084
 20
10666.2781
 30
5723.3688
 11
4146.1904
 21
10666.2781
 31
5723.3688
  0
LINE
  8
0
 10
4146.1904
 20
10666.2781
 30
5723.3688
 11
4121.8011
 21
9723.223
 31
6100.5908
  0
LINE
  8
0
 10
4121.8011
 20
9723.223
 30
6100.5908
 11
4268.1372
 21
9690.7039
 31
6113.5984
  0
LINE
  8
0
 10
4268.1372
 20
9690.7039
 30
6113.5984
 11
4292.5266
 21
9885.8187
 31
6035.5525
  0
LINE
  8
0
 10
4292.5266
 20
9885.8187
 30
6035.5525
 11
4316.9159
 21
9658.1848
 31
6126.6061
  0
LINE
  8
0
 10
4316.9159
 20
9658.1848
 30
6126.6061
 11
4316.9159
 21
9365.5125
 31
6243.675
  0
LINE
  8
0
 10
4316.9159
 20
9365.5125
 30
6243.675
 11
4316.9159
 21
9625.6656
 31
6139.6137
  0
LINE
  8
0
 10
4316.9159
 20
9625.6656
 30
6139.6137
 11
4121.8011
 21
9625.6656
 31
6139.6137
  0
LINE
  8
0
 10
4121.8011
 20
9625.6656
 30
6139.6137
 11
4146.1904
 21
9137.8785
 31
6334.7286
  0
LINE
  8
0
 10
4146.1904
 20
9137.8785
 30
6334.7286
 11
4365.6946
 21
9202.9168
 31
6308.7133
  0
LINE
  8
0
 10
4365.6946
 20
9202.9168
 30
6308.7133
 11
4341.3053
 21
9853.2996
 31
6048.5602
  0
LINE
  8
0
 10
4341.3053
 20
9853.2996
 30
6048.5602
 11
4414.4733
 21
9202.9168
 31
6308.7133
  0
LINE
  8
0
 10
4414.4733
 20
9202.9168
 30
6308.7133
 11
4414.4733
 21
10666.2781
 31
5723.3688
  0
LINE
  8
0
 10
4414.4733
 20
10666.2781
 30
5723.3688
 11
4390.084
 21
10666.2781
 31
5723.3688
  0
LINE
  8
0
 10
4536.4201
 20
10666.2781
 30
5723.3688
 11
4512.0308
 21
10406.125
 31
5827.43
  0
LINE
  8
0
 10
4512.0308
 20
10406.125
 30
5827.43
 11
4536.4201
 21
10633.759
 31
5736.3764
  0
LINE
  8
0
 10
4536.4201
 20
10633.759
 30
5736.3764
 11
4536.4201
 21
10666.2781
 31
5723.3688
  0
LINE
  8
0
 10
4877.8711
 20
10633.759
 30
5736.3764
 11
4585.1988
 21
10666.2781
 31
5723.3688
  0
LINE
  8
0
 10
4585.1988
 20
10666.2781
 30
5723.3688
 11
4536.4201
 21
10568.7207
 31
5762.3917
  0
LINE
  8
0
 10
4536.4201
 20
10568.7207
 30
5762.3917
 11
4536.4201
 21
9788.2613
 31
6074.5755
  0
LINE
  8
0
 10
4536.4201
 20
9788.2613
 30
6074.5755
 11
4633.9775
 21
9690.7039
 31
6113.5984
  0
LINE
  8
0
 10
4633.9775
 20
9690.7039
 30
6113.5984
 11
4853.4817
 21
9723.223
 31
6100.5908
  0
LINE
  8
0
 10
4853.4817
 20
9723.223
 30
6100.5908
 11
4902.2604
 21
10601.2398
 31
5749.3841
  0
LINE
  8
0
 10
4902.2604
 20
10601.2398
 30
5749.3841
 11
4877.8711
 21
10633.759
 31
5736.3764
  0
LINE
  8
0
 10
18877.3611
 20
10601.2398
 30
5749.3841
 11
18828.5824
 21
10276.0484
 31
5879.4606
  0
LINE
  8
0
 10
18828.5824
 20
10276.0484
 30
5879.4606
 11
18901.7505
 21
9495.5891
 31
6191.6444
  0
LINE
  8
0
 10
18901.7505
 20
9495.5891
 30
6191.6444
 11
18877.3611
 21
10568.7207
 31
5762.3917
  0
LINE
  8
0
 10
18877.3611
 20
10568.7207
 30
5762.3917
 11
18877.3611
 21
10601.2398
 31
5749.3841
  0
LINE
  8
0
 10
2755.9972
 20
10568.7207
 30
5762.3917
 11
2731.6078
 21
10308.5676
 31
5866.453
  0
LINE
  8
0
 10
2731.6078
 20
10308.5676
 30
5866.453
 11
2755.9972
 21
10536.2016
 31
5775.3994
  0
LINE
  8
0
 10
2755.9972
 20
10536.2016
 30
5775.3994
 11
2755.9972
 21
10568.7207
 31
5762.3917
  0
LINE
  8
0
 10
19121.2547
 20
10568.7207
 30
5762.3917
 11
18974.9186
 21
10568.7207
 31
5762.3917
  0
LINE
  8
0
 10
18974.9186
 20
10568.7207
 30
5762.3917
 11
18974.9186
 21
10276.0484
 31
5879.4606
  0
LINE
  8
0
 10
18974.9186
 20
10276.0484
 30
5879.4606
 11
19023.6973
 21
9430.5508
 31
6217.6597
  0
LINE
  8
0
 10
19023.6973
 20
9430.5508
 30
6217.6597
 11
19145.644
 21
9430.5508
 31
6217.6597
  0
LINE
  8
0
 10
19145.644
 20
9430.5508
 30
6217.6597
 11
19145.644
 21
9723.223
 31
6100.5908
  0
LINE
  8
0
 10
19145.644
 20
9723.223
 30
6100.5908
 11
19170.0334
 21
9267.9551
 31
6282.698
  0
LINE
  8
0
 10
19170.0334
 20
9267.9551
 30
6282.698
 11
19267.5908
 21
9332.9934
 31
6256.6827
  0
LINE
  8
0
 10
19267.5908
 20
9332.9934
 30
6256.6827
 11
19218.8121
 21
9755.7422
 31
6087.5831
  0
LINE
  8
0
 10
19218.8121
 20
9755.7422
 30
6087.5831
 11
19121.2547
 21
9820.7805
 31
6061.5678
  0
LINE
  8
0
 10
19121.2547
 20
9820.7805
 30
6061.5678
 11
19145.644
 21
9950.857
 31
6009.5372
  0
LINE
  8
0
 10
19145.644
 20
9950.857
 30
6009.5372
 11
19121.2547
 21
9853.2996
 31
6048.5602
  0
LINE
  8
0
 10
19121.2547
 20
9853.2996
 30
6048.5602
 11
19218.8121
 21
9820.7805
 31
6061.5678
  0
LINE
  8
0
 10
19218.8121
 20
9820.7805
 30
6061.5678
 11
19145.644
 21
10601.2398
 31
5749.3841
  0
LINE
  8
0
 10
19145.644
 20
10601.2398
 30
5749.3841
 11
19121.2547
 21
10568.7207
 31
5762.3917
  0
LINE
  8
0
 10
23560.1174
 20
10568.7207
 30
5762.3917
 11
23535.728
 21
10308.5676
 31
5866.453
  0
LINE
  8
0
 10
23535.728
 20
10308.5676
 30
5866.453
 11
23560.1174
 21
10536.2016
 31
5775.3994
  0
LINE
  8
0
 10
23560.1174
 20
10536.2016
 30
5775.3994
 11
23560.1174
 21
10568.7207
 31
5762.3917
  0
LINE
  8
0
 10
11950.7842
 20
10536.2016
 30
5775.3994
 11
11780.0587
 21
10503.6824
 31
5788.407
  0
LINE
  8
0
 10
11780.0587
 20
10503.6824
 30
5788.407
 11
11780.0587
 21
9463.0699
 31
6204.652
  0
LINE
  8
0
 10
11780.0587
 20
9463.0699
 30
6204.652
 11
12658.0755
 21
9463.0699
 31
6204.652
  0
LINE
  8
0
 10
12658.0755
 20
9463.0699
 30
6204.652
 11
12658.0755
 21
10536.2016
 31
5775.3994
  0
LINE
  8
0
 10
12658.0755
 20
10536.2016
 30
5775.3994
 11
11975.1735
 21
10568.7207
 31
5762.3917
  0
LINE
  8
0
 10
11975.1735
 20
10568.7207
 30
5762.3917
 11
11950.7842
 21
10536.2016
 31
5775.3994
  0
LINE
  8
0
 10
13633.6497
 20
10536.2016
 30
5775.3994
 11
12804.4116
 21
10568.7207
 31
5762.3917
  0
LINE
  8
0
 10
12804.4116
 20
10568.7207
 30
5762.3917
 11
12780.0223
 21
9495.5891
 31
6191.6444
  0
LINE
  8
0
 10
12780.0223
 20
9495.5891
 30
6191.6444
 11
13633.6497
 21
9463.0699
 31
6204.652
  0
LINE
  8
0
 10
13633.6497
 20
9463.0699
 30
6204.652
 11
13633.6497
 21
10503.6824
 31
5788.407
  0
LINE
  8
0
 10
13633.6497
 20
10503.6824
 30
5788.407
 11
13633.6497
 21
10536.2016
 31
5775.3994
  0
LINE
  8
0
 10
6194.8963
 20
10503.6824
 30
5788.407
 11
6097.3389
 21
10438.6441
 31
5814.4223
  0
LINE
  8
0
 10
6097.3389
 20
10438.6441
 30
5814.4223
 11
6146.1176
 21
10145.9719
 31
5931.4913
  0
LINE
  8
0
 10
6146.1176
 20
10145.9719
 30
5931.4913
 11
6194.8963
 21
10471.1633
 31
5801.4147
  0
LINE
  8
0
 10
6194.8963
 20
10471.1633
 30
5801.4147
 11
6194.8963
 21
10503.6824
 31
5788.407
  0
LINE
  8
0
 10
6365.6218
 20
10503.6824
 30
5788.407
 11
6243.675
 21
10503.6824
 31
5788.407
  0
LINE
  8
0
 10
6243.675
 20
10503.6824
 30
5788.407
 11
6219.2856
 21
9788.2613
 31
6074.5755
  0
LINE
  8
0
 10
6219.2856
 20
9788.2613
 30
6074.5755
 11
6292.4537
 21
9690.7039
 31
6113.5984
  0
LINE
  8
0
 10
6292.4537
 20
9690.7039
 30
6113.5984
 11
6438.7898
 21
9723.223
 31
6100.5908
  0
LINE
  8
0
 10
6438.7898
 20
9723.223
 30
6100.5908
 11
6390.0111
 21
10503.6824
 31
5788.407
  0
LINE
  8
0
 10
6390.0111
 20
10503.6824
 30
5788.407
 11
6365.6218
 21
10503.6824
 31
5788.407
  0
LINE
  8
0
 10
5072.9859
 20
10471.1633
 30
5801.4147
 11
5048.5966
 21
10113.4527
 31
5944.4989
  0
LINE
  8
0
 10
5048.5966
 20
10113.4527
 30
5944.4989
 11
5072.9859
 21
10438.6441
 31
5814.4223
  0
LINE
  8
0
 10
5072.9859
 20
10438.6441
 30
5814.4223
 11
5072.9859
 21
10471.1633
 31
5801.4147
  0
LINE
  8
0
 10
6463.1792
 20
10471.1633
 30
5801.4147
 11
6438.7898
 21
10341.0867
 31
5853.4453
  0
LINE
  8
0
 10
6438.7898
 20
10341.0867
 30
5853.4453
 11
6463.1792
 21
10438.6441
 31
5814.4223
  0
LINE
  8
0
 10
6463.1792
 20
10438.6441
 30
5814.4223
 11
6463.1792
 21
10471.1633
 31
5801.4147
  0
LINE
  8
0
 10
4390.084
 20
10438.6441
 30
5814.4223
 11
4390.084
 21
10276.0484
 31
5879.4606
  0
LINE
  8
0
 10
4390.084
 20
10276.0484
 30
5879.4606
 11
4390.084
 21
10406.125
 31
5827.43
  0
LINE
  8
0
 10
4390.084
 20
10406.125
 30
5827.43
 11
4390.084
 21
10438.6441
 31
5814.4223
  0
LINE
  8
0
 10
6926.577
 20
10438.6441
 30
5814.4223
 11
6902.1876
 21
9918.3379
 31
6022.5448
  0
LINE
  8
0
 10
6902.1876
 20
9918.3379
 30
6022.5448
 11
6926.577
 21
10406.125
 31
5827.43
  0
LINE
  8
0
 10
6926.577
 20
10406.125
 30
5827.43
 11
6926.577
 21
10438.6441
 31
5814.4223
  0
LINE
  8
0
 10
7463.1428
 20
10438.6441
 30
5814.4223
 11
7487.5321
 21
10178.491
 31
5918.4836
  0
LINE
  8
0
 10
7487.5321
 20
10178.491
 30
5918.4836
 11
7463.1428
 21
10406.125
 31
5827.43
  0
LINE
  8
0
 10
7463.1428
 20
10406.125
 30
5827.43
 11
7463.1428
 21
10438.6441
 31
5814.4223
  0
LINE
  8
0
 10
2463.3249
 20
10406.125
 30
5827.43
 11
2463.3249
 21
10178.491
 31
5918.4836
  0
LINE
  8
0
 10
2463.3249
 20
10178.491
 30
5918.4836
 11
2463.3249
 21
10373.6059
 31
5840.4377
  0
LINE
  8
0
 10
2463.3249
 20
10373.6059
 30
5840.4377
 11
2463.3249
 21
10406.125
 31
5827.43
  0
LINE
  8
0
 10
926.7955
 20
10373.6059
 30
5840.4377
 11
926.7955
 21
10211.0102
 31
5905.4759
  0
LINE
  8
0
 10
926.7955
 20
10211.0102
 30
5905.4759
 11
926.7955
 21
10341.0867
 31
5853.4453
  0
LINE
  8
0
 10
926.7955
 20
10341.0867
 30
5853.4453
 11
926.7955
 21
10373.6059
 31
5840.4377
  0
LINE
  8
0
 10
19291.9802
 20
10373.6059
 30
5840.4377
 11
19267.5908
 21
10243.5293
 31
5892.4683
  0
LINE
  8
0
 10
19267.5908
 20
10243.5293
 30
5892.4683
 11
19291.9802
 21
10341.0867
 31
5853.4453
  0
LINE
  8
0
 10
19291.9802
 20
10341.0867
 30
5853.4453
 11
19291.9802
 21
10373.6059
 31
5840.4377
  0
LINE
  8
0
 10
22755.2687
 20
10373.6059
 30
5840.4377
 11
22730.8793
 21
9983.3762
 31
5996.5295
  0
LINE
  8
0
 10
22730.8793
 20
9983.3762
 30
5996.5295
 11
22755.2687
 21
10341.0867
 31
5853.4453
  0
LINE
  8
0
 10
22755.2687
 20
10341.0867
 30
5853.4453
 11
22755.2687
 21
10373.6059
 31
5840.4377
  0
LINE
  8
0
 10
1658.4762
 20
10276.0484
 30
5879.4606
 11
1634.0868
 21
10341.0867
 31
5853.4453
  0
LINE
  8
0
 10
1634.0868
 20
10341.0867
 30
5853.4453
 11
1634.0868
 21
10048.4145
 31
5970.5142
  0
LINE
  8
0
 10
1634.0868
 20
10048.4145
 30
5970.5142
 11
1658.4762
 21
10243.5293
 31
5892.4683
  0
LINE
  8
0
 10
1658.4762
 20
10243.5293
 30
5892.4683
 11
1658.4762
 21
10276.0484
 31
5879.4606
  0
LINE
  8
0
 10
20218.7757
 20
10276.0484
 30
5879.4606
 11
20194.3863
 21
10145.9719
 31
5931.4913
  0
LINE
  8
0
 10
20194.3863
 20
10145.9719
 30
5931.4913
 11
20218.7757
 21
10243.5293
 31
5892.4683
  0
LINE
  8
0
 10
20218.7757
 20
10243.5293
 30
5892.4683
 11
20218.7757
 21
10276.0484
 31
5879.4606
  0
LINE
  8
0
 10
4341.3053
 20
10243.5293
 30
5892.4683
 11
4341.3053
 21
9983.3762
 31
5996.5295
  0
LINE
  8
0
 10
4341.3053
 20
9983.3762
 30
5996.5295
 11
4341.3053
 21
10211.0102
 31
5905.4759
  0
LINE
  8
0
 10
4341.3053
 20
10211.0102
 30
5905.4759
 11
4341.3053
 21
10243.5293
 31
5892.4683
  0
LINE
  8
0
 10
6536.3473
 20
10243.5293
 30
5892.4683
 11
6511.9579
 21
9983.3762
 31
5996.5295
  0
LINE
  8
0
 10
6511.9579
 20
9983.3762
 30
5996.5295
 11
6536.3473
 21
10211.0102
 31
5905.4759
  0
LINE
  8
0
 10
6536.3473
 20
10211.0102
 30
5905.4759
 11
6536.3473
 21
10243.5293
 31
5892.4683
  0
LINE
  8
0
 10
6633.9047
 20
10243.5293
 30
5892.4683
 11
6609.5153
 21
9983.3762
 31
5996.5295
  0
LINE
  8
0
 10
6609.5153
 20
9983.3762
 30
5996.5295
 11
6633.9047
 21
10211.0102
 31
5905.4759
  0
LINE
  8
0
 10
6633.9047
 20
10211.0102
 30
5905.4759
 11
6633.9047
 21
10243.5293
 31
5892.4683
  0
LINE
  8
0
 10
18974.9186
 20
10243.5293
 30
5892.4683
 11
18950.5292
 21
10471.1633
 31
5801.4147
  0
LINE
  8
0
 10
18950.5292
 20
10471.1633
 30
5801.4147
 11
18926.1398
 21
10178.491
 31
5918.4836
  0
LINE
  8
0
 10
18926.1398
 20
10178.491
 30
5918.4836
 11
18974.9186
 21
10211.0102
 31
5905.4759
  0
LINE
  8
0
 10
18974.9186
 20
10211.0102
 30
5905.4759
 11
18974.9186
 21
10243.5293
 31
5892.4683
  0
LINE
  8
0
 10
4951.0392
 20
10211.0102
 30
5905.4759
 11
4926.6498
 21
9755.7422
 31
6087.5831
  0
LINE
  8
0
 10
4926.6498
 20
9755.7422
 30
6087.5831
 11
4951.0392
 21
10178.491
 31
5918.4836
  0
LINE
  8
0
 10
4951.0392
 20
10178.491
 30
5918.4836
 11
4951.0392
 21
10211.0102
 31
5905.4759
  0
LINE
  8
0
 10
20511.4479
 20
10178.491
 30
5918.4836
 11
20511.4479
 21
10015.8953
 31
5983.5219
  0
LINE
  8
0
 10
20511.4479
 20
10015.8953
 30
5983.5219
 11
20511.4479
 21
10145.9719
 31
5931.4913
  0
LINE
  8
0
 10
20511.4479
 20
10145.9719
 30
5931.4913
 11
20511.4479
 21
10178.491
 31
5918.4836
  0
LINE
  8
0
 10
20877.2883
 20
10178.491
 30
5918.4836
 11
20852.8989
 21
10048.4145
 31
5970.5142
  0
LINE
  8
0
 10
20852.8989
 20
10048.4145
 30
5970.5142
 11
20877.2883
 21
10145.9719
 31
5931.4913
  0
LINE
  8
0
 10
20877.2883
 20
10145.9719
 30
5931.4913
 11
20877.2883
 21
10178.491
 31
5918.4836
  0
LINE
  8
0
 10
6146.1176
 20
10113.4527
 30
5944.4989
 11
6121.7282
 21
10178.491
 31
5918.4836
  0
LINE
  8
0
 10
6121.7282
 20
10178.491
 30
5918.4836
 11
6121.7282
 21
9983.3762
 31
5996.5295
  0
LINE
  8
0
 10
6121.7282
 20
9983.3762
 30
5996.5295
 11
6146.1176
 21
10080.9336
 31
5957.5066
  0
LINE
  8
0
 10
6146.1176
 20
10080.9336
 30
5957.5066
 11
6146.1176
 21
10113.4527
 31
5944.4989
  0
LINE
  8
0
 10
19267.5908
 20
10113.4527
 30
5944.4989
 11
19243.2015
 21
9820.7805
 31
6061.5678
  0
LINE
  8
0
 10
19243.2015
 20
9820.7805
 30
6061.5678
 11
19267.5908
 21
10080.9336
 31
5957.5066
  0
LINE
  8
0
 10
19267.5908
 20
10080.9336
 30
5957.5066
 11
19267.5908
 21
10113.4527
 31
5944.4989
  0
LINE
  8
0
 10
7463.1428
 20
10080.9336
 30
5957.5066
 11
7463.1428
 21
9528.1082
 31
6178.6367
  0
LINE
  8
0
 10
7463.1428
 20
9528.1082
 30
6178.6367
 11
7463.1428
 21
10048.4145
 31
5970.5142
  0
LINE
  8
0
 10
7463.1428
 20
10048.4145
 30
5970.5142
 11
7463.1428
 21
10080.9336
 31
5957.5066
  0
LINE
  8
0
 10
2658.4397
 20
10048.4145
 30
5970.5142
 11
2634.0504
 21
9560.6273
 31
6165.6291
  0
LINE
  8
0
 10
2634.0504
 20
9560.6273
 30
6165.6291
 11
2658.4397
 21
10015.8953
 31
5983.5219
  0
LINE
  8
0
 10
2658.4397
 20
10015.8953
 30
5983.5219
 11
2658.4397
 21
10048.4145
 31
5970.5142
  0
LINE
  8
0
 10
22511.3751
 20
10048.4145
 30
5970.5142
 11
22438.207
 21
10015.8953
 31
5983.5219
  0
LINE
  8
0
 10
22438.207
 20
10015.8953
 30
5983.5219
 11
22486.9857
 21
9495.5891
 31
6191.6444
  0
LINE
  8
0
 10
22486.9857
 20
9495.5891
 30
6191.6444
 11
22511.3751
 21
10015.8953
 31
5983.5219
  0
LINE
  8
0
 10
22511.3751
 20
10015.8953
 30
5983.5219
 11
22511.3751
 21
10048.4145
 31
5970.5142
  0
LINE
  8
0
 10
1731.6442
 20
10015.8953
 30
5983.5219
 11
1658.4762
 21
9885.8187
 31
6035.5525
  0
LINE
  8
0
 10
1658.4762
 20
9885.8187
 30
6035.5525
 11
1707.2549
 21
9690.7039
 31
6113.5984
  0
LINE
  8
0
 10
1707.2549
 20
9690.7039
 30
6113.5984
 11
1731.6442
 21
9983.3762
 31
5996.5295
  0
LINE
  8
0
 10
1731.6442
 20
9983.3762
 30
5996.5295
 11
1731.6442
 21
10015.8953
 31
5983.5219
  0
LINE
  8
0
 10
5121.7646
 20
10015.8953
 30
5983.5219
 11
5097.3753
 21
9625.6656
 31
6139.6137
  0
LINE
  8
0
 10
5097.3753
 20
9625.6656
 30
6139.6137
 11
5121.7646
 21
9983.3762
 31
5996.5295
  0
LINE
  8
0
 10
5121.7646
 20
9983.3762
 30
5996.5295
 11
5121.7646
 21
10015.8953
 31
5983.5219
  0
LINE
  8
0
 10
20438.2799
 20
10015.8953
 30
5983.5219
 11
20413.8905
 21
10113.4527
 31
5944.4989
  0
LINE
  8
0
 10
20413.8905
 20
10113.4527
 30
5944.4989
 11
20413.8905
 21
9755.7422
 31
6087.5831
  0
LINE
  8
0
 10
20413.8905
 20
9755.7422
 30
6087.5831
 11
20438.2799
 21
9983.3762
 31
5996.5295
  0
LINE
  8
0
 10
20438.2799
 20
9983.3762
 30
5996.5295
 11
20438.2799
 21
10015.8953
 31
5983.5219
  0
LINE
  8
0
 10
23584.5067
 20
10015.8953
 30
5983.5219
 11
23560.1174
 21
9820.7805
 31
6061.5678
  0
LINE
  8
0
 10
23560.1174
 20
9820.7805
 30
6061.5678
 11
23584.5067
 21
9983.3762
 31
5996.5295
  0
LINE
  8
0
 10
23584.5067
 20
9983.3762
 30
5996.5295
 11
23584.5067
 21
10015.8953
 31
5983.5219
  0
LINE
  8
0
 10
6487.5686
 20
9983.3762
 30
5996.5295
 11
6463.1792
 21
9463.0699
 31
6204.652
  0
LINE
  8
0
 10
6463.1792
 20
9463.0699
 30
6204.652
 11
6487.5686
 21
9950.857
 31
6009.5372
  0
LINE
  8
0
 10
6487.5686
 20
9950.857
 30
6009.5372
 11
6487.5686
 21
9983.3762
 31
5996.5295
  0
LINE
  8
0
 10
6585.126
 20
9983.3762
 30
5996.5295
 11
6560.7366
 21
10080.9336
 31
5957.5066
  0
LINE
  8
0
 10
6560.7366
 20
10080.9336
 30
5957.5066
 11
6560.7366
 21
9820.7805
 31
6061.5678
  0
LINE
  8
0
 10
6560.7366
 20
9820.7805
 30
6061.5678
 11
6585.126
 21
9950.857
 31
6009.5372
  0
LINE
  8
0
 10
6585.126
 20
9950.857
 30
6009.5372
 11
6585.126
 21
9983.3762
 31
5996.5295
  0
LINE
  8
0
 10
4999.8179
 20
9950.857
 30
6009.5372
 11
4975.4285
 21
9528.1082
 31
6178.6367
  0
LINE
  8
0
 10
4975.4285
 20
9528.1082
 30
6178.6367
 11
4999.8179
 21
9918.3379
 31
6022.5448
  0
LINE
  8
0
 10
4999.8179
 20
9918.3379
 30
6022.5448
 11
4999.8179
 21
9950.857
 31
6009.5372
  0
LINE
  8
0
 10
6048.5602
 20
9885.8187
 30
6035.5525
 11
6024.1708
 21
9072.8402
 31
6360.7439
  0
LINE
  8
0
 10
6024.1708
 20
9072.8402
 30
6360.7439
 11
6048.5602
 21
9853.2996
 31
6048.5602
  0
LINE
  8
0
 10
6048.5602
 20
9853.2996
 30
6048.5602
 11
6048.5602
 21
9885.8187
 31
6035.5525
  0
LINE
  8
0
 10
18609.0782
 20
9885.8187
 30
6035.5525
 11
18584.6889
 21
9560.6273
 31
6165.6291
  0
LINE
  8
0
 10
18584.6889
 20
9560.6273
 30
6165.6291
 11
18609.0782
 21
9853.2996
 31
6048.5602
  0
LINE
  8
0
 10
18609.0782
 20
9853.2996
 30
6048.5602
 11
18609.0782
 21
9885.8187
 31
6035.5525
  0
LINE
  8
0
 10
6146.1176
 20
9853.2996
 30
6048.5602
 11
6072.9495
 21
9625.6656
 31
6139.6137
  0
LINE
  8
0
 10
6072.9495
 20
9625.6656
 30
6139.6137
 11
6121.7282
 21
9300.4742
 31
6269.6903
  0
LINE
  8
0
 10
6121.7282
 20
9300.4742
 30
6269.6903
 11
6146.1176
 21
9820.7805
 31
6061.5678
  0
LINE
  8
0
 10
6146.1176
 20
9820.7805
 30
6061.5678
 11
6146.1176
 21
9853.2996
 31
6048.5602
  0
LINE
  8
0
 10
22779.658
 20
9820.7805
 30
6061.5678
 11
22755.2687
 21
9463.0699
 31
6204.652
  0
LINE
  8
0
 10
22755.2687
 20
9463.0699
 30
6204.652
 11
22779.658
 21
9788.2613
 31
6074.5755
  0
LINE
  8
0
 10
22779.658
 20
9788.2613
 30
6074.5755
 11
22779.658
 21
9820.7805
 31
6061.5678
  0
LINE
  8
0
 10
4463.2521
 20
9788.2613
 30
6074.5755
 11
4438.8627
 21
9658.1848
 31
6126.6061
  0
LINE
  8
0
 10
4438.8627
 20
9658.1848
 30
6126.6061
 11
4463.2521
 21
9755.7422
 31
6087.5831
  0
LINE
  8
0
 10
4463.2521
 20
9755.7422
 30
6087.5831
 11
4463.2521
 21
9788.2613
 31
6074.5755
  0
LINE
  8
0
 10
926.7955
 20
9755.7422
 30
6087.5831
 11
975.5742
 21
9593.1465
 31
6152.6214
  0
LINE
  8
0
 10
975.5742
 20
9593.1465
 30
6152.6214
 11
902.4062
 21
9625.6656
 31
6139.6137
  0
LINE
  8
0
 10
902.4062
 20
9625.6656
 30
6139.6137
 11
926.7955
 21
9723.223
 31
6100.5908
  0
LINE
  8
0
 10
926.7955
 20
9723.223
 30
6100.5908
 11
926.7955
 21
9755.7422
 31
6087.5831
  0
LINE
  8
0
 10
1658.4762
 20
9755.7422
 30
6087.5831
 11
1634.0868
 21
9593.1465
 31
6152.6214
  0
LINE
  8
0
 10
1634.0868
 20
9593.1465
 30
6152.6214
 11
1658.4762
 21
9723.223
 31
6100.5908
  0
LINE
  8
0
 10
1658.4762
 20
9723.223
 30
6100.5908
 11
1658.4762
 21
9755.7422
 31
6087.5831
  0
LINE
  8
0
 10
4585.1988
 20
9690.7039
 30
6113.5984
 11
4512.0308
 21
9528.1082
 31
6178.6367
  0
LINE
  8
0
 10
4512.0308
 20
9528.1082
 30
6178.6367
 11
4536.4201
 21
9170.3977
 31
6321.7209
  0
LINE
  8
0
 10
4536.4201
 20
9170.3977
 30
6321.7209
 11
4609.5882
 21
9625.6656
 31
6139.6137
  0
LINE
  8
0
 10
4609.5882
 20
9625.6656
 30
6139.6137
 11
4804.703
 21
9658.1848
 31
6126.6061
  0
LINE
  8
0
 10
4804.703
 20
9658.1848
 30
6126.6061
 11
4609.5882
 21
9690.7039
 31
6113.5984
  0
LINE
  8
0
 10
4609.5882
 20
9690.7039
 30
6113.5984
 11
4585.1988
 21
9690.7039
 31
6113.5984
  0
LINE
  8
0
 10
6219.2856
 20
9690.7039
 30
6113.5984
 11
6194.8963
 21
9430.5508
 31
6217.6597
  0
LINE
  8
0
 10
6194.8963
 20
9430.5508
 30
6217.6597
 11
6219.2856
 21
9658.1848
 31
6126.6061
  0
LINE
  8
0
 10
6219.2856
 20
9658.1848
 30
6126.6061
 11
6219.2856
 21
9690.7039
 31
6113.5984
  0
LINE
  8
0
 10
18999.3079
 20
9690.7039
 30
6113.5984
 11
18974.9186
 21
9788.2613
 31
6074.5755
  0
LINE
  8
0
 10
18974.9186
 20
9788.2613
 30
6074.5755
 11
18974.9186
 21
9365.5125
 31
6243.675
  0
LINE
  8
0
 10
18974.9186
 20
9365.5125
 30
6243.675
 11
18999.3079
 21
9658.1848
 31
6126.6061
  0
LINE
  8
0
 10
18999.3079
 20
9658.1848
 30
6126.6061
 11
18999.3079
 21
9690.7039
 31
6113.5984
  0
LINE
  8
0
 10
2024.3165
 20
9625.6656
 30
6139.6137
 11
2438.9355
 21
9625.6656
 31
6139.6137
  0
LINE
  8
0
 10
2438.9355
 20
9625.6656
 30
6139.6137
 11
2024.3165
 21
9593.1465
 31
6152.6214
  0
LINE
  8
0
 10
2024.3165
 20
9593.1465
 30
6152.6214
 11
2024.3165
 21
9625.6656
 31
6139.6137
  0
LINE
  8
0
 10
6316.8431
 20
9625.6656
 30
6139.6137
 11
6438.7898
 21
9658.1848
 31
6126.6061
  0
LINE
  8
0
 10
6438.7898
 20
9658.1848
 30
6126.6061
 11
6268.0644
 21
9658.1848
 31
6126.6061
  0
LINE
  8
0
 10
6268.0644
 20
9658.1848
 30
6126.6061
 11
6243.675
 21
9365.5125
 31
6243.675
  0
LINE
  8
0
 10
6243.675
 20
9365.5125
 30
6243.675
 11
6390.0111
 21
9332.9934
 31
6256.6827
  0
LINE
  8
0
 10
6390.0111
 20
9332.9934
 30
6256.6827
 11
6414.4005
 21
9560.6273
 31
6165.6291
  0
LINE
  8
0
 10
6414.4005
 20
9560.6273
 30
6165.6291
 11
6316.8431
 21
9593.1465
 31
6152.6214
  0
LINE
  8
0
 10
6316.8431
 20
9593.1465
 30
6152.6214
 11
6316.8431
 21
9625.6656
 31
6139.6137
  0
LINE
  8
0
 10
2731.6078
 20
9593.1465
 30
6152.6214
 11
2707.2185
 21
9300.4742
 31
6269.6903
  0
LINE
  8
0
 10
2707.2185
 20
9300.4742
 30
6269.6903
 11
2731.6078
 21
9560.6273
 31
6165.6291
  0
LINE
  8
0
 10
2731.6078
 20
9560.6273
 30
6165.6291
 11
2731.6078
 21
9593.1465
 31
6152.6214
  0
LINE
  8
0
 10
19316.3695
 20
9593.1465
 30
6152.6214
 11
19291.9802
 21
9430.5508
 31
6217.6597
  0
LINE
  8
0
 10
19291.9802
 20
9430.5508
 30
6217.6597
 11
19316.3695
 21
9560.6273
 31
6165.6291
  0
LINE
  8
0
 10
19316.3695
 20
9560.6273
 30
6165.6291
 11
19316.3695
 21
9593.1465
 31
6152.6214
  0
LINE
  8
0
 10
4658.3669
 20
9560.6273
 30
6165.6291
 11
4609.5882
 21
9202.9168
 31
6308.7133
  0
LINE
  8
0
 10
4609.5882
 20
9202.9168
 30
6308.7133
 11
4829.0924
 21
9202.9168
 31
6308.7133
  0
LINE
  8
0
 10
4829.0924
 20
9202.9168
 30
6308.7133
 11
4877.8711
 21
9560.6273
 31
6165.6291
  0
LINE
  8
0
 10
4877.8711
 20
9560.6273
 30
6165.6291
 11
4682.7562
 21
9593.1465
 31
6152.6214
  0
LINE
  8
0
 10
4682.7562
 20
9593.1465
 30
6152.6214
 11
4658.3669
 21
9560.6273
 31
6165.6291
  0
LINE
  8
0
 10
20243.165
 20
9560.6273
 30
6165.6291
 11
20218.7757
 21
9267.9551
 31
6282.698
  0
LINE
  8
0
 10
20218.7757
 20
9267.9551
 30
6282.698
 11
20243.165
 21
9528.1082
 31
6178.6367
  0
LINE
  8
0
 10
20243.165
 20
9528.1082
 30
6178.6367
 11
20243.165
 21
9560.6273
 31
6165.6291
  0
LINE
  8
0
 10
20901.6776
 20
9528.1082
 30
6178.6367
 11
20877.2883
 21
9300.4742
 31
6269.6903
  0
LINE
  8
0
 10
20877.2883
 20
9300.4742
 30
6269.6903
 11
20901.6776
 21
9495.5891
 31
6191.6444
  0
LINE
  8
0
 10
20901.6776
 20
9495.5891
 30
6191.6444
 11
20901.6776
 21
9528.1082
 31
6178.6367
  0
LINE
  8
0
 10
23608.8961
 20
9528.1082
 30
6178.6367
 11
23584.5067
 21
9267.9551
 31
6282.698
  0
LINE
  8
0
 10
23584.5067
 20
9267.9551
 30
6282.698
 11
23608.8961
 21
9495.5891
 31
6191.6444
  0
LINE
  8
0
 10
23608.8961
 20
9495.5891
 30
6191.6444
 11
23608.8961
 21
9528.1082
 31
6178.6367
  0
LINE
  8
0
 10
5048.5966
 20
9463.0699
 30
6204.652
 11
4975.4285
 21
9072.8402
 31
6360.7439
  0
LINE
  8
0
 10
4975.4285
 20
9072.8402
 30
6360.7439
 11
4951.0392
 21
9170.3977
 31
6321.7209
  0
LINE
  8
0
 10
4951.0392
 20
9170.3977
 30
6321.7209
 11
4585.1988
 21
9137.8785
 31
6334.7286
  0
LINE
  8
0
 10
4585.1988
 20
9137.8785
 30
6334.7286
 11
4414.4733
 21
9007.802
 31
6386.7592
  0
LINE
  8
0
 10
4414.4733
 20
9007.802
 30
6386.7592
 11
4268.1372
 21
9105.3594
 31
6347.7363
  0
LINE
  8
0
 10
4268.1372
 20
9105.3594
 30
6347.7363
 11
4097.4117
 21
8975.2828
 31
6399.7669
  0
LINE
  8
0
 10
4097.4117
 20
8975.2828
 30
6399.7669
 11
4292.5266
 21
8942.7637
 31
6412.7745
  0
LINE
  8
0
 10
4292.5266
 20
8942.7637
 30
6412.7745
 11
4121.8011
 21
8942.7637
 31
6412.7745
  0
LINE
  8
0
 10
4121.8011
 20
8942.7637
 30
6412.7745
 11
4097.4117
 21
8812.6871
 31
6464.8052
  0
LINE
  8
0
 10
4097.4117
 20
8812.6871
 30
6464.8052
 11
5121.7646
 21
8910.2445
 31
6425.7822
  0
LINE
  8
0
 10
5121.7646
 20
8910.2445
 30
6425.7822
 11
5146.154
 21
9072.8402
 31
6360.7439
  0
LINE
  8
0
 10
5146.154
 20
9072.8402
 30
6360.7439
 11
5048.5966
 21
9072.8402
 31
6360.7439
  0
LINE
  8
0
 10
5048.5966
 20
9072.8402
 30
6360.7439
 11
5048.5966
 21
9430.5508
 31
6217.6597
  0
LINE
  8
0
 10
5048.5966
 20
9430.5508
 30
6217.6597
 11
5048.5966
 21
9463.0699
 31
6204.652
  0
LINE
  8
0
 10
22535.7645
 20
9463.0699
 30
6204.652
 11
22511.3751
 21
8650.0914
 31
6529.8434
  0
LINE
  8
0
 10
22511.3751
 20
8650.0914
 30
6529.8434
 11
23974.7364
 21
8454.9766
 31
6607.8894
  0
LINE
  8
0
 10
23974.7364
 20
8454.9766
 30
6607.8894
 11
24218.63
 21
8520.0148
 31
6581.8741
  0
LINE
  8
0
 10
24218.63
 20
8520.0148
 30
6581.8741
 11
24169.8513
 21
8487.4957
 31
6594.8817
  0
LINE
  8
0
 10
24169.8513
 20
8487.4957
 30
6594.8817
 11
24243.0193
 21
8422.4574
 31
6620.897
  0
LINE
  8
0
 10
24243.0193
 20
8422.4574
 30
6620.897
 11
24389.3555
 21
8454.9766
 31
6607.8894
  0
LINE
  8
0
 10
24389.3555
 20
8454.9766
 30
6607.8894
 11
24340.5768
 21
8389.9383
 31
6633.9047
  0
LINE
  8
0
 10
24340.5768
 20
8389.9383
 30
6633.9047
 11
24535.6916
 21
8520.0148
 31
6581.8741
  0
LINE
  8
0
 10
24535.6916
 20
8520.0148
 30
6581.8741
 11
24413.7448
 21
8650.0914
 31
6529.8434
  0
LINE
  8
0
 10
24413.7448
 20
8650.0914
 30
6529.8434
 11
24316.1874
 21
8617.5723
 31
6542.8511
  0
LINE
  8
0
 10
24316.1874
 20
8617.5723
 30
6542.8511
 11
24340.5768
 21
8682.6105
 31
6516.8358
  0
LINE
  8
0
 10
24340.5768
 20
8682.6105
 30
6516.8358
 11
23852.7896
 21
8682.6105
 31
6516.8358
  0
LINE
  8
0
 10
23852.7896
 20
8682.6105
 30
6516.8358
 11
23877.179
 21
8780.168
 31
6477.8128
  0
LINE
  8
0
 10
23877.179
 20
8780.168
 30
6477.8128
 11
24121.0726
 21
8845.2063
 31
6451.7975
  0
LINE
  8
0
 10
24121.0726
 20
8845.2063
 30
6451.7975
 11
23779.6216
 21
8942.7637
 31
6412.7745
  0
LINE
  8
0
 10
23779.6216
 20
8942.7637
 30
6412.7745
 11
23682.0642
 21
8812.6871
 31
6464.8052
  0
LINE
  8
0
 10
23682.0642
 20
8812.6871
 30
6464.8052
 11
23779.6216
 21
8780.168
 31
6477.8128
  0
LINE
  8
0
 10
23779.6216
 20
8780.168
 30
6477.8128
 11
23608.8961
 21
8747.6488
 31
6490.8205
  0
LINE
  8
0
 10
23608.8961
 20
8747.6488
 30
6490.8205
 11
23657.6748
 21
8650.0914
 31
6529.8434
  0
LINE
  8
0
 10
23657.6748
 20
8650.0914
 30
6529.8434
 11
23584.5067
 21
8617.5723
 31
6542.8511
  0
LINE
  8
0
 10
23584.5067
 20
8617.5723
 30
6542.8511
 11
23560.1174
 21
8747.6488
 31
6490.8205
  0
LINE
  8
0
 10
23560.1174
 20
8747.6488
 30
6490.8205
 11
22560.1538
 21
8877.7254
 31
6438.7898
  0
LINE
  8
0
 10
22560.1538
 20
8877.7254
 30
6438.7898
 11
22535.7645
 21
9430.5508
 31
6217.6597
  0
LINE
  8
0
 10
22535.7645
 20
9430.5508
 30
6217.6597
 11
22535.7645
 21
9463.0699
 31
6204.652
  0
LINE
  8
0
 10
12219.0671
 20
9398.0316
 30
6230.6673
 11
12072.731
 21
9398.0316
 31
6230.6673
  0
LINE
  8
0
 10
12072.731
 20
9398.0316
 30
6230.6673
 11
12194.6777
 21
9365.5125
 31
6243.675
  0
LINE
  8
0
 10
12194.6777
 20
9365.5125
 30
6243.675
 11
12219.0671
 21
9398.0316
 31
6230.6673
  0
LINE
  8
0
 10
12462.9606
 20
9398.0316
 30
6230.6673
 11
12292.2352
 21
9398.0316
 31
6230.6673
  0
LINE
  8
0
 10
12292.2352
 20
9398.0316
 30
6230.6673
 11
12462.9606
 21
9365.5125
 31
6243.675
  0
LINE
  8
0
 10
12462.9606
 20
9365.5125
 30
6243.675
 11
12462.9606
 21
9398.0316
 31
6230.6673
  0
LINE
  8
0
 10
6902.1876
 20
9365.5125
 30
6243.675
 11
6877.7982
 21
8617.5723
 31
6542.8511
  0
LINE
  8
0
 10
6877.7982
 20
8617.5723
 30
6542.8511
 11
6902.1876
 21
9332.9934
 31
6256.6827
  0
LINE
  8
0
 10
6902.1876
 20
9332.9934
 30
6256.6827
 11
6902.1876
 21
9365.5125
 31
6243.675
  0
LINE
  8
0
 10
1634.0868
 20
9332.9934
 30
6256.6827
 11
1609.6975
 21
8910.2445
 31
6425.7822
  0
LINE
  8
0
 10
1609.6975
 20
8910.2445
 30
6425.7822
 11
1634.0868
 21
9300.4742
 31
6269.6903
  0
LINE
  8
0
 10
1634.0868
 20
9300.4742
 30
6269.6903
 11
1634.0868
 21
9332.9934
 31
6256.6827
  0
LINE
  8
0
 10
2195.042
 20
9332.9934
 30
6256.6827
 11
2268.2101
 21
9300.4742
 31
6269.6903
  0
LINE
  8
0
 10
2268.2101
 20
9300.4742
 30
6269.6903
 11
2073.0952
 21
9300.4742
 31
6269.6903
  0
LINE
  8
0
 10
2073.0952
 20
9300.4742
 30
6269.6903
 11
2170.6526
 21
9300.4742
 31
6269.6903
  0
LINE
  8
0
 10
2170.6526
 20
9300.4742
 30
6269.6903
 11
2195.042
 21
9332.9934
 31
6256.6827
  0
LINE
  8
0
 10
4682.7562
 20
9332.9934
 30
6256.6827
 11
4804.703
 21
9332.9934
 31
6256.6827
  0
LINE
  8
0
 10
4804.703
 20
9332.9934
 30
6256.6827
 11
4707.1456
 21
9332.9934
 31
6256.6827
  0
LINE
  8
0
 10
4707.1456
 20
9332.9934
 30
6256.6827
 11
4682.7562
 21
9332.9934
 31
6256.6827
  0
LINE
  8
0
 10
6560.7366
 20
9300.4742
 30
6269.6903
 11
6097.3389
 21
9235.4359
 31
6295.7056
  0
LINE
  8
0
 10
6097.3389
 20
9235.4359
 30
6295.7056
 11
6072.9495
 21
9072.8402
 31
6360.7439
  0
LINE
  8
0
 10
6072.9495
 20
9072.8402
 30
6360.7439
 11
6609.5153
 21
9105.3594
 31
6347.7363
  0
LINE
  8
0
 10
6609.5153
 20
9105.3594
 30
6347.7363
 11
6633.9047
 21
9202.9168
 31
6308.7133
  0
LINE
  8
0
 10
6633.9047
 20
9202.9168
 30
6308.7133
 11
6560.7366
 21
9267.9551
 31
6282.698
  0
LINE
  8
0
 10
6560.7366
 20
9267.9551
 30
6282.698
 11
6560.7366
 21
9300.4742
 31
6269.6903
  0
LINE
  8
0
 10
22804.0474
 20
9267.9551
 30
6282.698
 11
22755.2687
 21
9007.802
 31
6386.7592
  0
LINE
  8
0
 10
22755.2687
 20
9007.802
 30
6386.7592
 11
22901.6048
 21
8910.2445
 31
6425.7822
  0
LINE
  8
0
 10
22901.6048
 20
8910.2445
 30
6425.7822
 11
22804.0474
 21
9040.3211
 31
6373.7516
  0
LINE
  8
0
 10
22804.0474
 20
9040.3211
 30
6373.7516
 11
22804.0474
 21
9235.4359
 31
6295.7056
  0
LINE
  8
0
 10
22804.0474
 20
9235.4359
 30
6295.7056
 11
22804.0474
 21
9267.9551
 31
6282.698
  0
LINE
  8
0
 10
18974.9186
 20
9235.4359
 30
6295.7056
 11
18828.5824
 21
9202.9168
 31
6308.7133
  0
LINE
  8
0
 10
18828.5824
 20
9202.9168
 30
6308.7133
 11
19316.3695
 21
9137.8785
 31
6334.7286
  0
LINE
  8
0
 10
19316.3695
 20
9137.8785
 30
6334.7286
 11
19267.5908
 21
9235.4359
 31
6295.7056
  0
LINE
  8
0
 10
19267.5908
 20
9235.4359
 30
6295.7056
 11
18999.3079
 21
9235.4359
 31
6295.7056
  0
LINE
  8
0
 10
18999.3079
 20
9235.4359
 30
6295.7056
 11
18974.9186
 21
9235.4359
 31
6295.7056
  0
LINE
  8
0
 10
2195.042
 20
9202.9168
 30
6308.7133
 11
2414.5462
 21
9137.8785
 31
6334.7286
  0
LINE
  8
0
 10
2414.5462
 20
9137.8785
 30
6334.7286
 11
2195.042
 21
9170.3977
 31
6321.7209
  0
LINE
  8
0
 10
2195.042
 20
9170.3977
 30
6321.7209
 11
2195.042
 21
9202.9168
 31
6308.7133
  0
LINE
  8
0
 10
2634.0504
 20
9202.9168
 30
6308.7133
 11
2609.661
 21
8877.7254
 31
6438.7898
  0
LINE
  8
0
 10
2609.661
 20
8877.7254
 30
6438.7898
 11
2634.0504
 21
9170.3977
 31
6321.7209
  0
LINE
  8
0
 10
2634.0504
 20
9170.3977
 30
6321.7209
 11
2634.0504
 21
9202.9168
 31
6308.7133
  0
LINE
  8
0
 10
18633.4676
 20
9202.9168
 30
6308.7133
 11
18609.0782
 21
8747.6488
 31
6490.8205
  0
LINE
  8
0
 10
18609.0782
 20
8747.6488
 30
6490.8205
 11
18633.4676
 21
9170.3977
 31
6321.7209
  0
LINE
  8
0
 10
18633.4676
 20
9170.3977
 30
6321.7209
 11
18633.4676
 21
9202.9168
 31
6308.7133
  0
LINE
  8
0
 10
1707.2549
 20
9137.8785
 30
6334.7286
 11
1682.8655
 21
8975.2828
 31
6399.7669
  0
LINE
  8
0
 10
1682.8655
 20
8975.2828
 30
6399.7669
 11
1707.2549
 21
9105.3594
 31
6347.7363
  0
LINE
  8
0
 10
1707.2549
 20
9105.3594
 30
6347.7363
 11
1707.2549
 21
9137.8785
 31
6334.7286
  0
LINE
  8
0
 10
21072.4031
 20
9105.3594
 30
6347.7363
 11
20950.4563
 21
9072.8402
 31
6360.7439
  0
LINE
  8
0
 10
20950.4563
 20
9072.8402
 30
6360.7439
 11
21169.9605
 21
9072.8402
 31
6360.7439
  0
LINE
  8
0
 10
21169.9605
 20
9072.8402
 30
6360.7439
 11
21096.7925
 21
9105.3594
 31
6347.7363
  0
LINE
  8
0
 10
21096.7925
 20
9105.3594
 30
6347.7363
 11
21072.4031
 21
9105.3594
 31
6347.7363
  0
LINE
  8
0
 10
20291.9437
 20
9072.8402
 30
6360.7439
 11
20291.9437
 21
8910.2445
 31
6425.7822
  0
LINE
  8
0
 10
20291.9437
 20
8910.2445
 30
6425.7822
 11
21169.9605
 21
8812.6871
 31
6464.8052
  0
LINE
  8
0
 10
21169.9605
 20
8812.6871
 30
6464.8052
 11
21145.5712
 21
8975.2828
 31
6399.7669
  0
LINE
  8
0
 10
21145.5712
 20
8975.2828
 30
6399.7669
 11
20316.3331
 21
9072.8402
 31
6360.7439
  0
LINE
  8
0
 10
20316.3331
 20
9072.8402
 30
6360.7439
 11
20291.9437
 21
9072.8402
 31
6360.7439
  0
LINE
  8
0
 10
23291.8345
 20
9040.3211
 30
6373.7516
 11
23218.6664
 21
8975.2828
 31
6399.7669
  0
LINE
  8
0
 10
23218.6664
 20
8975.2828
 30
6399.7669
 11
23267.4451
 21
9007.802
 31
6386.7592
  0
LINE
  8
0
 10
23267.4451
 20
9007.802
 30
6386.7592
 11
23291.8345
 21
9040.3211
 31
6373.7516
  0
LINE
  8
0
 10
23047.9409
 20
8975.2828
 30
6399.7669
 11
22925.9941
 21
8975.2828
 31
6399.7669
  0
LINE
  8
0
 10
22925.9941
 20
8975.2828
 30
6399.7669
 11
23023.5516
 21
8942.7637
 31
6412.7745
  0
LINE
  8
0
 10
23023.5516
 20
8942.7637
 30
6412.7745
 11
23047.9409
 21
8975.2828
 31
6399.7669
  0
LINE
  8
0
 10
24267.4087
 20
8845.2063
 30
6451.7975
 11
24121.0726
 21
8780.168
 31
6477.8128
  0
LINE
  8
0
 10
24121.0726
 20
8780.168
 30
6477.8128
 11
24413.7448
 21
8780.168
 31
6477.8128
  0
LINE
  8
0
 10
24413.7448
 20
8780.168
 30
6477.8128
 11
24291.798
 21
8845.2063
 31
6451.7975
  0
LINE
  8
0
 10
24291.798
 20
8845.2063
 30
6451.7975
 11
24267.4087
 21
8845.2063
 31
6451.7975
  0
LINE
  8
0
 10
1512.14
 20
8812.6871
 30
6464.8052
 11
1341.4146
 21
8780.168
 31
6477.8128
  0
LINE
  8
0
 10
1341.4146
 20
8780.168
 30
6477.8128
 11
1512.14
 21
8780.168
 31
6477.8128
  0
LINE
  8
0
 10
1512.14
 20
8780.168
 30
6477.8128
 11
1512.14
 21
8812.6871
 31
6464.8052
  0
LINE
  8
0
 10
1902.3697
 20
8780.168
 30
6477.8128
 11
2024.3165
 21
8812.6871
 31
6464.8052
  0
LINE
  8
0
 10
2024.3165
 20
8812.6871
 30
6464.8052
 11
1926.7591
 21
8780.168
 31
6477.8128
  0
LINE
  8
0
 10
1926.7591
 20
8780.168
 30
6477.8128
 11
1902.3697
 21
8780.168
 31
6477.8128
  0
LINE
  8
0
 10
2243.8207
 20
8747.6488
 30
6490.8205
 11
2414.5462
 21
8780.168
 31
6477.8128
  0
LINE
  8
0
 10
2414.5462
 20
8780.168
 30
6477.8128
 11
2268.2101
 21
8747.6488
 31
6490.8205
  0
LINE
  8
0
 10
2268.2101
 20
8747.6488
 30
6490.8205
 11
2243.8207
 21
8747.6488
 31
6490.8205
  0
LINE
  8
0
 10
24096.6832
 20
8747.6488
 30
6490.8205
 11
23925.9577
 21
8747.6488
 31
6490.8205
  0
LINE
  8
0
 10
23925.9577
 20
8747.6488
 30
6490.8205
 11
24072.2938
 21
8715.1297
 31
6503.8281
  0
LINE
  8
0
 10
24072.2938
 20
8715.1297
 30
6503.8281
 11
24096.6832
 21
8747.6488
 31
6490.8205
  0
LINE
  8
0
 10
6560.7366
 20
8715.1297
 30
6503.8281
 11
6536.3473
 21
8585.0531
 31
6555.8587
  0
LINE
  8
0
 10
6536.3473
 20
8585.0531
 30
6555.8587
 11
6560.7366
 21
8682.6105
 31
6516.8358
  0
LINE
  8
0
 10
6560.7366
 20
8682.6105
 30
6516.8358
 11
6560.7366
 21
8715.1297
 31
6503.8281
  0
LINE
  8
0
 10
24389.3555
 20
8715.1297
 30
6503.8281
 11
24194.2406
 21
8715.1297
 31
6503.8281
  0
LINE
  8
0
 10
24194.2406
 20
8715.1297
 30
6503.8281
 11
24364.9661
 21
8682.6105
 31
6516.8358
  0
LINE
  8
0
 10
24364.9661
 20
8682.6105
 30
6516.8358
 11
24389.3555
 21
8715.1297
 31
6503.8281
  0
LINE
  8
0
 10
1756.0336
 20
8682.6105
 30
6516.8358
 11
1853.591
 21
8682.6105
 31
6516.8358
  0
LINE
  8
0
 10
1853.591
 20
8682.6105
 30
6516.8358
 11
1853.591
 21
8585.0531
 31
6555.8587
  0
LINE
  8
0
 10
1853.591
 20
8585.0531
 30
6555.8587
 11
1756.0336
 21
8617.5723
 31
6542.8511
  0
LINE
  8
0
 10
1756.0336
 20
8617.5723
 30
6542.8511
 11
1853.591
 21
8650.0914
 31
6529.8434
  0
LINE
  8
0
 10
1853.591
 20
8650.0914
 30
6529.8434
 11
1780.4229
 21
8682.6105
 31
6516.8358
  0
LINE
  8
0
 10
1780.4229
 20
8682.6105
 30
6516.8358
 11
1756.0336
 21
8682.6105
 31
6516.8358
  0
LINE
  8
0
 10
5268.1008
 20
8552.534
 30
6568.8664
 11
5268.1008
 21
7544.4406
 31
6972.1038
  0
LINE
  8
0
 10
5268.1008
 20
7544.4406
 30
6972.1038
 11
5268.1008
 21
8520.0148
 31
6581.8741
  0
LINE
  8
0
 10
5268.1008
 20
8520.0148
 30
6581.8741
 11
5268.1008
 21
8552.534
 31
6568.8664
  0
LINE
  8
0
 10
20340.7225
 20
8520.0148
 30
6581.8741
 11
20413.8905
 21
8520.0148
 31
6581.8741
  0
LINE
  8
0
 10
20413.8905
 20
8520.0148
 30
6581.8741
 11
20340.7225
 21
8324.9
 31
6659.92
  0
LINE
  8
0
 10
20340.7225
 20
8324.9
 30
6659.92
 11
20438.2799
 21
8357.4191
 31
6646.9123
  0
LINE
  8
0
 10
20438.2799
 20
8357.4191
 30
6646.9123
 11
20438.2799
 21
8259.8617
 31
6685.9353
  0
LINE
  8
0
 10
20438.2799
 20
8259.8617
 30
6685.9353
 11
20340.7225
 21
8259.8617
 31
6685.9353
  0
LINE
  8
0
 10
20340.7225
 20
8259.8617
 30
6685.9353
 11
20316.3331
 21
8487.4957
 31
6594.8817
  0
LINE
  8
0
 10
20316.3331
 20
8487.4957
 30
6594.8817
 11
20340.7225
 21
8520.0148
 31
6581.8741
  0
LINE
  8
0
 10
4951.0392
 20
8454.9766
 30
6607.8894
 11
4999.8179
 21
8227.3426
 31
6698.943
  0
LINE
  8
0
 10
4999.8179
 20
8227.3426
 30
6698.943
 11
4902.2604
 21
8194.8234
 31
6711.9506
  0
LINE
  8
0
 10
4902.2604
 20
8194.8234
 30
6711.9506
 11
4975.4285
 21
8422.4574
 31
6620.897
  0
LINE
  8
0
 10
4975.4285
 20
8422.4574
 30
6620.897
 11
4951.0392
 21
8454.9766
 31
6607.8894
  0
LINE
  8
0
 10
24535.6916
 20
8454.9766
 30
6607.8894
 11
24438.1342
 21
8389.9383
 31
6633.9047
  0
LINE
  8
0
 10
24438.1342
 20
8389.9383
 30
6633.9047
 11
24560.081
 21
8422.4574
 31
6620.897
  0
LINE
  8
0
 10
24560.081
 20
8422.4574
 30
6620.897
 11
24535.6916
 21
8454.9766
 31
6607.8894
  0
LINE
  8
0
 10
4926.6498
 20
8422.4574
 30
6620.897
 11
4999.8179
 21
8454.9766
 31
6607.8894
  0
LINE
  8
0
 10
4999.8179
 20
8454.9766
 30
6607.8894
 11
4975.4285
 21
8194.8234
 31
6711.9506
  0
LINE
  8
0
 10
4975.4285
 20
8194.8234
 30
6711.9506
 11
4902.2604
 21
8194.8234
 31
6711.9506
  0
LINE
  8
0
 10
4902.2604
 20
8194.8234
 30
6711.9506
 11
4926.6498
 21
8324.9
 31
6659.92
  0
LINE
  8
0
 10
4926.6498
 20
8324.9
 30
6659.92
 11
4975.4285
 21
8259.8617
 31
6685.9353
  0
LINE
  8
0
 10
4975.4285
 20
8259.8617
 30
6685.9353
 11
4951.0392
 21
8454.9766
 31
6607.8894
  0
LINE
  8
0
 10
4951.0392
 20
8454.9766
 30
6607.8894
 11
4926.6498
 21
8422.4574
 31
6620.897
  0
LINE
  8
0
 10
4926.6498
 20
8389.9383
 30
6633.9047
 11
4999.8179
 21
8454.9766
 31
6607.8894
  0
LINE
  8
0
 10
4999.8179
 20
8454.9766
 30
6607.8894
 11
4975.4285
 21
8194.8234
 31
6711.9506
  0
LINE
  8
0
 10
4975.4285
 20
8194.8234
 30
6711.9506
 11
4902.2604
 21
8194.8234
 31
6711.9506
  0
LINE
  8
0
 10
4902.2604
 20
8194.8234
 30
6711.9506
 11
4926.6498
 21
8324.9
 31
6659.92
  0
LINE
  8
0
 10
4926.6498
 20
8324.9
 30
6659.92
 11
4975.4285
 21
8259.8617
 31
6685.9353
  0
LINE
  8
0
 10
4975.4285
 20
8259.8617
 30
6685.9353
 11
4926.6498
 21
8422.4574
 31
6620.897
  0
LINE
  8
0
 10
4926.6498
 20
8422.4574
 30
6620.897
 11
4926.6498
 21
8389.9383
 31
6633.9047
  0
LINE
  8
0
 10
18145.6805
 20
8324.9
 30
6659.92
 11
18121.2911
 21
8064.7469
 31
6763.9812
  0
LINE
  8
0
 10
18121.2911
 20
8064.7469
 30
6763.9812
 11
18145.6805
 21
8292.3809
 31
6672.9277
  0
LINE
  8
0
 10
18145.6805
 20
8292.3809
 30
6672.9277
 11
18145.6805
 21
8324.9
 31
6659.92
  0
LINE
  8
0
 10
18657.8569
 20
8324.9
 30
6659.92
 11
18633.4676
 21
7902.1512
 31
6829.0195
  0
LINE
  8
0
 10
18633.4676
 20
7902.1512
 30
6829.0195
 11
18657.8569
 21
8292.3809
 31
6672.9277
  0
LINE
  8
0
 10
18657.8569
 20
8292.3809
 30
6672.9277
 11
18657.8569
 21
8324.9
 31
6659.92
  0
LINE
  8
0
 10
6877.7982
 20
8292.3809
 30
6672.9277
 11
6853.4089
 21
7934.6703
 31
6816.0119
  0
LINE
  8
0
 10
6853.4089
 20
7934.6703
 30
6816.0119
 11
6877.7982
 21
8259.8617
 31
6685.9353
  0
LINE
  8
0
 10
6877.7982
 20
8259.8617
 30
6685.9353
 11
6877.7982
 21
8292.3809
 31
6672.9277
  0
LINE
  8
0
 10
19438.3163
 20
8259.8617
 30
6685.9353
 11
19487.095
 21
7251.7684
 31
7089.1727
  0
LINE
  8
0
 10
19487.095
 20
7251.7684
 30
7089.1727
 11
19389.5376
 21
7284.2875
 31
7076.165
  0
LINE
  8
0
 10
19389.5376
 20
7284.2875
 30
7076.165
 11
19462.7057
 21
7316.8066
 31
7063.1573
  0
LINE
  8
0
 10
19462.7057
 20
7316.8066
 30
7063.1573
 11
19438.3163
 21
8227.3426
 31
6698.943
  0
LINE
  8
0
 10
19438.3163
 20
8227.3426
 30
6698.943
 11
19438.3163
 21
8259.8617
 31
6685.9353
  0
LINE
  8
0
 10
20438.2799
 20
8032.2277
 30
6776.9889
 11
20438.2799
 21
7869.632
 31
6842.0272
  0
LINE
  8
0
 10
20438.2799
 20
7869.632
 30
6842.0272
 11
20438.2799
 21
7999.7086
 31
6789.9966
  0
LINE
  8
0
 10
20438.2799
 20
7999.7086
 30
6789.9966
 11
20438.2799
 21
8032.2277
 31
6776.9889
  0
LINE
  8
0
 10
4951.0392
 20
7934.6703
 30
6816.0119
 11
4951.0392
 21
7674.5172
 31
6920.0731
  0
LINE
  8
0
 10
4951.0392
 20
7674.5172
 30
6920.0731
 11
4951.0392
 21
7902.1512
 31
6829.0195
  0
LINE
  8
0
 10
4951.0392
 20
7902.1512
 30
6829.0195
 11
4951.0392
 21
7934.6703
 31
6816.0119
  0
LINE
  8
0
 10
8267.9915
 20
7902.1512
 30
6829.0195
 11
8048.4873
 21
7902.1512
 31
6829.0195
  0
LINE
  8
0
 10
8048.4873
 20
7902.1512
 30
6829.0195
 11
8243.6021
 21
7869.632
 31
6842.0272
  0
LINE
  8
0
 10
8243.6021
 20
7869.632
 30
6842.0272
 11
8267.9915
 21
7902.1512
 31
6829.0195
  0
LINE
  8
0
 10
12365.4032
 20
7902.1512
 30
6829.0195
 11
12658.0755
 21
7902.1512
 31
6829.0195
  0
LINE
  8
0
 10
12658.0755
 20
7902.1512
 30
6829.0195
 11
12389.7926
 21
7902.1512
 31
6829.0195
  0
LINE
  8
0
 10
12389.7926
 20
7902.1512
 30
6829.0195
 11
12365.4032
 21
7902.1512
 31
6829.0195
  0
LINE
  8
0
 10
12731.2436
 20
7902.1512
 30
6829.0195
 11
13414.1455
 21
7869.632
 31
6842.0272
  0
LINE
  8
0
 10
13414.1455
 20
7869.632
 30
6842.0272
 11
12682.4648
 21
7804.5938
 31
6868.0425
  0
LINE
  8
0
 10
12682.4648
 20
7804.5938
 30
6868.0425
 11
12853.1903
 21
7869.632
 31
6842.0272
  0
LINE
  8
0
 10
12853.1903
 20
7869.632
 30
6842.0272
 11
12755.6329
 21
7902.1512
 31
6829.0195
  0
LINE
  8
0
 10
12755.6329
 20
7902.1512
 30
6829.0195
 11
12731.2436
 21
7902.1512
 31
6829.0195
  0
LINE
  8
0
 10
13658.0391
 20
7902.1512
 30
6829.0195
 11
14292.1623
 21
7869.632
 31
6842.0272
  0
LINE
  8
0
 10
14292.1623
 20
7869.632
 30
6842.0272
 11
13462.9242
 21
7869.632
 31
6842.0272
  0
LINE
  8
0
 10
13462.9242
 20
7869.632
 30
6842.0272
 11
13633.6497
 21
7869.632
 31
6842.0272
  0
LINE
  8
0
 10
13633.6497
 20
7869.632
 30
6842.0272
 11
13658.0391
 21
7902.1512
 31
6829.0195
  0
LINE
  8
0
 10
8999.6722
 20
7869.632
 30
6842.0272
 11
9170.3977
 21
7869.632
 31
6842.0272
  0
LINE
  8
0
 10
9170.3977
 20
7869.632
 30
6842.0272
 11
9024.0615
 21
7869.632
 31
6842.0272
  0
LINE
  8
0
 10
9024.0615
 20
7869.632
 30
6842.0272
 11
8999.6722
 21
7869.632
 31
6842.0272
  0
LINE
  8
0
 10
9267.9551
 20
7869.632
 30
6842.0272
 11
9536.238
 21
7869.632
 31
6842.0272
  0
LINE
  8
0
 10
9536.238
 20
7869.632
 30
6842.0272
 11
9292.3444
 21
7869.632
 31
6842.0272
  0
LINE
  8
0
 10
9292.3444
 20
7869.632
 30
6842.0272
 11
9267.9551
 21
7869.632
 31
6842.0272
  0
LINE
  8
0
 10
17755.4508
 20
7869.632
 30
6842.0272
 11
17901.7869
 21
7869.632
 31
6842.0272
  0
LINE
  8
0
 10
17901.7869
 20
7869.632
 30
6842.0272
 11
17779.8401
 21
7869.632
 31
6842.0272
  0
LINE
  8
0
 10
17779.8401
 20
7869.632
 30
6842.0272
 11
17755.4508
 21
7869.632
 31
6842.0272
  0
LINE
  8
0
 10
21365.0754
 20
7804.5938
 30
6868.0425
 11
21413.8541
 21
6471.309
 31
7401.3564
  0
LINE
  8
0
 10
21413.8541
 20
6471.309
 30
7401.3564
 11
21340.686
 21
6471.309
 31
7401.3564
  0
LINE
  8
0
 10
21340.686
 20
6471.309
 30
7401.3564
 11
21365.0754
 21
7772.0746
 31
6881.0502
  0
LINE
  8
0
 10
21365.0754
 20
7772.0746
 30
6881.0502
 11
21365.0754
 21
7804.5938
 31
6868.0425
  0
LINE
  8
0
 10
10633.759
 20
7707.0363
 30
6907.0655
 11
10853.2632
 21
7707.0363
 31
6907.0655
  0
LINE
  8
0
 10
10853.2632
 20
7707.0363
 30
6907.0655
 11
10633.759
 21
7674.5172
 31
6920.0731
  0
LINE
  8
0
 10
10633.759
 20
7674.5172
 30
6920.0731
 11
10633.759
 21
7707.0363
 31
6907.0655
  0
LINE
  8
0
 10
12780.0223
 20
7707.0363
 30
6907.0655
 11
13023.9158
 21
7707.0363
 31
6907.0655
  0
LINE
  8
0
 10
13023.9158
 20
7707.0363
 30
6907.0655
 11
12804.4116
 21
7707.0363
 31
6907.0655
  0
LINE
  8
0
 10
12804.4116
 20
7707.0363
 30
6907.0655
 11
12780.0223
 21
7707.0363
 31
6907.0655
  0
LINE
  8
0
 10
16145.7533
 20
7707.0363
 30
6907.0655
 11
16267.7001
 21
7707.0363
 31
6907.0655
  0
LINE
  8
0
 10
16267.7001
 20
7707.0363
 30
6907.0655
 11
16170.1427
 21
7707.0363
 31
6907.0655
  0
LINE
  8
0
 10
16170.1427
 20
7707.0363
 30
6907.0655
 11
16145.7533
 21
7707.0363
 31
6907.0655
  0
LINE
  8
0
 10
18072.5124
 20
7707.0363
 30
6907.0655
 11
18487.1314
 21
7674.5172
 31
6920.0731
  0
LINE
  8
0
 10
18487.1314
 20
7674.5172
 30
6920.0731
 11
18072.5124
 21
7674.5172
 31
6920.0731
  0
LINE
  8
0
 10
18072.5124
 20
7674.5172
 30
6920.0731
 11
18072.5124
 21
7707.0363
 31
6907.0655
  0
LINE
  8
0
 10
12584.9074
 20
7641.998
 30
6933.0808
 11
14731.1707
 21
7544.4406
 31
6972.1038
  0
LINE
  8
0
 10
14731.1707
 20
7544.4406
 30
6972.1038
 11
11877.6161
 21
7544.4406
 31
6972.1038
  0
LINE
  8
0
 10
11877.6161
 20
7544.4406
 30
6972.1038
 11
11219.1035
 21
7414.3641
 31
7024.1344
  0
LINE
  8
0
 10
11219.1035
 20
7414.3641
 30
7024.1344
 11
12341.0139
 21
7349.3258
 31
7050.1497
  0
LINE
  8
0
 10
12341.0139
 20
7349.3258
 30
7050.1497
 11
11243.4929
 21
7024.1344
 31
7180.2262
  0
LINE
  8
0
 10
11243.4929
 20
7024.1344
 30
7180.2262
 11
8804.5573
 21
7056.6535
 31
7167.2186
  0
LINE
  8
0
 10
8804.5573
 20
7056.6535
 30
7167.2186
 11
9633.7954
 21
7251.7684
 31
7089.1727
  0
LINE
  8
0
 10
9633.7954
 20
7251.7684
 30
7089.1727
 11
9609.4061
 21
7316.8066
 31
7063.1573
  0
LINE
  8
0
 10
9609.4061
 20
7316.8066
 30
7063.1573
 11
9926.4677
 21
7316.8066
 31
7063.1573
  0
LINE
  8
0
 10
9926.4677
 20
7316.8066
 30
7063.1573
 11
9853.2996
 21
7414.3641
 31
7024.1344
  0
LINE
  8
0
 10
9853.2996
 20
7414.3641
 30
7024.1344
 11
10097.1932
 21
7479.4023
 31
6998.1191
  0
LINE
  8
0
 10
10097.1932
 20
7479.4023
 30
6998.1191
 11
12560.5181
 21
7609.4789
 31
6946.0884
  0
LINE
  8
0
 10
12560.5181
 20
7609.4789
 30
6946.0884
 11
12584.9074
 21
7641.998
 31
6933.0808
  0
LINE
  8
0
 10
15609.1875
 20
7576.9598
 30
6959.0961
 11
15779.913
 21
7576.9598
 31
6959.0961
  0
LINE
  8
0
 10
15779.913
 20
7576.9598
 30
6959.0961
 11
15389.6833
 21
7479.4023
 31
6998.1191
  0
LINE
  8
0
 10
15389.6833
 20
7479.4023
 30
6998.1191
 11
14975.0643
 21
7511.9215
 31
6985.1114
  0
LINE
  8
0
 10
14975.0643
 20
7511.9215
 30
6985.1114
 11
15584.7981
 21
7544.4406
 31
6972.1038
  0
LINE
  8
0
 10
15584.7981
 20
7544.4406
 30
6972.1038
 11
15609.1875
 21
7576.9598
 31
6959.0961
  0
LINE
  8
0
 10
15901.8598
 20
7576.9598
 30
6959.0961
 11
18170.0698
 21
7511.9215
 31
6985.1114
  0
LINE
  8
0
 10
18170.0698
 20
7511.9215
 30
6985.1114
 11
17243.2743
 21
7511.9215
 31
6985.1114
  0
LINE
  8
0
 10
17243.2743
 20
7511.9215
 30
6985.1114
 11
17145.7169
 21
7414.3641
 31
7024.1344
  0
LINE
  8
0
 10
17145.7169
 20
7414.3641
 30
7024.1344
 11
16853.0446
 21
7414.3641
 31
7024.1344
  0
LINE
  8
0
 10
16853.0446
 20
7414.3641
 30
7024.1344
 11
17170.1063
 21
7479.4023
 31
6998.1191
  0
LINE
  8
0
 10
17170.1063
 20
7479.4023
 30
6998.1191
 11
15877.4704
 21
7544.4406
 31
6972.1038
  0
LINE
  8
0
 10
15877.4704
 20
7544.4406
 30
6972.1038
 11
15901.8598
 21
7576.9598
 31
6959.0961
  0
LINE
  8
0
 10
22706.4899
 20
7576.9598
 30
6959.0961
 11
22706.4899
 21
7381.8449
 31
7037.142
  0
LINE
  8
0
 10
22706.4899
 20
7381.8449
 30
7037.142
 11
22852.8261
 21
7316.8066
 31
7063.1573
  0
LINE
  8
0
 10
22852.8261
 20
7316.8066
 30
7063.1573
 11
22682.1006
 21
7349.3258
 31
7050.1497
  0
LINE
  8
0
 10
22682.1006
 20
7349.3258
 30
7050.1497
 11
22706.4899
 21
7544.4406
 31
6972.1038
  0
LINE
  8
0
 10
22706.4899
 20
7544.4406
 30
6972.1038
 11
22706.4899
 21
7576.9598
 31
6959.0961
  0
LINE
  8
0
 10
9755.7422
 20
7479.4023
 30
6998.1191
 11
9828.9103
 21
7479.4023
 31
6998.1191
  0
LINE
  8
0
 10
9828.9103
 20
7479.4023
 30
6998.1191
 11
9585.0167
 21
7446.8832
 31
7011.1267
  0
LINE
  8
0
 10
9585.0167
 20
7446.8832
 30
7011.1267
 11
9731.3528
 21
7446.8832
 31
7011.1267
  0
LINE
  8
0
 10
9731.3528
 20
7446.8832
 30
7011.1267
 11
9755.7422
 21
7479.4023
 31
6998.1191
  0
LINE
  8
0
 10
18950.5292
 20
7349.3258
 30
7050.1497
 11
19413.927
 21
7154.2109
 31
7128.1956
  0
LINE
  8
0
 10
19413.927
 20
7154.2109
 30
7128.1956
 11
19950.4928
 21
7121.6918
 31
7141.2033
  0
LINE
  8
0
 10
19950.4928
 20
7121.6918
 30
7141.2033
 11
19389.5376
 21
7154.2109
 31
7128.1956
  0
LINE
  8
0
 10
19389.5376
 20
7154.2109
 30
7128.1956
 11
19389.5376
 21
7024.1344
 31
7180.2262
  0
LINE
  8
0
 10
19389.5376
 20
7024.1344
 30
7180.2262
 11
19243.2015
 21
7186.7301
 31
7115.188
  0
LINE
  8
0
 10
19243.2015
 20
7186.7301
 30
7115.188
 11
18877.3611
 21
7219.2492
 31
7102.1803
  0
LINE
  8
0
 10
18877.3611
 20
7219.2492
 30
7102.1803
 11
19023.6973
 21
7251.7684
 31
7089.1727
  0
LINE
  8
0
 10
19023.6973
 20
7251.7684
 30
7089.1727
 11
18950.5292
 21
7316.8066
 31
7063.1573
  0
LINE
  8
0
 10
18950.5292
 20
7316.8066
 30
7063.1573
 11
18950.5292
 21
7349.3258
 31
7050.1497
  0
LINE
  8
0
 10
5438.8263
 20
7316.8066
 30
7063.1573
 11
4975.4285
 21
7154.2109
 31
7128.1956
  0
LINE
  8
0
 10
4975.4285
 20
7154.2109
 30
7128.1956
 11
5414.4369
 21
7284.2875
 31
7076.165
  0
LINE
  8
0
 10
5414.4369
 20
7284.2875
 30
7076.165
 11
5438.8263
 21
7316.8066
 31
7063.1573
  0
LINE
  8
0
 10
10902.0419
 20
7316.8066
 30
7063.1573
 11
10097.1932
 21
7316.8066
 31
7063.1573
  0
LINE
  8
0
 10
10097.1932
 20
7316.8066
 30
7063.1573
 11
9365.5125
 21
7121.6918
 31
7141.2033
  0
LINE
  8
0
 10
9365.5125
 20
7121.6918
 30
7141.2033
 11
10048.4145
 21
7089.1727
 31
7154.2109
  0
LINE
  8
0
 10
10048.4145
 20
7089.1727
 30
7154.2109
 11
10877.6525
 21
7284.2875
 31
7076.165
  0
LINE
  8
0
 10
10877.6525
 20
7284.2875
 30
7076.165
 11
10902.0419
 21
7316.8066
 31
7063.1573
  0
LINE
  8
0
 10
11560.5545
 20
7316.8066
 30
7063.1573
 11
11194.7142
 21
7316.8066
 31
7063.1573
  0
LINE
  8
0
 10
11194.7142
 20
7316.8066
 30
7063.1573
 11
10560.5909
 21
7121.6918
 31
7141.2033
  0
LINE
  8
0
 10
10560.5909
 20
7121.6918
 30
7141.2033
 11
11267.8822
 21
7089.1727
 31
7154.2109
  0
LINE
  8
0
 10
11267.8822
 20
7089.1727
 30
7154.2109
 11
11999.5629
 21
7316.8066
 31
7063.1573
  0
LINE
  8
0
 10
11999.5629
 20
7316.8066
 30
7063.1573
 11
11584.9438
 21
7349.3258
 31
7050.1497
  0
LINE
  8
0
 10
11584.9438
 20
7349.3258
 30
7050.1497
 11
11560.5545
 21
7316.8066
 31
7063.1573
  0
LINE
  8
0
 10
2414.5462
 20
7251.7684
 30
7089.1727
 11
2438.9355
 21
7056.6535
 31
7167.2186
  0
LINE
  8
0
 10
2438.9355
 20
7056.6535
 30
7167.2186
 11
2414.5462
 21
7219.2492
 31
7102.1803
  0
LINE
  8
0
 10
2414.5462
 20
7219.2492
 30
7102.1803
 11
2414.5462
 21
7251.7684
 31
7089.1727
  0
LINE
  8
0
 10
13219.0307
 20
7251.7684
 30
7089.1727
 11
13438.5349
 21
7219.2492
 31
7102.1803
  0
LINE
  8
0
 10
13438.5349
 20
7219.2492
 30
7102.1803
 11
13194.6413
 21
7219.2492
 31
7102.1803
  0
LINE
  8
0
 10
13194.6413
 20
7219.2492
 30
7102.1803
 11
13219.0307
 21
7251.7684
 31
7089.1727
  0
LINE
  8
0
 10
13658.0391
 20
7251.7684
 30
7089.1727
 11
13779.9858
 21
7219.2492
 31
7102.1803
  0
LINE
  8
0
 10
13779.9858
 20
7219.2492
 30
7102.1803
 11
13682.4284
 21
7251.7684
 31
7089.1727
  0
LINE
  8
0
 10
13682.4284
 20
7251.7684
 30
7089.1727
 11
13658.0391
 21
7251.7684
 31
7089.1727
  0
LINE
  8
0
 10
18511.5208
 20
7219.2492
 30
7102.1803
 11
18657.8569
 21
7219.2492
 31
7102.1803
  0
LINE
  8
0
 10
18657.8569
 20
7219.2492
 30
7102.1803
 11
18657.8569
 21
7121.6918
 31
7141.2033
  0
LINE
  8
0
 10
18657.8569
 20
7121.6918
 30
7141.2033
 11
18804.1931
 21
7056.6535
 31
7167.2186
  0
LINE
  8
0
 10
18804.1931
 20
7056.6535
 30
7167.2186
 11
18804.1931
 21
6926.577
 31
7219.2492
  0
LINE
  8
0
 10
18804.1931
 20
6926.577
 30
7219.2492
 11
18974.9186
 21
7024.1344
 31
7180.2262
  0
LINE
  8
0
 10
18974.9186
 20
7024.1344
 30
7180.2262
 11
19121.2547
 21
6926.577
 31
7219.2492
  0
LINE
  8
0
 10
19121.2547
 20
6926.577
 30
7219.2492
 11
18706.6356
 21
6471.309
 31
7401.3564
  0
LINE
  8
0
 10
18706.6356
 20
6471.309
 30
7401.3564
 11
18462.7421
 21
6536.3473
 31
7375.3411
  0
LINE
  8
0
 10
18462.7421
 20
6536.3473
 30
7375.3411
 11
18438.3527
 21
6698.943
 31
7310.3028
  0
LINE
  8
0
 10
18438.3527
 20
6698.943
 30
7310.3028
 11
18340.7953
 21
6633.9047
 31
7336.3181
  0
LINE
  8
0
 10
18340.7953
 20
6633.9047
 30
7336.3181
 11
18023.7337
 21
6829.0195
 31
7258.2722
  0
LINE
  8
0
 10
18023.7337
 20
6829.0195
 30
7258.2722
 11
18487.1314
 21
7186.7301
 31
7115.188
  0
LINE
  8
0
 10
18487.1314
 20
7186.7301
 30
7115.188
 11
18511.5208
 21
7219.2492
 31
7102.1803
  0
LINE
  8
0
 10
6438.7898
 20
7186.7301
 30
7115.188
 11
6097.3389
 21
7089.1727
 31
7154.2109
  0
LINE
  8
0
 10
6097.3389
 20
7089.1727
 30
7154.2109
 11
6414.4005
 21
7154.2109
 31
7128.1956
  0
LINE
  8
0
 10
6414.4005
 20
7154.2109
 30
7128.1956
 11
6438.7898
 21
7186.7301
 31
7115.188
  0
LINE
  8
0
 10
4926.6498
 20
7121.6918
 30
7141.2033
 11
4097.4117
 21
6926.577
 31
7219.2492
  0
LINE
  8
0
 10
4097.4117
 20
6926.577
 30
7219.2492
 11
4048.633
 21
6796.5004
 31
7271.2798
  0
LINE
  8
0
 10
4048.633
 20
6796.5004
 30
7271.2798
 11
4926.6498
 21
7089.1727
 31
7154.2109
  0
LINE
  8
0
 10
4926.6498
 20
7089.1727
 30
7154.2109
 11
4926.6498
 21
7121.6918
 31
7141.2033
  0
LINE
  8
0
 10
4975.4285
 20
7121.6918
 30
7141.2033
 11
4951.0392
 21
7186.7301
 31
7115.188
  0
LINE
  8
0
 10
4951.0392
 20
7186.7301
 30
7115.188
 11
4951.0392
 21
6991.6152
 31
7193.2339
  0
LINE
  8
0
 10
4951.0392
 20
6991.6152
 30
7193.2339
 11
4975.4285
 21
7089.1727
 31
7154.2109
  0
LINE
  8
0
 10
4975.4285
 20
7089.1727
 30
7154.2109
 11
4975.4285
 21
7121.6918
 31
7141.2033
  0
LINE
  8
0
 10
10365.4761
 20
7121.6918
 30
7141.2033
 11
10219.1399
 21
7089.1727
 31
7154.2109
  0
LINE
  8
0
 10
10219.1399
 20
7089.1727
 30
7154.2109
 11
10389.8654
 21
7089.1727
 31
7154.2109
  0
LINE
  8
0
 10
10389.8654
 20
7089.1727
 30
7154.2109
 11
10365.4761
 21
7121.6918
 31
7141.2033
  0
LINE
  8
0
 10
18560.2995
 20
7089.1727
 30
7154.2109
 11
18487.1314
 21
7121.6918
 31
7141.2033
  0
LINE
  8
0
 10
18487.1314
 20
7121.6918
 30
7141.2033
 11
18145.6805
 21
6829.0195
 31
7258.2722
  0
LINE
  8
0
 10
18145.6805
 20
6829.0195
 30
7258.2722
 11
18316.406
 21
6698.943
 31
7310.3028
  0
LINE
  8
0
 10
18316.406
 20
6698.943
 30
7310.3028
 11
18706.6356
 21
7024.1344
 31
7180.2262
  0
LINE
  8
0
 10
18706.6356
 20
7024.1344
 30
7180.2262
 11
18584.6889
 21
7089.1727
 31
7154.2109
  0
LINE
  8
0
 10
18584.6889
 20
7089.1727
 30
7154.2109
 11
18560.2995
 21
7089.1727
 31
7154.2109
  0
LINE
  8
0
 10
11926.3948
 20
7056.6535
 30
7167.2186
 11
11999.5629
 21
7056.6535
 31
7167.2186
  0
LINE
  8
0
 10
11999.5629
 20
7056.6535
 30
7167.2186
 11
11902.0055
 21
7024.1344
 31
7180.2262
  0
LINE
  8
0
 10
11902.0055
 20
7024.1344
 30
7180.2262
 11
11926.3948
 21
7056.6535
 31
7167.2186
  0
LINE
  8
0
 10
20438.2799
 20
7056.6535
 30
7167.2186
 11
20413.8905
 21
7251.7684
 31
7089.1727
  0
LINE
  8
0
 10
20413.8905
 20
7251.7684
 30
7089.1727
 11
20438.2799
 21
7024.1344
 31
7180.2262
  0
LINE
  8
0
 10
20438.2799
 20
7024.1344
 30
7180.2262
 11
20438.2799
 21
7056.6535
 31
7167.2186
  0
LINE
  8
0
 10
12536.1287
 20
7024.1344
 30
7180.2262
 11
12950.7478
 21
6926.577
 31
7219.2492
  0
LINE
  8
0
 10
12950.7478
 20
6926.577
 30
7219.2492
 11
12950.7478
 21
6763.9812
 31
7284.2875
  0
LINE
  8
0
 10
12950.7478
 20
6763.9812
 30
7284.2875
 11
12853.1903
 21
6763.9812
 31
7284.2875
  0
LINE
  8
0
 10
12853.1903
 20
6763.9812
 30
7284.2875
 11
12828.801
 21
6894.0578
 31
7232.2569
  0
LINE
  8
0
 10
12828.801
 20
6894.0578
 30
7232.2569
 11
12511.7394
 21
6894.0578
 31
7232.2569
  0
LINE
  8
0
 10
12511.7394
 20
6894.0578
 30
7232.2569
 11
12658.0755
 21
6829.0195
 31
7258.2722
  0
LINE
  8
0
 10
12658.0755
 20
6829.0195
 30
7258.2722
 11
12658.0755
 21
6731.4621
 31
7297.2952
  0
LINE
  8
0
 10
12658.0755
 20
6731.4621
 30
7297.2952
 11
12560.5181
 21
6731.4621
 31
7297.2952
  0
LINE
  8
0
 10
12560.5181
 20
6731.4621
 30
7297.2952
 11
12438.5713
 21
6959.0961
 31
7206.2416
  0
LINE
  8
0
 10
12438.5713
 20
6959.0961
 30
7206.2416
 11
12316.6245
 21
6926.577
 31
7219.2492
  0
LINE
  8
0
 10
12316.6245
 20
6926.577
 30
7219.2492
 11
12511.7394
 21
6991.6152
 31
7193.2339
  0
LINE
  8
0
 10
12511.7394
 20
6991.6152
 30
7193.2339
 11
12536.1287
 21
7024.1344
 31
7180.2262
  0
LINE
  8
0
 10
12633.6861
 20
6991.6152
 30
7193.2339
 11
12536.1287
 21
6959.0961
 31
7206.2416
  0
LINE
  8
0
 10
12536.1287
 20
6959.0961
 30
7206.2416
 11
12853.1903
 21
6926.577
 31
7219.2492
  0
LINE
  8
0
 10
12853.1903
 20
6926.577
 30
7219.2492
 11
12658.0755
 21
6959.0961
 31
7206.2416
  0
LINE
  8
0
 10
12658.0755
 20
6959.0961
 30
7206.2416
 11
12633.6861
 21
6991.6152
 31
7193.2339
  0
LINE
  8
0
 10
13219.0307
 20
6959.0961
 30
7206.2416
 11
13511.7029
 21
6894.0578
 31
7232.2569
  0
LINE
  8
0
 10
13511.7029
 20
6894.0578
 30
7232.2569
 11
13243.42
 21
6959.0961
 31
7206.2416
  0
LINE
  8
0
 10
13243.42
 20
6959.0961
 30
7206.2416
 11
13219.0307
 21
6959.0961
 31
7206.2416
  0
LINE
  8
0
 10
12999.5265
 20
6926.577
 30
7219.2492
 11
13511.7029
 21
6894.0578
 31
7232.2569
  0
LINE
  8
0
 10
13511.7029
 20
6894.0578
 30
7232.2569
 11
13219.0307
 21
6959.0961
 31
7206.2416
  0
LINE
  8
0
 10
13219.0307
 20
6959.0961
 30
7206.2416
 11
13267.8094
 21
6861.5387
 31
7245.2645
  0
LINE
  8
0
 10
13267.8094
 20
6861.5387
 30
7245.2645
 11
13023.9158
 21
6796.5004
 31
7271.2798
  0
LINE
  8
0
 10
13023.9158
 20
6796.5004
 30
7271.2798
 11
13243.42
 21
6796.5004
 31
7271.2798
  0
LINE
  8
0
 10
13243.42
 20
6796.5004
 30
7271.2798
 11
12999.5265
 21
6666.4238
 31
7323.3105
  0
LINE
  8
0
 10
12999.5265
 20
6666.4238
 30
7323.3105
 11
13072.6945
 21
6731.4621
 31
7297.2952
  0
LINE
  8
0
 10
13072.6945
 20
6731.4621
 30
7297.2952
 11
12975.1371
 21
6861.5387
 31
7245.2645
  0
LINE
  8
0
 10
12975.1371
 20
6861.5387
 30
7245.2645
 11
13072.6945
 21
6894.0578
 31
7232.2569
  0
LINE
  8
0
 10
13072.6945
 20
6894.0578
 30
7232.2569
 11
13023.9158
 21
6926.577
 31
7219.2492
  0
LINE
  8
0
 10
13023.9158
 20
6926.577
 30
7219.2492
 11
12999.5265
 21
6926.577
 31
7219.2492
  0
LINE
  8
0
 10
11853.2268
 20
6894.0578
 30
7232.2569
 11
12219.0671
 21
6861.5387
 31
7245.2645
  0
LINE
  8
0
 10
12219.0671
 20
6861.5387
 30
7245.2645
 11
12023.9522
 21
6763.9812
 31
7284.2875
  0
LINE
  8
0
 10
12023.9522
 20
6763.9812
 30
7284.2875
 11
11828.8374
 21
6861.5387
 31
7245.2645
  0
LINE
  8
0
 10
11828.8374
 20
6861.5387
 30
7245.2645
 11
11853.2268
 21
6894.0578
 31
7232.2569
  0
LINE
  8
0
 10
18950.5292
 20
6894.0578
 30
7232.2569
 11
18828.5824
 21
6894.0578
 31
7232.2569
  0
LINE
  8
0
 10
18828.5824
 20
6894.0578
 30
7232.2569
 11
18535.9102
 21
6601.3855
 31
7349.3258
  0
LINE
  8
0
 10
18535.9102
 20
6601.3855
 30
7349.3258
 11
18633.4676
 21
6536.3473
 31
7375.3411
  0
LINE
  8
0
 10
18633.4676
 20
6536.3473
 30
7375.3411
 11
18974.9186
 21
6894.0578
 31
7232.2569
  0
LINE
  8
0
 10
18974.9186
 20
6894.0578
 30
7232.2569
 11
18950.5292
 21
6894.0578
 31
7232.2569
  0
LINE
  8
0
 10
12341.0139
 20
6829.0195
 30
7258.2722
 11
12219.0671
 21
6731.4621
 31
7297.2952
  0
LINE
  8
0
 10
12219.0671
 20
6731.4621
 30
7297.2952
 11
12341.0139
 21
6796.5004
 31
7271.2798
  0
LINE
  8
0
 10
12341.0139
 20
6796.5004
 30
7271.2798
 11
12341.0139
 21
6829.0195
 31
7258.2722
  0
LINE
  8
0
 10
20048.0502
 20
6829.0195
 30
7258.2722
 11
20560.2267
 21
6633.9047
 31
7336.3181
  0
LINE
  8
0
 10
20560.2267
 20
6633.9047
 30
7336.3181
 11
20072.4396
 21
6829.0195
 31
7258.2722
  0
LINE
  8
0
 10
20072.4396
 20
6829.0195
 30
7258.2722
 11
20048.0502
 21
6829.0195
 31
7258.2722
  0
LINE
  8
0
 10
19218.8121
 20
6796.5004
 30
7271.2798
 11
19340.7589
 21
6796.5004
 31
7271.2798
  0
LINE
  8
0
 10
19340.7589
 20
6796.5004
 30
7271.2798
 11
19243.2015
 21
6796.5004
 31
7271.2798
  0
LINE
  8
0
 10
19243.2015
 20
6796.5004
 30
7271.2798
 11
19218.8121
 21
6796.5004
 31
7271.2798
  0
LINE
  8
0
 10
11999.5629
 20
6698.943
 30
7310.3028
 11
12243.4564
 21
6666.4238
 31
7323.3105
  0
LINE
  8
0
 10
12243.4564
 20
6666.4238
 30
7323.3105
 11
11828.8374
 21
6633.9047
 31
7336.3181
  0
LINE
  8
0
 10
11828.8374
 20
6633.9047
 30
7336.3181
 11
11999.5629
 21
6666.4238
 31
7323.3105
  0
LINE
  8
0
 10
11999.5629
 20
6666.4238
 30
7323.3105
 11
11999.5629
 21
6698.943
 31
7310.3028
  0
LINE
  8
0
 10
13438.5349
 20
6698.943
 30
7310.3028
 11
13584.871
 21
6731.4621
 31
7297.2952
  0
LINE
  8
0
 10
13584.871
 20
6731.4621
 30
7297.2952
 11
13462.9242
 21
6698.943
 31
7310.3028
  0
LINE
  8
0
 10
13462.9242
 20
6698.943
 30
7310.3028
 11
13438.5349
 21
6698.943
 31
7310.3028
  0
LINE
  8
0
 10
13633.6497
 20
6698.943
 30
7310.3028
 11
13779.9858
 21
6698.943
 31
7310.3028
  0
LINE
  8
0
 10
13779.9858
 20
6698.943
 30
7310.3028
 11
13658.0391
 21
6698.943
 31
7310.3028
  0
LINE
  8
0
 10
13658.0391
 20
6698.943
 30
7310.3028
 11
13633.6497
 21
6698.943
 31
7310.3028
  0
LINE
  8
0
 10
4926.6498
 20
6666.4238
 30
7323.3105
 11
4926.6498
 21
5755.8879
 31
7687.5248
  0
LINE
  8
0
 10
4926.6498
 20
5755.8879
 30
7687.5248
 11
4877.8711
 21
5983.5219
 31
7596.4712
  0
LINE
  8
0
 10
4877.8711
 20
5983.5219
 30
7596.4712
 11
4829.0924
 21
5723.3687
 31
7700.5325
  0
LINE
  8
0
 10
4829.0924
 20
5723.3687
 30
7700.5325
 11
4902.2604
 21
6633.9047
 31
7336.3181
  0
LINE
  8
0
 10
4902.2604
 20
6633.9047
 30
7336.3181
 11
4926.6498
 21
6666.4238
 31
7323.3105
  0
LINE
  8
0
 10
13536.0923
 20
6666.4238
 30
7323.3105
 11
13633.6497
 21
6633.9047
 31
7336.3181
  0
LINE
  8
0
 10
13633.6497
 20
6633.9047
 30
7336.3181
 11
13462.9242
 21
6471.309
 31
7401.3564
  0
LINE
  8
0
 10
13462.9242
 20
6471.309
 30
7401.3564
 11
12999.5265
 21
6406.2707
 31
7427.3717
  0
LINE
  8
0
 10
12999.5265
 20
6406.2707
 30
7427.3717
 11
13121.4732
 21
6308.7133
 31
7466.3947
  0
LINE
  8
0
 10
13121.4732
 20
6308.7133
 30
7466.3947
 11
12755.6329
 21
6373.7516
 31
7440.3794
  0
LINE
  8
0
 10
12755.6329
 20
6373.7516
 30
7440.3794
 11
12560.5181
 21
6341.2324
 31
7453.387
  0
LINE
  8
0
 10
12560.5181
 20
6341.2324
 30
7453.387
 11
12462.9606
 21
6211.1559
 31
7505.4177
  0
LINE
  8
0
 10
12462.9606
 20
6211.1559
 30
7505.4177
 11
12194.6777
 21
6211.1559
 31
7505.4177
  0
LINE
  8
0
 10
12194.6777
 20
6211.1559
 30
7505.4177
 11
11999.5629
 21
6373.7516
 31
7440.3794
  0
LINE
  8
0
 10
11999.5629
 20
6373.7516
 30
7440.3794
 11
11828.8374
 21
6373.7516
 31
7440.3794
  0
LINE
  8
0
 10
11828.8374
 20
6373.7516
 30
7440.3794
 11
11780.0587
 21
6276.1941
 31
7479.4023
  0
LINE
  8
0
 10
11780.0587
 20
6276.1941
 30
7479.4023
 11
11975.1735
 21
6308.7133
 31
7466.3947
  0
LINE
  8
0
 10
11975.1735
 20
6308.7133
 30
7466.3947
 11
11877.6161
 21
6276.1941
 31
7479.4023
  0
LINE
  8
0
 10
11877.6161
 20
6276.1941
 30
7479.4023
 11
11902.0055
 21
6178.6367
 31
7518.4253
  0
LINE
  8
0
 10
11902.0055
 20
6178.6367
 30
7518.4253
 11
11828.8374
 21
6113.5984
 31
7544.4406
  0
LINE
  8
0
 10
11828.8374
 20
6113.5984
 30
7544.4406
 11
12536.1287
 21
6081.0793
 31
7557.4483
  0
LINE
  8
0
 10
12536.1287
 20
6081.0793
 30
7557.4483
 11
13023.9158
 21
6178.6367
 31
7518.4253
  0
LINE
  8
0
 10
13023.9158
 20
6178.6367
 30
7518.4253
 11
12853.1903
 21
6243.675
 31
7492.41
  0
LINE
  8
0
 10
12853.1903
 20
6243.675
 30
7492.41
 11
13316.5881
 21
6276.1941
 31
7479.4023
  0
LINE
  8
0
 10
13316.5881
 20
6276.1941
 30
7479.4023
 11
13219.0307
 21
6243.675
 31
7492.41
  0
LINE
  8
0
 10
13219.0307
 20
6243.675
 30
7492.41
 11
13340.9774
 21
6211.1559
 31
7505.4177
  0
LINE
  8
0
 10
13340.9774
 20
6211.1559
 30
7505.4177
 11
12999.5265
 21
6146.1176
 31
7531.433
  0
LINE
  8
0
 10
12999.5265
 20
6146.1176
 30
7531.433
 11
13243.42
 21
6048.5602
 31
7570.4559
  0
LINE
  8
0
 10
13243.42
 20
6048.5602
 30
7570.4559
 11
13267.8094
 21
5951.0027
 31
7609.4789
  0
LINE
  8
0
 10
13267.8094
 20
5951.0027
 30
7609.4789
 11
13682.4284
 21
5918.4836
 31
7622.4866
  0
LINE
  8
0
 10
13682.4284
 20
5918.4836
 30
7622.4866
 11
13706.8178
 21
6016.041
 31
7583.4636
  0
LINE
  8
0
 10
13706.8178
 20
6016.041
 30
7583.4636
 11
13609.2604
 21
6048.5602
 31
7570.4559
  0
LINE
  8
0
 10
13609.2604
 20
6048.5602
 30
7570.4559
 11
13706.8178
 21
6081.0793
 31
7557.4483
  0
LINE
  8
0
 10
13706.8178
 20
6081.0793
 30
7557.4483
 11
13658.0391
 21
6341.2324
 31
7453.387
  0
LINE
  8
0
 10
13658.0391
 20
6341.2324
 30
7453.387
 11
13170.252
 21
6341.2324
 31
7453.387
  0
LINE
  8
0
 10
13170.252
 20
6341.2324
 30
7453.387
 11
13682.4284
 21
6341.2324
 31
7453.387
  0
LINE
  8
0
 10
13682.4284
 20
6341.2324
 30
7453.387
 11
13560.4816
 21
6438.7898
 31
7414.3641
  0
LINE
  8
0
 10
13560.4816
 20
6438.7898
 30
7414.3641
 11
13731.2071
 21
6471.309
 31
7401.3564
  0
LINE
  8
0
 10
13731.2071
 20
6471.309
 30
7401.3564
 11
13804.3752
 21
6406.2707
 31
7427.3717
  0
LINE
  8
0
 10
13804.3752
 20
6406.2707
 30
7427.3717
 11
13731.2071
 21
6341.2324
 31
7453.387
  0
LINE
  8
0
 10
13731.2071
 20
6341.2324
 30
7453.387
 11
13804.3752
 21
6243.675
 31
7492.41
  0
LINE
  8
0
 10
13804.3752
 20
6243.675
 30
7492.41
 11
13828.7646
 21
5885.9645
 31
7635.4942
  0
LINE
  8
0
 10
13828.7646
 20
5885.9645
 30
7635.4942
 11
13755.5965
 21
5755.8879
 31
7687.5248
  0
LINE
  8
0
 10
13755.5965
 20
5755.8879
 30
7687.5248
 11
13828.7646
 21
5495.7348
 31
7791.5861
  0
LINE
  8
0
 10
13828.7646
 20
5495.7348
 30
7791.5861
 11
13804.3752
 21
4617.718
 31
8142.7928
  0
LINE
  8
0
 10
13804.3752
 20
4617.718
 30
8142.7928
 11
13731.2071
 21
4877.8711
 31
8038.7316
  0
LINE
  8
0
 10
13731.2071
 20
4877.8711
 30
8038.7316
 11
13633.6497
 21
4942.9094
 31
8012.7162
  0
LINE
  8
0
 10
13633.6497
 20
4942.9094
 30
8012.7162
 11
13731.2071
 21
5040.4668
 31
7973.6933
  0
LINE
  8
0
 10
13731.2071
 20
5040.4668
 30
7973.6933
 11
13682.4284
 21
5300.6199
 31
7869.632
  0
LINE
  8
0
 10
13682.4284
 20
5300.6199
 30
7869.632
 11
13487.3136
 21
5333.1391
 31
7856.6244
  0
LINE
  8
0
 10
13487.3136
 20
5333.1391
 30
7856.6244
 11
13584.871
 21
5333.1391
 31
7856.6244
  0
LINE
  8
0
 10
13584.871
 20
5333.1391
 30
7856.6244
 11
13682.4284
 21
5560.773
 31
7765.5708
  0
LINE
  8
0
 10
13682.4284
 20
5560.773
 30
7765.5708
 11
13682.4284
 21
5918.4836
 31
7622.4866
  0
LINE
  8
0
 10
13682.4284
 20
5918.4836
 30
7622.4866
 11
13048.3052
 21
5951.0027
 31
7609.4789
  0
LINE
  8
0
 10
13048.3052
 20
5951.0027
 30
7609.4789
 11
13121.4732
 21
5885.9645
 31
7635.4942
  0
LINE
  8
0
 10
13121.4732
 20
5885.9645
 30
7635.4942
 11
12999.5265
 21
5853.4453
 31
7648.5019
  0
LINE
  8
0
 10
12999.5265
 20
5853.4453
 30
7648.5019
 11
13121.4732
 21
5788.407
 31
7674.5172
  0
LINE
  8
0
 10
13121.4732
 20
5788.407
 30
7674.5172
 11
12877.5797
 21
5820.9262
 31
7661.5095
  0
LINE
  8
0
 10
12877.5797
 20
5820.9262
 30
7661.5095
 11
12926.3584
 21
5723.3687
 31
7700.5325
  0
LINE
  8
0
 10
12926.3584
 20
5723.3687
 30
7700.5325
 11
12828.801
 21
5723.3687
 31
7700.5325
  0
LINE
  8
0
 10
12828.801
 20
5723.3687
 30
7700.5325
 11
12804.4116
 21
5820.9262
 31
7661.5095
  0
LINE
  8
0
 10
12804.4116
 20
5820.9262
 30
7661.5095
 11
12877.5797
 21
5853.4453
 31
7648.5019
  0
LINE
  8
0
 10
12877.5797
 20
5853.4453
 30
7648.5019
 11
12731.2436
 21
5885.9645
 31
7635.4942
  0
LINE
  8
0
 10
12731.2436
 20
5885.9645
 30
7635.4942
 11
12780.0223
 21
5918.4836
 31
7622.4866
  0
LINE
  8
0
 10
12780.0223
 20
5918.4836
 30
7622.4866
 11
12706.8542
 21
5983.5219
 31
7596.4712
  0
LINE
  8
0
 10
12706.8542
 20
5983.5219
 30
7596.4712
 11
11828.8374
 21
5885.9645
 31
7635.4942
  0
LINE
  8
0
 10
11828.8374
 20
5885.9645
 30
7635.4942
 11
11828.8374
 21
5430.6965
 31
7817.6014
  0
LINE
  8
0
 10
11828.8374
 20
5430.6965
 30
7817.6014
 11
11902.0055
 21
5398.1773
 31
7830.6091
  0
LINE
  8
0
 10
11902.0055
 20
5398.1773
 30
7830.6091
 11
11731.28
 21
5300.6199
 31
7869.632
  0
LINE
  8
0
 10
11731.28
 20
5300.6199
 30
7869.632
 11
11682.5013
 21
5495.7348
 31
7791.5861
  0
LINE
  8
0
 10
11682.5013
 20
5495.7348
 30
7791.5861
 11
11755.6693
 21
6016.041
 31
7583.4636
  0
LINE
  8
0
 10
11755.6693
 20
6016.041
 30
7583.4636
 11
11633.7226
 21
6373.7516
 31
7440.3794
  0
LINE
  8
0
 10
11633.7226
 20
6373.7516
 30
7440.3794
 11
11706.8906
 21
6471.309
 31
7401.3564
  0
LINE
  8
0
 10
11706.8906
 20
6471.309
 30
7401.3564
 11
12292.2352
 21
6438.7898
 31
7414.3641
  0
LINE
  8
0
 10
12292.2352
 20
6438.7898
 30
7414.3641
 11
12438.5713
 21
6601.3855
 31
7349.3258
  0
LINE
  8
0
 10
12438.5713
 20
6601.3855
 30
7349.3258
 11
12633.6861
 21
6633.9047
 31
7336.3181
  0
LINE
  8
0
 10
12633.6861
 20
6633.9047
 30
7336.3181
 11
12365.4032
 21
6471.309
 31
7401.3564
  0
LINE
  8
0
 10
12365.4032
 20
6471.309
 30
7401.3564
 11
12853.1903
 21
6633.9047
 31
7336.3181
  0
LINE
  8
0
 10
12853.1903
 20
6633.9047
 30
7336.3181
 11
13023.9158
 21
6438.7898
 31
7414.3641
  0
LINE
  8
0
 10
13023.9158
 20
6438.7898
 30
7414.3641
 11
13170.252
 21
6471.309
 31
7401.3564
  0
LINE
  8
0
 10
13170.252
 20
6471.309
 30
7401.3564
 11
13170.252
 21
6633.9047
 31
7336.3181
  0
LINE
  8
0
 10
13170.252
 20
6633.9047
 30
7336.3181
 11
13292.1987
 21
6633.9047
 31
7336.3181
  0
LINE
  8
0
 10
13292.1987
 20
6633.9047
 30
7336.3181
 11
13170.252
 21
6568.8664
 31
7362.3334
  0
LINE
  8
0
 10
13170.252
 20
6568.8664
 30
7362.3334
 11
13414.1455
 21
6471.309
 31
7401.3564
  0
LINE
  8
0
 10
13414.1455
 20
6471.309
 30
7401.3564
 11
13365.3668
 21
6568.8664
 31
7362.3334
  0
LINE
  8
0
 10
13365.3668
 20
6568.8664
 30
7362.3334
 11
13511.7029
 21
6633.9047
 31
7336.3181
  0
LINE
  8
0
 10
13511.7029
 20
6633.9047
 30
7336.3181
 11
13536.0923
 21
6666.4238
 31
7323.3105
  0
LINE
  8
0
 10
20609.0054
 20
6601.3855
 30
7349.3258
 11
21243.1286
 21
6341.2324
 31
7453.387
  0
LINE
  8
0
 10
21243.1286
 20
6341.2324
 30
7453.387
 11
22169.9241
 21
6308.7133
 31
7466.3947
  0
LINE
  8
0
 10
22169.9241
 20
6308.7133
 30
7466.3947
 11
21169.9605
 21
6308.7133
 31
7466.3947
  0
LINE
  8
0
 10
21169.9605
 20
6308.7133
 30
7466.3947
 11
20633.3947
 21
6568.8664
 31
7362.3334
  0
LINE
  8
0
 10
20633.3947
 20
6568.8664
 30
7362.3334
 11
20609.0054
 21
6601.3855
 31
7349.3258
  0
LINE
  8
0
 10
24925.9213
 20
6601.3855
 30
7349.3258
 11
24925.9213
 21
6016.041
 31
7583.4636
  0
LINE
  8
0
 10
24925.9213
 20
6016.041
 30
7583.4636
 11
24925.9213
 21
6568.8664
 31
7362.3334
  0
LINE
  8
0
 10
24925.9213
 20
6568.8664
 30
7362.3334
 11
24925.9213
 21
6601.3855
 31
7349.3258
  0
LINE
  8
0
 10
11804.448
 20
6568.8664
 30
7362.3334
 11
11902.0055
 21
6568.8664
 31
7362.3334
  0
LINE
  8
0
 10
11902.0055
 20
6568.8664
 30
7362.3334
 11
11780.0587
 21
6536.3473
 31
7375.3411
  0
LINE
  8
0
 10
11780.0587
 20
6536.3473
 30
7375.3411
 11
11804.448
 21
6568.8664
 31
7362.3334
  0
LINE
  8
0
 10
12828.801
 20
6536.3473
 30
7375.3411
 11
12682.4648
 21
6536.3473
 31
7375.3411
  0
LINE
  8
0
 10
12682.4648
 20
6536.3473
 30
7375.3411
 11
12853.1903
 21
6503.8281
 31
7388.3487
  0
LINE
  8
0
 10
12853.1903
 20
6503.8281
 30
7388.3487
 11
12828.801
 21
6536.3473
 31
7375.3411
  0
LINE
  8
0
 10
12097.1203
 20
6406.2707
 30
7427.3717
 11
12023.9522
 21
6406.2707
 31
7427.3717
  0
LINE
  8
0
 10
12023.9522
 20
6406.2707
 30
7427.3717
 11
12072.731
 21
6308.7133
 31
7466.3947
  0
LINE
  8
0
 10
12072.731
 20
6308.7133
 30
7466.3947
 11
12097.1203
 21
6373.7516
 31
7440.3794
  0
LINE
  8
0
 10
12097.1203
 20
6373.7516
 30
7440.3794
 11
12097.1203
 21
6406.2707
 31
7427.3717
  0
LINE
  8
0
 10
20145.6076
 20
6406.2707
 30
7427.3717
 11
20633.3947
 21
6146.1176
 31
7531.433
  0
LINE
  8
0
 10
20633.3947
 20
6146.1176
 30
7531.433
 11
20535.8373
 21
5788.407
 31
7674.5172
  0
LINE
  8
0
 10
20535.8373
 20
5788.407
 30
7674.5172
 11
20340.7225
 21
5495.7348
 31
7791.5861
  0
LINE
  8
0
 10
20340.7225
 20
5495.7348
 30
7791.5861
 11
20194.3863
 21
5495.7348
 31
7791.5861
  0
LINE
  8
0
 10
20194.3863
 20
5495.7348
 30
7791.5861
 11
19755.3779
 21
5788.407
 31
7674.5172
  0
LINE
  8
0
 10
19755.3779
 20
5788.407
 30
7674.5172
 11
20121.2183
 21
6373.7516
 31
7440.3794
  0
LINE
  8
0
 10
20121.2183
 20
6373.7516
 30
7440.3794
 11
20145.6076
 21
6406.2707
 31
7427.3717
  0
LINE
  8
0
 10
2536.493
 20
6373.7516
 30
7440.3794
 11
2512.1036
 21
6211.1559
 31
7505.4177
  0
LINE
  8
0
 10
2512.1036
 20
6211.1559
 30
7505.4177
 11
2536.493
 21
6341.2324
 31
7453.387
  0
LINE
  8
0
 10
2536.493
 20
6341.2324
 30
7453.387
 11
2536.493
 21
6373.7516
 31
7440.3794
  0
LINE
  8
0
 10
4487.6414
 20
6373.7516
 30
7440.3794
 11
4536.4201
 21
6341.2324
 31
7453.387
  0
LINE
  8
0
 10
4536.4201
 20
6341.2324
 30
7453.387
 11
4341.3053
 21
6341.2324
 31
7453.387
  0
LINE
  8
0
 10
4341.3053
 20
6341.2324
 30
7453.387
 11
4463.2521
 21
6341.2324
 31
7453.387
  0
LINE
  8
0
 10
4463.2521
 20
6341.2324
 30
7453.387
 11
4487.6414
 21
6373.7516
 31
7440.3794
  0
LINE
  8
0
 10
19145.644
 20
6373.7516
 30
7440.3794
 11
19462.7057
 21
6308.7133
 31
7466.3947
  0
LINE
  8
0
 10
19462.7057
 20
6308.7133
 30
7466.3947
 11
19462.7057
 21
6048.5602
 31
7570.4559
  0
LINE
  8
0
 10
19462.7057
 20
6048.5602
 30
7570.4559
 11
19389.5376
 21
6178.6367
 31
7518.4253
  0
LINE
  8
0
 10
19389.5376
 20
6178.6367
 30
7518.4253
 11
19096.8653
 21
6178.6367
 31
7518.4253
  0
LINE
  8
0
 10
19096.8653
 20
6178.6367
 30
7518.4253
 11
19023.6973
 21
6308.7133
 31
7466.3947
  0
LINE
  8
0
 10
19023.6973
 20
6308.7133
 30
7466.3947
 11
19121.2547
 21
6341.2324
 31
7453.387
  0
LINE
  8
0
 10
19121.2547
 20
6341.2324
 30
7453.387
 11
19145.644
 21
6373.7516
 31
7440.3794
  0
LINE
  8
0
 10
12243.4564
 20
6308.7133
 30
7466.3947
 11
12097.1203
 21
6308.7133
 31
7466.3947
  0
LINE
  8
0
 10
12097.1203
 20
6308.7133
 30
7466.3947
 11
12341.0139
 21
6276.1941
 31
7479.4023
  0
LINE
  8
0
 10
12341.0139
 20
6276.1941
 30
7479.4023
 11
12267.8458
 21
6308.7133
 31
7466.3947
  0
LINE
  8
0
 10
12267.8458
 20
6308.7133
 30
7466.3947
 11
12243.4564
 21
6308.7133
 31
7466.3947
  0
LINE
  8
0
 10
20218.7757
 20
6276.1941
 30
7479.4023
 11
20169.997
 21
6308.7133
 31
7466.3947
  0
LINE
  8
0
 10
20169.997
 20
6308.7133
 30
7466.3947
 11
19828.546
 21
5820.9262
 31
7661.5095
  0
LINE
  8
0
 10
19828.546
 20
5820.9262
 30
7661.5095
 11
20267.5544
 21
5528.2539
 31
7778.5784
  0
LINE
  8
0
 10
20267.5544
 20
5528.2539
 30
7778.5784
 11
20560.2267
 21
6113.5984
 31
7544.4406
  0
LINE
  8
0
 10
20560.2267
 20
6113.5984
 30
7544.4406
 11
20243.165
 21
6276.1941
 31
7479.4023
  0
LINE
  8
0
 10
20243.165
 20
6276.1941
 30
7479.4023
 11
20218.7757
 21
6276.1941
 31
7479.4023
  0
LINE
  8
0
 10
6097.3389
 20
6243.675
 30
7492.41
 11
6341.2324
 21
6243.675
 31
7492.41
  0
LINE
  8
0
 10
6341.2324
 20
6243.675
 30
7492.41
 11
6414.4005
 21
6146.1176
 31
7531.433
  0
LINE
  8
0
 10
6414.4005
 20
6146.1176
 30
7531.433
 11
6121.7282
 21
6211.1559
 31
7505.4177
  0
LINE
  8
0
 10
6121.7282
 20
6211.1559
 30
7505.4177
 11
6097.3389
 21
6243.675
 31
7492.41
  0
LINE
  8
0
 10
19340.7589
 20
6243.675
 30
7492.41
 11
19121.2547
 21
6243.675
 31
7492.41
  0
LINE
  8
0
 10
19121.2547
 20
6243.675
 30
7492.41
 11
19340.7589
 21
6211.1559
 31
7505.4177
  0
LINE
  8
0
 10
19340.7589
 20
6211.1559
 30
7505.4177
 11
19340.7589
 21
6243.675
 31
7492.41
  0
LINE
  8
0
 10
6219.2856
 20
6146.1176
 30
7531.433
 11
6121.7282
 21
6113.5984
 31
7544.4406
  0
LINE
  8
0
 10
6121.7282
 20
6113.5984
 30
7544.4406
 11
6194.8963
 21
6113.5984
 31
7544.4406
  0
LINE
  8
0
 10
6194.8963
 20
6113.5984
 30
7544.4406
 11
6219.2856
 21
6146.1176
 31
7531.433
  0
LINE
  8
0
 10
4902.2604
 20
6113.5984
 30
7544.4406
 11
4877.8711
 21
5983.5219
 31
7596.4712
  0
LINE
  8
0
 10
4877.8711
 20
5983.5219
 30
7596.4712
 11
4902.2604
 21
6081.0793
 31
7557.4483
  0
LINE
  8
0
 10
4902.2604
 20
6081.0793
 30
7557.4483
 11
4902.2604
 21
6113.5984
 31
7544.4406
  0
LINE
  8
0
 10
12804.4116
 20
6081.0793
 30
7557.4483
 11
12682.4648
 21
6048.5602
 31
7570.4559
  0
LINE
  8
0
 10
12682.4648
 20
6048.5602
 30
7570.4559
 11
12828.801
 21
6048.5602
 31
7570.4559
  0
LINE
  8
0
 10
12828.801
 20
6048.5602
 30
7570.4559
 11
12804.4116
 21
6081.0793
 31
7557.4483
  0
LINE
  8
0
 10
11902.0055
 20
6048.5602
 30
7570.4559
 11
11780.0587
 21
6048.5602
 31
7570.4559
  0
LINE
  8
0
 10
11780.0587
 20
6048.5602
 30
7570.4559
 11
11877.6161
 21
6016.041
 31
7583.4636
  0
LINE
  8
0
 10
11877.6161
 20
6016.041
 30
7583.4636
 11
11902.0055
 21
6048.5602
 31
7570.4559
  0
LINE
  8
0
 10
12536.1287
 20
6048.5602
 30
7570.4559
 11
12341.0139
 21
6048.5602
 31
7570.4559
  0
LINE
  8
0
 10
12341.0139
 20
6048.5602
 30
7570.4559
 11
12633.6861
 21
6016.041
 31
7583.4636
  0
LINE
  8
0
 10
12633.6861
 20
6016.041
 30
7583.4636
 11
12560.5181
 21
6048.5602
 31
7570.4559
  0
LINE
  8
0
 10
12560.5181
 20
6048.5602
 30
7570.4559
 11
12536.1287
 21
6048.5602
 31
7570.4559
  0
LINE
  8
0
 10
20755.3415
 20
6048.5602
 30
7570.4559
 11
21121.1818
 21
5951.0027
 31
7609.4789
  0
LINE
  8
0
 10
21121.1818
 20
5951.0027
 30
7609.4789
 11
21096.7925
 21
5560.773
 31
7765.5708
  0
LINE
  8
0
 10
21096.7925
 20
5560.773
 30
7765.5708
 11
20950.4563
 21
5300.6199
 31
7869.632
  0
LINE
  8
0
 10
20950.4563
 20
5300.6199
 30
7869.632
 11
21072.4031
 21
5170.5434
 31
7921.6627
  0
LINE
  8
0
 10
21072.4031
 20
5170.5434
 30
7921.6627
 11
20974.8457
 21
5268.1008
 31
7882.6397
  0
LINE
  8
0
 10
20974.8457
 20
5268.1008
 30
7882.6397
 11
20877.2883
 21
5170.5434
 31
7921.6627
  0
LINE
  8
0
 10
20877.2883
 20
5170.5434
 30
7921.6627
 11
20487.0586
 21
5300.6199
 31
7869.632
  0
LINE
  8
0
 10
20487.0586
 20
5300.6199
 30
7869.632
 11
20462.6692
 21
5430.6965
 31
7817.6014
  0
LINE
  8
0
 10
20462.6692
 20
5430.6965
 30
7817.6014
 11
20730.9521
 21
6016.041
 31
7583.4636
  0
LINE
  8
0
 10
20730.9521
 20
6016.041
 30
7583.4636
 11
20755.3415
 21
6048.5602
 31
7570.4559
  0
LINE
  8
0
 10
13365.3668
 20
6016.041
 30
7583.4636
 11
13536.0923
 21
6016.041
 31
7583.4636
  0
LINE
  8
0
 10
13536.0923
 20
6016.041
 30
7583.4636
 11
13389.7562
 21
6016.041
 31
7583.4636
  0
LINE
  8
0
 10
13389.7562
 20
6016.041
 30
7583.4636
 11
13365.3668
 21
6016.041
 31
7583.4636
  0
LINE
  8
0
 10
19170.0334
 20
6016.041
 30
7583.4636
 11
19462.7057
 21
5983.5219
 31
7596.4712
  0
LINE
  8
0
 10
19462.7057
 20
5983.5219
 30
7596.4712
 11
19462.7057
 21
5885.9645
 31
7635.4942
  0
LINE
  8
0
 10
19462.7057
 20
5885.9645
 30
7635.4942
 11
19243.2015
 21
5853.4453
 31
7648.5019
  0
LINE
  8
0
 10
19243.2015
 20
5853.4453
 30
7648.5019
 11
19438.3163
 21
5820.9262
 31
7661.5095
  0
LINE
  8
0
 10
19438.3163
 20
5820.9262
 30
7661.5095
 11
19560.2631
 21
5170.5434
 31
7921.6627
  0
LINE
  8
0
 10
19560.2631
 20
5170.5434
 30
7921.6627
 11
19511.4844
 21
4390.084
 31
8233.8464
  0
LINE
  8
0
 10
19511.4844
 20
4390.084
 30
8233.8464
 11
19438.3163
 21
4357.5648
 31
8246.8541
  0
LINE
  8
0
 10
19438.3163
 20
4357.5648
 30
8246.8541
 11
19048.0866
 21
4390.084
 31
8233.8464
  0
LINE
  8
0
 10
19048.0866
 20
4390.084
 30
8233.8464
 11
19194.4228
 21
4455.1223
 31
8207.8311
  0
LINE
  8
0
 10
19194.4228
 20
4455.1223
 30
8207.8311
 11
19121.2547
 21
4617.718
 31
8142.7928
  0
LINE
  8
0
 10
19121.2547
 20
4617.718
 30
8142.7928
 11
19145.644
 21
4910.3902
 31
8025.7239
  0
LINE
  8
0
 10
19145.644
 20
4910.3902
 30
8025.7239
 11
19291.9802
 21
5007.9477
 31
7986.7009
  0
LINE
  8
0
 10
19291.9802
 20
5007.9477
 30
7986.7009
 11
19243.2015
 21
5105.5051
 31
7947.678
  0
LINE
  8
0
 10
19243.2015
 20
5105.5051
 30
7947.678
 11
19145.644
 21
5007.9477
 31
7986.7009
  0
LINE
  8
0
 10
19145.644
 20
5007.9477
 30
7986.7009
 11
19145.644
 21
5658.3305
 31
7726.5478
  0
LINE
  8
0
 10
19145.644
 20
5658.3305
 30
7726.5478
 11
19048.0866
 21
5788.407
 31
7674.5172
  0
LINE
  8
0
 10
19048.0866
 20
5788.407
 30
7674.5172
 11
18974.9186
 21
5723.3687
 31
7700.5325
  0
LINE
  8
0
 10
18974.9186
 20
5723.3687
 30
7700.5325
 11
19048.0866
 21
4552.6797
 31
8168.8081
  0
LINE
  8
0
 10
19048.0866
 20
4552.6797
 30
8168.8081
 11
18950.5292
 21
4650.2371
 31
8129.7852
  0
LINE
  8
0
 10
18950.5292
 20
4650.2371
 30
8129.7852
 11
18901.7505
 21
5755.8879
 31
7687.5248
  0
LINE
  8
0
 10
18901.7505
 20
5755.8879
 30
7687.5248
 11
19121.2547
 21
5788.407
 31
7674.5172
  0
LINE
  8
0
 10
19121.2547
 20
5788.407
 30
7674.5172
 11
19145.644
 21
5983.5219
 31
7596.4712
  0
LINE
  8
0
 10
19145.644
 20
5983.5219
 30
7596.4712
 11
19170.0334
 21
6016.041
 31
7583.4636
  0
LINE
  8
0
 10
20901.6776
 20
5951.0027
 30
7609.4789
 11
20779.7309
 21
5951.0027
 31
7609.4789
  0
LINE
  8
0
 10
20779.7309
 20
5951.0027
 30
7609.4789
 11
20560.2267
 21
5398.1773
 31
7830.6091
  0
LINE
  8
0
 10
20560.2267
 20
5398.1773
 30
7830.6091
 11
20804.1202
 21
5235.5816
 31
7895.6473
  0
LINE
  8
0
 10
20804.1202
 20
5235.5816
 30
7895.6473
 11
20877.2883
 21
5268.1008
 31
7882.6397
  0
LINE
  8
0
 10
20877.2883
 20
5268.1008
 30
7882.6397
 11
21072.4031
 21
5853.4453
 31
7648.5019
  0
LINE
  8
0
 10
21072.4031
 20
5853.4453
 30
7648.5019
 11
20926.067
 21
5951.0027
 31
7609.4789
  0
LINE
  8
0
 10
20926.067
 20
5951.0027
 30
7609.4789
 11
20901.6776
 21
5951.0027
 31
7609.4789
  0
LINE
  8
0
 10
6341.2324
 20
5918.4836
 30
7622.4866
 11
6438.7898
 21
5723.3687
 31
7700.5325
  0
LINE
  8
0
 10
6438.7898
 20
5723.3687
 30
7700.5325
 11
6438.7898
 21
4097.4117
 31
8350.9153
  0
LINE
  8
0
 10
6438.7898
 20
4097.4117
 30
8350.9153
 11
5951.0027
 21
4064.8926
 31
8363.923
  0
LINE
  8
0
 10
5951.0027
 20
4064.8926
 30
8363.923
 11
5877.8347
 21
5040.4668
 31
7973.6933
  0
LINE
  8
0
 10
5877.8347
 20
5040.4668
 30
7973.6933
 11
5975.3921
 21
5788.407
 31
7674.5172
  0
LINE
  8
0
 10
5975.3921
 20
5788.407
 30
7674.5172
 11
6316.8431
 21
5885.9645
 31
7635.4942
  0
LINE
  8
0
 10
6316.8431
 20
5885.9645
 30
7635.4942
 11
6341.2324
 21
5918.4836
 31
7622.4866
  0
LINE
  8
0
 10
12170.2884
 20
5853.4453
 30
7648.5019
 11
12316.6245
 21
5853.4453
 31
7648.5019
  0
LINE
  8
0
 10
12316.6245
 20
5853.4453
 30
7648.5019
 11
12194.6777
 21
5853.4453
 31
7648.5019
  0
LINE
  8
0
 10
12194.6777
 20
5853.4453
 30
7648.5019
 11
12170.2884
 21
5853.4453
 31
7648.5019
  0
LINE
  8
0
 10
2292.5994
 20
5820.9262
 30
7661.5095
 11
2390.1568
 21
5788.407
 31
7674.5172
  0
LINE
  8
0
 10
2390.1568
 20
5788.407
 30
7674.5172
 11
2243.8207
 21
5593.2922
 31
7752.5631
  0
LINE
  8
0
 10
2243.8207
 20
5593.2922
 30
7752.5631
 11
2097.4846
 21
5690.8496
 31
7713.5402
  0
LINE
  8
0
 10
2097.4846
 20
5690.8496
 30
7713.5402
 11
2073.0952
 21
5560.773
 31
7765.5708
  0
LINE
  8
0
 10
2073.0952
 20
5560.773
 30
7765.5708
 11
1804.8123
 21
5398.1773
 31
7830.6091
  0
LINE
  8
0
 10
1804.8123
 20
5398.1773
 30
7830.6091
 11
585.3445
 21
4942.9094
 31
8012.7162
  0
LINE
  8
0
 10
585.3445
 20
4942.9094
 30
8012.7162
 11
658.5126
 21
5203.0625
 31
7908.655
  0
LINE
  8
0
 10
658.5126
 20
5203.0625
 30
7908.655
 11
2268.2101
 21
5788.407
 31
7674.5172
  0
LINE
  8
0
 10
2268.2101
 20
5788.407
 30
7674.5172
 11
2292.5994
 21
5820.9262
 31
7661.5095
  0
LINE
  8
0
 10
6316.8431
 20
5820.9262
 30
7661.5095
 11
6146.1176
 21
5755.8879
 31
7687.5248
  0
LINE
  8
0
 10
6146.1176
 20
5755.8879
 30
7687.5248
 11
6341.2324
 21
5788.407
 31
7674.5172
  0
LINE
  8
0
 10
6341.2324
 20
5788.407
 30
7674.5172
 11
6316.8431
 21
5820.9262
 31
7661.5095
  0
LINE
  8
0
 10
12633.6861
 20
5788.407
 30
7674.5172
 11
12731.2436
 21
5690.8496
 31
7713.5402
  0
LINE
  8
0
 10
12731.2436
 20
5690.8496
 30
7713.5402
 11
12243.4564
 21
5690.8496
 31
7713.5402
  0
LINE
  8
0
 10
12243.4564
 20
5690.8496
 30
7713.5402
 11
12658.0755
 21
5755.8879
 31
7687.5248
  0
LINE
  8
0
 10
12658.0755
 20
5755.8879
 30
7687.5248
 11
12633.6861
 21
5788.407
 31
7674.5172
  0
LINE
  8
0
 10
19316.3695
 20
5755.8879
 30
7687.5248
 11
19194.4228
 21
5788.407
 31
7674.5172
  0
LINE
  8
0
 10
19194.4228
 20
5788.407
 30
7674.5172
 11
19145.644
 21
5593.2922
 31
7752.5631
  0
LINE
  8
0
 10
19145.644
 20
5593.2922
 30
7752.5631
 11
19291.9802
 21
5560.773
 31
7765.5708
  0
LINE
  8
0
 10
19291.9802
 20
5560.773
 30
7765.5708
 11
19365.1482
 21
5658.3305
 31
7726.5478
  0
LINE
  8
0
 10
19365.1482
 20
5658.3305
 30
7726.5478
 11
19291.9802
 21
5723.3687
 31
7700.5325
  0
LINE
  8
0
 10
19291.9802
 20
5723.3687
 30
7700.5325
 11
19316.3695
 21
5755.8879
 31
7687.5248
  0
LINE
  8
0
 10
12804.4116
 20
5658.3305
 30
7726.5478
 11
12828.801
 21
5528.2539
 31
7778.5784
  0
LINE
  8
0
 10
12828.801
 20
5528.2539
 30
7778.5784
 11
12804.4116
 21
5625.8113
 31
7739.5555
  0
LINE
  8
0
 10
12804.4116
 20
5625.8113
 30
7739.5555
 11
12804.4116
 21
5658.3305
 31
7726.5478
  0
LINE
  8
0
 10
6316.8431
 20
5625.8113
 30
7739.5555
 11
6219.2856
 21
5658.3305
 31
7726.5478
  0
LINE
  8
0
 10
6219.2856
 20
5658.3305
 30
7726.5478
 11
6146.1176
 21
5528.2539
 31
7778.5784
  0
LINE
  8
0
 10
6146.1176
 20
5528.2539
 30
7778.5784
 11
6268.0644
 21
5430.6965
 31
7817.6014
  0
LINE
  8
0
 10
6268.0644
 20
5430.6965
 30
7817.6014
 11
6292.4537
 21
5593.2922
 31
7752.5631
  0
LINE
  8
0
 10
6292.4537
 20
5593.2922
 30
7752.5631
 11
6316.8431
 21
5625.8113
 31
7739.5555
  0
LINE
  8
0
 10
12243.4564
 20
5625.8113
 30
7739.5555
 11
12633.6861
 21
5625.8113
 31
7739.5555
  0
LINE
  8
0
 10
12633.6861
 20
5625.8113
 30
7739.5555
 11
12267.8458
 21
5625.8113
 31
7739.5555
  0
LINE
  8
0
 10
12267.8458
 20
5625.8113
 30
7739.5555
 11
12243.4564
 21
5625.8113
 31
7739.5555
  0
LINE
  8
0
 10
13511.7029
 20
5625.8113
 30
7739.5555
 11
13633.6497
 21
5593.2922
 31
7752.5631
  0
LINE
  8
0
 10
13633.6497
 20
5593.2922
 30
7752.5631
 11
13487.3136
 21
5593.2922
 31
7752.5631
  0
LINE
  8
0
 10
13487.3136
 20
5593.2922
 30
7752.5631
 11
13511.7029
 21
5625.8113
 31
7739.5555
  0
LINE
  8
0
 10
13609.2604
 20
5593.2922
 30
7752.5631
 11
13487.3136
 21
5593.2922
 31
7752.5631
  0
LINE
  8
0
 10
13487.3136
 20
5593.2922
 30
7752.5631
 11
13584.871
 21
5560.773
 31
7765.5708
  0
LINE
  8
0
 10
13584.871
 20
5560.773
 30
7765.5708
 11
13609.2604
 21
5593.2922
 31
7752.5631
  0
LINE
  8
0
 10
12658.0755
 20
5560.773
 30
7765.5708
 11
12755.6329
 21
5560.773
 31
7765.5708
  0
LINE
  8
0
 10
12755.6329
 20
5560.773
 30
7765.5708
 11
12633.6861
 21
5528.2539
 31
7778.5784
  0
LINE
  8
0
 10
12633.6861
 20
5528.2539
 30
7778.5784
 11
12658.0755
 21
5560.773
 31
7765.5708
  0
LINE
  8
0
 10
19340.7589
 20
5528.2539
 30
7778.5784
 11
19170.0334
 21
5495.7348
 31
7791.5861
  0
LINE
  8
0
 10
19170.0334
 20
5495.7348
 30
7791.5861
 11
19243.2015
 21
5105.5051
 31
7947.678
  0
LINE
  8
0
 10
19243.2015
 20
5105.5051
 30
7947.678
 11
19389.5376
 21
5170.5434
 31
7921.6627
  0
LINE
  8
0
 10
19389.5376
 20
5170.5434
 30
7921.6627
 11
19340.7589
 21
5495.7348
 31
7791.5861
  0
LINE
  8
0
 10
19340.7589
 20
5495.7348
 30
7791.5861
 11
19340.7589
 21
5528.2539
 31
7778.5784
  0
LINE
  8
0
 10
6268.0644
 20
5398.1773
 30
7830.6091
 11
6194.8963
 21
5430.6965
 31
7817.6014
  0
LINE
  8
0
 10
6194.8963
 20
5430.6965
 30
7817.6014
 11
6121.7282
 21
5300.6199
 31
7869.632
  0
LINE
  8
0
 10
6121.7282
 20
5300.6199
 30
7869.632
 11
6219.2856
 21
4845.352
 31
8051.7392
  0
LINE
  8
0
 10
6219.2856
 20
4845.352
 30
8051.7392
 11
6146.1176
 21
4715.2754
 31
8103.7698
  0
LINE
  8
0
 10
6146.1176
 20
4715.2754
 30
8103.7698
 11
6170.5069
 21
4129.9309
 31
8337.9077
  0
LINE
  8
0
 10
6170.5069
 20
4129.9309
 30
8337.9077
 11
6292.4537
 21
4194.9691
 31
8311.8923
  0
LINE
  8
0
 10
6292.4537
 20
4194.9691
 30
8311.8923
 11
6219.2856
 21
4357.5648
 31
8246.8541
  0
LINE
  8
0
 10
6219.2856
 20
4357.5648
 30
8246.8541
 11
6341.2324
 21
4552.6797
 31
8168.8081
  0
LINE
  8
0
 10
6341.2324
 20
4552.6797
 30
8168.8081
 11
6243.675
 21
4682.7562
 31
8116.7775
  0
LINE
  8
0
 10
6243.675
 20
4682.7562
 30
8116.7775
 11
6365.6218
 21
4715.2754
 31
8103.7698
  0
LINE
  8
0
 10
6365.6218
 20
4715.2754
 30
8103.7698
 11
6243.675
 21
4910.3902
 31
8025.7239
  0
LINE
  8
0
 10
6243.675
 20
4910.3902
 30
8025.7239
 11
6316.8431
 21
4942.9094
 31
8012.7162
  0
LINE
  8
0
 10
6316.8431
 20
4942.9094
 30
8012.7162
 11
6243.675
 21
5072.9859
 31
7960.6856
  0
LINE
  8
0
 10
6243.675
 20
5072.9859
 30
7960.6856
 11
6268.0644
 21
5365.6582
 31
7843.6167
  0
LINE
  8
0
 10
6268.0644
 20
5365.6582
 30
7843.6167
 11
6268.0644
 21
5398.1773
 31
7830.6091
  0
LINE
  8
0
 10
13779.9858
 20
5398.1773
 30
7830.6091
 11
13609.2604
 21
5398.1773
 31
7830.6091
  0
LINE
  8
0
 10
13609.2604
 20
5398.1773
 30
7830.6091
 11
13755.5965
 21
5365.6582
 31
7843.6167
  0
LINE
  8
0
 10
13755.5965
 20
5365.6582
 30
7843.6167
 11
13779.9858
 21
5398.1773
 31
7830.6091
  0
LINE
  8
0
 10
13121.4732
 20
5333.1391
 30
7856.6244
 11
13267.8094
 21
5333.1391
 31
7856.6244
  0
LINE
  8
0
 10
13267.8094
 20
5333.1391
 30
7856.6244
 11
13145.8626
 21
5333.1391
 31
7856.6244
  0
LINE
  8
0
 10
13145.8626
 20
5333.1391
 30
7856.6244
 11
13121.4732
 21
5333.1391
 31
7856.6244
  0
LINE
  8
0
 10
13316.5881
 20
5333.1391
 30
7856.6244
 11
13438.5349
 21
5333.1391
 31
7856.6244
  0
LINE
  8
0
 10
13438.5349
 20
5333.1391
 30
7856.6244
 11
13340.9774
 21
5333.1391
 31
7856.6244
  0
LINE
  8
0
 10
13340.9774
 20
5333.1391
 30
7856.6244
 11
13316.5881
 21
5333.1391
 31
7856.6244
  0
LINE
  8
0
 10
12853.1903
 20
5300.6199
 30
7869.632
 11
12950.7478
 21
5203.0625
 31
7908.655
  0
LINE
  8
0
 10
12950.7478
 20
5203.0625
 30
7908.655
 11
12828.801
 21
5268.1008
 31
7882.6397
  0
LINE
  8
0
 10
12828.801
 20
5268.1008
 30
7882.6397
 11
12853.1903
 21
5300.6199
 31
7869.632
  0
LINE
  8
0
 10
4024.2437
 20
5268.1008
 30
7882.6397
 11
4097.4117
 21
5235.5816
 31
7895.6473
  0
LINE
  8
0
 10
4097.4117
 20
5235.5816
 30
7895.6473
 11
4097.4117
 21
5072.9859
 31
7960.6856
  0
LINE
  8
0
 10
4097.4117
 20
5072.9859
 30
7960.6856
 11
3975.4649
 21
4975.4285
 31
7999.7086
  0
LINE
  8
0
 10
3975.4649
 20
4975.4285
 30
7999.7086
 11
3999.8543
 21
4910.3902
 31
8025.7239
  0
LINE
  8
0
 10
3999.8543
 20
4910.3902
 30
8025.7239
 11
4268.1372
 21
4942.9094
 31
8012.7162
  0
LINE
  8
0
 10
4268.1372
 20
4942.9094
 30
8012.7162
 11
4365.6946
 21
4845.352
 31
8051.7392
  0
LINE
  8
0
 10
4365.6946
 20
4845.352
 30
8051.7392
 11
4268.1372
 21
4682.7562
 31
8116.7775
  0
LINE
  8
0
 10
4268.1372
 20
4682.7562
 30
8116.7775
 11
4804.703
 21
4910.3902
 31
8025.7239
  0
LINE
  8
0
 10
4804.703
 20
4910.3902
 30
8025.7239
 11
4877.8711
 21
4845.352
 31
8051.7392
  0
LINE
  8
0
 10
4877.8711
 20
4845.352
 30
8051.7392
 11
4853.4817
 21
4585.1988
 31
8155.8005
  0
LINE
  8
0
 10
4853.4817
 20
4585.1988
 30
8155.8005
 11
4951.0392
 21
4422.6031
 31
8220.8387
  0
LINE
  8
0
 10
4951.0392
 20
4422.6031
 30
8220.8387
 11
4853.4817
 21
4357.5648
 31
8246.8541
  0
LINE
  8
0
 10
4853.4817
 20
4357.5648
 30
8246.8541
 11
4902.2604
 21
3999.8543
 31
8389.9383
  0
LINE
  8
0
 10
4902.2604
 20
3999.8543
 30
8389.9383
 11
4829.0924
 21
3316.9523
 31
8663.0991
  0
LINE
  8
0
 10
4829.0924
 20
3316.9523
 30
8663.0991
 11
4682.7562
 21
3219.3949
 31
8702.122
  0
LINE
  8
0
 10
4682.7562
 20
3219.3949
 30
8702.122
 11
4731.535
 21
3056.7992
 31
8767.1603
  0
LINE
  8
0
 10
4731.535
 20
3056.7992
 30
8767.1603
 11
4877.8711
 21
3284.4332
 31
8676.1067
  0
LINE
  8
0
 10
4877.8711
 20
3284.4332
 30
8676.1067
 11
4853.4817
 21
3089.3184
 31
8754.1527
  0
LINE
  8
0
 10
4853.4817
 20
3089.3184
 30
8754.1527
 11
4755.9243
 21
2991.7609
 31
8793.1756
  0
LINE
  8
0
 10
4755.9243
 20
2991.7609
 30
8793.1756
 11
4829.0924
 21
2926.7227
 31
8819.1909
  0
LINE
  8
0
 10
4829.0924
 20
2926.7227
 30
8819.1909
 11
4707.1456
 21
2829.1652
 31
8858.2139
  0
LINE
  8
0
 10
4707.1456
 20
2829.1652
 30
8858.2139
 11
4292.5266
 21
2861.6844
 31
8845.2062
  0
LINE
  8
0
 10
4292.5266
 20
2861.6844
 30
8845.2062
 11
4243.7479
 21
2601.5312
 31
8949.2675
  0
LINE
  8
0
 10
4243.7479
 20
2601.5312
 30
8949.2675
 11
4146.1904
 21
2536.493
 31
8975.2828
  0
LINE
  8
0
 10
4146.1904
 20
2536.493
 30
8975.2828
 11
4268.1372
 21
2536.493
 31
8975.2828
  0
LINE
  8
0
 10
4268.1372
 20
2536.493
 30
8975.2828
 11
4170.5798
 21
1983.6676
 31
9196.413
  0
LINE
  8
0
 10
4170.5798
 20
1983.6676
 30
9196.413
 11
4365.6946
 21
2048.7059
 31
9170.3977
  0
LINE
  8
0
 10
4365.6946
 20
2048.7059
 30
9170.3977
 11
4438.8627
 21
2146.2633
 31
9131.3747
  0
LINE
  8
0
 10
4438.8627
 20
2146.2633
 30
9131.3747
 11
4365.6946
 21
2178.7824
 31
9118.367
  0
LINE
  8
0
 10
4365.6946
 20
2178.7824
 30
9118.367
 11
4633.9775
 21
2178.7824
 31
9118.367
  0
LINE
  8
0
 10
4633.9775
 20
2178.7824
 30
9118.367
 11
4341.3053
 21
2016.1867
 31
9183.4053
  0
LINE
  8
0
 10
4341.3053
 20
2016.1867
 30
9183.4053
 11
4633.9775
 21
1951.1484
 31
9209.4206
  0
LINE
  8
0
 10
4633.9775
 20
1951.1484
 30
9209.4206
 11
4268.1372
 21
2016.1867
 31
9183.4053
  0
LINE
  8
0
 10
4268.1372
 20
2016.1867
 30
9183.4053
 11
4146.1904
 21
1853.591
 31
9248.4436
  0
LINE
  8
0
 10
4146.1904
 20
1853.591
 30
9248.4436
 11
4219.3585
 21
1918.6293
 31
9222.4283
  0
LINE
  8
0
 10
4219.3585
 20
1918.6293
 30
9222.4283
 11
4048.633
 21
1918.6293
 31
9222.4283
  0
LINE
  8
0
 10
4048.633
 20
1918.6293
 30
9222.4283
 11
4121.8011
 21
1951.1484
 31
9209.4206
  0
LINE
  8
0
 10
4121.8011
 20
1951.1484
 30
9209.4206
 11
4048.633
 21
2016.1867
 31
9183.4053
  0
LINE
  8
0
 10
4048.633
 20
2016.1867
 30
9183.4053
 11
3902.2969
 21
1918.6293
 31
9222.4283
  0
LINE
  8
0
 10
3902.2969
 20
1918.6293
 30
9222.4283
 11
3999.8543
 21
1756.0336
 31
9287.4666
  0
LINE
  8
0
 10
3999.8543
 20
1756.0336
 30
9287.4666
 11
3902.2969
 21
1756.0336
 31
9287.4666
  0
LINE
  8
0
 10
3902.2969
 20
1756.0336
 30
9287.4666
 11
3926.6862
 21
1886.1102
 31
9235.4359
  0
LINE
  8
0
 10
3926.6862
 20
1886.1102
 30
9235.4359
 11
3804.7395
 21
1918.6293
 31
9222.4283
  0
LINE
  8
0
 10
3804.7395
 20
1918.6293
 30
9222.4283
 11
3829.1288
 21
2048.7059
 31
9170.3977
  0
LINE
  8
0
 10
3829.1288
 20
2048.7059
 30
9170.3977
 11
3731.5714
 21
2081.225
 31
9157.39
  0
LINE
  8
0
 10
3731.5714
 20
2081.225
 30
9157.39
 11
3731.5714
 21
2178.7824
 31
9118.367
  0
LINE
  8
0
 10
3731.5714
 20
2178.7824
 30
9118.367
 11
3829.1288
 21
2211.3016
 31
9105.3594
  0
LINE
  8
0
 10
3829.1288
 20
2211.3016
 30
9105.3594
 11
3755.9607
 21
2503.9738
 31
8988.2905
  0
LINE
  8
0
 10
3755.9607
 20
2503.9738
 30
8988.2905
 11
3853.5182
 21
2569.0121
 31
8962.2752
  0
LINE
  8
0
 10
3853.5182
 20
2569.0121
 30
8962.2752
 11
3682.7927
 21
2601.5312
 31
8949.2675
  0
LINE
  8
0
 10
3682.7927
 20
2601.5312
 30
8949.2675
 11
3877.9075
 21
2666.5695
 31
8923.2522
  0
LINE
  8
0
 10
3877.9075
 20
2666.5695
 30
8923.2522
 11
3731.5714
 21
2926.7227
 31
8819.1909
  0
LINE
  8
0
 10
3731.5714
 20
2926.7227
 30
8819.1909
 11
3804.7395
 21
3219.3949
 31
8702.122
  0
LINE
  8
0
 10
3804.7395
 20
3219.3949
 30
8702.122
 11
3829.1288
 21
4357.5648
 31
8246.8541
  0
LINE
  8
0
 10
3829.1288
 20
4357.5648
 30
8246.8541
 11
4024.2437
 21
4715.2754
 31
8103.7698
  0
LINE
  8
0
 10
4024.2437
 20
4715.2754
 30
8103.7698
 11
3829.1288
 21
4877.8711
 31
8038.7316
  0
LINE
  8
0
 10
3829.1288
 20
4877.8711
 30
8038.7316
 11
4024.2437
 21
5138.0242
 31
7934.6703
  0
LINE
  8
0
 10
4024.2437
 20
5138.0242
 30
7934.6703
 11
3999.8543
 21
5235.5816
 31
7895.6473
  0
LINE
  8
0
 10
3999.8543
 20
5235.5816
 30
7895.6473
 11
4024.2437
 21
5268.1008
 31
7882.6397
  0
LINE
  8
0
 10
4316.9159
 20
5268.1008
 30
7882.6397
 11
4804.703
 21
5235.5816
 31
7895.6473
  0
LINE
  8
0
 10
4804.703
 20
5235.5816
 30
7895.6473
 11
4341.3053
 21
5268.1008
 31
7882.6397
  0
LINE
  8
0
 10
4341.3053
 20
5268.1008
 30
7882.6397
 11
4316.9159
 21
5268.1008
 31
7882.6397
  0
LINE
  8
0
 10
11706.8906
 20
5235.5816
 30
7895.6473
 11
11804.448
 21
4877.8711
 31
8038.7316
  0
LINE
  8
0
 10
11804.448
 20
4877.8711
 30
8038.7316
 11
12121.5097
 21
4910.3902
 31
8025.7239
  0
LINE
  8
0
 10
12121.5097
 20
4910.3902
 30
8025.7239
 11
11999.5629
 21
4845.352
 31
8051.7392
  0
LINE
  8
0
 10
11999.5629
 20
4845.352
 30
8051.7392
 11
12145.899
 21
4780.3137
 31
8077.7545
  0
LINE
  8
0
 10
12145.899
 20
4780.3137
 30
8077.7545
 11
11755.6693
 21
4780.3137
 31
8077.7545
  0
LINE
  8
0
 10
11755.6693
 20
4780.3137
 30
8077.7545
 11
11682.5013
 21
5203.0625
 31
7908.655
  0
LINE
  8
0
 10
11682.5013
 20
5203.0625
 30
7908.655
 11
11706.8906
 21
5235.5816
 31
7895.6473
  0
LINE
  8
0
 10
20487.0586
 20
5203.0625
 30
7908.655
 11
20828.5096
 21
5072.9859
 31
7960.6856
  0
LINE
  8
0
 10
20828.5096
 20
5072.9859
 30
7960.6856
 11
21048.0138
 21
5105.5051
 31
7947.678
  0
LINE
  8
0
 10
21048.0138
 20
5105.5051
 30
7947.678
 11
21169.9605
 21
4812.8328
 31
8064.7469
  0
LINE
  8
0
 10
21169.9605
 20
4812.8328
 30
8064.7469
 11
21048.0138
 21
4780.3137
 31
8077.7545
  0
LINE
  8
0
 10
21048.0138
 20
4780.3137
 30
8077.7545
 11
21096.7925
 21
4617.718
 31
8142.7928
  0
LINE
  8
0
 10
21096.7925
 20
4617.718
 30
8142.7928
 11
21316.2967
 21
4650.2371
 31
8129.7852
  0
LINE
  8
0
 10
21316.2967
 20
4650.2371
 30
8129.7852
 11
21267.518
 21
4975.4285
 31
7999.7086
  0
LINE
  8
0
 10
21267.518
 20
4975.4285
 30
7999.7086
 11
21121.1818
 21
5072.9859
 31
7960.6856
  0
LINE
  8
0
 10
21121.1818
 20
5072.9859
 30
7960.6856
 11
21340.686
 21
5040.4668
 31
7973.6933
  0
LINE
  8
0
 10
21340.686
 20
5040.4668
 30
7973.6933
 11
21340.686
 21
4650.2371
 31
8129.7852
  0
LINE
  8
0
 10
21340.686
 20
4650.2371
 30
8129.7852
 11
21438.2435
 21
4455.1223
 31
8207.8311
  0
LINE
  8
0
 10
21438.2435
 20
4455.1223
 30
8207.8311
 11
21389.4647
 21
4325.0457
 31
8259.8617
  0
LINE
  8
0
 10
21389.4647
 20
4325.0457
 30
8259.8617
 11
21487.0222
 21
4129.9309
 31
8337.9077
  0
LINE
  8
0
 10
21487.0222
 20
4129.9309
 30
8337.9077
 11
21511.4115
 21
3674.6629
 31
8520.0148
  0
LINE
  8
0
 10
21511.4115
 20
3674.6629
 30
8520.0148
 11
21608.9689
 21
3577.1055
 31
8559.0378
  0
LINE
  8
0
 10
21608.9689
 20
3577.1055
 30
8559.0378
 11
21511.4115
 21
3544.5863
 31
8572.0455
  0
LINE
  8
0
 10
21511.4115
 20
3544.5863
 30
8572.0455
 11
21511.4115
 21
2146.2633
 31
9131.3747
  0
LINE
  8
0
 10
21511.4115
 20
2146.2633
 30
9131.3747
 11
21218.7393
 21
2178.7824
 31
9118.367
  0
LINE
  8
0
 10
21218.7393
 20
2178.7824
 30
9118.367
 11
21438.2435
 21
2178.7824
 31
9118.367
  0
LINE
  8
0
 10
21438.2435
 20
2178.7824
 30
9118.367
 11
21511.4115
 21
2308.859
 31
9066.3364
  0
LINE
  8
0
 10
21511.4115
 20
2308.859
 30
9066.3364
 11
21438.2435
 21
2406.4164
 31
9027.3134
  0
LINE
  8
0
 10
21438.2435
 20
2406.4164
 30
9027.3134
 11
21023.6244
 21
2406.4164
 31
9027.3134
  0
LINE
  8
0
 10
21023.6244
 20
2406.4164
 30
9027.3134
 11
20730.9521
 21
2569.0121
 31
8962.2752
  0
LINE
  8
0
 10
20730.9521
 20
2569.0121
 30
8962.2752
 11
20730.9521
 21
2666.5695
 31
8923.2522
  0
LINE
  8
0
 10
20730.9521
 20
2666.5695
 30
8923.2522
 11
20828.5096
 21
2634.0504
 31
8936.2598
  0
LINE
  8
0
 10
20828.5096
 20
2634.0504
 30
8936.2598
 11
20633.3947
 21
2861.6844
 31
8845.2062
  0
LINE
  8
0
 10
20633.3947
 20
2861.6844
 30
8845.2062
 11
20657.7841
 21
3284.4332
 31
8676.1067
  0
LINE
  8
0
 10
20657.7841
 20
3284.4332
 30
8676.1067
 11
20584.616
 21
3512.0672
 31
8585.0531
  0
LINE
  8
0
 10
20584.616
 20
3512.0672
 30
8585.0531
 11
20657.7841
 21
3642.1438
 31
8533.0225
  0
LINE
  8
0
 10
20657.7841
 20
3642.1438
 30
8533.0225
 11
20609.0054
 21
3739.7012
 31
8493.9995
  0
LINE
  8
0
 10
20609.0054
 20
3739.7012
 30
8493.9995
 11
20682.1734
 21
3739.7012
 31
8493.9995
  0
LINE
  8
0
 10
20682.1734
 20
3739.7012
 30
8493.9995
 11
20535.8373
 21
4227.4883
 31
8298.8847
  0
LINE
  8
0
 10
20535.8373
 20
4227.4883
 30
8298.8847
 11
20633.3947
 21
4455.1223
 31
8207.8311
  0
LINE
  8
0
 10
20633.3947
 20
4455.1223
 30
8207.8311
 11
20633.3947
 21
4682.7562
 31
8116.7775
  0
LINE
  8
0
 10
20633.3947
 20
4682.7562
 30
8116.7775
 11
20535.8373
 21
4877.8711
 31
8038.7316
  0
LINE
  8
0
 10
20535.8373
 20
4877.8711
 30
8038.7316
 11
20633.3947
 21
4910.3902
 31
8025.7239
  0
LINE
  8
0
 10
20633.3947
 20
4910.3902
 30
8025.7239
 11
20487.0586
 21
4975.4285
 31
7999.7086
  0
LINE
  8
0
 10
20487.0586
 20
4975.4285
 30
7999.7086
 11
20584.616
 21
5007.9477
 31
7986.7009
  0
LINE
  8
0
 10
20584.616
 20
5007.9477
 30
7986.7009
 11
20584.616
 21
5138.0242
 31
7934.6703
  0
LINE
  8
0
 10
20584.616
 20
5138.0242
 30
7934.6703
 11
20462.6692
 21
5170.5434
 31
7921.6627
  0
LINE
  8
0
 10
20462.6692
 20
5170.5434
 30
7921.6627
 11
20487.0586
 21
5203.0625
 31
7908.655
  0
LINE
  8
0
 10
12365.4032
 20
5072.9859
 30
7960.6856
 11
12682.4648
 21
5007.9477
 31
7986.7009
  0
LINE
  8
0
 10
12682.4648
 20
5007.9477
 30
7986.7009
 11
12023.9522
 21
5007.9477
 31
7986.7009
  0
LINE
  8
0
 10
12023.9522
 20
5007.9477
 30
7986.7009
 11
12341.0139
 21
5040.4668
 31
7973.6933
  0
LINE
  8
0
 10
12341.0139
 20
5040.4668
 30
7973.6933
 11
12365.4032
 21
5072.9859
 31
7960.6856
  0
LINE
  8
0
 10
19462.7057
 20
5072.9859
 30
7960.6856
 11
19340.7589
 21
5007.9477
 31
7986.7009
  0
LINE
  8
0
 10
19340.7589
 20
5007.9477
 30
7986.7009
 11
19462.7057
 21
5040.4668
 31
7973.6933
  0
LINE
  8
0
 10
19462.7057
 20
5040.4668
 30
7973.6933
 11
19462.7057
 21
5072.9859
 31
7960.6856
  0
LINE
  8
0
 10
4463.2521
 20
5040.4668
 30
7973.6933
 11
4804.703
 21
5040.4668
 31
7973.6933
  0
LINE
  8
0
 10
4804.703
 20
5040.4668
 30
7973.6933
 11
4536.4201
 21
5040.4668
 31
7973.6933
  0
LINE
  8
0
 10
4536.4201
 20
5040.4668
 30
7973.6933
 11
4682.7562
 21
4975.4285
 31
7999.7086
  0
LINE
  8
0
 10
4682.7562
 20
4975.4285
 30
7999.7086
 11
4414.4733
 21
4910.3902
 31
8025.7239
  0
LINE
  8
0
 10
4414.4733
 20
4910.3902
 30
8025.7239
 11
4463.2521
 21
5007.9477
 31
7986.7009
  0
LINE
  8
0
 10
4463.2521
 20
5007.9477
 30
7986.7009
 11
4463.2521
 21
5040.4668
 31
7973.6933
  0
LINE
  8
0
 10
20365.1118
 20
5007.9477
 30
7986.7009
 11
20487.0586
 21
4682.7562
 31
8116.7775
  0
LINE
  8
0
 10
20487.0586
 20
4682.7562
 30
8116.7775
 11
20438.2799
 21
3804.7395
 31
8467.9842
  0
LINE
  8
0
 10
20438.2799
 20
3804.7395
 30
8467.9842
 11
20487.0586
 21
3089.3184
 31
8754.1527
  0
LINE
  8
0
 10
20487.0586
 20
3089.3184
 30
8754.1527
 11
20560.2267
 21
3024.2801
 31
8780.168
  0
LINE
  8
0
 10
20560.2267
 20
3024.2801
 30
8780.168
 11
20487.0586
 21
3056.7992
 31
8767.1603
  0
LINE
  8
0
 10
20487.0586
 20
3056.7992
 30
8767.1603
 11
20487.0586
 21
3316.9523
 31
8663.0991
  0
LINE
  8
0
 10
20487.0586
 20
3316.9523
 30
8663.0991
 11
20413.8905
 21
3414.5098
 31
8624.0761
  0
LINE
  8
0
 10
20413.8905
 20
3414.5098
 30
8624.0761
 11
20462.6692
 21
3544.5863
 31
8572.0455
  0
LINE
  8
0
 10
20462.6692
 20
3544.5863
 30
8572.0455
 11
20316.3331
 21
4260.0074
 31
8285.877
  0
LINE
  8
0
 10
20316.3331
 20
4260.0074
 30
8285.877
 11
20462.6692
 21
4650.2371
 31
8129.7852
  0
LINE
  8
0
 10
20462.6692
 20
4650.2371
 30
8129.7852
 11
20389.5012
 21
4715.2754
 31
8103.7698
  0
LINE
  8
0
 10
20389.5012
 20
4715.2754
 30
8103.7698
 11
20365.1118
 21
4975.4285
 31
7999.7086
  0
LINE
  8
0
 10
20365.1118
 20
4975.4285
 30
7999.7086
 11
20365.1118
 21
5007.9477
 31
7986.7009
  0
LINE
  8
0
 10
20779.7309
 20
4975.4285
 30
7999.7086
 11
20657.7841
 21
4942.9094
 31
8012.7162
  0
LINE
  8
0
 10
20657.7841
 20
4942.9094
 30
8012.7162
 11
20755.3415
 21
4942.9094
 31
8012.7162
  0
LINE
  8
0
 10
20755.3415
 20
4942.9094
 30
8012.7162
 11
20779.7309
 21
4975.4285
 31
7999.7086
  0
LINE
  8
0
 10
20950.4563
 20
4975.4285
 30
7999.7086
 11
20779.7309
 21
4910.3902
 31
8025.7239
  0
LINE
  8
0
 10
20779.7309
 20
4910.3902
 30
8025.7239
 11
20950.4563
 21
4812.8328
 31
8064.7469
  0
LINE
  8
0
 10
20950.4563
 20
4812.8328
 30
8064.7469
 11
20974.8457
 21
4942.9094
 31
8012.7162
  0
LINE
  8
0
 10
20974.8457
 20
4942.9094
 30
8012.7162
 11
20950.4563
 21
4975.4285
 31
7999.7086
  0
LINE
  8
0
 10
12536.1287
 20
4942.9094
 30
8012.7162
 11
12658.0755
 21
4942.9094
 31
8012.7162
  0
LINE
  8
0
 10
12658.0755
 20
4942.9094
 30
8012.7162
 11
12560.5181
 21
4942.9094
 31
8012.7162
  0
LINE
  8
0
 10
12560.5181
 20
4942.9094
 30
8012.7162
 11
12536.1287
 21
4942.9094
 31
8012.7162
  0
LINE
  8
0
 10
19340.7589
 20
4942.9094
 30
8012.7162
 11
19194.4228
 21
4877.8711
 31
8038.7316
  0
LINE
  8
0
 10
19194.4228
 20
4877.8711
 30
8038.7316
 11
19291.9802
 21
4715.2754
 31
8103.7698
  0
LINE
  8
0
 10
19291.9802
 20
4715.2754
 30
8103.7698
 11
19218.8121
 21
4682.7562
 31
8116.7775
  0
LINE
  8
0
 10
19218.8121
 20
4682.7562
 30
8116.7775
 11
19267.5908
 21
4487.6414
 31
8194.8234
  0
LINE
  8
0
 10
19267.5908
 20
4487.6414
 30
8194.8234
 11
19389.5376
 21
4520.1605
 31
8181.8158
  0
LINE
  8
0
 10
19389.5376
 20
4520.1605
 30
8181.8158
 11
19365.1482
 21
4942.9094
 31
8012.7162
  0
LINE
  8
0
 10
19365.1482
 20
4942.9094
 30
8012.7162
 11
19340.7589
 21
4942.9094
 31
8012.7162
  0
LINE
  8
0
 10
4073.0224
 20
4877.8711
 30
8038.7316
 11
3877.9075
 21
4877.8711
 31
8038.7316
  0
LINE
  8
0
 10
3877.9075
 20
4877.8711
 30
8038.7316
 11
4048.633
 21
4845.352
 31
8051.7392
  0
LINE
  8
0
 10
4048.633
 20
4845.352
 30
8051.7392
 11
4073.0224
 21
4877.8711
 31
8038.7316
  0
LINE
  8
0
 10
4170.5798
 20
4877.8711
 30
8038.7316
 11
4121.8011
 21
4845.352
 31
8051.7392
  0
LINE
  8
0
 10
4121.8011
 20
4845.352
 30
8051.7392
 11
4219.3585
 21
4812.8328
 31
8064.7469
  0
LINE
  8
0
 10
4219.3585
 20
4812.8328
 30
8064.7469
 11
4194.9691
 21
4877.8711
 31
8038.7316
  0
LINE
  8
0
 10
4194.9691
 20
4877.8711
 30
8038.7316
 11
4170.5798
 21
4877.8711
 31
8038.7316
  0
LINE
  8
0
 10
23121.109
 20
4877.8711
 30
8038.7316
 11
23560.1174
 21
4845.352
 31
8051.7392
  0
LINE
  8
0
 10
23560.1174
 20
4845.352
 30
8051.7392
 11
23365.0025
 21
4812.8328
 31
8064.7469
  0
LINE
  8
0
 10
23365.0025
 20
4812.8328
 30
8064.7469
 11
24194.2406
 21
4455.1223
 31
8207.8311
  0
LINE
  8
0
 10
24194.2406
 20
4455.1223
 30
8207.8311
 11
24145.4619
 21
4390.084
 31
8233.8464
  0
LINE
  8
0
 10
24145.4619
 20
4390.084
 30
8233.8464
 11
24364.9661
 21
3967.3352
 31
8402.9459
  0
LINE
  8
0
 10
24364.9661
 20
3967.3352
 30
8402.9459
 11
24267.4087
 21
3967.3352
 31
8402.9459
  0
LINE
  8
0
 10
24267.4087
 20
3967.3352
 30
8402.9459
 11
24462.5235
 21
3316.9523
 31
8663.0991
  0
LINE
  8
0
 10
24462.5235
 20
3316.9523
 30
8663.0991
 11
24657.6384
 21
3186.8758
 31
8715.1297
  0
LINE
  8
0
 10
24657.6384
 20
3186.8758
 30
8715.1297
 11
24755.1958
 21
3284.4332
 31
8676.1067
  0
LINE
  8
0
 10
24755.1958
 20
3284.4332
 30
8676.1067
 11
24486.9129
 21
4194.9691
 31
8311.8923
  0
LINE
  8
0
 10
24486.9129
 20
4194.9691
 30
8311.8923
 11
24779.5852
 21
4162.45
 31
8324.9
  0
LINE
  8
0
 10
24779.5852
 20
4162.45
 30
8324.9
 11
24925.9213
 21
4032.3734
 31
8376.9306
  0
LINE
  8
0
 10
24925.9213
 20
4032.3734
 30
8376.9306
 11
24925.9213
 21
3934.816
 31
8415.9536
  0
LINE
  8
0
 10
24925.9213
 20
3934.816
 30
8415.9536
 11
24584.4703
 21
4064.8926
 31
8363.923
  0
LINE
  8
0
 10
24584.4703
 20
4064.8926
 30
8363.923
 11
24925.9213
 21
2959.2418
 31
8806.1833
  0
LINE
  8
0
 10
24925.9213
 20
2959.2418
 30
8806.1833
 11
24925.9213
 21
2634.0504
 31
8936.2598
  0
LINE
  8
0
 10
24925.9213
 20
2634.0504
 30
8936.2598
 11
24803.9745
 21
2569.0121
 31
8962.2752
  0
LINE
  8
0
 10
24803.9745
 20
2569.0121
 30
8962.2752
 11
24925.9213
 21
2503.9738
 31
8988.2905
  0
LINE
  8
0
 10
24925.9213
 20
2503.9738
 30
8988.2905
 11
24925.9213
 21
1333.2848
 31
9456.5661
  0
LINE
  8
0
 10
24925.9213
 20
1333.2848
 30
9456.5661
 11
24925.9213
 21
1821.0719
 31
9261.4513
  0
LINE
  8
0
 10
24925.9213
 20
1821.0719
 30
9261.4513
 11
24779.5852
 21
2113.7441
 31
9144.3823
  0
LINE
  8
0
 10
24779.5852
 20
2113.7441
 30
9144.3823
 11
24877.1426
 21
2178.7824
 31
9118.367
  0
LINE
  8
0
 10
24877.1426
 20
2178.7824
 30
9118.367
 11
24925.9213
 21
2406.4164
 31
9027.3134
  0
LINE
  8
0
 10
24925.9213
 20
2406.4164
 30
9027.3134
 11
24779.5852
 21
2438.9355
 31
9014.3058
  0
LINE
  8
0
 10
24779.5852
 20
2438.9355
 30
9014.3058
 11
24779.5852
 21
2536.493
 31
8975.2828
  0
LINE
  8
0
 10
24779.5852
 20
2536.493
 30
8975.2828
 11
24657.6384
 21
2438.9355
 31
9014.3058
  0
LINE
  8
0
 10
24657.6384
 20
2438.9355
 30
9014.3058
 11
24438.1342
 21
2471.4547
 31
9001.2981
  0
LINE
  8
0
 10
24438.1342
 20
2471.4547
 30
9001.2981
 11
24755.1958
 21
2503.9738
 31
8988.2905
  0
LINE
  8
0
 10
24755.1958
 20
2503.9738
 30
8988.2905
 11
24755.1958
 21
2601.5312
 31
8949.2675
  0
LINE
  8
0
 10
24755.1958
 20
2601.5312
 30
8949.2675
 11
24560.081
 21
2536.493
 31
8975.2828
  0
LINE
  8
0
 10
24560.081
 20
2536.493
 30
8975.2828
 11
24657.6384
 21
2601.5312
 31
8949.2675
  0
LINE
  8
0
 10
24657.6384
 20
2601.5312
 30
8949.2675
 11
24023.5151
 21
2634.0504
 31
8936.2598
  0
LINE
  8
0
 10
24023.5151
 20
2634.0504
 30
8936.2598
 11
23999.1258
 21
2438.9355
 31
9014.3058
  0
LINE
  8
0
 10
23999.1258
 20
2438.9355
 30
9014.3058
 11
24145.4619
 21
2406.4164
 31
9027.3134
  0
LINE
  8
0
 10
24145.4619
 20
2406.4164
 30
9027.3134
 11
24072.2938
 21
2243.8207
 31
9092.3517
  0
LINE
  8
0
 10
24072.2938
 20
2243.8207
 30
9092.3517
 11
24096.6832
 21
2406.4164
 31
9027.3134
  0
LINE
  8
0
 10
24096.6832
 20
2406.4164
 30
9027.3134
 11
24023.5151
 21
2406.4164
 31
9027.3134
  0
LINE
  8
0
 10
24023.5151
 20
2406.4164
 30
9027.3134
 11
24023.5151
 21
2308.859
 31
9066.3364
  0
LINE
  8
0
 10
24023.5151
 20
2308.859
 30
9066.3364
 11
23950.3471
 21
2373.8973
 31
9040.3211
  0
LINE
  8
0
 10
23950.3471
 20
2373.8973
 30
9040.3211
 11
23950.3471
 21
2471.4547
 31
9001.2981
  0
LINE
  8
0
 10
23950.3471
 20
2471.4547
 30
9001.2981
 11
24023.5151
 21
2471.4547
 31
9001.2981
  0
LINE
  8
0
 10
24023.5151
 20
2471.4547
 30
9001.2981
 11
23901.5684
 21
3056.7992
 31
8767.1603
  0
LINE
  8
0
 10
23901.5684
 20
3056.7992
 30
8767.1603
 11
23243.0558
 21
3219.3949
 31
8702.122
  0
LINE
  8
0
 10
23243.0558
 20
3219.3949
 30
8702.122
 11
23316.2238
 21
3284.4332
 31
8676.1067
  0
LINE
  8
0
 10
23316.2238
 20
3284.4332
 30
8676.1067
 11
23194.2771
 21
3316.9523
 31
8663.0991
  0
LINE
  8
0
 10
23194.2771
 20
3316.9523
 30
8663.0991
 11
23145.4983
 21
3121.8375
 31
8741.145
  0
LINE
  8
0
 10
23145.4983
 20
3121.8375
 30
8741.145
 11
22999.1622
 21
2991.7609
 31
8793.1756
  0
LINE
  8
0
 10
22999.1622
 20
2991.7609
 30
8793.1756
 11
23072.3303
 21
2959.2418
 31
8806.1833
  0
LINE
  8
0
 10
23072.3303
 20
2959.2418
 30
8806.1833
 11
22999.1622
 21
2731.6078
 31
8897.2369
  0
LINE
  8
0
 10
22999.1622
 20
2731.6078
 30
8897.2369
 11
23072.3303
 21
2699.0887
 31
8910.2445
  0
LINE
  8
0
 10
23072.3303
 20
2699.0887
 30
8910.2445
 11
22974.7729
 21
2666.5695
 31
8923.2522
  0
LINE
  8
0
 10
22974.7729
 20
2666.5695
 30
8923.2522
 11
23072.3303
 21
2471.4547
 31
9001.2981
  0
LINE
  8
0
 10
23072.3303
 20
2471.4547
 30
9001.2981
 11
23121.109
 21
2569.0121
 31
8962.2752
  0
LINE
  8
0
 10
23121.109
 20
2569.0121
 30
8962.2752
 11
23047.9409
 21
2438.9355
 31
9014.3058
  0
LINE
  8
0
 10
23047.9409
 20
2438.9355
 30
9014.3058
 11
23145.4983
 21
2178.7824
 31
9118.367
  0
LINE
  8
0
 10
23145.4983
 20
2178.7824
 30
9118.367
 11
23023.5516
 21
1951.1484
 31
9209.4206
  0
LINE
  8
0
 10
23023.5516
 20
1951.1484
 30
9209.4206
 11
23121.109
 21
1690.9953
 31
9313.4819
  0
LINE
  8
0
 10
23121.109
 20
1690.9953
 30
9313.4819
 11
23096.7196
 21
975.5742
 31
9599.6503
  0
LINE
  8
0
 10
23096.7196
 20
975.5742
 30
9599.6503
 11
23169.8877
 21
878.0168
 31
9638.6733
  0
LINE
  8
0
 10
23169.8877
 20
878.0168
 30
9638.6733
 11
23047.9409
 21
1040.6125
 31
9573.635
  0
LINE
  8
0
 10
23047.9409
 20
1040.6125
 30
9573.635
 11
22999.1622
 21
910.5359
 31
9625.6656
  0
LINE
  8
0
 10
22999.1622
 20
910.5359
 30
9625.6656
 11
23218.6664
 21
747.9402
 31
9690.7039
  0
LINE
  8
0
 10
23218.6664
 20
747.9402
 30
9690.7039
 11
23194.2771
 21
487.7871
 31
9794.7652
  0
LINE
  8
0
 10
23194.2771
 20
487.7871
 30
9794.7652
 11
23389.3919
 21
162.5957
 31
9924.8417
  0
LINE
  8
0
 10
23389.3919
 20
162.5957
 30
9924.8417
 11
23169.8877
 21
162.5957
 31
9924.8417
  0
LINE
  8
0
 10
23169.8877
 20
162.5957
 30
9924.8417
 11
23316.2238
 21
65.0383
 31
9963.8647
  0
LINE
  8
0
 10
23316.2238
 20
65.0383
 30
9963.8647
 11
23096.7196
 21
65.0383
 31
9963.8647
  0
LINE
  8
0
 10
23096.7196
 20
65.0383
 30
9963.8647
 11
22999.1622
 21
325.1914
 31
9859.8034
  0
LINE
  8
0
 10
22999.1622
 20
325.1914
 30
9859.8034
 11
23023.5516
 21
422.7488
 31
9820.7805
  0
LINE
  8
0
 10
23023.5516
 20
422.7488
 30
9820.7805
 11
23096.7196
 21
260.1531
 31
9885.8188
  0
LINE
  8
0
 10
23096.7196
 20
260.1531
 30
9885.8188
 11
23169.8877
 21
390.2297
 31
9833.7881
  0
LINE
  8
0
 10
23169.8877
 20
390.2297
 30
9833.7881
 11
22974.7729
 21
455.268
 31
9807.7728
  0
LINE
  8
0
 10
22974.7729
 20
455.268
 30
9807.7728
 11
22852.8261
 21
650.3828
 31
9729.7269
  0
LINE
  8
0
 10
22852.8261
 20
650.3828
 30
9729.7269
 11
22925.9941
 21
682.902
 31
9716.7192
  0
LINE
  8
0
 10
22925.9941
 20
682.902
 30
9716.7192
 11
22877.2154
 21
650.3828
 31
9729.7269
  0
LINE
  8
0
 10
22877.2154
 20
650.3828
 30
9729.7269
 11
22974.7729
 21
585.3445
 31
9755.7422
  0
LINE
  8
0
 10
22974.7729
 20
585.3445
 30
9755.7422
 11
23072.3303
 21
780.4594
 31
9677.6962
  0
LINE
  8
0
 10
23072.3303
 20
780.4594
 30
9677.6962
 11
22950.3835
 21
943.0551
 31
9612.658
  0
LINE
  8
0
 10
22950.3835
 20
943.0551
 30
9612.658
 11
22877.2154
 21
878.0168
 31
9638.6733
  0
LINE
  8
0
 10
22877.2154
 20
878.0168
 30
9638.6733
 11
22925.9941
 21
812.9785
 31
9664.6886
  0
LINE
  8
0
 10
22925.9941
 20
812.9785
 30
9664.6886
 11
22828.4367
 21
910.5359
 31
9625.6656
  0
LINE
  8
0
 10
22828.4367
 20
910.5359
 30
9625.6656
 11
22925.9941
 21
1008.0934
 31
9586.6427
  0
LINE
  8
0
 10
22925.9941
 20
1008.0934
 30
9586.6427
 11
22974.7729
 21
943.0551
 31
9612.658
  0
LINE
  8
0
 10
22974.7729
 20
943.0551
 30
9612.658
 11
23047.9409
 21
1105.6508
 31
9547.6197
  0
LINE
  8
0
 10
23047.9409
 20
1105.6508
 30
9547.6197
 11
22950.3835
 21
1105.6508
 31
9547.6197
  0
LINE
  8
0
 10
22950.3835
 20
1105.6508
 30
9547.6197
 11
23023.5516
 21
1170.6891
 31
9521.6044
  0
LINE
  8
0
 10
23023.5516
 20
1170.6891
 30
9521.6044
 11
22925.9941
 21
1170.6891
 31
9521.6044
  0
LINE
  8
0
 10
22925.9941
 20
1170.6891
 30
9521.6044
 11
22999.1622
 21
1333.2848
 31
9456.5661
  0
LINE
  8
0
 10
22999.1622
 20
1333.2848
 30
9456.5661
 11
22779.658
 21
1625.957
 31
9339.4972
  0
LINE
  8
0
 10
22779.658
 20
1625.957
 30
9339.4972
 11
22804.0474
 21
1723.5145
 31
9300.4742
  0
LINE
  8
0
 10
22804.0474
 20
1723.5145
 30
9300.4742
 11
22804.0474
 21
1560.9187
 31
9365.5125
  0
LINE
  8
0
 10
22804.0474
 20
1560.9187
 30
9365.5125
 11
22925.9941
 21
1528.3996
 31
9378.5202
  0
LINE
  8
0
 10
22925.9941
 20
1528.3996
 30
9378.5202
 11
22779.658
 21
2016.1867
 31
9183.4053
  0
LINE
  8
0
 10
22779.658
 20
2016.1867
 30
9183.4053
 11
22779.658
 21
2146.2633
 31
9131.3747
  0
LINE
  8
0
 10
22779.658
 20
2146.2633
 30
9131.3747
 11
22901.6048
 21
2243.8207
 31
9092.3517
  0
LINE
  8
0
 10
22901.6048
 20
2243.8207
 30
9092.3517
 11
22804.0474
 21
2113.7441
 31
9144.3823
  0
LINE
  8
0
 10
22804.0474
 20
2113.7441
 30
9144.3823
 11
22901.6048
 21
1625.957
 31
9339.4972
  0
LINE
  8
0
 10
22901.6048
 20
1625.957
 30
9339.4972
 11
22999.1622
 21
1495.8805
 31
9391.5278
  0
LINE
  8
0
 10
22999.1622
 20
1495.8805
 30
9391.5278
 11
23072.3303
 21
1625.957
 31
9339.4972
  0
LINE
  8
0
 10
23072.3303
 20
1625.957
 30
9339.4972
 11
22974.7729
 21
1983.6676
 31
9196.413
  0
LINE
  8
0
 10
22974.7729
 20
1983.6676
 30
9196.413
 11
23121.109
 21
2211.3016
 31
9105.3594
  0
LINE
  8
0
 10
23121.109
 20
2211.3016
 30
9105.3594
 11
23023.5516
 21
2211.3016
 31
9105.3594
  0
LINE
  8
0
 10
23023.5516
 20
2211.3016
 30
9105.3594
 11
23072.3303
 21
2341.3781
 31
9053.3287
  0
LINE
  8
0
 10
23072.3303
 20
2341.3781
 30
9053.3287
 11
22950.3835
 21
2991.7609
 31
8793.1756
  0
LINE
  8
0
 10
22950.3835
 20
2991.7609
 30
8793.1756
 11
23023.5516
 21
3186.8758
 31
8715.1297
  0
LINE
  8
0
 10
23023.5516
 20
3186.8758
 30
8715.1297
 11
22950.3835
 21
3349.4715
 31
8650.0914
  0
LINE
  8
0
 10
22950.3835
 20
3349.4715
 30
8650.0914
 11
23169.8877
 21
3479.548
 31
8598.0608
  0
LINE
  8
0
 10
23169.8877
 20
3479.548
 30
8598.0608
 11
22950.3835
 21
3609.6246
 31
8546.0302
  0
LINE
  8
0
 10
22950.3835
 20
3609.6246
 30
8546.0302
 11
23072.3303
 21
3739.7012
 31
8493.9995
  0
LINE
  8
0
 10
23072.3303
 20
3739.7012
 30
8493.9995
 11
23121.109
 21
3642.1438
 31
8533.0225
  0
LINE
  8
0
 10
23121.109
 20
3642.1438
 30
8533.0225
 11
23194.2771
 21
3707.182
 31
8507.0072
  0
LINE
  8
0
 10
23194.2771
 20
3707.182
 30
8507.0072
 11
23096.7196
 21
3837.2586
 31
8454.9766
  0
LINE
  8
0
 10
23096.7196
 20
3837.2586
 30
8454.9766
 11
22999.1622
 21
3804.7395
 31
8467.9842
  0
LINE
  8
0
 10
22999.1622
 20
3804.7395
 30
8467.9842
 11
22999.1622
 21
3902.2969
 31
8428.9613
  0
LINE
  8
0
 10
22999.1622
 20
3902.2969
 30
8428.9613
 11
22925.9941
 21
3804.7395
 31
8467.9842
  0
LINE
  8
0
 10
22925.9941
 20
3804.7395
 30
8467.9842
 11
22974.7729
 21
4064.8926
 31
8363.923
  0
LINE
  8
0
 10
22974.7729
 20
4064.8926
 30
8363.923
 11
22852.8261
 21
4097.4117
 31
8350.9153
  0
LINE
  8
0
 10
22852.8261
 20
4097.4117
 30
8350.9153
 11
23145.4983
 21
4292.5266
 31
8272.8694
  0
LINE
  8
0
 10
23145.4983
 20
4292.5266
 30
8272.8694
 11
23121.109
 21
4455.1223
 31
8207.8311
  0
LINE
  8
0
 10
23121.109
 20
4455.1223
 30
8207.8311
 11
23072.3303
 21
4390.084
 31
8233.8464
  0
LINE
  8
0
 10
23072.3303
 20
4390.084
 30
8233.8464
 11
22999.1622
 21
4520.1605
 31
8181.8158
  0
LINE
  8
0
 10
22999.1622
 20
4520.1605
 30
8181.8158
 11
23121.109
 21
4520.1605
 31
8181.8158
  0
LINE
  8
0
 10
23121.109
 20
4520.1605
 30
8181.8158
 11
23047.9409
 21
4682.7562
 31
8116.7775
  0
LINE
  8
0
 10
23047.9409
 20
4682.7562
 30
8116.7775
 11
22999.1622
 21
4650.2371
 31
8129.7852
  0
LINE
  8
0
 10
22999.1622
 20
4650.2371
 30
8129.7852
 11
23096.7196
 21
4845.352
 31
8051.7392
  0
LINE
  8
0
 10
23096.7196
 20
4845.352
 30
8051.7392
 11
23121.109
 21
4877.8711
 31
8038.7316
  0
LINE
  8
0
 10
4097.4117
 20
4812.8328
 30
8064.7469
 11
3999.8543
 21
4812.8328
 31
8064.7469
  0
LINE
  8
0
 10
3999.8543
 20
4812.8328
 30
8064.7469
 11
4073.0224
 21
4682.7562
 31
8116.7775
  0
LINE
  8
0
 10
4073.0224
 20
4682.7562
 30
8116.7775
 11
4243.7479
 21
4715.2754
 31
8103.7698
  0
LINE
  8
0
 10
4243.7479
 20
4715.2754
 30
8103.7698
 11
4097.4117
 21
4780.3137
 31
8077.7545
  0
LINE
  8
0
 10
4097.4117
 20
4780.3137
 30
8077.7545
 11
4097.4117
 21
4812.8328
 31
8064.7469
  0
LINE
  8
0
 10
20779.7309
 20
4812.8328
 30
8064.7469
 11
20633.3947
 21
4812.8328
 31
8064.7469
  0
LINE
  8
0
 10
20633.3947
 20
4812.8328
 30
8064.7469
 11
20804.1202
 21
4780.3137
 31
8077.7545
  0
LINE
  8
0
 10
20804.1202
 20
4780.3137
 30
8077.7545
 11
20779.7309
 21
4812.8328
 31
8064.7469
  0
LINE
  8
0
 10
6121.7282
 20
4780.3137
 30
8077.7545
 11
5999.7814
 21
4715.2754
 31
8103.7698
  0
LINE
  8
0
 10
5999.7814
 20
4715.2754
 30
8103.7698
 11
6097.3389
 21
4747.7945
 31
8090.7622
  0
LINE
  8
0
 10
6097.3389
 20
4747.7945
 30
8090.7622
 11
6121.7282
 21
4780.3137
 31
8077.7545
  0
LINE
  8
0
 10
23243.0558
 20
4780.3137
 30
8077.7545
 11
23145.4983
 21
4780.3137
 31
8077.7545
  0
LINE
  8
0
 10
23145.4983
 20
4780.3137
 30
8077.7545
 11
23243.0558
 21
3707.182
 31
8507.0072
  0
LINE
  8
0
 10
23243.0558
 20
3707.182
 30
8507.0072
 11
24462.5235
 21
3024.2801
 31
8780.168
  0
LINE
  8
0
 10
24462.5235
 20
3024.2801
 30
8780.168
 11
24096.6832
 21
4357.5648
 31
8246.8541
  0
LINE
  8
0
 10
24096.6832
 20
4357.5648
 30
8246.8541
 11
23267.4451
 21
4780.3137
 31
8077.7545
  0
LINE
  8
0
 10
23267.4451
 20
4780.3137
 30
8077.7545
 11
23243.0558
 21
4780.3137
 31
8077.7545
  0
LINE
  8
0
 10
4707.1456
 20
4747.7945
 30
8090.7622
 11
4438.8627
 21
4617.718
 31
8142.7928
  0
LINE
  8
0
 10
4438.8627
 20
4617.718
 30
8142.7928
 11
4438.8627
 21
4032.3734
 31
8376.9306
  0
LINE
  8
0
 10
4438.8627
 20
4032.3734
 30
8376.9306
 11
4341.3053
 21
4064.8926
 31
8363.923
  0
LINE
  8
0
 10
4341.3053
 20
4064.8926
 30
8363.923
 11
4365.6946
 21
4520.1605
 31
8181.8158
  0
LINE
  8
0
 10
4365.6946
 20
4520.1605
 30
8181.8158
 11
4268.1372
 21
4520.1605
 31
8181.8158
  0
LINE
  8
0
 10
4268.1372
 20
4520.1605
 30
8181.8158
 11
4268.1372
 21
3804.7395
 31
8467.9842
  0
LINE
  8
0
 10
4268.1372
 20
3804.7395
 30
8467.9842
 11
4365.6946
 21
3739.7012
 31
8493.9995
  0
LINE
  8
0
 10
4365.6946
 20
3739.7012
 30
8493.9995
 11
4365.6946
 21
3967.3352
 31
8402.9459
  0
LINE
  8
0
 10
4365.6946
 20
3967.3352
 30
8402.9459
 11
4487.6414
 21
3837.2586
 31
8454.9766
  0
LINE
  8
0
 10
4487.6414
 20
3837.2586
 30
8454.9766
 11
4390.084
 21
3642.1438
 31
8533.0225
  0
LINE
  8
0
 10
4390.084
 20
3642.1438
 30
8533.0225
 11
4292.5266
 21
3674.6629
 31
8520.0148
  0
LINE
  8
0
 10
4292.5266
 20
3674.6629
 30
8520.0148
 11
4268.1372
 21
3512.0672
 31
8585.0531
  0
LINE
  8
0
 10
4268.1372
 20
3512.0672
 30
8585.0531
 11
4170.5798
 21
3609.6246
 31
8546.0302
  0
LINE
  8
0
 10
4170.5798
 20
3609.6246
 30
8546.0302
 11
4268.1372
 21
3642.1438
 31
8533.0225
  0
LINE
  8
0
 10
4268.1372
 20
3642.1438
 30
8533.0225
 11
4170.5798
 21
3674.6629
 31
8520.0148
  0
LINE
  8
0
 10
4170.5798
 20
3674.6629
 30
8520.0148
 11
4243.7479
 21
3772.2203
 31
8480.9919
  0
LINE
  8
0
 10
4243.7479
 20
3772.2203
 30
8480.9919
 11
4194.9691
 21
4227.4883
 31
8298.8847
  0
LINE
  8
0
 10
4194.9691
 20
4227.4883
 30
8298.8847
 11
4097.4117
 21
4357.5648
 31
8246.8541
  0
LINE
  8
0
 10
4097.4117
 20
4357.5648
 30
8246.8541
 11
3999.8543
 21
4292.5266
 31
8272.8694
  0
LINE
  8
0
 10
3999.8543
 20
4292.5266
 30
8272.8694
 11
3951.0756
 21
3772.2203
 31
8480.9919
  0
LINE
  8
0
 10
3951.0756
 20
3772.2203
 30
8480.9919
 11
4024.2437
 21
3674.6629
 31
8520.0148
  0
LINE
  8
0
 10
4024.2437
 20
3674.6629
 30
8520.0148
 11
3902.2969
 21
3219.3949
 31
8702.122
  0
LINE
  8
0
 10
3902.2969
 20
3219.3949
 30
8702.122
 11
3926.6862
 21
2991.7609
 31
8793.1756
  0
LINE
  8
0
 10
3926.6862
 20
2991.7609
 30
8793.1756
 11
4048.633
 21
2861.6844
 31
8845.2062
  0
LINE
  8
0
 10
4048.633
 20
2861.6844
 30
8845.2062
 11
3975.4649
 21
2764.127
 31
8884.2292
  0
LINE
  8
0
 10
3975.4649
 20
2764.127
 30
8884.2292
 11
4048.633
 21
2601.5312
 31
8949.2675
  0
LINE
  8
0
 10
4048.633
 20
2601.5312
 30
8949.2675
 11
4194.9691
 21
2699.0887
 31
8910.2445
  0
LINE
  8
0
 10
4194.9691
 20
2699.0887
 30
8910.2445
 11
4121.8011
 21
2894.2035
 31
8832.1986
  0
LINE
  8
0
 10
4121.8011
 20
2894.2035
 30
8832.1986
 11
4219.3585
 21
2959.2418
 31
8806.1833
  0
LINE
  8
0
 10
4219.3585
 20
2959.2418
 30
8806.1833
 11
4658.3669
 21
2959.2418
 31
8806.1833
  0
LINE
  8
0
 10
4658.3669
 20
2959.2418
 30
8806.1833
 11
4438.8627
 21
2991.7609
 31
8793.1756
  0
LINE
  8
0
 10
4438.8627
 20
2991.7609
 30
8793.1756
 11
4682.7562
 21
3056.7992
 31
8767.1603
  0
LINE
  8
0
 10
4682.7562
 20
3056.7992
 30
8767.1603
 11
4633.9775
 21
3544.5863
 31
8572.0455
  0
LINE
  8
0
 10
4633.9775
 20
3544.5863
 30
8572.0455
 11
4731.535
 21
3739.7012
 31
8493.9995
  0
LINE
  8
0
 10
4731.535
 20
3739.7012
 30
8493.9995
 11
4707.1456
 21
4455.1223
 31
8207.8311
  0
LINE
  8
0
 10
4707.1456
 20
4455.1223
 30
8207.8311
 11
4804.703
 21
4682.7562
 31
8116.7775
  0
LINE
  8
0
 10
4804.703
 20
4682.7562
 30
8116.7775
 11
4731.535
 21
4747.7945
 31
8090.7622
  0
LINE
  8
0
 10
4731.535
 20
4747.7945
 30
8090.7622
 11
4707.1456
 21
4747.7945
 31
8090.7622
  0
LINE
  8
0
 10
20926.067
 20
4715.2754
 30
8103.7698
 11
20804.1202
 21
4715.2754
 31
8103.7698
  0
LINE
  8
0
 10
20804.1202
 20
4715.2754
 30
8103.7698
 11
20901.6776
 21
4682.7562
 31
8116.7775
  0
LINE
  8
0
 10
20901.6776
 20
4682.7562
 30
8116.7775
 11
20926.067
 21
4715.2754
 31
8103.7698
  0
LINE
  8
0
 10
13682.4284
 20
4682.7562
 30
8116.7775
 11
13706.8178
 21
4617.718
 31
8142.7928
  0
LINE
  8
0
 10
13706.8178
 20
4617.718
 30
8142.7928
 11
13292.1987
 21
4617.718
 31
8142.7928
  0
LINE
  8
0
 10
13292.1987
 20
4617.718
 30
8142.7928
 11
13658.0391
 21
4650.2371
 31
8129.7852
  0
LINE
  8
0
 10
13658.0391
 20
4650.2371
 30
8129.7852
 11
13682.4284
 21
4682.7562
 31
8116.7775
  0
LINE
  8
0
 10
4390.084
 20
4650.2371
 30
8129.7852
 11
4243.7479
 21
4650.2371
 31
8129.7852
  0
LINE
  8
0
 10
4243.7479
 20
4650.2371
 30
8129.7852
 11
4390.084
 21
4617.718
 31
8142.7928
  0
LINE
  8
0
 10
4390.084
 20
4617.718
 30
8142.7928
 11
4390.084
 21
4650.2371
 31
8129.7852
  0
LINE
  8
0
 10
6024.1708
 20
4617.718
 30
8142.7928
 11
5951.0027
 21
4650.2371
 31
8129.7852
  0
LINE
  8
0
 10
5951.0027
 20
4650.2371
 30
8129.7852
 11
5926.6134
 21
4552.6797
 31
8168.8081
  0
LINE
  8
0
 10
5926.6134
 20
4552.6797
 30
8168.8081
 11
6024.1708
 21
4585.1988
 31
8155.8005
  0
LINE
  8
0
 10
6024.1708
 20
4585.1988
 30
8155.8005
 11
6024.1708
 21
4617.718
 31
8142.7928
  0
LINE
  8
0
 10
20926.067
 20
4617.718
 30
8142.7928
 11
20706.5628
 21
4650.2371
 31
8129.7852
  0
LINE
  8
0
 10
20706.5628
 20
4650.2371
 30
8129.7852
 11
20609.0054
 21
4357.5648
 31
8246.8541
  0
LINE
  8
0
 10
20609.0054
 20
4357.5648
 30
8246.8541
 11
20633.3947
 21
3934.816
 31
8415.9536
  0
LINE
  8
0
 10
20633.3947
 20
3934.816
 30
8415.9536
 11
20730.9521
 21
3772.2203
 31
8480.9919
  0
LINE
  8
0
 10
20730.9521
 20
3772.2203
 30
8480.9919
 11
20682.1734
 21
3154.3566
 31
8728.1373
  0
LINE
  8
0
 10
20682.1734
 20
3154.3566
 30
8728.1373
 11
20804.1202
 21
2861.6844
 31
8845.2062
  0
LINE
  8
0
 10
20804.1202
 20
2861.6844
 30
8845.2062
 11
20974.8457
 21
2764.127
 31
8884.2292
  0
LINE
  8
0
 10
20974.8457
 20
2764.127
 30
8884.2292
 11
20877.2883
 21
2731.6078
 31
8897.2369
  0
LINE
  8
0
 10
20877.2883
 20
2731.6078
 30
8897.2369
 11
20901.6776
 21
2634.0504
 31
8936.2598
  0
LINE
  8
0
 10
20901.6776
 20
2634.0504
 30
8936.2598
 11
21121.1818
 21
2569.0121
 31
8962.2752
  0
LINE
  8
0
 10
21121.1818
 20
2569.0121
 30
8962.2752
 11
21048.0138
 21
2731.6078
 31
8897.2369
  0
LINE
  8
0
 10
21048.0138
 20
2731.6078
 30
8897.2369
 11
21145.5712
 21
2829.1652
 31
8858.2139
  0
LINE
  8
0
 10
21145.5712
 20
2829.1652
 30
8858.2139
 11
21145.5712
 21
3642.1438
 31
8533.0225
  0
LINE
  8
0
 10
21145.5712
 20
3642.1438
 30
8533.0225
 11
21072.4031
 21
3739.7012
 31
8493.9995
  0
LINE
  8
0
 10
21072.4031
 20
3739.7012
 30
8493.9995
 11
21121.1818
 21
3707.182
 31
8507.0072
  0
LINE
  8
0
 10
21121.1818
 20
3707.182
 30
8507.0072
 11
21121.1818
 21
2959.2418
 31
8806.1833
  0
LINE
  8
0
 10
21121.1818
 20
2959.2418
 30
8806.1833
 11
21194.3499
 21
2926.7227
 31
8819.1909
  0
LINE
  8
0
 10
21194.3499
 20
2926.7227
 30
8819.1909
 11
21243.1286
 21
3381.9906
 31
8637.0837
  0
LINE
  8
0
 10
21243.1286
 20
3381.9906
 30
8637.0837
 11
21218.7393
 21
2959.2418
 31
8806.1833
  0
LINE
  8
0
 10
21218.7393
 20
2959.2418
 30
8806.1833
 11
21291.9073
 21
2569.0121
 31
8962.2752
  0
LINE
  8
0
 10
21291.9073
 20
2569.0121
 30
8962.2752
 11
21413.8541
 21
2503.9738
 31
8988.2905
  0
LINE
  8
0
 10
21413.8541
 20
2503.9738
 30
8988.2905
 11
21340.686
 21
4422.6031
 31
8220.8387
  0
LINE
  8
0
 10
21340.686
 20
4422.6031
 30
8220.8387
 11
21218.7393
 21
4455.1223
 31
8207.8311
  0
LINE
  8
0
 10
21218.7393
 20
4455.1223
 30
8207.8311
 11
21145.5712
 21
4292.5266
 31
8272.8694
  0
LINE
  8
0
 10
21145.5712
 20
4292.5266
 30
8272.8694
 11
21096.7925
 21
4487.6414
 31
8194.8234
  0
LINE
  8
0
 10
21096.7925
 20
4487.6414
 30
8194.8234
 11
21072.4031
 21
4292.5266
 31
8272.8694
  0
LINE
  8
0
 10
21072.4031
 20
4292.5266
 30
8272.8694
 11
20950.4563
 21
4617.718
 31
8142.7928
  0
LINE
  8
0
 10
20950.4563
 20
4617.718
 30
8142.7928
 11
20926.067
 21
4617.718
 31
8142.7928
  0
LINE
  8
0
 10
21291.9073
 20
4585.1988
 30
8155.8005
 11
21169.9605
 21
4552.6797
 31
8168.8081
  0
LINE
  8
0
 10
21169.9605
 20
4552.6797
 30
8168.8081
 11
21316.2967
 21
4552.6797
 31
8168.8081
  0
LINE
  8
0
 10
21316.2967
 20
4552.6797
 30
8168.8081
 11
21291.9073
 21
4585.1988
 31
8155.8005
  0
LINE
  8
0
 10
4194.9691
 20
4552.6797
 30
8168.8081
 11
4097.4117
 21
4552.6797
 31
8168.8081
  0
LINE
  8
0
 10
4097.4117
 20
4552.6797
 30
8168.8081
 11
3999.8543
 21
4390.084
 31
8233.8464
  0
LINE
  8
0
 10
3999.8543
 20
4390.084
 30
8233.8464
 11
4121.8011
 21
4357.5648
 31
8246.8541
  0
LINE
  8
0
 10
4121.8011
 20
4357.5648
 30
8246.8541
 11
4121.8011
 21
4487.6414
 31
8194.8234
  0
LINE
  8
0
 10
4121.8011
 20
4487.6414
 30
8194.8234
 11
4194.9691
 21
4520.1605
 31
8181.8158
  0
LINE
  8
0
 10
4194.9691
 20
4520.1605
 30
8181.8158
 11
4194.9691
 21
4552.6797
 31
8168.8081
  0
LINE
  8
0
 10
13340.9774
 20
4552.6797
 30
8168.8081
 11
13828.7646
 21
4487.6414
 31
8194.8234
  0
LINE
  8
0
 10
13828.7646
 20
4487.6414
 30
8194.8234
 11
13682.4284
 21
4260.0074
 31
8285.877
  0
LINE
  8
0
 10
13682.4284
 20
4260.0074
 30
8285.877
 11
12926.3584
 21
4325.0457
 31
8259.8617
  0
LINE
  8
0
 10
12926.3584
 20
4325.0457
 30
8259.8617
 11
13755.5965
 21
4390.084
 31
8233.8464
  0
LINE
  8
0
 10
13755.5965
 20
4390.084
 30
8233.8464
 11
13340.9774
 21
4455.1223
 31
8207.8311
  0
LINE
  8
0
 10
13340.9774
 20
4455.1223
 30
8207.8311
 11
13731.2071
 21
4520.1605
 31
8181.8158
  0
LINE
  8
0
 10
13731.2071
 20
4520.1605
 30
8181.8158
 11
13365.3668
 21
4552.6797
 31
8168.8081
  0
LINE
  8
0
 10
13365.3668
 20
4552.6797
 30
8168.8081
 11
13340.9774
 21
4552.6797
 31
8168.8081
  0
LINE
  8
0
 10
4633.9775
 20
4520.1605
 30
8181.8158
 11
4512.0308
 21
4455.1223
 31
8207.8311
  0
LINE
  8
0
 10
4512.0308
 20
4455.1223
 30
8207.8311
 11
4609.5882
 21
4487.6414
 31
8194.8234
  0
LINE
  8
0
 10
4609.5882
 20
4487.6414
 30
8194.8234
 11
4633.9775
 21
4520.1605
 31
8181.8158
  0
LINE
  8
0
 10
11706.8906
 20
4520.1605
 30
8181.8158
 11
12682.4648
 21
4520.1605
 31
8181.8158
  0
LINE
  8
0
 10
12682.4648
 20
4520.1605
 30
8181.8158
 11
12462.9606
 21
4422.6031
 31
8220.8387
  0
LINE
  8
0
 10
12462.9606
 20
4422.6031
 30
8220.8387
 11
11731.28
 21
4487.6414
 31
8194.8234
  0
LINE
  8
0
 10
11731.28
 20
4487.6414
 30
8194.8234
 11
11706.8906
 21
4520.1605
 31
8181.8158
  0
LINE
  8
0
 10
12853.1903
 20
4520.1605
 30
8181.8158
 11
13243.42
 21
4487.6414
 31
8194.8234
  0
LINE
  8
0
 10
13243.42
 20
4487.6414
 30
8194.8234
 11
12877.5797
 21
4487.6414
 31
8194.8234
  0
LINE
  8
0
 10
12877.5797
 20
4487.6414
 30
8194.8234
 11
12853.1903
 21
4520.1605
 31
8181.8158
  0
LINE
  8
0
 10
12267.8458
 20
4260.0074
 30
8285.877
 11
12804.4116
 21
4227.4883
 31
8298.8847
  0
LINE
  8
0
 10
12804.4116
 20
4227.4883
 30
8298.8847
 11
12292.2352
 21
4260.0074
 31
8285.877
  0
LINE
  8
0
 10
12292.2352
 20
4260.0074
 30
8285.877
 11
12267.8458
 21
4260.0074
 31
8285.877
  0
LINE
  8
0
 10
23145.4983
 20
4194.9691
 30
8311.8923
 11
23072.3303
 21
4097.4117
 31
8350.9153
  0
LINE
  8
0
 10
23072.3303
 20
4097.4117
 30
8350.9153
 11
23145.4983
 21
4162.45
 31
8324.9
  0
LINE
  8
0
 10
23145.4983
 20
4162.45
 30
8324.9
 11
23145.4983
 21
4194.9691
 31
8311.8923
  0
LINE
  8
0
 10
12267.8458
 20
4162.45
 30
8324.9
 11
13316.5881
 21
4097.4117
 31
8350.9153
  0
LINE
  8
0
 10
13316.5881
 20
4097.4117
 30
8350.9153
 11
12145.899
 21
4064.8926
 31
8363.923
  0
LINE
  8
0
 10
12145.899
 20
4064.8926
 30
8363.923
 11
12243.4564
 21
4129.9309
 31
8337.9077
  0
LINE
  8
0
 10
12243.4564
 20
4129.9309
 30
8337.9077
 11
12267.8458
 21
4162.45
 31
8324.9
  0
LINE
  8
0
 10
19218.8121
 20
4129.9309
 30
8337.9077
 11
19462.7057
 21
4129.9309
 31
8337.9077
  0
LINE
  8
0
 10
19462.7057
 20
4129.9309
 30
8337.9077
 11
19194.4228
 21
4097.4117
 31
8350.9153
  0
LINE
  8
0
 10
19194.4228
 20
4097.4117
 30
8350.9153
 11
19218.8121
 21
4129.9309
 31
8337.9077
  0
LINE
  8
0
 10
23169.8877
 20
4032.3734
 30
8376.9306
 11
23072.3303
 21
4064.8926
 31
8363.923
  0
LINE
  8
0
 10
23072.3303
 20
4064.8926
 30
8363.923
 11
23023.5516
 21
3967.3352
 31
8402.9459
  0
LINE
  8
0
 10
23023.5516
 20
3967.3352
 30
8402.9459
 11
23169.8877
 21
3999.8543
 31
8389.9383
  0
LINE
  8
0
 10
23169.8877
 20
3999.8543
 30
8389.9383
 11
23169.8877
 21
4032.3734
 31
8376.9306
  0
LINE
  8
0
 10
21243.1286
 20
3934.816
 30
8415.9536
 11
21267.518
 21
3869.7777
 31
8441.9689
  0
LINE
  8
0
 10
21267.518
 20
3869.7777
 30
8441.9689
 11
21145.5712
 21
3837.2586
 31
8454.9766
  0
LINE
  8
0
 10
21145.5712
 20
3837.2586
 30
8454.9766
 11
21218.7393
 21
3804.7395
 31
8467.9842
  0
LINE
  8
0
 10
21218.7393
 20
3804.7395
 30
8467.9842
 11
21145.5712
 21
3837.2586
 31
8454.9766
  0
LINE
  8
0
 10
21145.5712
 20
3837.2586
 30
8454.9766
 11
21218.7393
 21
3902.2969
 31
8428.9613
  0
LINE
  8
0
 10
21218.7393
 20
3902.2969
 30
8428.9613
 11
21243.1286
 21
3934.816
 31
8415.9536
  0
LINE
  8
0
 10
22682.1006
 20
3837.2586
 30
8454.9766
 11
22755.2687
 21
3772.2203
 31
8480.9919
  0
LINE
  8
0
 10
22755.2687
 20
3772.2203
 30
8480.9919
 11
22682.1006
 21
3804.7395
 31
8467.9842
  0
LINE
  8
0
 10
22682.1006
 20
3804.7395
 30
8467.9842
 11
22682.1006
 21
3837.2586
 31
8454.9766
  0
LINE
  8
0
 10
1804.8123
 20
3739.7012
 30
8493.9995
 11
1926.7591
 21
3707.182
 31
8507.0072
  0
LINE
  8
0
 10
1926.7591
 20
3707.182
 30
8507.0072
 11
1780.4229
 21
3707.182
 31
8507.0072
  0
LINE
  8
0
 10
1780.4229
 20
3707.182
 30
8507.0072
 11
1804.8123
 21
3739.7012
 31
8493.9995
  0
LINE
  8
0
 10
21218.7393
 20
3739.7012
 30
8493.9995
 11
21340.686
 21
3707.182
 31
8507.0072
  0
LINE
  8
0
 10
21340.686
 20
3707.182
 30
8507.0072
 11
21243.1286
 21
3707.182
 31
8507.0072
  0
LINE
  8
0
 10
21243.1286
 20
3707.182
 30
8507.0072
 11
21218.7393
 21
3739.7012
 31
8493.9995
  0
LINE
  8
0
 10
21243.1286
 20
3642.1438
 30
8533.0225
 11
21267.518
 21
3479.548
 31
8598.0608
  0
LINE
  8
0
 10
21267.518
 20
3479.548
 30
8598.0608
 11
21243.1286
 21
3609.6246
 31
8546.0302
  0
LINE
  8
0
 10
21243.1286
 20
3609.6246
 30
8546.0302
 11
21243.1286
 21
3642.1438
 31
8533.0225
  0
LINE
  8
0
 10
23243.0558
 20
3642.1438
 30
8533.0225
 11
23169.8877
 21
3642.1438
 31
8533.0225
  0
LINE
  8
0
 10
23169.8877
 20
3642.1438
 30
8533.0225
 11
23267.4451
 21
3642.1438
 31
8533.0225
  0
LINE
  8
0
 10
23267.4451
 20
3642.1438
 30
8533.0225
 11
23243.0558
 21
3642.1438
 31
8533.0225
  0
LINE
  8
0
 10
1804.8123
 20
3609.6246
 30
8546.0302
 11
2438.9355
 21
3577.1055
 31
8559.0378
  0
LINE
  8
0
 10
2438.9355
 20
3577.1055
 30
8559.0378
 11
1853.591
 21
3609.6246
 31
8546.0302
  0
LINE
  8
0
 10
1853.591
 20
3609.6246
 30
8546.0302
 11
1804.8123
 21
3479.548
 31
8598.0608
  0
LINE
  8
0
 10
1804.8123
 20
3479.548
 30
8598.0608
 11
1780.4229
 21
3577.1055
 31
8559.0378
  0
LINE
  8
0
 10
1780.4229
 20
3577.1055
 30
8559.0378
 11
1804.8123
 21
3609.6246
 31
8546.0302
  0
LINE
  8
0
 10
23413.7812
 20
3544.5863
 30
8572.0455
 11
23316.2238
 21
3381.9906
 31
8637.0837
  0
LINE
  8
0
 10
23316.2238
 20
3381.9906
 30
8637.0837
 11
23438.1706
 21
3284.4332
 31
8676.1067
  0
LINE
  8
0
 10
23438.1706
 20
3284.4332
 30
8676.1067
 11
23486.9493
 21
3349.4715
 31
8650.0914
  0
LINE
  8
0
 10
23486.9493
 20
3349.4715
 30
8650.0914
 11
23413.7812
 21
3512.0672
 31
8585.0531
  0
LINE
  8
0
 10
23413.7812
 20
3512.0672
 30
8585.0531
 11
23413.7812
 21
3544.5863
 31
8572.0455
  0
LINE
  8
0
 10
4731.535
 20
3512.0672
 30
8585.0531
 11
4633.9775
 21
3447.0289
 31
8611.0684
  0
LINE
  8
0
 10
4633.9775
 20
3447.0289
 30
8611.0684
 11
4707.1456
 21
3479.548
 31
8598.0608
  0
LINE
  8
0
 10
4707.1456
 20
3479.548
 30
8598.0608
 11
4731.535
 21
3512.0672
 31
8585.0531
  0
LINE
  8
0
 10
1877.9804
 20
3447.0289
 30
8611.0684
 11
2048.7059
 21
3414.5098
 31
8624.0761
  0
LINE
  8
0
 10
2048.7059
 20
3414.5098
 30
8624.0761
 11
1877.9804
 21
3381.9906
 31
8637.0837
  0
LINE
  8
0
 10
1877.9804
 20
3381.9906
 30
8637.0837
 11
1951.1484
 21
3414.5098
 31
8624.0761
  0
LINE
  8
0
 10
1951.1484
 20
3414.5098
 30
8624.0761
 11
1902.3697
 21
3447.0289
 31
8611.0684
  0
LINE
  8
0
 10
1902.3697
 20
3447.0289
 30
8611.0684
 11
1877.9804
 21
3447.0289
 31
8611.0684
  0
LINE
  8
0
 10
4194.9691
 20
3447.0289
 30
8611.0684
 11
4243.7479
 21
3121.8375
 31
8741.145
  0
LINE
  8
0
 10
4243.7479
 20
3121.8375
 30
8741.145
 11
4097.4117
 21
2991.7609
 31
8793.1756
  0
LINE
  8
0
 10
4097.4117
 20
2991.7609
 30
8793.1756
 11
4219.3585
 21
3154.3566
 31
8728.1373
  0
LINE
  8
0
 10
4219.3585
 20
3154.3566
 30
8728.1373
 11
4170.5798
 21
3414.5098
 31
8624.0761
  0
LINE
  8
0
 10
4170.5798
 20
3414.5098
 30
8624.0761
 11
4194.9691
 21
3447.0289
 31
8611.0684
  0
LINE
  8
0
 10
22608.9325
 20
3447.0289
 30
8611.0684
 11
22706.4899
 21
3447.0289
 31
8611.0684
  0
LINE
  8
0
 10
22706.4899
 20
3447.0289
 30
8611.0684
 11
22608.9325
 21
3381.9906
 31
8637.0837
  0
LINE
  8
0
 10
22608.9325
 20
3381.9906
 30
8637.0837
 11
22657.7112
 21
3316.9523
 31
8663.0991
  0
LINE
  8
0
 10
22657.7112
 20
3316.9523
 30
8663.0991
 11
22535.7645
 21
3316.9523
 31
8663.0991
  0
LINE
  8
0
 10
22535.7645
 20
3316.9523
 30
8663.0991
 11
22608.9325
 21
3316.9523
 31
8663.0991
  0
LINE
  8
0
 10
22608.9325
 20
3316.9523
 30
8663.0991
 11
22608.9325
 21
3414.5098
 31
8624.0761
  0
LINE
  8
0
 10
22608.9325
 20
3414.5098
 30
8624.0761
 11
22608.9325
 21
3447.0289
 31
8611.0684
  0
LINE
  8
0
 10
4365.6946
 20
3414.5098
 30
8624.0761
 11
4585.1988
 21
3381.9906
 31
8637.0837
  0
LINE
  8
0
 10
4585.1988
 20
3381.9906
 30
8637.0837
 11
4365.6946
 21
3381.9906
 31
8637.0837
  0
LINE
  8
0
 10
4365.6946
 20
3381.9906
 30
8637.0837
 11
4365.6946
 21
3414.5098
 31
8624.0761
  0
LINE
  8
0
 10
23584.5067
 20
3414.5098
 30
8624.0761
 11
23486.9493
 21
3381.9906
 31
8637.0837
  0
LINE
  8
0
 10
23486.9493
 20
3381.9906
 30
8637.0837
 11
23535.728
 21
3284.4332
 31
8676.1067
  0
LINE
  8
0
 10
23535.728
 20
3284.4332
 30
8676.1067
 11
23999.1258
 21
3154.3566
 31
8728.1373
  0
LINE
  8
0
 10
23999.1258
 20
3154.3566
 30
8728.1373
 11
23608.8961
 21
3414.5098
 31
8624.0761
  0
LINE
  8
0
 10
23608.8961
 20
3414.5098
 30
8624.0761
 11
23584.5067
 21
3414.5098
 31
8624.0761
  0
LINE
  8
0
 10
23560.1174
 20
3381.9906
 30
8637.0837
 11
23486.9493
 21
3381.9906
 31
8637.0837
  0
LINE
  8
0
 10
23486.9493
 20
3381.9906
 30
8637.0837
 11
23706.4535
 21
3186.8758
 31
8715.1297
  0
LINE
  8
0
 10
23706.4535
 20
3186.8758
 30
8715.1297
 11
23999.1258
 21
3154.3566
 31
8728.1373
  0
LINE
  8
0
 10
23999.1258
 20
3154.3566
 30
8728.1373
 11
23584.5067
 21
3414.5098
 31
8624.0761
  0
LINE
  8
0
 10
23584.5067
 20
3414.5098
 30
8624.0761
 11
23560.1174
 21
3381.9906
 31
8637.0837
  0
LINE
  8
0
 10
23267.4451
 20
3349.4715
 30
8650.0914
 11
23121.109
 21
3349.4715
 31
8650.0914
  0
LINE
  8
0
 10
23121.109
 20
3349.4715
 30
8650.0914
 11
23243.0558
 21
3316.9523
 31
8663.0991
  0
LINE
  8
0
 10
23243.0558
 20
3316.9523
 30
8663.0991
 11
23267.4451
 21
3349.4715
 31
8650.0914
  0
LINE
  8
0
 10
22852.8261
 20
3316.9523
 30
8663.0991
 11
22706.4899
 21
3219.3949
 31
8702.122
  0
LINE
  8
0
 10
22706.4899
 20
3219.3949
 30
8702.122
 11
22755.2687
 21
3186.8758
 31
8715.1297
  0
LINE
  8
0
 10
22755.2687
 20
3186.8758
 30
8715.1297
 11
22682.1006
 21
3251.9141
 31
8689.1144
  0
LINE
  8
0
 10
22682.1006
 20
3251.9141
 30
8689.1144
 11
22828.4367
 21
3284.4332
 31
8676.1067
  0
LINE
  8
0
 10
22828.4367
 20
3284.4332
 30
8676.1067
 11
22852.8261
 21
3316.9523
 31
8663.0991
  0
LINE
  8
0
 10
2073.0952
 20
3284.4332
 30
8676.1067
 11
2438.9355
 21
3219.3949
 31
8702.122
  0
LINE
  8
0
 10
2438.9355
 20
3219.3949
 30
8702.122
 11
2390.1568
 21
3154.3566
 31
8728.1373
  0
LINE
  8
0
 10
2390.1568
 20
3154.3566
 30
8728.1373
 11
2487.7143
 21
3089.3184
 31
8754.1527
  0
LINE
  8
0
 10
2487.7143
 20
3089.3184
 30
8754.1527
 11
2414.5462
 21
2926.7227
 31
8819.1909
  0
LINE
  8
0
 10
2414.5462
 20
2926.7227
 30
8819.1909
 11
2487.7143
 21
2699.0887
 31
8910.2445
  0
LINE
  8
0
 10
2487.7143
 20
2699.0887
 30
8910.2445
 11
2390.1568
 21
2666.5695
 31
8923.2522
  0
LINE
  8
0
 10
2390.1568
 20
2666.5695
 30
8923.2522
 11
2365.7675
 21
2373.8973
 31
9040.3211
  0
LINE
  8
0
 10
2365.7675
 20
2373.8973
 30
9040.3211
 11
2487.7143
 21
2211.3016
 31
9105.3594
  0
LINE
  8
0
 10
2487.7143
 20
2211.3016
 30
9105.3594
 11
2365.7675
 21
2113.7441
 31
9144.3823
  0
LINE
  8
0
 10
2365.7675
 20
2113.7441
 30
9144.3823
 11
2365.7675
 21
1983.6676
 31
9196.413
  0
LINE
  8
0
 10
2365.7675
 20
1983.6676
 30
9196.413
 11
2316.9888
 21
2113.7441
 31
9144.3823
  0
LINE
  8
0
 10
2316.9888
 20
2113.7441
 30
9144.3823
 11
2268.2101
 21
1951.1484
 31
9209.4206
  0
LINE
  8
0
 10
2268.2101
 20
1951.1484
 30
9209.4206
 11
2316.9888
 21
1756.0336
 31
9287.4666
  0
LINE
  8
0
 10
2316.9888
 20
1756.0336
 30
9287.4666
 11
2390.1568
 21
1788.5527
 31
9274.4589
  0
LINE
  8
0
 10
2390.1568
 20
1788.5527
 30
9274.4589
 11
2316.9888
 21
1625.957
 31
9339.4972
  0
LINE
  8
0
 10
2316.9888
 20
1625.957
 30
9339.4972
 11
2414.5462
 21
1560.9187
 31
9365.5125
  0
LINE
  8
0
 10
2414.5462
 20
1560.9187
 30
9365.5125
 11
2292.5994
 21
1333.2848
 31
9456.5661
  0
LINE
  8
0
 10
2292.5994
 20
1333.2848
 30
9456.5661
 11
2463.3249
 21
1365.8039
 31
9443.5584
  0
LINE
  8
0
 10
2463.3249
 20
1365.8039
 30
9443.5584
 11
2341.3781
 21
1138.1699
 31
9534.612
  0
LINE
  8
0
 10
2341.3781
 20
1138.1699
 30
9534.612
 11
2438.9355
 21
943.0551
 31
9612.658
  0
LINE
  8
0
 10
2438.9355
 20
943.0551
 30
9612.658
 11
2341.3781
 21
780.4594
 31
9677.6962
  0
LINE
  8
0
 10
2341.3781
 20
780.4594
 30
9677.6962
 11
2390.1568
 21
682.902
 31
9716.7192
  0
LINE
  8
0
 10
2390.1568
 20
682.902
 30
9716.7192
 11
2292.5994
 21
747.9402
 31
9690.7039
  0
LINE
  8
0
 10
2292.5994
 20
747.9402
 30
9690.7039
 11
2243.8207
 21
552.8254
 31
9768.7498
  0
LINE
  8
0
 10
2243.8207
 20
552.8254
 30
9768.7498
 11
2024.3165
 21
455.268
 31
9807.7728
  0
LINE
  8
0
 10
2024.3165
 20
455.268
 30
9807.7728
 11
1731.6442
 21
520.3062
 31
9781.7575
  0
LINE
  8
0
 10
1731.6442
 20
520.3062
 30
9781.7575
 11
1560.9187
 21
357.7105
 31
9846.7958
  0
LINE
  8
0
 10
1560.9187
 20
357.7105
 30
9846.7958
 11
2048.7059
 21
325.1914
 31
9859.8034
  0
LINE
  8
0
 10
2048.7059
 20
325.1914
 30
9859.8034
 11
1512.14
 21
260.1531
 31
9885.8188
  0
LINE
  8
0
 10
1512.14
 20
260.1531
 30
9885.8188
 11
1487.7507
 21
162.5957
 31
9924.8417
  0
LINE
  8
0
 10
1487.7507
 20
162.5957
 30
9924.8417
 11
1560.9187
 21
130.0766
 31
9937.8494
  0
LINE
  8
0
 10
1560.9187
 20
130.0766
 30
9937.8494
 11
1438.972
 21
162.5957
 31
9924.8417
  0
LINE
  8
0
 10
1438.972
 20
162.5957
 30
9924.8417
 11
1438.972
 21
260.1531
 31
9885.8188
  0
LINE
  8
0
 10
1438.972
 20
260.1531
 30
9885.8188
 11
1536.5294
 21
292.6723
 31
9872.8111
  0
LINE
  8
0
 10
1536.5294
 20
292.6723
 30
9872.8111
 11
1438.972
 21
325.1914
 31
9859.8034
  0
LINE
  8
0
 10
1438.972
 20
325.1914
 30
9859.8034
 11
1560.9187
 21
390.2297
 31
9833.7881
  0
LINE
  8
0
 10
1560.9187
 20
390.2297
 30
9833.7881
 11
1317.0252
 21
487.7871
 31
9794.7652
  0
LINE
  8
0
 10
1317.0252
 20
487.7871
 30
9794.7652
 11
1390.1933
 21
552.8254
 31
9768.7498
  0
LINE
  8
0
 10
1390.1933
 20
552.8254
 30
9768.7498
 11
1341.4146
 21
845.4977
 31
9651.6809
  0
LINE
  8
0
 10
1341.4146
 20
845.4977
 30
9651.6809
 11
1487.7507
 21
1008.0934
 31
9586.6427
  0
LINE
  8
0
 10
1487.7507
 20
1008.0934
 30
9586.6427
 11
1414.5826
 21
812.9785
 31
9664.6886
  0
LINE
  8
0
 10
1414.5826
 20
812.9785
 30
9664.6886
 11
1512.14
 21
650.3828
 31
9729.7269
  0
LINE
  8
0
 10
1512.14
 20
650.3828
 30
9729.7269
 11
1853.591
 21
682.902
 31
9716.7192
  0
LINE
  8
0
 10
1853.591
 20
682.902
 30
9716.7192
 11
1951.1484
 21
812.9785
 31
9664.6886
  0
LINE
  8
0
 10
1951.1484
 20
812.9785
 30
9664.6886
 11
1853.591
 21
650.3828
 31
9729.7269
  0
LINE
  8
0
 10
1853.591
 20
650.3828
 30
9729.7269
 11
1902.3697
 21
585.3445
 31
9755.7422
  0
LINE
  8
0
 10
1902.3697
 20
585.3445
 30
9755.7422
 11
2170.6526
 21
715.4211
 31
9703.7116
  0
LINE
  8
0
 10
2170.6526
 20
715.4211
 30
9703.7116
 11
1999.9271
 21
682.902
 31
9716.7192
  0
LINE
  8
0
 10
1999.9271
 20
682.902
 30
9716.7192
 11
2170.6526
 21
845.4977
 31
9651.6809
  0
LINE
  8
0
 10
2170.6526
 20
845.4977
 30
9651.6809
 11
1634.0868
 21
1073.1316
 31
9560.6273
  0
LINE
  8
0
 10
1634.0868
 20
1073.1316
 30
9560.6273
 11
1731.6442
 21
1138.1699
 31
9534.612
  0
LINE
  8
0
 10
1731.6442
 20
1138.1699
 30
9534.612
 11
1951.1484
 21
943.0551
 31
9612.658
  0
LINE
  8
0
 10
1951.1484
 20
943.0551
 30
9612.658
 11
1951.1484
 21
1170.6891
 31
9521.6044
  0
LINE
  8
0
 10
1951.1484
 20
1170.6891
 30
9521.6044
 11
2024.3165
 21
1170.6891
 31
9521.6044
  0
LINE
  8
0
 10
2024.3165
 20
1170.6891
 30
9521.6044
 11
1951.1484
 21
1073.1316
 31
9560.6273
  0
LINE
  8
0
 10
1951.1484
 20
1073.1316
 30
9560.6273
 11
1975.5378
 21
943.0551
 31
9612.658
  0
LINE
  8
0
 10
1975.5378
 20
943.0551
 30
9612.658
 11
2146.2633
 21
943.0551
 31
9612.658
  0
LINE
  8
0
 10
2146.2633
 20
943.0551
 30
9612.658
 11
2146.2633
 21
1268.2465
 31
9482.5814
  0
LINE
  8
0
 10
2146.2633
 20
1268.2465
 30
9482.5814
 11
2219.4313
 21
1268.2465
 31
9482.5814
  0
LINE
  8
0
 10
2219.4313
 20
1268.2465
 30
9482.5814
 11
2146.2633
 21
1658.4762
 31
9326.4895
  0
LINE
  8
0
 10
2146.2633
 20
1658.4762
 30
9326.4895
 11
2243.8207
 21
1821.0719
 31
9261.4513
  0
LINE
  8
0
 10
2243.8207
 20
1821.0719
 30
9261.4513
 11
2121.8739
 21
1821.0719
 31
9261.4513
  0
LINE
  8
0
 10
2121.8739
 20
1821.0719
 30
9261.4513
 11
2195.042
 21
2146.2633
 31
9131.3747
  0
LINE
  8
0
 10
2195.042
 20
2146.2633
 30
9131.3747
 11
2292.5994
 21
2211.3016
 31
9105.3594
  0
LINE
  8
0
 10
2292.5994
 20
2211.3016
 30
9105.3594
 11
2219.4313
 21
2211.3016
 31
9105.3594
  0
LINE
  8
0
 10
2219.4313
 20
2211.3016
 30
9105.3594
 11
2195.042
 21
2373.8973
 31
9040.3211
  0
LINE
  8
0
 10
2195.042
 20
2373.8973
 30
9040.3211
 11
2316.9888
 21
2764.127
 31
8884.2292
  0
LINE
  8
0
 10
2316.9888
 20
2764.127
 30
8884.2292
 11
2073.0952
 21
2796.6461
 31
8871.2216
  0
LINE
  8
0
 10
2073.0952
 20
2796.6461
 30
8871.2216
 11
1756.0336
 21
2634.0504
 31
8936.2598
  0
LINE
  8
0
 10
1756.0336
 20
2634.0504
 30
8936.2598
 11
1902.3697
 21
2796.6461
 31
8871.2216
  0
LINE
  8
0
 10
1902.3697
 20
2796.6461
 30
8871.2216
 11
2316.9888
 21
2796.6461
 31
8871.2216
  0
LINE
  8
0
 10
2316.9888
 20
2796.6461
 30
8871.2216
 11
2341.3781
 21
2926.7227
 31
8819.1909
  0
LINE
  8
0
 10
2341.3781
 20
2926.7227
 30
8819.1909
 11
2195.042
 21
3089.3184
 31
8754.1527
  0
LINE
  8
0
 10
2195.042
 20
3089.3184
 30
8754.1527
 11
1853.591
 21
3056.7992
 31
8767.1603
  0
LINE
  8
0
 10
1853.591
 20
3056.7992
 30
8767.1603
 11
1853.591
 21
2829.1652
 31
8858.2139
  0
LINE
  8
0
 10
1853.591
 20
2829.1652
 30
8858.2139
 11
1731.6442
 21
2861.6844
 31
8845.2062
  0
LINE
  8
0
 10
1731.6442
 20
2861.6844
 30
8845.2062
 11
1536.5294
 21
2699.0887
 31
8910.2445
  0
LINE
  8
0
 10
1536.5294
 20
2699.0887
 30
8910.2445
 11
1634.0868
 21
2634.0504
 31
8936.2598
  0
LINE
  8
0
 10
1634.0868
 20
2634.0504
 30
8936.2598
 11
1658.4762
 21
2731.6078
 31
8897.2369
  0
LINE
  8
0
 10
1658.4762
 20
2731.6078
 30
8897.2369
 11
1682.8655
 21
2634.0504
 31
8936.2598
  0
LINE
  8
0
 10
1682.8655
 20
2634.0504
 30
8936.2598
 11
1536.5294
 21
2569.0121
 31
8962.2752
  0
LINE
  8
0
 10
1536.5294
 20
2569.0121
 30
8962.2752
 11
1609.6975
 21
2471.4547
 31
9001.2981
  0
LINE
  8
0
 10
1609.6975
 20
2471.4547
 30
9001.2981
 11
1487.7507
 21
2341.3781
 31
9053.3287
  0
LINE
  8
0
 10
1487.7507
 20
2341.3781
 30
9053.3287
 11
1512.14
 21
1658.4762
 31
9326.4895
  0
LINE
  8
0
 10
1512.14
 20
1658.4762
 30
9326.4895
 11
1390.1933
 21
1528.3996
 31
9378.5202
  0
LINE
  8
0
 10
1390.1933
 20
1528.3996
 30
9378.5202
 11
1512.14
 21
1268.2465
 31
9482.5814
  0
LINE
  8
0
 10
1512.14
 20
1268.2465
 30
9482.5814
 11
1585.3081
 21
1333.2848
 31
9456.5661
  0
LINE
  8
0
 10
1585.3081
 20
1333.2848
 30
9456.5661
 11
1414.5826
 21
1138.1699
 31
9534.612
  0
LINE
  8
0
 10
1414.5826
 20
1138.1699
 30
9534.612
 11
1438.972
 21
1073.1316
 31
9560.6273
  0
LINE
  8
0
 10
1438.972
 20
1073.1316
 30
9560.6273
 11
1341.4146
 21
1008.0934
 31
9586.6427
  0
LINE
  8
0
 10
1341.4146
 20
1008.0934
 30
9586.6427
 11
1341.4146
 21
1333.2848
 31
9456.5661
  0
LINE
  8
0
 10
1341.4146
 20
1333.2848
 30
9456.5661
 11
1146.2997
 21
1203.2082
 31
9508.5967
  0
LINE
  8
0
 10
1146.2997
 20
1203.2082
 30
9508.5967
 11
1170.6891
 21
1333.2848
 31
9456.5661
  0
LINE
  8
0
 10
1170.6891
 20
1333.2848
 30
9456.5661
 11
975.5742
 21
1365.8039
 31
9443.5584
  0
LINE
  8
0
 10
975.5742
 20
1365.8039
 30
9443.5584
 11
1024.3529
 21
1593.4379
 31
9352.5048
  0
LINE
  8
0
 10
1024.3529
 20
1593.4379
 30
9352.5048
 11
1317.0252
 21
1528.3996
 31
9378.5202
  0
LINE
  8
0
 10
1317.0252
 20
1528.3996
 30
9378.5202
 11
1219.4678
 21
1430.8422
 31
9417.5431
  0
LINE
  8
0
 10
1219.4678
 20
1430.8422
 30
9417.5431
 11
1219.4678
 21
1268.2465
 31
9482.5814
  0
LINE
  8
0
 10
1219.4678
 20
1268.2465
 30
9482.5814
 11
1414.5826
 21
1365.8039
 31
9443.5584
  0
LINE
  8
0
 10
1414.5826
 20
1365.8039
 30
9443.5584
 11
1341.4146
 21
1463.3613
 31
9404.5355
  0
LINE
  8
0
 10
1341.4146
 20
1463.3613
 30
9404.5355
 11
1414.5826
 21
1690.9953
 31
9313.4819
  0
LINE
  8
0
 10
1414.5826
 20
1690.9953
 30
9313.4819
 11
1365.8039
 21
2373.8973
 31
9040.3211
  0
LINE
  8
0
 10
1365.8039
 20
2373.8973
 30
9040.3211
 11
1268.2465
 21
2308.859
 31
9066.3364
  0
LINE
  8
0
 10
1268.2465
 20
2308.859
 30
9066.3364
 11
1292.6358
 21
2113.7441
 31
9144.3823
  0
LINE
  8
0
 10
1292.6358
 20
2113.7441
 30
9144.3823
 11
1219.4678
 21
2113.7441
 31
9144.3823
  0
LINE
  8
0
 10
1219.4678
 20
2113.7441
 30
9144.3823
 11
1292.6358
 21
2048.7059
 31
9170.3977
  0
LINE
  8
0
 10
1292.6358
 20
2048.7059
 30
9170.3977
 11
1268.2465
 21
1886.1102
 31
9235.4359
  0
LINE
  8
0
 10
1268.2465
 20
1886.1102
 30
9235.4359
 11
1243.8571
 21
2016.1867
 31
9183.4053
  0
LINE
  8
0
 10
1243.8571
 20
2016.1867
 30
9183.4053
 11
1146.2997
 21
1918.6293
 31
9222.4283
  0
LINE
  8
0
 10
1146.2997
 20
1918.6293
 30
9222.4283
 11
1097.521
 21
2016.1867
 31
9183.4053
  0
LINE
  8
0
 10
1097.521
 20
2016.1867
 30
9183.4053
 11
829.2381
 21
1951.1484
 31
9209.4206
  0
LINE
  8
0
 10
829.2381
 20
1951.1484
 30
9209.4206
 11
951.1849
 21
2016.1867
 31
9183.4053
  0
LINE
  8
0
 10
951.1849
 20
2016.1867
 30
9183.4053
 11
731.6807
 21
2048.7059
 31
9170.3977
  0
LINE
  8
0
 10
731.6807
 20
2048.7059
 30
9170.3977
 11
536.5658
 21
1853.591
 31
9248.4436
  0
LINE
  8
0
 10
536.5658
 20
1853.591
 30
9248.4436
 11
560.9552
 21
1756.0336
 31
9287.4666
  0
LINE
  8
0
 10
560.9552
 20
1756.0336
 30
9287.4666
 11
439.0084
 21
1723.5145
 31
9300.4742
  0
LINE
  8
0
 10
439.0084
 20
1723.5145
 30
9300.4742
 11
390.2297
 21
1495.8805
 31
9391.5278
  0
LINE
  8
0
 10
390.2297
 20
1495.8805
 30
9391.5278
 11
439.0084
 21
1430.8422
 31
9417.5431
  0
LINE
  8
0
 10
439.0084
 20
1430.8422
 30
9417.5431
 11
536.5658
 21
1593.4379
 31
9352.5048
  0
LINE
  8
0
 10
536.5658
 20
1593.4379
 30
9352.5048
 11
487.7871
 21
1333.2848
 31
9456.5661
  0
LINE
  8
0
 10
487.7871
 20
1333.2848
 30
9456.5661
 11
560.9552
 21
1300.7656
 31
9469.5737
  0
LINE
  8
0
 10
560.9552
 20
1300.7656
 30
9469.5737
 11
463.3978
 21
1203.2082
 31
9508.5967
  0
LINE
  8
0
 10
463.3978
 20
1203.2082
 30
9508.5967
 11
585.3445
 21
1170.6891
 31
9521.6044
  0
LINE
  8
0
 10
585.3445
 20
1170.6891
 30
9521.6044
 11
463.3978
 21
1138.1699
 31
9534.612
  0
LINE
  8
0
 10
463.3978
 20
1138.1699
 30
9534.612
 11
414.619
 21
910.5359
 31
9625.6656
  0
LINE
  8
0
 10
414.619
 20
910.5359
 30
9625.6656
 11
487.7871
 21
845.4977
 31
9651.6809
  0
LINE
  8
0
 10
487.7871
 20
845.4977
 30
9651.6809
 11
512.1765
 21
585.3445
 31
9755.7422
  0
LINE
  8
0
 10
512.1765
 20
585.3445
 30
9755.7422
 11
390.2297
 21
520.3062
 31
9781.7575
  0
LINE
  8
0
 10
390.2297
 20
520.3062
 30
9781.7575
 11
560.9552
 21
487.7871
 31
9794.7652
  0
LINE
  8
0
 10
560.9552
 20
487.7871
 30
9794.7652
 11
414.619
 21
325.1914
 31
9859.8034
  0
LINE
  8
0
 10
414.619
 20
325.1914
 30
9859.8034
 11
439.0084
 21
130.0766
 31
9937.8494
  0
LINE
  8
0
 10
439.0084
 20
130.0766
 30
9937.8494
 11
804.8487
 21
97.5574
 31
9950.857
  0
LINE
  8
0
 10
804.8487
 20
97.5574
 30
9950.857
 11
292.6723
 21
65.0383
 31
9963.8647
  0
LINE
  8
0
 10
292.6723
 20
65.0383
 30
9963.8647
 11
243.8936
 21
292.6723
 31
9872.8111
  0
LINE
  8
0
 10
243.8936
 20
292.6723
 30
9872.8111
 11
317.0616
 21
292.6723
 31
9872.8111
  0
LINE
  8
0
 10
317.0616
 20
292.6723
 30
9872.8111
 11
341.451
 21
520.3062
 31
9781.7575
  0
LINE
  8
0
 10
341.451
 20
520.3062
 30
9781.7575
 11
243.8936
 21
585.3445
 31
9755.7422
  0
LINE
  8
0
 10
243.8936
 20
585.3445
 30
9755.7422
 11
341.451
 21
650.3828
 31
9729.7269
  0
LINE
  8
0
 10
341.451
 20
650.3828
 30
9729.7269
 11
292.6723
 21
910.5359
 31
9625.6656
  0
LINE
  8
0
 10
292.6723
 20
910.5359
 30
9625.6656
 11
414.619
 21
1008.0934
 31
9586.6427
  0
LINE
  8
0
 10
414.619
 20
1008.0934
 30
9586.6427
 11
341.451
 21
1008.0934
 31
9586.6427
  0
LINE
  8
0
 10
341.451
 20
1008.0934
 30
9586.6427
 11
365.8403
 21
1203.2082
 31
9508.5967
  0
LINE
  8
0
 10
365.8403
 20
1203.2082
 30
9508.5967
 11
317.0616
 21
1105.6508
 31
9547.6197
  0
LINE
  8
0
 10
317.0616
 20
1105.6508
 30
9547.6197
 11
243.8936
 21
1203.2082
 31
9508.5967
  0
LINE
  8
0
 10
243.8936
 20
1203.2082
 30
9508.5967
 11
341.451
 21
1235.7273
 31
9495.5891
  0
LINE
  8
0
 10
341.451
 20
1235.7273
 30
9495.5891
 11
317.0616
 21
1398.323
 31
9430.5508
  0
LINE
  8
0
 10
317.0616
 20
1398.323
 30
9430.5508
 11
414.619
 21
1398.323
 31
9430.5508
  0
LINE
  8
0
 10
414.619
 20
1398.323
 30
9430.5508
 11
414.619
 21
1756.0336
 31
9287.4666
  0
LINE
  8
0
 10
414.619
 20
1756.0336
 30
9287.4666
 11
317.0616
 21
1723.5145
 31
9300.4742
  0
LINE
  8
0
 10
317.0616
 20
1723.5145
 30
9300.4742
 11
414.619
 21
1918.6293
 31
9222.4283
  0
LINE
  8
0
 10
414.619
 20
1918.6293
 30
9222.4283
 11
390.2297
 21
2276.3398
 31
9079.3441
  0
LINE
  8
0
 10
390.2297
 20
2276.3398
 30
9079.3441
 11
536.5658
 21
2276.3398
 31
9079.3441
  0
LINE
  8
0
 10
536.5658
 20
2276.3398
 30
9079.3441
 11
390.2297
 21
2211.3016
 31
9105.3594
  0
LINE
  8
0
 10
390.2297
 20
2211.3016
 30
9105.3594
 11
414.619
 21
2113.7441
 31
9144.3823
  0
LINE
  8
0
 10
414.619
 20
2113.7441
 30
9144.3823
 11
536.5658
 21
2178.7824
 31
9118.367
  0
LINE
  8
0
 10
536.5658
 20
2178.7824
 30
9118.367
 11
536.5658
 21
2016.1867
 31
9183.4053
  0
LINE
  8
0
 10
536.5658
 20
2016.1867
 30
9183.4053
 11
878.0168
 21
2081.225
 31
9157.39
  0
LINE
  8
0
 10
878.0168
 20
2081.225
 30
9157.39
 11
804.8487
 21
2211.3016
 31
9105.3594
  0
LINE
  8
0
 10
804.8487
 20
2211.3016
 30
9105.3594
 11
609.7339
 21
2211.3016
 31
9105.3594
  0
LINE
  8
0
 10
609.7339
 20
2211.3016
 30
9105.3594
 11
829.2381
 21
2276.3398
 31
9079.3441
  0
LINE
  8
0
 10
829.2381
 20
2276.3398
 30
9079.3441
 11
658.5126
 21
2308.859
 31
9066.3364
  0
LINE
  8
0
 10
658.5126
 20
2308.859
 30
9066.3364
 11
707.2913
 21
2341.3781
 31
9053.3287
  0
LINE
  8
0
 10
707.2913
 20
2341.3781
 30
9053.3287
 11
1195.0784
 21
2341.3781
 31
9053.3287
  0
LINE
  8
0
 10
1195.0784
 20
2341.3781
 30
9053.3287
 11
512.1765
 21
2373.8973
 31
9040.3211
  0
LINE
  8
0
 10
512.1765
 20
2373.8973
 30
9040.3211
 11
780.4594
 21
2471.4547
 31
9001.2981
  0
LINE
  8
0
 10
780.4594
 20
2471.4547
 30
9001.2981
 11
1365.8039
 21
2373.8973
 31
9040.3211
  0
LINE
  8
0
 10
1365.8039
 20
2373.8973
 30
9040.3211
 11
1438.972
 21
2666.5695
 31
8923.2522
  0
LINE
  8
0
 10
1438.972
 20
2666.5695
 30
8923.2522
 11
1585.3081
 21
2796.6461
 31
8871.2216
  0
LINE
  8
0
 10
1585.3081
 20
2796.6461
 30
8871.2216
 11
1414.5826
 21
2796.6461
 31
8871.2216
  0
LINE
  8
0
 10
1414.5826
 20
2796.6461
 30
8871.2216
 11
1756.0336
 21
2926.7227
 31
8819.1909
  0
LINE
  8
0
 10
1756.0336
 20
2926.7227
 30
8819.1909
 11
1658.4762
 21
3024.2801
 31
8780.168
  0
LINE
  8
0
 10
1658.4762
 20
3024.2801
 30
8780.168
 11
1414.5826
 21
2894.2035
 31
8832.1986
  0
LINE
  8
0
 10
1414.5826
 20
2894.2035
 30
8832.1986
 11
1634.0868
 21
3121.8375
 31
8741.145
  0
LINE
  8
0
 10
1634.0868
 20
3121.8375
 30
8741.145
 11
1560.9187
 21
3219.3949
 31
8702.122
  0
LINE
  8
0
 10
1560.9187
 20
3219.3949
 30
8702.122
 11
2048.7059
 21
3251.9141
 31
8689.1144
  0
LINE
  8
0
 10
2048.7059
 20
3251.9141
 30
8689.1144
 11
2073.0952
 21
3284.4332
 31
8676.1067
  0
LINE
  8
0
 10
24560.081
 20
3251.9141
 30
8689.1144
 11
24462.5235
 21
3251.9141
 31
8689.1144
  0
LINE
  8
0
 10
24462.5235
 20
3251.9141
 30
8689.1144
 11
24584.4703
 21
3219.3949
 31
8702.122
  0
LINE
  8
0
 10
24584.4703
 20
3219.3949
 30
8702.122
 11
24560.081
 21
3251.9141
 31
8689.1144
  0
LINE
  8
0
 10
1829.2017
 20
3121.8375
 30
8741.145
 11
1634.0868
 21
3121.8375
 31
8741.145
  0
LINE
  8
0
 10
1634.0868
 20
3121.8375
 30
8741.145
 11
1804.8123
 21
3089.3184
 31
8754.1527
  0
LINE
  8
0
 10
1804.8123
 20
3089.3184
 30
8754.1527
 11
1829.2017
 21
3121.8375
 31
8741.145
  0
LINE
  8
0
 10
1951.1484
 20
3121.8375
 30
8741.145
 11
1829.2017
 21
3121.8375
 31
8741.145
  0
LINE
  8
0
 10
1829.2017
 20
3121.8375
 30
8741.145
 11
1926.7591
 21
3089.3184
 31
8754.1527
  0
LINE
  8
0
 10
1926.7591
 20
3089.3184
 30
8754.1527
 11
1951.1484
 21
3121.8375
 31
8741.145
  0
LINE
  8
0
 10
24121.0726
 20
3121.8375
 30
8741.145
 11
24023.5151
 21
3089.3184
 31
8754.1527
  0
LINE
  8
0
 10
24023.5151
 20
3089.3184
 30
8754.1527
 11
24121.0726
 21
3056.7992
 31
8767.1603
  0
LINE
  8
0
 10
24121.0726
 20
3056.7992
 30
8767.1603
 11
24023.5151
 21
3024.2801
 31
8780.168
  0
LINE
  8
0
 10
24023.5151
 20
3024.2801
 30
8780.168
 11
24121.0726
 21
2991.7609
 31
8793.1756
  0
LINE
  8
0
 10
24121.0726
 20
2991.7609
 30
8793.1756
 11
24096.6832
 21
2894.2035
 31
8832.1986
  0
LINE
  8
0
 10
24096.6832
 20
2894.2035
 30
8832.1986
 11
24218.63
 21
3056.7992
 31
8767.1603
  0
LINE
  8
0
 10
24218.63
 20
3056.7992
 30
8767.1603
 11
24145.4619
 21
3121.8375
 31
8741.145
  0
LINE
  8
0
 10
24145.4619
 20
3121.8375
 30
8741.145
 11
24121.0726
 21
3121.8375
 31
8741.145
  0
LINE
  8
0
 10
24779.5852
 20
3121.8375
 30
8741.145
 11
24535.6916
 21
3154.3566
 31
8728.1373
  0
LINE
  8
0
 10
24535.6916
 20
3154.3566
 30
8728.1373
 11
24535.6916
 21
3024.2801
 31
8780.168
  0
LINE
  8
0
 10
24535.6916
 20
3024.2801
 30
8780.168
 11
24706.4171
 21
2991.7609
 31
8793.1756
  0
LINE
  8
0
 10
24706.4171
 20
2991.7609
 30
8793.1756
 11
24560.081
 21
2991.7609
 31
8793.1756
  0
LINE
  8
0
 10
24560.081
 20
2991.7609
 30
8793.1756
 11
24535.6916
 21
2894.2035
 31
8832.1986
  0
LINE
  8
0
 10
24535.6916
 20
2894.2035
 30
8832.1986
 11
24682.0277
 21
2894.2035
 31
8832.1986
  0
LINE
  8
0
 10
24682.0277
 20
2894.2035
 30
8832.1986
 11
24730.8064
 21
2731.6078
 31
8897.2369
  0
LINE
  8
0
 10
24730.8064
 20
2731.6078
 30
8897.2369
 11
24901.5319
 21
2666.5695
 31
8923.2522
  0
LINE
  8
0
 10
24901.5319
 20
2666.5695
 30
8923.2522
 11
24925.9213
 21
2796.6461
 31
8871.2216
  0
LINE
  8
0
 10
24925.9213
 20
2796.6461
 30
8871.2216
 11
24779.5852
 21
2991.7609
 31
8793.1756
  0
LINE
  8
0
 10
24779.5852
 20
2991.7609
 30
8793.1756
 11
24828.3639
 21
3024.2801
 31
8780.168
  0
LINE
  8
0
 10
24828.3639
 20
3024.2801
 30
8780.168
 11
24682.0277
 21
3089.3184
 31
8754.1527
  0
LINE
  8
0
 10
24682.0277
 20
3089.3184
 30
8754.1527
 11
24755.1958
 21
3089.3184
 31
8754.1527
  0
LINE
  8
0
 10
24755.1958
 20
3089.3184
 30
8754.1527
 11
24779.5852
 21
3121.8375
 31
8741.145
  0
LINE
  8
0
 10
804.8487
 20
3089.3184
 30
8754.1527
 11
1170.6891
 21
3089.3184
 31
8754.1527
  0
LINE
  8
0
 10
1170.6891
 20
3089.3184
 30
8754.1527
 11
829.2381
 21
3056.7992
 31
8767.1603
  0
LINE
  8
0
 10
829.2381
 20
3056.7992
 30
8767.1603
 11
804.8487
 21
3089.3184
 31
8754.1527
  0
LINE
  8
0
 10
2438.9355
 20
3056.7992
 30
8767.1603
 11
2316.9888
 21
2991.7609
 31
8793.1756
  0
LINE
  8
0
 10
2316.9888
 20
2991.7609
 30
8793.1756
 11
2438.9355
 21
3024.2801
 31
8780.168
  0
LINE
  8
0
 10
2438.9355
 20
3024.2801
 30
8780.168
 11
2438.9355
 21
3056.7992
 31
8767.1603
  0
LINE
  8
0
 10
22877.2154
 20
3056.7992
 30
8767.1603
 11
22877.2154
 21
2601.5312
 31
8949.2675
  0
LINE
  8
0
 10
22877.2154
 20
2601.5312
 30
8949.2675
 11
22804.0474
 21
2536.493
 31
8975.2828
  0
LINE
  8
0
 10
22804.0474
 20
2536.493
 30
8975.2828
 11
22852.8261
 21
3024.2801
 31
8780.168
  0
LINE
  8
0
 10
22852.8261
 20
3024.2801
 30
8780.168
 11
22877.2154
 21
3056.7992
 31
8767.1603
  0
LINE
  8
0
 10
1073.1316
 20
2991.7609
 30
8793.1756
 11
1170.6891
 21
2991.7609
 31
8793.1756
  0
LINE
  8
0
 10
1170.6891
 20
2991.7609
 30
8793.1756
 11
804.8487
 21
2926.7227
 31
8819.1909
  0
LINE
  8
0
 10
804.8487
 20
2926.7227
 30
8819.1909
 11
1048.7423
 21
2959.2418
 31
8806.1833
  0
LINE
  8
0
 10
1048.7423
 20
2959.2418
 30
8806.1833
 11
1073.1316
 21
2991.7609
 31
8793.1756
  0
LINE
  8
0
 10
24340.5768
 20
2959.2418
 30
8806.1833
 11
24243.0193
 21
2959.2418
 31
8806.1833
  0
LINE
  8
0
 10
24243.0193
 20
2959.2418
 30
8806.1833
 11
24364.9661
 21
2861.6844
 31
8845.2062
  0
LINE
  8
0
 10
24364.9661
 20
2861.6844
 30
8845.2062
 11
24511.3022
 21
2926.7227
 31
8819.1909
  0
LINE
  8
0
 10
24511.3022
 20
2926.7227
 30
8819.1909
 11
24364.9661
 21
2959.2418
 31
8806.1833
  0
LINE
  8
0
 10
24364.9661
 20
2959.2418
 30
8806.1833
 11
24340.5768
 21
2959.2418
 31
8806.1833
  0
LINE
  8
0
 10
24730.8064
 20
2926.7227
 30
8819.1909
 11
24828.3639
 21
2764.127
 31
8884.2292
  0
LINE
  8
0
 10
24828.3639
 20
2764.127
 30
8884.2292
 11
24755.1958
 21
2926.7227
 31
8819.1909
  0
LINE
  8
0
 10
24755.1958
 20
2926.7227
 30
8819.1909
 11
24730.8064
 21
2926.7227
 31
8819.1909
  0
LINE
  8
0
 10
24218.63
 20
2861.6844
 30
8845.2062
 11
24047.9045
 21
2926.7227
 31
8819.1909
  0
LINE
  8
0
 10
24047.9045
 20
2926.7227
 30
8819.1909
 11
23999.1258
 21
2666.5695
 31
8923.2522
  0
LINE
  8
0
 10
23999.1258
 20
2666.5695
 30
8923.2522
 11
24438.1342
 21
2666.5695
 31
8923.2522
  0
LINE
  8
0
 10
24438.1342
 20
2666.5695
 30
8923.2522
 11
24340.5768
 21
2764.127
 31
8884.2292
  0
LINE
  8
0
 10
24340.5768
 20
2764.127
 30
8884.2292
 11
24121.0726
 21
2731.6078
 31
8897.2369
  0
LINE
  8
0
 10
24121.0726
 20
2731.6078
 30
8897.2369
 11
24243.0193
 21
2731.6078
 31
8897.2369
  0
LINE
  8
0
 10
24243.0193
 20
2731.6078
 30
8897.2369
 11
24218.63
 21
2829.1652
 31
8858.2139
  0
LINE
  8
0
 10
24218.63
 20
2829.1652
 30
8858.2139
 11
24218.63
 21
2861.6844
 31
8845.2062
  0
LINE
  8
0
 10
5682.7198
 20
2829.1652
 30
8858.2139
 11
5804.6666
 21
2829.1652
 31
8858.2139
  0
LINE
  8
0
 10
5804.6666
 20
2829.1652
 30
8858.2139
 11
5658.3305
 21
2796.6461
 31
8871.2216
  0
LINE
  8
0
 10
5658.3305
 20
2796.6461
 30
8871.2216
 11
5682.7198
 21
2829.1652
 31
8858.2139
  0
LINE
  8
0
 10
5121.7646
 20
2796.6461
 30
8871.2216
 11
5365.6582
 21
2796.6461
 31
8871.2216
  0
LINE
  8
0
 10
5365.6582
 20
2796.6461
 30
8871.2216
 11
5146.154
 21
2796.6461
 31
8871.2216
  0
LINE
  8
0
 10
5146.154
 20
2796.6461
 30
8871.2216
 11
5121.7646
 21
2796.6461
 31
8871.2216
  0
LINE
  8
0
 10
24560.081
 20
2796.6461
 30
8871.2216
 11
24364.9661
 21
2796.6461
 31
8871.2216
  0
LINE
  8
0
 10
24364.9661
 20
2796.6461
 30
8871.2216
 11
24462.5235
 21
2666.5695
 31
8923.2522
  0
LINE
  8
0
 10
24462.5235
 20
2666.5695
 30
8923.2522
 11
24608.8597
 21
2666.5695
 31
8923.2522
  0
LINE
  8
0
 10
24608.8597
 20
2666.5695
 30
8923.2522
 11
24657.6384
 21
2764.127
 31
8884.2292
  0
LINE
  8
0
 10
24657.6384
 20
2764.127
 30
8884.2292
 11
24584.4703
 21
2829.1652
 31
8858.2139
  0
LINE
  8
0
 10
24584.4703
 20
2829.1652
 30
8858.2139
 11
24560.081
 21
2796.6461
 31
8871.2216
  0
LINE
  8
0
 10
5170.5434
 20
2731.6078
 30
8897.2369
 11
5341.2688
 21
2731.6078
 31
8897.2369
  0
LINE
  8
0
 10
5341.2688
 20
2731.6078
 30
8897.2369
 11
5170.5434
 21
2699.0887
 31
8910.2445
  0
LINE
  8
0
 10
5170.5434
 20
2699.0887
 30
8910.2445
 11
5170.5434
 21
2731.6078
 31
8897.2369
  0
LINE
  8
0
 10
5658.3305
 20
2731.6078
 30
8897.2369
 11
5804.6666
 21
2699.0887
 31
8910.2445
  0
LINE
  8
0
 10
5804.6666
 20
2699.0887
 30
8910.2445
 11
5633.9411
 21
2699.0887
 31
8910.2445
  0
LINE
  8
0
 10
5633.9411
 20
2699.0887
 30
8910.2445
 11
5658.3305
 21
2731.6078
 31
8897.2369
  0
LINE
  8
0
 10
1073.1316
 20
2699.0887
 30
8910.2445
 11
1243.8571
 21
2699.0887
 31
8910.2445
  0
LINE
  8
0
 10
1243.8571
 20
2699.0887
 30
8910.2445
 11
1073.1316
 21
2666.5695
 31
8923.2522
  0
LINE
  8
0
 10
1073.1316
 20
2666.5695
 30
8923.2522
 11
1073.1316
 21
2699.0887
 31
8910.2445
  0
LINE
  8
0
 10
3536.4565
 20
2666.5695
 30
8923.2522
 11
3658.4033
 21
2699.0887
 31
8910.2445
  0
LINE
  8
0
 10
3658.4033
 20
2699.0887
 30
8910.2445
 11
3560.8459
 21
2666.5695
 31
8923.2522
  0
LINE
  8
0
 10
3560.8459
 20
2666.5695
 30
8923.2522
 11
3536.4565
 21
2666.5695
 31
8923.2522
  0
LINE
  8
0
 10
21243.1286
 20
2666.5695
 30
8923.2522
 11
21218.7393
 21
2536.493
 31
8975.2828
  0
LINE
  8
0
 10
21218.7393
 20
2536.493
 30
8975.2828
 11
21243.1286
 21
2634.0504
 31
8936.2598
  0
LINE
  8
0
 10
21243.1286
 20
2634.0504
 30
8936.2598
 11
21243.1286
 21
2666.5695
 31
8923.2522
  0
LINE
  8
0
 10
4341.3053
 20
2634.0504
 30
8936.2598
 11
4682.7562
 21
2601.5312
 31
8949.2675
  0
LINE
  8
0
 10
4682.7562
 20
2601.5312
 30
8949.2675
 11
4365.6946
 21
2601.5312
 31
8949.2675
  0
LINE
  8
0
 10
4365.6946
 20
2601.5312
 30
8949.2675
 11
4341.3053
 21
2634.0504
 31
8936.2598
  0
LINE
  8
0
 10
6804.6302
 20
2634.0504
 30
8936.2598
 11
6902.1876
 21
2634.0504
 31
8936.2598
  0
LINE
  8
0
 10
6902.1876
 20
2634.0504
 30
8936.2598
 11
6780.2408
 21
2601.5312
 31
8949.2675
  0
LINE
  8
0
 10
6780.2408
 20
2601.5312
 30
8949.2675
 11
6804.6302
 21
2634.0504
 31
8936.2598
  0
LINE
  8
0
 10
3073.0588
 20
2569.0121
 30
8962.2752
 11
3219.3949
 21
2569.0121
 31
8962.2752
  0
LINE
  8
0
 10
3219.3949
 20
2569.0121
 30
8962.2752
 11
3097.4481
 21
2569.0121
 31
8962.2752
  0
LINE
  8
0
 10
3097.4481
 20
2569.0121
 30
8962.2752
 11
3073.0588
 21
2569.0121
 31
8962.2752
  0
LINE
  8
0
 10
1073.1316
 20
2536.493
 30
8975.2828
 11
1243.8571
 21
2536.493
 31
8975.2828
  0
LINE
  8
0
 10
1243.8571
 20
2536.493
 30
8975.2828
 11
1097.521
 21
2536.493
 31
8975.2828
  0
LINE
  8
0
 10
1097.521
 20
2536.493
 30
8975.2828
 11
1073.1316
 21
2536.493
 31
8975.2828
  0
LINE
  8
0
 10
4121.8011
 20
2503.9738
 30
8988.2905
 11
4024.2437
 21
2536.493
 31
8975.2828
  0
LINE
  8
0
 10
4024.2437
 20
2536.493
 30
8975.2828
 11
4048.633
 21
2373.8973
 31
9040.3211
  0
LINE
  8
0
 10
4048.633
 20
2373.8973
 30
9040.3211
 11
4097.4117
 21
2471.4547
 31
9001.2981
  0
LINE
  8
0
 10
4097.4117
 20
2471.4547
 30
9001.2981
 11
4121.8011
 21
2503.9738
 31
8988.2905
  0
LINE
  8
0
 10
21413.8541
 20
2471.4547
 30
9001.2981
 11
21291.9073
 21
2471.4547
 31
9001.2981
  0
LINE
  8
0
 10
21291.9073
 20
2471.4547
 30
9001.2981
 11
21389.4647
 21
2438.9355
 31
9014.3058
  0
LINE
  8
0
 10
21389.4647
 20
2438.9355
 30
9014.3058
 11
21413.8541
 21
2471.4547
 31
9001.2981
  0
LINE
  8
0
 10
22852.8261
 20
2471.4547
 30
9001.2981
 11
22901.6048
 21
2308.859
 31
9066.3364
  0
LINE
  8
0
 10
22901.6048
 20
2308.859
 30
9066.3364
 11
22852.8261
 21
2438.9355
 31
9014.3058
  0
LINE
  8
0
 10
22852.8261
 20
2438.9355
 30
9014.3058
 11
22852.8261
 21
2471.4547
 31
9001.2981
  0
LINE
  8
0
 10
4024.2437
 20
2373.8973
 30
9040.3211
 11
3951.0756
 21
2341.3781
 31
9053.3287
  0
LINE
  8
0
 10
3951.0756
 20
2341.3781
 30
9053.3287
 11
4146.1904
 21
2341.3781
 31
9053.3287
  0
LINE
  8
0
 10
4146.1904
 20
2341.3781
 30
9053.3287
 11
4048.633
 21
2373.8973
 31
9040.3211
  0
LINE
  8
0
 10
4048.633
 20
2373.8973
 30
9040.3211
 11
4024.2437
 21
2373.8973
 31
9040.3211
  0
LINE
  8
0
 10
1195.0784
 20
2276.3398
 30
9079.3441
 11
1121.9104
 21
2308.859
 31
9066.3364
  0
LINE
  8
0
 10
1121.9104
 20
2308.859
 30
9066.3364
 11
1024.3529
 21
2113.7441
 31
9144.3823
  0
LINE
  8
0
 10
1024.3529
 20
2113.7441
 30
9144.3823
 11
1170.6891
 21
2048.7059
 31
9170.3977
  0
LINE
  8
0
 10
1170.6891
 20
2048.7059
 30
9170.3977
 11
1219.4678
 21
2243.8207
 31
9092.3517
  0
LINE
  8
0
 10
1219.4678
 20
2243.8207
 30
9092.3517
 11
1195.0784
 21
2276.3398
 31
9079.3441
  0
LINE
  8
0
 10
4048.633
 20
2211.3016
 30
9105.3594
 11
3975.4649
 21
2178.7824
 31
9118.367
  0
LINE
  8
0
 10
3975.4649
 20
2178.7824
 30
9118.367
 11
4097.4117
 21
2146.2633
 31
9131.3747
  0
LINE
  8
0
 10
4097.4117
 20
2146.2633
 30
9131.3747
 11
4073.0224
 21
2211.3016
 31
9105.3594
  0
LINE
  8
0
 10
4073.0224
 20
2211.3016
 30
9105.3594
 11
4048.633
 21
2211.3016
 31
9105.3594
  0
LINE
  8
0
 10
6999.745
 20
2211.3016
 30
9105.3594
 11
7121.6918
 21
2211.3016
 31
9105.3594
  0
LINE
  8
0
 10
7121.6918
 20
2211.3016
 30
9105.3594
 11
7024.1344
 21
2211.3016
 31
9105.3594
  0
LINE
  8
0
 10
7024.1344
 20
2211.3016
 30
9105.3594
 11
6999.745
 21
2211.3016
 31
9105.3594
  0
LINE
  8
0
 10
20730.9521
 20
2211.3016
 30
9105.3594
 11
21072.4031
 21
2178.7824
 31
9118.367
  0
LINE
  8
0
 10
21072.4031
 20
2178.7824
 30
9118.367
 11
20755.3415
 21
2211.3016
 31
9105.3594
  0
LINE
  8
0
 10
20755.3415
 20
2211.3016
 30
9105.3594
 11
20730.9521
 21
2211.3016
 31
9105.3594
  0
LINE
  8
0
 10
4097.4117
 20
2113.7441
 30
9144.3823
 11
3951.0756
 21
2113.7441
 31
9144.3823
  0
LINE
  8
0
 10
3951.0756
 20
2113.7441
 30
9144.3823
 11
4073.0224
 21
2081.225
 31
9157.39
  0
LINE
  8
0
 10
4073.0224
 20
2081.225
 30
9157.39
 11
4097.4117
 21
2113.7441
 31
9144.3823
  0
LINE
  8
0
 10
4048.633
 20
2048.7059
 30
9170.3977
 11
3926.6862
 21
2016.1867
 31
9183.4053
  0
LINE
  8
0
 10
3926.6862
 20
2016.1867
 30
9183.4053
 11
4024.2437
 21
2016.1867
 31
9183.4053
  0
LINE
  8
0
 10
4024.2437
 20
2016.1867
 30
9183.4053
 11
4048.633
 21
2048.7059
 31
9170.3977
  0
LINE
  8
0
 10
24023.5151
 20
1983.6676
 30
9196.413
 11
24096.6832
 21
1918.6293
 31
9222.4283
  0
LINE
  8
0
 10
24096.6832
 20
1918.6293
 30
9222.4283
 11
24023.5151
 21
1951.1484
 31
9209.4206
  0
LINE
  8
0
 10
24023.5151
 20
1951.1484
 30
9209.4206
 11
24023.5151
 21
1983.6676
 31
9196.413
  0
LINE
  8
0
 10
829.2381
 20
1723.5145
 30
9300.4742
 11
926.7955
 21
1723.5145
 31
9300.4742
  0
LINE
  8
0
 10
926.7955
 20
1723.5145
 30
9300.4742
 11
804.8487
 21
1690.9953
 31
9313.4819
  0
LINE
  8
0
 10
804.8487
 20
1690.9953
 30
9313.4819
 11
829.2381
 21
1723.5145
 31
9300.4742
  0
LINE
  8
0
 10
3853.5182
 20
1658.4762
 30
9326.4895
 11
4097.4117
 21
1625.957
 31
9339.4972
  0
LINE
  8
0
 10
4097.4117
 20
1625.957
 30
9339.4972
 11
3877.9075
 21
1658.4762
 31
9326.4895
  0
LINE
  8
0
 10
3877.9075
 20
1658.4762
 30
9326.4895
 11
3853.5182
 21
1658.4762
 31
9326.4895
  0
LINE
  8
0
 10
878.0168
 20
1625.957
 30
9339.4972
 11
951.1849
 21
1625.957
 31
9339.4972
  0
LINE
  8
0
 10
951.1849
 20
1625.957
 30
9339.4972
 11
853.6274
 21
1593.4379
 31
9352.5048
  0
LINE
  8
0
 10
853.6274
 20
1593.4379
 30
9352.5048
 11
878.0168
 21
1625.957
 31
9339.4972
  0
LINE
  8
0
 10
2365.7675
 20
1560.9187
 30
9365.5125
 11
2292.5994
 21
1495.8805
 31
9391.5278
  0
LINE
  8
0
 10
2292.5994
 20
1495.8805
 30
9391.5278
 11
2365.7675
 21
1528.3996
 31
9378.5202
  0
LINE
  8
0
 10
2365.7675
 20
1528.3996
 30
9378.5202
 11
2365.7675
 21
1560.9187
 31
9365.5125
  0
LINE
  8
0
 10
4390.084
 20
1560.9187
 30
9365.5125
 11
4243.7479
 21
1528.3996
 31
9378.5202
  0
LINE
  8
0
 10
4243.7479
 20
1528.3996
 30
9378.5202
 11
4365.6946
 21
1528.3996
 31
9378.5202
  0
LINE
  8
0
 10
4365.6946
 20
1528.3996
 30
9378.5202
 11
4390.084
 21
1560.9187
 31
9365.5125
  0
LINE
  8
0
 10
4146.1904
 20
1528.3996
 30
9378.5202
 11
4097.4117
 21
1430.8422
 31
9417.5431
  0
LINE
  8
0
 10
4097.4117
 20
1430.8422
 30
9417.5431
 11
3877.9075
 21
1430.8422
 31
9417.5431
  0
LINE
  8
0
 10
3877.9075
 20
1430.8422
 30
9417.5431
 11
4121.8011
 21
1495.8805
 31
9391.5278
  0
LINE
  8
0
 10
4121.8011
 20
1495.8805
 30
9391.5278
 11
4146.1904
 21
1528.3996
 31
9378.5202
  0
LINE
  8
0
 10
22974.7729
 20
1463.3613
 30
9404.5355
 11
22901.6048
 21
1463.3613
 31
9404.5355
  0
LINE
  8
0
 10
22901.6048
 20
1463.3613
 30
9404.5355
 11
22974.7729
 21
1365.8039
 31
9443.5584
  0
LINE
  8
0
 10
22974.7729
 20
1365.8039
 30
9443.5584
 11
22999.1622
 21
1463.3613
 31
9404.5355
  0
LINE
  8
0
 10
22999.1622
 20
1463.3613
 30
9404.5355
 11
22974.7729
 21
1463.3613
 31
9404.5355
  0
LINE
  8
0
 10
23047.9409
 20
1333.2848
 30
9456.5661
 11
22974.7729
 21
1235.7273
 31
9495.5891
  0
LINE
  8
0
 10
22974.7729
 20
1235.7273
 30
9495.5891
 11
23047.9409
 21
1300.7656
 31
9469.5737
  0
LINE
  8
0
 10
23047.9409
 20
1300.7656
 30
9469.5737
 11
23047.9409
 21
1333.2848
 31
9456.5661
  0
LINE
  8
0
 10
999.9636
 20
1203.2082
 30
9508.5967
 11
1097.521
 21
1203.2082
 31
9508.5967
  0
LINE
  8
0
 10
1097.521
 20
1203.2082
 30
9508.5967
 11
902.4062
 21
1170.6891
 31
9521.6044
  0
LINE
  8
0
 10
902.4062
 20
1170.6891
 30
9521.6044
 11
975.5742
 21
1170.6891
 31
9521.6044
  0
LINE
  8
0
 10
975.5742
 20
1170.6891
 30
9521.6044
 11
999.9636
 21
1203.2082
 31
9508.5967
  0
LINE
  8
0
 10
2316.9888
 20
1203.2082
 30
9508.5967
 11
2243.8207
 21
1138.1699
 31
9534.612
  0
LINE
  8
0
 10
2243.8207
 20
1138.1699
 30
9534.612
 11
2292.5994
 21
1073.1316
 31
9560.6273
  0
LINE
  8
0
 10
2292.5994
 20
1073.1316
 30
9560.6273
 11
2316.9888
 21
1170.6891
 31
9521.6044
  0
LINE
  8
0
 10
2316.9888
 20
1170.6891
 30
9521.6044
 11
2316.9888
 21
1203.2082
 31
9508.5967
  0
LINE
  8
0
 10
1121.9104
 20
1073.1316
 30
9560.6273
 11
1219.4678
 21
975.5742
 31
9599.6503
  0
LINE
  8
0
 10
1219.4678
 20
975.5742
 30
9599.6503
 11
1195.0784
 21
682.902
 31
9716.7192
  0
LINE
  8
0
 10
1195.0784
 20
682.902
 30
9716.7192
 11
1268.2465
 21
682.902
 31
9716.7192
  0
LINE
  8
0
 10
1268.2465
 20
682.902
 30
9716.7192
 11
1195.0784
 21
520.3062
 31
9781.7575
  0
LINE
  8
0
 10
1195.0784
 20
520.3062
 30
9781.7575
 11
1024.3529
 21
422.7488
 31
9820.7805
  0
LINE
  8
0
 10
1024.3529
 20
422.7488
 30
9820.7805
 11
975.5742
 21
520.3062
 31
9781.7575
  0
LINE
  8
0
 10
975.5742
 20
520.3062
 30
9781.7575
 11
878.0168
 21
422.7488
 31
9820.7805
  0
LINE
  8
0
 10
878.0168
 20
422.7488
 30
9820.7805
 11
926.7955
 21
390.2297
 31
9833.7881
  0
LINE
  8
0
 10
926.7955
 20
390.2297
 30
9833.7881
 11
634.1232
 21
292.6723
 31
9872.8111
  0
LINE
  8
0
 10
634.1232
 20
292.6723
 30
9872.8111
 11
878.0168
 21
390.2297
 31
9833.7881
  0
LINE
  8
0
 10
878.0168
 20
390.2297
 30
9833.7881
 11
878.0168
 21
520.3062
 31
9781.7575
  0
LINE
  8
0
 10
878.0168
 20
520.3062
 30
9781.7575
 11
731.6807
 21
617.8637
 31
9742.7345
  0
LINE
  8
0
 10
731.6807
 20
617.8637
 30
9742.7345
 11
853.6274
 21
617.8637
 31
9742.7345
  0
LINE
  8
0
 10
853.6274
 20
617.8637
 30
9742.7345
 11
756.07
 21
585.3445
 31
9755.7422
  0
LINE
  8
0
 10
756.07
 20
585.3445
 30
9755.7422
 11
878.0168
 21
520.3062
 31
9781.7575
  0
LINE
  8
0
 10
878.0168
 20
520.3062
 30
9781.7575
 11
999.9636
 21
585.3445
 31
9755.7422
  0
LINE
  8
0
 10
999.9636
 20
585.3445
 30
9755.7422
 11
999.9636
 21
487.7871
 31
9794.7652
  0
LINE
  8
0
 10
999.9636
 20
487.7871
 30
9794.7652
 11
1146.2997
 21
585.3445
 31
9755.7422
  0
LINE
  8
0
 10
1146.2997
 20
585.3445
 30
9755.7422
 11
1195.0784
 21
975.5742
 31
9599.6503
  0
LINE
  8
0
 10
1195.0784
 20
975.5742
 30
9599.6503
 11
975.5742
 21
975.5742
 31
9599.6503
  0
LINE
  8
0
 10
975.5742
 20
975.5742
 30
9599.6503
 11
1097.521
 21
1040.6125
 31
9573.635
  0
LINE
  8
0
 10
1097.521
 20
1040.6125
 30
9573.635
 11
1121.9104
 21
1073.1316
 31
9560.6273
  0
LINE
  8
0
 10
1877.9804
 20
1008.0934
 30
9586.6427
 11
1756.0336
 21
1008.0934
 31
9586.6427
  0
LINE
  8
0
 10
1756.0336
 20
1008.0934
 30
9586.6427
 11
1853.591
 21
975.5742
 31
9599.6503
  0
LINE
  8
0
 10
1853.591
 20
975.5742
 30
9599.6503
 11
1877.9804
 21
1008.0934
 31
9586.6427
  0
LINE
  8
0
 10
2365.7675
 20
1008.0934
 30
9586.6427
 11
2341.3781
 21
1073.1316
 31
9560.6273
  0
LINE
  8
0
 10
2341.3781
 20
1073.1316
 30
9560.6273
 11
2243.8207
 21
910.5359
 31
9625.6656
  0
LINE
  8
0
 10
2243.8207
 20
910.5359
 30
9625.6656
 11
2341.3781
 21
812.9785
 31
9664.6886
  0
LINE
  8
0
 10
2341.3781
 20
812.9785
 30
9664.6886
 11
2390.1568
 21
975.5742
 31
9599.6503
  0
LINE
  8
0
 10
2390.1568
 20
975.5742
 30
9599.6503
 11
2365.7675
 21
1008.0934
 31
9586.6427
  0
LINE
  8
0
 10
2609.661
 20
878.0168
 30
9638.6733
 11
2682.8291
 21
845.4977
 31
9651.6809
  0
LINE
  8
0
 10
2682.8291
 20
845.4977
 30
9651.6809
 11
2560.8823
 21
812.9785
 31
9664.6886
  0
LINE
  8
0
 10
2560.8823
 20
812.9785
 30
9664.6886
 11
2634.0504
 21
878.0168
 31
9638.6733
  0
LINE
  8
0
 10
2634.0504
 20
878.0168
 30
9638.6733
 11
2609.661
 21
878.0168
 31
9638.6733
  0
LINE
  8
0
 10
2243.8207
 20
747.9402
 30
9690.7039
 11
2195.042
 21
780.4594
 31
9677.6962
  0
LINE
  8
0
 10
2195.042
 20
780.4594
 30
9677.6962
 11
2146.2633
 21
650.3828
 31
9729.7269
  0
LINE
  8
0
 10
2146.2633
 20
650.3828
 30
9729.7269
 11
2243.8207
 21
715.4211
 31
9703.7116
  0
LINE
  8
0
 10
2243.8207
 20
715.4211
 30
9703.7116
 11
2243.8207
 21
747.9402
 31
9690.7039
  0
LINE
  8
0
 10
23096.7196
 20
682.902
 30
9716.7192
 11
23072.3303
 21
585.3445
 31
9755.7422
  0
LINE
  8
0
 10
23072.3303
 20
585.3445
 30
9755.7422
 11
22999.1622
 21
617.8637
 31
9742.7345
  0
LINE
  8
0
 10
22999.1622
 20
617.8637
 30
9742.7345
 11
23096.7196
 21
487.7871
 31
9794.7652
  0
LINE
  8
0
 10
23096.7196
 20
487.7871
 30
9794.7652
 11
23194.2771
 21
585.3445
 31
9755.7422
  0
LINE
  8
0
 10
23194.2771
 20
585.3445
 30
9755.7422
 11
23121.109
 21
682.902
 31
9716.7192
  0
LINE
  8
0
 10
23121.109
 20
682.902
 30
9716.7192
 11
23096.7196
 21
682.902
 31
9716.7192
  0
LINE
  8
0
 10
1658.4762
 20
617.8637
 30
9742.7345
 11
1536.5294
 21
585.3445
 31
9755.7422
  0
LINE
  8
0
 10
1536.5294
 20
585.3445
 30
9755.7422
 11
1829.2017
 21
585.3445
 31
9755.7422
  0
LINE
  8
0
 10
1829.2017
 20
585.3445
 30
9755.7422
 11
1682.8655
 21
617.8637
 31
9742.7345
  0
LINE
  8
0
 10
1682.8655
 20
617.8637
 30
9742.7345
 11
1658.4762
 21
617.8637
 31
9742.7345
  0
LINE
  8
0
 10
1707.2549
 20
520.3062
 30
9781.7575
 11
1438.972
 21
487.7871
 31
9794.7652
  0
LINE
  8
0
 10
1438.972
 20
487.7871
 30
9794.7652
 11
1682.8655
 21
487.7871
 31
9794.7652
  0
LINE
  8
0
 10
1682.8655
 20
487.7871
 30
9794.7652
 11
1707.2549
 21
520.3062
 31
9781.7575
  0
LINE
  8
0
 10
23267.4451
 20
260.1531
 30
9885.8188
 11
23145.4983
 21
260.1531
 31
9885.8188
  0
LINE
  8
0
 10
23145.4983
 20
260.1531
 30
9885.8188
 11
23243.0558
 21
227.634
 31
9898.8264
  0
LINE
  8
0
 10
23243.0558
 20
227.634
 30
9898.8264
 11
23267.4451
 21
260.1531
 31
9885.8188
  0
LINE
  8
0
 10
1804.8123
 20
227.634
 30
9898.8264
 11
1804.8123
 21
130.0766
 31
9937.8494
  0
LINE
  8
0
 10
1804.8123
 20
130.0766
 30
9937.8494
 11
1634.0868
 21
65.0383
 31
9963.8647
  0
LINE
  8
0
 10
1634.0868
 20
65.0383
 30
9963.8647
 11
1804.8123
 21
195.1148
 31
9911.8341
  0
LINE
  8
0
 10
1804.8123
 20
195.1148
 30
9911.8341
 11
1804.8123
 21
227.634
 31
9898.8264
  0
LINE
  8
0
 10
22877.2154
 20
130.0766
 30
9937.8494
 11
22950.3835
 21
162.5957
 31
9924.8417
  0
LINE
  8
0
 10
22950.3835
 20
162.5957
 30
9924.8417
 11
22901.6048
 21
130.0766
 31
9937.8494
  0
LINE
  8
0
 10
22901.6048
 20
130.0766
 30
9937.8494
 11
22974.7729
 21
65.0383
 31
9963.8647
  0
LINE
  8
0
 10
22974.7729
 20
65.0383
 30
9963.8647
 11
22901.6048
 21
97.5574
 31
9950.857
  0
LINE
  8
0
 10
22901.6048
 20
97.5574
 30
9950.857
 11
22877.2154
 21
130.0766
 31
9937.8494
  0
ENDSEC
  0
EOF
