  0
SECTION
  2
HEADER
  9
$ACADVER
  1
AC1032
  9
$ACADMAINTVER
 90
      378
  9
$DWGCODEPAGE
  3
ANSI_949
  9
$LASTSAVEDBY
  1
USER
  9
$REQUIREDVERSIONS
160
                 0
  9
$INSBASE
 10
0.0
 20
0.0
 30
0.0
  9
$EXTMIN
 10
1330959.09033924
 20
-27554.61857605283
 30
0.0
  9
$EXTMAX
 10
1373009.090339252
 20
2145.381423955551
 30
0.0
  9
$LIMMIN
 10
0.0
 20
0.0
  9
$LIMMAX
 10
420.0
 20
297.0
  9
$ORTHOMODE
 70
     0
  9
$REGENMODE
 70
     1
  9
$FILLMODE
 70
     1
  9
$QTEXTMODE
 70
     0
  9
$MIRRTEXT
 70
     0
  9
$LTSCALE
 40
1.0
  9
$ATTMODE
 70
     1
  9
$TEXTSIZE
 40
12.08335394168716
  9
$TRACEWID
 40
1.0
  9
$TEXTSTYLE
  7
HY울L
  9
$CLAYER
  8
CX-BORD
  9
$CELTYPE
  6
ByLayer
  9
$CECOLOR
 62
   256
  9
$CELTSCALE
 40
1.0
  9
$DISPSILH
 70
     0
  9
$DIMSCALE
 40
1.0
  9
$DIMASZ
 40
2.5
  9
$DIMEXO
 40
0.625
  9
$DIMDLI
 40
3.75
  9
$DIMRND
 40
0.0
  9
$DIMDLE
 40
0.0
  9
$DIMEXE
 40
1.25
  9
$DIMTP
 40
0.0
  9
$DIMTM
 40
0.0
  9
$DIMTXT
 40
2.5
  9
$DIMCEN
 40
2.5
  9
$DIMTSZ
 40
0.0
  9
$DIMTOL
 70
     0
  9
$DIMLIM
 70
     0
  9
$DIMTIH
 70
     0
  9
$DIMTOH
 70
     0
  9
$DIMSE1
 70
     0
  9
$DIMSE2
 70
     0
  9
$DIMTAD
 70
     1
  9
$DIMZIN
 70
     8
  9
$DIMBLK
  1

  9
$DIMASO
 70
     1
  9
$DIMSHO
 70
     1
  9
$DIMPOST
  1

  9
$DIMAPOST
  1

  9
$DIMALT
 70
     0
  9
$DIMALTD
 70
     3
  9
$DIMALTF
 40
0.03937007874016
  9
$DIMLFAC
 40
1.0
  9
$DIMTOFL
 70
     1
  9
$DIMTVP
 40
0.0
  9
$DIMTIX
 70
     0
  9
$DIMSOXD
 70
     0
  9
$DIMSAH
 70
     0
  9
$DIMBLK1
  1

  9
$DIMBLK2
  1

  9
$DIMSTYLE
  2
ISO-25
  9
$DIMCLRD
 70
     0
  9
$DIMCLRE
 70
     0
  9
$DIMCLRT
 70
     0
  9
$DIMTFAC
 40
1.0
  9
$DIMGAP
 40
0.625
  9
$DIMJUST
 70
     0
  9
$DIMSD1
 70
     0
  9
$DIMSD2
 70
     0
  9
$DIMTOLJ
 70
     0
  9
$DIMTZIN
 70
     8
  9
$DIMALTZ
 70
     0
  9
$DIMALTTZ
 70
     0
  9
$DIMUPT
 70
     0
  9
$DIMDEC
 70
     2
  9
$DIMTDEC
 70
     2
  9
$DIMALTU
 70
     2
  9
$DIMALTTD
 70
     3
  9
$DIMTXSTY
  7
Standard
  9
$DIMAUNIT
 70
     0
  9
$DIMADEC
 70
     0
  9
$DIMALTRND
 40
0.0
  9
$DIMAZIN
 70
     0
  9
$DIMDSEP
 70
    44
  9
$DIMATFIT
 70
     3
  9
$DIMFRAC
 70
     0
  9
$DIMLDRBLK
  1

  9
$DIMLUNIT
 70
     2
  9
$DIMLWD
 70
    -2
  9
$DIMLWE
 70
    -2
  9
$DIMTMOVE
 70
     0
  9
$DIMFXL
 40
1.0
  9
$DIMFXLON
 70
     0
  9
$DIMJOGANG
 40
1.570796326794896
  9
$DIMTFILL
 70
     0
  9
$DIMTFILLCLR
 70
     0
  9
$DIMARCSYM
 70
     0
  9
$DIMLTYPE
  6

  9
$DIMLTEX1
  6

  9
$DIMLTEX2
  6

  9
$DIMTXTDIRECTION
 70
     0
  9
$LUNITS
 70
     2
  9
$LUPREC
 70
     4
  9
$SKETCHINC
 40
1.0
  9
$FILLETRAD
 40
0.0
  9
$AUNITS
 70
     0
  9
$AUPREC
 70
     0
  9
$MENU
  1
.
  9
$ELEVATION
 40
0.0
  9
$PELEVATION
 40
0.0
  9
$THICKNESS
 40
0.0
  9
$LIMCHECK
 70
     0
  9
$CHAMFERA
 40
0.0
  9
$CHAMFERB
 40
0.0
  9
$CHAMFERC
 40
0.0
  9
$CHAMFERD
 40
0.0
  9
$SKPOLY
 70
     0
  9
$TDCREATE
 40
2458249.566898148
  9
$TDUCREATE
 40
2458249.191907859
  9
$TDUPDATE
 40
2461082.677881945
  9
$TDUUPDATE
 40
2461082.302881945
  9
$TDINDWG
 40
0.1920296875
  9
$TDUSRTIMER
 40
0.1920296759
  9
$USRTIMER
 70
     1
  9
$ANGBASE
 50
0.0
  9
$ANGDIR
 70
     0
  9
$PDMODE
 70
     0
  9
$PDSIZE
 40
0.0
  9
$PLINEWID
 40
0.0
  9
$SPLFRAME
 70
     0
  9
$SPLINETYPE
 70
     6
  9
$SPLINESEGS
 70
     8
  9
$HANDSEED
  5
2638
  9
$SURFTAB1
 70
     6
  9
$SURFTAB2
 70
     6
  9
$SURFTYPE
 70
     6
  9
$SURFU
 70
     6
  9
$SURFV
 70
     6
  9
$UCSBASE
  2

  9
$UCSNAME
  2

  9
$UCSORG
 10
0.0
 20
0.0
 30
0.0
  9
$UCSXDIR
 10
1.0
 20
0.0
 30
0.0
  9
$UCSYDIR
 10
0.0
 20
1.0
 30
0.0
  9
$UCSORTHOREF
  2

  9
$UCSORTHOVIEW
 70
     0
  9
$UCSORGTOP
 10
0.0
 20
0.0
 30
0.0
  9
$UCSORGBOTTOM
 10
0.0
 20
0.0
 30
0.0
  9
$UCSORGLEFT
 10
0.0
 20
0.0
 30
0.0
  9
$UCSORGRIGHT
 10
0.0
 20
0.0
 30
0.0
  9
$UCSORGFRONT
 10
0.0
 20
0.0
 30
0.0
  9
$UCSORGBACK
 10
0.0
 20
0.0
 30
0.0
  9
$PUCSBASE
  2

  9
$PUCSNAME
  2

  9
$PUCSORG
 10
0.0
 20
0.0
 30
0.0
  9
$PUCSXDIR
 10
1.0
 20
0.0
 30
0.0
  9
$PUCSYDIR
 10
0.0
 20
1.0
 30
0.0
  9
$PUCSORTHOREF
  2

  9
$PUCSORTHOVIEW
 70
     0
  9
$PUCSORGTOP
 10
0.0
 20
0.0
 30
0.0
  9
$PUCSORGBOTTOM
 10
0.0
 20
0.0
 30
0.0
  9
$PUCSORGLEFT
 10
0.0
 20
0.0
 30
0.0
  9
$PUCSORGRIGHT
 10
0.0
 20
0.0
 30
0.0
  9
$PUCSORGFRONT
 10
0.0
 20
0.0
 30
0.0
  9
$PUCSORGBACK
 10
0.0
 20
0.0
 30
0.0
  9
$USERI1
 70
     0
  9
$USERI2
 70
     0
  9
$USERI3
 70
     0
  9
$USERI4
 70
     0
  9
$USERI5
 70
     0
  9
$USERR1
 40
0.0
  9
$USERR2
 40
0.0
  9
$USERR3
 40
0.0
  9
$USERR4
 40
0.0
  9
$USERR5
 40
0.0
  9
$WORLDVIEW
 70
     1
  9
$SHADEDGE
 70
     3
  9
$SHADEDIF
 70
    70
  9
$TILEMODE
 70
     1
  9
$MAXACTVP
 70
    64
  9
$PINSBASE
 10
0.0
 20
0.0
 30
0.0
  9
$PLIMCHECK
 70
     0
  9
$PEXTMIN
 10
0.0
 20
0.0
 30
0.0
  9
$PEXTMAX
 10
0.0
 20
0.0
 30
0.0
  9
$PLIMMIN
 10
0.0
 20
0.0
  9
$PLIMMAX
 10
12.0
 20
9.0
  9
$UNITMODE
 70
     0
  9
$VISRETAIN
 70
     1
  9
$PLINEGEN
 70
     0
  9
$PSLTSCALE
 70
     1
  9
$TREEDEPTH
 70
  3020
  9
$CMLSTYLE
  2
Standard
  9
$CMLJUST
 70
     0
  9
$CMLSCALE
 40
20.0
  9
$PROXYGRAPHICS
 70
     1
  9
$MEASUREMENT
 70
     1
  9
$CELWEIGHT
370
    -1
  9
$ENDCAPS
280
     0
  9
$JOINSTYLE
280
     0
  9
$LWDISPLAY
290
     0
  9
$INSUNITS
 70
     4
  9
$HYPERLINKBASE
  1

  9
$STYLESHEET
  1

  9
$XEDIT
290
     1
  9
$CEPSNTYPE
380
     0
  9
$PSTYLEMODE
290
     1
  9
$FINGERPRINTGUID
  2
{179AACAF-C9BD-4763-9395-4F76244A306F}
  9
$VERSIONGUID
  2
{767DFDE7-5CA5-0944-9141-474E27C0400E}
  9
$EXTNAMES
290
     1
  9
$PSVPSCALE
 40
0.0
  9
$OLESTARTUP
290
     0
  9
$SORTENTS
280
   127
  9
$INDEXCTL
280
     0
  9
$HIDETEXT
280
     1
  9
$XCLIPFRAME
280
     0
  9
$HALOGAP
280
     0
  9
$OBSCOLOR
 70
   257
  9
$OBSLTYPE
280
     0
  9
$INTERSECTIONDISPLAY
280
     0
  9
$INTERSECTIONCOLOR
 70
   257
  9
$DIMASSOC
280
     2
  9
$PROJECTNAME
  1

  9
$CAMERADISPLAY
290
     0
  9
$LENSLENGTH
 40
50.0
  9
$CAMERAHEIGHT
 40
0.0
  9
$STEPSPERSEC
 40
2.0
  9
$STEPSIZE
 40
6.0
  9
$3DDWFPREC
 40
2.0
  9
$PSOLWIDTH
 40
5.0
  9
$PSOLHEIGHT
 40
80.0
  9
$LOFTANG1
 40
1.570796326794896
  9
$LOFTANG2
 40
1.570796326794896
  9
$LOFTMAG1
 40
0.0
  9
$LOFTMAG2
 40
0.0
  9
$LOFTPARAM
 70
     7
  9
$LOFTNORMALS
280
     1
  9
$LATITUDE
 40
37.795
  9
$LONGITUDE
 40
-122.394
  9
$NORTHDIRECTION
 40
0.0
  9
$TIMEZONE
 70
 -8000
  9
$LIGHTGLYPHDISPLAY
280
     1
  9
$TILEMODELIGHTSYNCH
280
     1
  9
$CMATERIAL
347
36
  9
$SOLIDHIST
280
     0
  9
$SHOWHIST
280
     1
  9
$DWFFRAME
280
     2
  9
$DGNFRAME
280
     0
  9
$REALWORLDSCALE
290
     1
  9
$INTERFERECOLOR
 62
     1
  9
$INTERFEREOBJVS
345
40
  9
$INTERFEREVPVS
346
2610
  9
$CSHADOW
280
     0
  9
$SHADOWPLANELOCATION
 40
0.0
  0
ENDSEC
  0
SECTION
  2
CLASSES
  0
CLASS
  1
ACDBDICTIONARYWDFLT
  2
AcDbDictionaryWithDefault
  3
ObjectDBX Classes
 90
        0
 91
        1
280
     0
281
     0
  0
CLASS
  1
DICTIONARYVAR
  2
AcDbDictionaryVar
  3
ObjectDBX Classes
 90
        0
 91
       11
280
     0
281
     0
  0
CLASS
  1
TABLESTYLE
  2
AcDbTableStyle
  3
ObjectDBX Classes
 90
     4095
 91
        1
280
     0
281
     0
  0
CLASS
  1
MATERIAL
  2
AcDbMaterial
  3
ObjectDBX Classes
 90
     1153
 91
        3
280
     0
281
     0
  0
CLASS
  1
VISUALSTYLE
  2
AcDbVisualStyle
  3
ObjectDBX Classes
 90
     4095
 91
       26
280
     0
281
     0
  0
CLASS
  1
SCALE
  2
AcDbScale
  3
ObjectDBX Classes
 90
     1153
 91
     1456
280
     0
281
     0
  0
CLASS
  1
MLEADERSTYLE
  2
AcDbMLeaderStyle
  3
ACDB_MLEADERSTYLE_CLASS
 90
     4095
 91
        1
280
     0
281
     0
  0
CLASS
  1
CELLSTYLEMAP
  2
AcDbCellStyleMap
  3
ObjectDBX Classes
 90
     1152
 91
        2
280
     0
281
     0
  0
CLASS
  1
EXACXREFPANELOBJECT
  2
ExAcXREFPanelObject
  3
EXAC_ESW
 90
     1025
 91
        0
280
     1
281
     0
  0
CLASS
  1
NPOCOLLECTION
  2
AcDbImpNonPersistentObjectsCollection
  3
ObjectDBX Classes
 90
     1153
 91
        0
280
     0
281
     0
  0
CLASS
  1
SORTENTSTABLE
  2
AcDbSortentsTable
  3
ObjectDBX Classes
 90
        0
 91
        3
280
     0
281
     0
  0
CLASS
  1
ACAD_EVALUATION_GRAPH
  2
AcDbEvalGraph
  3
ObjectDBX Classes
 90
     1153
 91
        0
280
     0
281
     0
  0
CLASS
  1
ACAECUSTOBJ
  2
AcAeEditorObj
  3
AcAeEditorObj
 90
     1024
 91
        0
280
     0
281
     0
  0
CLASS
  1
ACDB_DYNAMICBLOCKPURGEPREVENTER_VERSION
  2
AcDbDynamicBlockPurgePreventer
  3
ObjectDBX Classes
 90
     1153
 91
        0
280
     0
281
     0
  0
CLASS
  1
SOLID_BACKGROUND
  2
AcDbSolidBackground
  3
SCENEOE
 90
     4095
 91
        0
280
     0
281
     0
  0
CLASS
  1
ACDBSECTIONVIEWSTYLE
  2
AcDbSectionViewStyle
  3
ObjectDBX Classes
 90
     1025
 91
        1
280
     0
281
     0
  0
CLASS
  1
ACDBDETAILVIEWSTYLE
  2
AcDbDetailViewStyle
  3
ObjectDBX Classes
 90
     1025
 91
        1
280
     0
281
     0
  0
ENDSEC
  0
SECTION
  2
TABLES
  0
TABLE
  2
VPORT
  5
2A
102
{ACAD_XDICTIONARY
360
2E
102
}
330
0
100
AcDbSymbolTable
 70
     1
  0
VPORT
  5
2B
330
2A
100
AcDbSymbolTableRecord
100
AcDbViewportTableRecord
  2
*Active
 70
     0
 10
0.0
 20
0.0
 11
1.0
 21
1.0
 12
1347932.093657821
 22
-4933.179024457414
 13
0.0
 23
0.0
 14
10.0
 24
10.0
 15
10.0
 25
10.0
 16
0.0
 26
0.0
 36
1.0
 17
0.0
 27
0.0
 37
0.0
 40
3468.159327803101
 41
2.535192563081009
 42
50.0
 43
0.0
 44
0.0
 50
0.0
 51
0.0
 71
     0
 72
  1000
 73
     1
 74
     3
 75
     0
 76
     0
 77
     0
 78
     0
281
     0
 65
     1
110
0.0
120
0.0
130
0.0
111
1.0
121
0.0
131
0.0
112
0.0
122
1.0
132
0.0
 79
     0
146
0.0
348
2C
 60
     2
 61
     5
292
     1
282
     1
141
0.0
142
0.0
 63
   250
421
  3355443
1001
ACAD_NAV_VCDISPLAY
1070
     3
  0
ENDTAB
  0
TABLE
  2
LTYPE
  5
25
330
0
100
AcDbSymbolTable
 70
     4
  0
LTYPE
  5
26
330
25
100
AcDbSymbolTableRecord
100
AcDbLinetypeTableRecord
  2
ByBlock
 70
     0
  3

 72
    65
 73
     0
 40
0.0
  0
LTYPE
  5
27
330
25
100
AcDbSymbolTableRecord
100
AcDbLinetypeTableRecord
  2
ByLayer
 70
     0
  3

 72
    65
 73
     0
 40
0.0
  0
LTYPE
  5
14
330
25
100
AcDbSymbolTableRecord
100
AcDbLinetypeTableRecord
  2
Continuous
 70
     0
  3
Solid line
 72
    65
 73
     0
 40
0.0
  0
LTYPE
  5
F3A
330
25
100
AcDbSymbolTableRecord
100
AcDbLinetypeTableRecord
  2
A-DASHD01
 70
     0
  3
파선(일반) Dashed __ __ __ __ __ __ __ __ __ __ __ __ __ _
 72
    65
 73
     2
 40
0.75
 49
0.5
 74
     0
 49
-0.25
 74
     0
  0
LTYPE
  5
F39
330
25
100
AcDbSymbolTableRecord
100
AcDbLinetypeTableRecord
  2
A-CENTR01
 70
     0
  3
중심선(일반) Center ____ _ ____ _ ____ _ ____ _ ____ _ ____
 72
    65
 73
     4
 40
2.0
 49
1.25
 74
     0
 49
-0.25
 74
     0
 49
0.25
 74
     0
 49
-0.25
 74
     0
  0
LTYPE
  5
CB1
330
25
100
AcDbSymbolTableRecord
100
AcDbLinetypeTableRecord
  2
A-HIDDN01
 70
     0
  3
Hidden __ __ __ __ __ __ __ 
 72
    65
 73
     2
 40
0.375
 49
0.25
 74
     0
 49
-0.125
 74
     0
  0
ENDTAB
  0
TABLE
  2
LAYER
  5
1D
102
{ACAD_XDICTIONARY
360
1E
102
}
330
0
100
AcDbSymbolTable
 70
    21
  0
LAYER
  5
6
102
{ACAD_XDICTIONARY
360
7
102
}
330
1D
100
AcDbSymbolTableRecord
100
AcDbLayerTableRecord
  2
0
 70
     0
 62
     7
  6
Continuous
370
    -3
390
9
347
C
348
0
  0
LAYER
  5
D91
102
{ACAD_XDICTIONARY
360
D92
102
}
330
1D
100
AcDbSymbolTableRecord
100
AcDbLayerTableRecord
  2
CS-DIML
 70
     0
 62
     1
  6
Continuous
370
    -3
390
9
347
C
348
0
  0
LAYER
  5
5E3
102
{ACAD_XDICTIONARY
360
5E4
102
}
330
1D
100
AcDbSymbolTableRecord
100
AcDbLayerTableRecord
  2
CS-TEXT
 70
     0
 62
     3
  6
Continuous
370
    -3
390
9
347
C
348
0
  0
LAYER
  5
F60
102
{ACAD_XDICTIONARY
360
F61
102
}
330
1D
100
AcDbSymbolTableRecord
100
AcDbLayerTableRecord
  2
CZ-TEX2
 70
     0
 62
     3
  6
Continuous
370
    -3
390
9
347
C
348
0
  0
LAYER
  5
F15
102
{ACAD_XDICTIONARY
360
F16
102
}
330
1D
100
AcDbSymbolTableRecord
100
AcDbLayerTableRecord
  2
CS-CONC-MAJR
 70
     0
 62
     4
  6
Continuous
370
    -3
390
9
347
C
348
0
  0
LAYER
  5
F64
102
{ACAD_XDICTIONARY
360
F65
102
}
330
1D
100
AcDbSymbolTableRecord
100
AcDbLayerTableRecord
  2
CZ-TEX1
 70
     0
 62
     6
  6
Continuous
370
    -3
390
9
347
C
348
0
  0
LAYER
  5
BB9
102
{ACAD_XDICTIONARY
360
BBA
102
}
330
1D
100
AcDbSymbolTableRecord
100
AcDbLayerTableRecord
  2
CS-RBAR-EREC
 70
     0
 62
     6
  6
Continuous
370
    -3
390
9
347
C
348
0
  0
LAYER
  5
FDC
102
{ACAD_XDICTIONARY
360
FDD
102
}
330
1D
100
AcDbSymbolTableRecord
100
AcDbLayerTableRecord
  2
CS-SYMB
 70
     0
 62
     3
  6
Continuous
370
    -3
390
9
347
C
348
0
  0
LAYER
  5
683
102
{ACAD_XDICTIONARY
360
684
102
}
330
1D
100
AcDbSymbolTableRecord
100
AcDbLayerTableRecord
  2
CS-SYMB-LIN3
 70
     0
 62
     1
  6
Continuous
370
    -3
390
9
347
C
348
0
  0
LAYER
  5
643
102
{ACAD_XDICTIONARY
360
644
102
}
330
1D
100
AcDbSymbolTableRecord
100
AcDbLayerTableRecord
  2
CS-MISC
 70
     0
 62
     3
  6
Continuous
370
    -3
390
9
347
C
348
0
  0
LAYER
  5
73D
102
{ACAD_XDICTIONARY
360
73E
102
}
330
1D
100
AcDbSymbolTableRecord
100
AcDbLayerTableRecord
  2
CS-RBAR-MAJR
 70
     0
 62
     6
  6
Continuous
370
    -3
390
9
347
C
348
0
  0
LAYER
  5
10CE
102
{ACAD_XDICTIONARY
360
10CF
102
}
330
1D
100
AcDbSymbolTableRecord
100
AcDbLayerTableRecord
  2
CS-NOTE
 70
     0
 62
     3
  6
Continuous
370
    -3
390
9
347
C
348
0
  0
LAYER
  5
1113
102
{ACAD_XDICTIONARY
360
1114
102
}
330
1D
100
AcDbSymbolTableRecord
100
AcDbLayerTableRecord
  2
CX-BORD-LIN2
 70
     0
 62
     3
  6
Continuous
370
    -3
390
9
347
C
348
0
1001
RAK
1000
{ACET-LAYISO
1070
     0
1070
     3
1000
Continuous
1071
       -3
1071
        1
1005
9
1000
ACET-LAYISO}
  0
LAYER
  5
111E
102
{ACAD_XDICTIONARY
360
111F
102
}
330
1D
100
AcDbSymbolTableRecord
100
AcDbLayerTableRecord
  2
CX-BORD-TEX3
 70
     0
 62
     6
  6
Continuous
370
    -3
390
9
347
C
348
0
1001
RAK
1000
{ACET-LAYISO
1070
     0
1070
     6
1000
Continuous
1071
       -3
1071
        1
1005
9
1000
ACET-LAYISO}
  0
LAYER
  5
1118
102
{ACAD_XDICTIONARY
360
1119
102
}
330
1D
100
AcDbSymbolTableRecord
100
AcDbLayerTableRecord
  2
CX-BORD-LIN1
 70
     0
 62
     4
  6
Continuous
370
    -3
390
9
347
C
348
0
1001
RAK
1000
{ACET-LAYISO
1070
     0
1070
     4
1000
Continuous
1071
       -3
1071
        1
1005
9
1000
ACET-LAYISO}
  0
LAYER
  5
1255
102
{ACAD_XDICTIONARY
360
1256
102
}
330
1D
100
AcDbSymbolTableRecord
100
AcDbLayerTableRecord
  2
CX-BORD-TEX2
 70
     0
 62
     7
  6
Continuous
370
    -3
390
9
347
C
348
0
1001
RAK
1000
{ACET-LAYISO
1070
     0
1070
     7
1000
Continuous
1071
       -3
1071
        1
1005
9
1000
ACET-LAYISO}
  0
LAYER
  5
1133
102
{ACAD_XDICTIONARY
360
1134
102
}
330
1D
100
AcDbSymbolTableRecord
100
AcDbLayerTableRecord
  2
CX-MISC
 70
     0
 62
     2
  6
Continuous
370
    -3
390
9
347
C
348
0
1001
RAK
1000
{ACET-LAYISO
1070
     0
1070
     2
1000
Continuous
1071
       -3
1071
        1
1005
9
1000
ACET-LAYISO}
  0
LAYER
  5
F36
102
{ACAD_XDICTIONARY
360
F37
102
}
330
1D
100
AcDbSymbolTableRecord
100
AcDbLayerTableRecord
  2
CS-CNTL
 70
     0
 62
     1
  6
A-CENTR01
370
    -3
390
9
347
C
348
0
  0
LAYER
  5
F57
102
{ACAD_XDICTIONARY
360
F58
102
}
330
1D
100
AcDbSymbolTableRecord
100
AcDbLayerTableRecord
  2
CS-CUTL
 70
     0
 62
     1
  6
Continuous
370
    -3
390
9
347
C
348
0
  0
LAYER
  5
B2A
102
{ACAD_XDICTIONARY
360
B2B
102
}
330
1D
100
AcDbSymbolTableRecord
100
AcDbLayerTableRecord
  2
CS-DIMT
 70
     0
 62
     3
  6
Continuous
370
    -3
390
9
347
C
348
0
  0
LAYER
  5
110A
102
{ACAD_XDICTIONARY
360
110B
102
}
330
1D
100
AcDbSymbolTableRecord
100
AcDbLayerTableRecord
  2
CX-BORD
 70
     0
 62
     3
  6
Continuous
370
    -3
390
9
347
C
348
0
1001
RAK
1000
{ACET-LAYISO
1070
     0
1070
     3
1000
Continuous
1071
       -3
1071
        1
1005
9
1000
ACET-LAYISO}
  0
ENDTAB
  0
TABLE
  2
STYLE
  5
22
330
0
100
AcDbSymbolTable
 70
     6
  0
STYLE
  5
23
330
22
100
AcDbSymbolTableRecord
100
AcDbTextStyleTableRecord
  2
Standard
 70
     0
 40
0.0
 41
1.0
 50
0.0
 71
     0
 42
2.5
  3
DotumChe.ttf
  4

1001
ACAD
1000
DotumChe
1071
    33073
  0
STYLE
  5
5E6
330
22
100
AcDbSymbolTableRecord
100
AcDbTextStyleTableRecord
  2
A_STANDARD
 70
     0
 40
0.0
 41
1.0
 50
0.0
 71
     0
 42
0.0
  3
DotumChe.ttf
  4

1001
ACAD
1000
DotumChe
1071
    33073
  0
STYLE
  5
10D1
330
22
100
AcDbSymbolTableRecord
100
AcDbTextStyleTableRecord
  2
TOP
 70
     0
 40
0.0
 41
1.0
 50
0.0
 71
     0
 42
250.0
  3
DotumChe.ttf
  4

1001
ACAD
1000
DotumChe
1071
    33073
  0
STYLE
  5
1121
330
22
100
AcDbSymbolTableRecord
100
AcDbTextStyleTableRecord
  2
TB_TEXT
 70
     0
 40
0.0
 41
1.0
 50
0.0
 71
     0
 42
10.0
  3
DotumChe.ttf
  4

1001
ACAD
1000
DotumChe
1071
    33073
  0
STYLE
  5
1258
330
22
100
AcDbSymbolTableRecord
100
AcDbTextStyleTableRecord
  2
TB_WMTXT
 70
     0
 40
0.0
 41
1.0
 50
0.0
 71
     0
 42
3.0
  3
DotumChe.ttf
  4

1001
ACAD
1000
DotumChe
1071
    33073
  0
STYLE
  5
3C
330
22
100
AcDbSymbolTableRecord
100
AcDbTextStyleTableRecord
  2
HY울L
 70
     0
 40
0.0
 41
1.0
 50
0.0
 71
     0
 42
12.08335394168716
  3
DotumChe.ttf
  4

1001
ACAD
1000
DotumChe
1071
    33073
  0
ENDTAB
  0
TABLE
  2
VIEW
  5
28
330
0
100
AcDbSymbolTable
 70
     0
  0
ENDTAB
  0
TABLE
  2
UCS
  5
29
330
0
100
AcDbSymbolTable
 70
     0
  0
ENDTAB
  0
TABLE
  2
APPID
  5
2F
330
0
100
AcDbSymbolTable
 70
    11
  0
APPID
  5
13
330
2F
100
AcDbSymbolTableRecord
100
AcDbRegAppTableRecord
  2
ACAD
 70
     0
  0
APPID
  5
18
330
2F
100
AcDbSymbolTableRecord
100
AcDbRegAppTableRecord
  2
ACAD_PSEXT
 70
     0
  0
APPID
  5
110D
330
2F
100
AcDbSymbolTableRecord
100
AcDbRegAppTableRecord
  2
RAK
 70
     0
  0
APPID
  5
197C
330
2F
100
AcDbSymbolTableRecord
100
AcDbRegAppTableRecord
  2
AcDbDynamicBlockGUID
 70
     0
  0
APPID
  5
1116
330
2F
100
AcDbSymbolTableRecord
100
AcDbRegAppTableRecord
  2
AcDbBlockRepETag
 70
     0
  0
APPID
  5
19CC
330
2F
100
AcDbSymbolTableRecord
100
AcDbRegAppTableRecord
  2
ACAD_MLEADERVER
 70
     0
  0
APPID
  5
2263
330
2F
100
AcDbSymbolTableRecord
100
AcDbRegAppTableRecord
  2
ACAUTHENVIRON
 70
     0
  0
APPID
  5
2264
330
2F
100
AcDbSymbolTableRecord
100
AcDbRegAppTableRecord
  2
ADE
 70
     0
  0
APPID
  5
2265
330
2F
100
AcDbSymbolTableRecord
100
AcDbRegAppTableRecord
  2
AcLayerTools
 70
     0
  0
APPID
  5
2266
330
2F
100
AcDbSymbolTableRecord
100
AcDbRegAppTableRecord
  2
AcDbDynamicBlockTrueName
 70
     0
  0
APPID
  5
2635
330
2F
100
AcDbSymbolTableRecord
100
AcDbRegAppTableRecord
  2
ACAD_NAV_VCDISPLAY
 70
     0
  0
ENDTAB
  0
TABLE
  2
DIMSTYLE
  5
30
330
0
100
AcDbSymbolTable
 70
     1
100
AcDbDimStyleTable
 71
     1
340
31
  0
DIMSTYLE
105
31
330
30
100
AcDbSymbolTableRecord
100
AcDbDimStyleTableRecord
  2
ISO-25
 70
     0
 41
2.5
 42
0.625
 43
3.75
 44
1.25
 73
     0
 74
     0
 77
     1
 78
     8
140
2.5
141
2.5
143
0.03937007874016
147
0.625
171
     3
172
     1
271
     2
272
     2
274
     3
278
    44
283
     0
284
     8
340
23
  0
ENDTAB
  0
TABLE
  2
BLOCK_RECORD
  5
1
330
0
100
AcDbSymbolTable
 70
     2
  0
BLOCK_RECORD
  5
2
102
{ACAD_XDICTIONARY
360
3
102
}
330
1
100
AcDbSymbolTableRecord
100
AcDbBlockTableRecord
  2
*Model_Space
340
16
 70
     0
280
     1
281
     0
  0
BLOCK_RECORD
  5
19
330
1
100
AcDbSymbolTableRecord
100
AcDbBlockTableRecord
  2
*Paper_Space
340
1C
 70
     0
280
     1
281
     0
  0
BLOCK_RECORD
  5
1154
102
{ACAD_XDICTIONARY
360
1155
102
}
330
1
100
AcDbSymbolTableRecord
100
AcDbBlockTableRecord
  2
CXGLOGO-EX흑백
340
0
102
{BLKREFS
331
23C3
102
}
 70
     0
280
     1
281
     0
  0
BLOCK_RECORD
  5
238C
102
{ACAD_XDICTIONARY
360
238D
102
}
330
1
100
AcDbSymbolTableRecord
100
AcDbBlockTableRecord
  2
CXBLKA1-KHCA
340
0
310
2800000020000000200000000100080000000000000400000000000000000000000000000000000000000000000080000080000000808000800000008000800080800000C0C0C000C0DCC000F0CAA6000020400000206000002080000020A0000020C0000020E00000400000004020000040400000406000004080000040A0
310
000040C0000040E00000600000006020000060400000606000006080000060A0000060C0000060E00000800000008020000080400000806000008080000080A0000080C0000080E00000A0000000A0200000A0400000A0600000A0800000A0A00000A0C00000A0E00000C0000000C0200000C0400000C0600000C0800000C0
310
A00000C0C00000C0E00000E0000000E0200000E0400000E0600000E0800000E0A00000E0C00000E0E00040000000400020004000400040006000400080004000A0004000C0004000E00040200000402020004020400040206000402080004020A0004020C0004020E000404000004040200040404000404060004040800040
310
40A0004040C0004040E00040600000406020004060400040606000406080004060A0004060C0004060E00040800000408020004080400040806000408080004080A0004080C0004080E00040A0000040A0200040A0400040A0600040A0800040A0A00040A0C00040A0E00040C0000040C0200040C0400040C0600040C08000
310
40C0A00040C0C00040C0E00040E0000040E0200040E0400040E0600040E0800040E0A00040E0C00040E0E00080000000800020008000400080006000800080008000A0008000C0008000E00080200000802020008020400080206000802080008020A0008020C0008020E00080400000804020008040400080406000804080
310
008040A0008040C0008040E00080600000806020008060400080606000806080008060A0008060C0008060E00080800000808020008080400080806000808080008080A0008080C0008080E00080A0000080A0200080A0400080A0600080A0800080A0A00080A0C00080A0E00080C0000080C0200080C0400080C0600080C0
310
800080C0A00080C0C00080C0E00080E0000080E0200080E0400080E0600080E0800080E0A00080E0C00080E0E000C0000000C0002000C0004000C0006000C0008000C000A000C000C000C000E000C0200000C0202000C0204000C0206000C0208000C020A000C020C000C020E000C0400000C0402000C0404000C0406000C0
310
408000C040A000C040C000C040E000C0600000C0602000C0604000C0606000C0608000C060A000C060C000C060E000C0800000C0802000C0804000C0806000C0808000C080A000C080C000C080E000C0A00000C0A02000C0A04000C0A06000C0A08000C0A0A000C0A0C000C0A0E000C0C00000C0C02000C0C04000C0C06000
310
C0C08000C0C0A000F0FBFF00A4A0A000808080000000FF0000FF000000FFFF00FF000000FF00FF00FFFF0000FFFFFF0000000000000000000000000000000000000000000000000000000000000000000000000000000000000000000000000000000000000000000000000000000000000000000000000000000000000000
310
000000000000000000000000000000000000000000000000000000000000000000000000000000000000000000000000000000000000000000000000000000000000000000000000000000000000000000000000000000000000000000000000000000000000000000000000000000000000FBFBFEFDFDFEFEFDFDFDFDFEFE
310
FEFDFDFEFEFEFEFDFDFDFDFEFAFDFDFAFB000000FEFEFDFDFEFDFAFDFDFAFEFEFEFEFEFEFEFEFEFDFDFDFDFDFAFDFDFA00000000FE0000000000000000000000000000000000000000000000000000FA00000000FE0000000000000000000000000000000000000000000000000000FE00000000FE00000000000000000000
310
00000000000000000000000000000000FE00000000FE0000000000000000000000000000000000000000000000000000FE00000000FE0000000000000000000000000000000000000000000000000000FE00000000FE0000000000000000000000000000000000000000000000000000FE00000000FE000000000000000000
310
0000000000000000000000000000000000FE00000000FE0000000000000000000000000000000000000000000000000000FE00000000FE0000000000000000000000000000000000000000000000000000FE00000000FE0000000000000000000000000000000000000000000000000000FE00000000FE0000000000000000
310
000000000000000000000000000000000000FE00000000FE0000000000000000000000000000000000000000000000000000FE00000000FE0000000000000000000000000000000000000000000000000000FE00000000FE0000000000000000000000000000000000000000000000000000FE00000000FE00000000000000
310
00000000000000000000000000000000000000FE00000000FE000000000000000000000000FFFF000000000000000000000000FE00000000FEFFFF000000000000000000FFFFFFFF0000000000000000000000FE000000FBFBFEFEFEFEFEFEFEFEFEFEFEFEFEFEFEFEFEFEFEFEFEFEFEFEFEFEFBFB00000000000000000000
310
00000000000000000000000000000000000000000000000000000000000000000000000000000000000000000000000000000000000000000000000000000000000000000000000000000000000000000000000000000000000000000000000000000000000000000000000000000000000000000000000000000000000000
310
0000000000000000000000000000000000000000000000000000000000000000000000000000000000000000000000000000000000000000
102
{BLKREFS
331
24F9
102
}
 70
     6
280
     1
281
     0
1001
AcDbDynamicBlockGUID
1000
{3336A36E-A648-4FAD-9999-3298E67C62A3}
1001
AcDbBlockRepETag
1070
     1
1071
      245
  0
ENDTAB
  0
ENDSEC
  0
SECTION
  2
BLOCKS
  0
BLOCK
  5
5
330
2
100
AcDbEntity
  8
0
100
AcDbBlockBegin
  2
*Model_Space
 70
     0
 10
0.0
 20
0.0
 30
0.0
  3
*Model_Space
  1

  0
ENDBLK
  5
15
330
2
100
AcDbEntity
  8
0
100
AcDbBlockEnd
  0
BLOCK
  5
1A
330
19
100
AcDbEntity
 67
     1
  8
0
100
AcDbBlockBegin
  2
*Paper_Space
 70
     0
 10
0.0
 20
0.0
 30
0.0
  3
*Paper_Space
  1

  0
ENDBLK
  5
1B
330
19
100
AcDbEntity
 67
     1
  8
0
100
AcDbBlockEnd
  0
BLOCK
  5
1157
330
1154
100
AcDbEntity
  8
0
100
AcDbBlockBegin
  2
CXGLOGO-EX흑백
 70
     0
 10
0.0
 20
0.0
 30
0.0
  3
CXGLOGO-EX흑백
  1

  0
HATCH
  5
1158
330
1154
100
AcDbEntity
  8
0
100
AcDbHatch
 10
0.0
 20
0.0
 30
0.0
210
0.0
220
0.0
230
1.0
  2
SOLID
 70
     1
 71
     0
 91
        2
 92
        7
 72
     1
 73
     1
 93
        7
 10
3.485422644516418
 20
4.34341790508612
 42
0.1989123673796671
 10
1.269821396798441
 20
5.261149990701703
 42
0.0
 10
0.4788016700130058
 20
5.261149990701703
 42
0.8338075771048155
 10
0.3771781799719207
 20
2.929722186557356
 42
-0.177326263149743
 10
2.179867088961465
 20
1.993417905085642
 42
0.0
 10
4.134357225568095
 20
0.038927768478878
 42
0.0
 10
5.962135003345991
 20
1.866705546256788
 42
0.0
 97
        0
 92
        7
 72
     1
 73
     1
 93
       10
 10
9.744402917729097
 20
-1.915562368126678
 42
0.0
 10
7.789912781123888
 20
0.0389277684789988
 42
0.0
 10
5.96213500334634
 20
-1.788850009298766
 42
0.0
 10
7.888208110807184
 20
-3.714923116759131
 42
0.198912367379553
 10
11.43317010715388
 20
-5.183294453743691
 42
0.0
 10
13.93853492596422
 20
-5.183294453744643
 42
0.1292187291636897
 10
14.19530503372277
 20
-5.115808595962658
 42
0.6043190588004438
 10
14.12747900538948
 20
-2.886014569746201
 42
0.1137896329467328
 10
13.89882244722792
 20
-2.833294453742261
 42
0.0
 10
11.96000416544708
 20
-2.833294453742261
 42
-0.1989123673796783
 97
        0
 75
     0
 76
     1
 47
0.0574279268759952
 98
        2
 10
2.83848167217171
 20
3.733573011581377
 10
9.225563845336509
 20
-2.75578271450302
450
        0
451
        0
460
0.0
461
0.0
452
        0
462
0.0
453
        0
470

1001
ACAD
1010
0.0
1020
0.0
1030
0.0
  0
POLYLINE
  5
1159
330
1154
100
AcDbEntity
  8
0
100
AcDb2dPolyline
 66
     1
 10
0.0
 20
0.0
 30
0.0
  0
VERTEX
  5
115A
330
1159
100
AcDbEntity
  8
0
100
AcDbVertex
100
AcDb2dVertex
 10
0.3771781799714517
 20
2.929722186557416
 30
0.0
 42
-0.1773262631497835
  0
VERTEX
  5
115B
330
1159
100
AcDbEntity
  8
0
100
AcDbVertex
100
AcDb2dVertex
 10
2.179867088961458
 20
1.993417905085646
 30
0.0
  0
VERTEX
  5
115C
330
1159
100
AcDbEntity
  8
0
100
AcDbVertex
100
AcDb2dVertex
 10
4.134357225568095
 20
0.038927768478878
 30
0.0
  0
VERTEX
  5
115D
330
1159
100
AcDbEntity
  8
0
100
AcDbVertex
100
AcDb2dVertex
 10
5.962135003345991
 20
1.866705546256785
 30
0.0
  0
VERTEX
  5
115E
330
1159
100
AcDbEntity
  8
0
100
AcDbVertex
100
AcDb2dVertex
 10
3.485422644516418
 20
4.34341790508612
 30
0.0
 42
0.1989123673796582
  0
VERTEX
  5
115F
330
1159
100
AcDbEntity
  8
0
100
AcDbVertex
100
AcDb2dVertex
 10
1.269821396798548
 20
5.261149990701703
 30
0.0
  0
VERTEX
  5
1160
330
1159
100
AcDbEntity
  8
0
100
AcDbVertex
100
AcDb2dVertex
 10
0.4788016700130058
 20
5.261149990701703
 30
0.0
 42
0.8714196092937033
  0
VERTEX
  5
1161
330
1159
100
AcDbEntity
  8
0
100
AcDbVertex
100
AcDb2dVertex
 10
0.4788016700130058
 20
2.911149990701705
 30
0.0
  0
SEQEND
  5
1162
330
1159
100
AcDbEntity
  8
0
  0
HATCH
  5
1163
330
1154
100
AcDbEntity
  8
0
100
AcDbHatch
 10
0.0
 20
0.0
 30
0.0
210
0.0
220
0.0
230
1.0
  2
SOLID
 70
     1
 71
     0
 91
        4
 92
        7
 72
     1
 73
     1
 93
       10
 10
12.62751094235613
 20
2.929722186557416
 42
0.0
 10
13.93685773473839
 20
2.929722186557416
 42
0.1307849617648098
 10
14.19642449557114
 20
2.998798575681949
 42
0.5686079760781465
 10
14.23263349965494
 20
5.183221859397701
 42
0.1392232935838704
 10
13.9581907729968
 20
5.261149990701703
 42
0.0
 10
11.43317010715378
 20
5.261149990701703
 42
0.1989123673796241
 10
7.888208110805869
 20
3.792778653716673
 42
0.0
 10
5.962135003345991
 20
1.866705546256785
 42
0.0
 10
7.789912781123938
 20
0.0389277684790699
 42
0.0
 10
9.304109070779979
 20
1.553124058134752
 42
-0.198912367379616
 97
        0
 92
        7
 72
     1
 73
     1
 93
       12
 10
5.962135003346347
 20
-1.788850009298769
 42
0.0
 10
4.134357225567967
 20
0.0389277684790095
 42
0.0
 10
2.638733131771026
 20
-1.456696325318649
 42
-0.1989123673796836
 10
-0.684668739806078
 20
-2.833294453742261
 42
0.0
 10
-11.3620488121904
 20
-2.833294453742741
 42
-0.149968192877195
 10
-12.240743962647
 20
-2.563678008654669
 42
-0.1491631919188299
 10
-13.39334849004341
 20
-1.136072231520987
 42
0.0
 10
-16.10175388554254
 20
-1.136072231520987
 42
0.2784029190241506
 10
-12.27306911128629
 20
-5.129271465237486
 42
0.0659386705930869
 10
-11.86520449236982
 20
-5.183294453743215
 42
0.0
 10
0.6208868157490102
 20
-5.183294453742739
 42
0.198912367379658
 10
3.944288687325745
 20
-3.806696325319599
 42
0.0
 97
        0
 92
        7
 72
     1
 73
     1
 93
        4
 10
-16.10175388554255
 20
1.213927768479006
 42
0.0
 10
-19.36564277443144
 20
1.213927768479006
 42
0.8888888888888873
 10
-19.36564277443144
 20
-1.136072231520991
 42
0.0
 10
-16.10175388554254
 20
-1.136072231520987
 42
-0.1111111111111106
 97
        0
 92
        7
 72
     1
 73
     1
 93
       14
 10
-11.36204881233853
 20
2.911149990701737
 42
0.0
 10
-4.683161640971832
 20
2.911149990701996
 42
-0.057558587261099
 10
-4.564116577129638
 20
2.897400306733786
 42
-0.7929182562563521
 10
-4.564116577139849
 20
1.227677452445753
 42
-0.0575585872561135
 10
-4.683161640971732
 20
1.21392776847901
 42
0.0
 10
-13.39334849004398
 20
1.213927768479617
 42
0.1939147573995261
 10
-13.39334849004318
 20
-1.136072231520991
 42
0.0
 10
-4.743420552209215
 20
-1.136072231520991
 42
1.071754271161691
 10
-4.743420552209215
 20
5.26114999070123
 42
0.0
 10
-11.86520449236982
 20
5.261149990702183
 42
0.0659386705931634
 10
-12.27306911128352
 20
5.207127002196301
 42
0.2784029190242539
 10
-16.10175388554237
 20
1.213927768479809
 42
0.0
 10
-13.39334849004398
 20
1.213927768479621
 42
-0.1491631919192471
 10
-12.2407439626433
 20
2.64153354561618
 42
-0.1499681928522188
 97
        0
 75
     0
 76
     1
 47
0.0816081076928737
 98
        4
 10
8.271590484632142
 20
1.633669382846825
 10
2.547746795326517
 20
-3.181208964050277
 10
-17.5674751462039
 20
-0.2433170849583845
 10
-13.96963058314772
 20
2.69457479413348
450
        0
451
        0
460
0.0
461
0.0
452
        0
462
0.0
453
        0
470

1001
ACAD
1010
0.0
1020
0.0
1030
0.0
  0
POLYLINE
  5
1164
330
1154
100
AcDbEntity
  8
0
100
AcDb2dPolyline
 66
     1
 10
0.0
 20
0.0
 30
0.0
 70
     1
  0
VERTEX
  5
1165
330
1164
100
AcDbEntity
  8
0
100
AcDbVertex
100
AcDb2dVertex
 10
14.19642449558027
 20
2.998798575687182
 30
0.0
 42
-0.1307849617699337
  0
VERTEX
  5
1166
330
1164
100
AcDbEntity
  8
0
100
AcDbVertex
100
AcDb2dVertex
 10
13.93685773473839
 20
2.929722186557416
 30
0.0
  0
VERTEX
  5
1167
330
1164
100
AcDbEntity
  8
0
100
AcDbVertex
100
AcDb2dVertex
 10
12.62751094235613
 20
2.929722186557416
 30
0.0
 42
0.1989123673796159
  0
VERTEX
  5
1168
330
1164
100
AcDbEntity
  8
0
100
AcDbVertex
100
AcDb2dVertex
 10
9.304109070779979
 20
1.553124058134752
 30
0.0
  0
VERTEX
  5
1169
330
1164
100
AcDbEntity
  8
0
100
AcDbVertex
100
AcDb2dVertex
 10
7.789912781123881
 20
0.0389277684790059
 30
0.0
  0
VERTEX
  5
116A
330
1164
100
AcDbEntity
  8
0
100
AcDbVertex
100
AcDb2dVertex
 10
5.962135003346269
 20
1.866705546257062
 30
0.0
  0
VERTEX
  5
116B
330
1164
100
AcDbEntity
  8
0
100
AcDbVertex
100
AcDb2dVertex
 10
7.888208110805869
 20
3.792778653716673
 30
0.0
 42
-0.198912367379624
  0
VERTEX
  5
116C
330
1164
100
AcDbEntity
  8
0
100
AcDbVertex
100
AcDb2dVertex
 10
11.43317010715378
 20
5.261149990701703
 30
0.0
  0
VERTEX
  5
116D
330
1164
100
AcDbEntity
  8
0
100
AcDbVertex
100
AcDb2dVertex
 10
13.9581907729968
 20
5.261149990701703
 30
0.0
 42
-0.1392232934978381
  0
VERTEX
  5
116E
330
1164
100
AcDbEntity
  8
0
100
AcDbVertex
100
AcDb2dVertex
 10
14.23263349950495
 20
5.183221859490345
 30
0.0
 42
-0.5686079761212879
  0
SEQEND
  5
116F
330
1164
100
AcDbEntity
  8
0
  0
POLYLINE
  5
1170
330
1154
100
AcDbEntity
  8
0
100
AcDb2dPolyline
 66
     1
 10
0.0
 20
0.0
 30
0.0
 70
     1
  0
VERTEX
  5
1171
330
1170
100
AcDbEntity
  8
0
100
AcDbVertex
100
AcDb2dVertex
 10
7.789912781123881
 20
0.0389277684790059
 30
0.0
  0
VERTEX
  5
1172
330
1170
100
AcDbEntity
  8
0
100
AcDbVertex
100
AcDb2dVertex
 10
9.744402917729097
 20
-1.915562368126678
 30
0.0
 42
0.1989123673796783
  0
VERTEX
  5
1173
330
1170
100
AcDbEntity
  8
0
100
AcDbVertex
100
AcDb2dVertex
 10
11.96000416544708
 20
-2.833294453742261
 30
0.0
  0
VERTEX
  5
1174
330
1170
100
AcDbEntity
  8
0
100
AcDbVertex
100
AcDb2dVertex
 10
13.89882244722792
 20
-2.833294453742261
 30
0.0
 42
-0.1137896330351633
  0
VERTEX
  5
1175
330
1170
100
AcDbEntity
  8
0
100
AcDbVertex
100
AcDb2dVertex
 10
14.12747900555343
 20
-2.886014569826048
 30
0.0
 42
-0.6043190587532347
  0
VERTEX
  5
1176
330
1170
100
AcDbEntity
  8
0
100
AcDbVertex
100
AcDb2dVertex
 10
14.19530503371573
 20
-5.115808595966633
 30
0.0
 42
-0.1292187291597539
  0
VERTEX
  5
1177
330
1170
100
AcDbEntity
  8
0
100
AcDbVertex
100
AcDb2dVertex
 10
13.93853492596422
 20
-5.183294453744643
 30
0.0
  0
VERTEX
  5
1178
330
1170
100
AcDbEntity
  8
0
100
AcDbVertex
100
AcDb2dVertex
 10
11.43317010715388
 20
-5.183294453743691
 30
0.0
 42
-0.198912367379553
  0
VERTEX
  5
1179
330
1170
100
AcDbEntity
  8
0
100
AcDbVertex
100
AcDb2dVertex
 10
7.888208110807184
 20
-3.714923116759131
 30
0.0
  0
VERTEX
  5
117A
330
1170
100
AcDbEntity
  8
0
100
AcDbVertex
100
AcDb2dVertex
 10
5.962135003346347
 20
-1.788850009298769
 30
0.0
  0
SEQEND
  5
117B
330
1170
100
AcDbEntity
  8
0
  0
HATCH
  5
117C
330
1154
100
AcDbEntity
  8
0
100
AcDbHatch
 10
0.0
 20
0.0
 30
0.0
210
0.0
220
0.0
230
1.0
  2
SOLID
 70
     1
 71
     0
 91
        2
 92
        7
 72
     0
 73
     1
 93
        4
 10
5.962135003345984
 20
1.866705546256785
 10
4.134357225568095
 20
0.038927768478878
 10
5.962135003346347
 20
-1.788850009298773
 10
7.789912781123952
 20
0.0389277684790699
 97
        0
 92
        7
 72
     1
 73
     1
 93
        4
 10
-13.39334849004398
 20
1.213927768479621
 42
0.0
 10
-16.10175388554237
 20
1.213927768479809
 42
0.1111111111111884
 10
-16.10175388554254
 20
-1.136072231520987
 42
0.0
 10
-13.39334849004318
 20
-1.136072231520987
 42
-0.1939147573995261
 97
        0
 75
     0
 76
     1
 47
0.0574279268759952
 98
        2
 10
6.751288828092114
 20
0.3453253699839891
 10
-14.88423434163589
 20
-0.0566701100891791
450
        0
451
        0
460
0.0
461
0.0
452
        0
462
0.0
453
        0
470

1001
ACAD
1010
0.0
1020
0.0
1030
0.0
  0
POLYLINE
  5
117D
330
1154
100
AcDbEntity
  8
0
100
AcDb2dPolyline
 66
     1
 10
0.0
 20
0.0
 30
0.0
 70
     1
  0
VERTEX
  5
117E
330
117D
100
AcDbEntity
  8
0
100
AcDbVertex
100
AcDb2dVertex
 10
-19.36564277443144
 20
-1.136072231520991
 30
0.0
 42
-0.8888888888888889
  0
VERTEX
  5
117F
330
117D
100
AcDbEntity
  8
0
100
AcDbVertex
100
AcDb2dVertex
 10
-19.36564277443144
 20
1.213927768479006
 30
0.0
  0
VERTEX
  5
1180
330
117D
100
AcDbEntity
  8
0
100
AcDbVertex
100
AcDb2dVertex
 10
-16.10175388554255
 20
1.213927768479006
 30
0.0
 42
0.1111111111111495
  0
VERTEX
  5
1181
330
117D
100
AcDbEntity
  8
0
100
AcDbVertex
100
AcDb2dVertex
 10
-16.10175388554254
 20
-1.136072231520987
 30
0.0
  0
SEQEND
  5
1182
330
117D
100
AcDbEntity
  8
0
  0
POLYLINE
  5
1183
330
1154
100
AcDbEntity
  8
0
100
AcDb2dPolyline
 66
     1
 10
0.0
 20
0.0
 30
0.0
 70
     1
  0
VERTEX
  5
1184
330
1183
100
AcDbEntity
  8
0
100
AcDbVertex
100
AcDb2dVertex
 10
5.962135003346347
 20
-1.788850009298769
 30
0.0
  0
VERTEX
  5
1185
330
1183
100
AcDbEntity
  8
0
100
AcDbVertex
100
AcDb2dVertex
 10
3.944288687325745
 20
-3.806696325319599
 30
0.0
 42
-0.198912367379658
  0
VERTEX
  5
1186
330
1183
100
AcDbEntity
  8
0
100
AcDbVertex
100
AcDb2dVertex
 10
0.6208868157490102
 20
-5.183294453742739
 30
0.0
  0
VERTEX
  5
1187
330
1183
100
AcDbEntity
  8
0
100
AcDbVertex
100
AcDb2dVertex
 10
-11.86520449236982
 20
-5.183294453743215
 30
0.0
 42
-0.0659386705931795
  0
VERTEX
  5
1188
330
1183
100
AcDbEntity
  8
0
100
AcDbVertex
100
AcDb2dVertex
 10
-12.27306911128685
 20
-5.129271465237337
 30
0.0
 42
-0.2784029190241215
  0
VERTEX
  5
1189
330
1183
100
AcDbEntity
  8
0
100
AcDbVertex
100
AcDb2dVertex
 10
-16.10175388554254
 20
-1.136072231520991
 30
0.0
  0
VERTEX
  5
118A
330
1183
100
AcDbEntity
  8
0
100
AcDbVertex
100
AcDb2dVertex
 10
-13.39334849004341
 20
-1.136072231520991
 30
0.0
 42
0.1491631919431261
  0
VERTEX
  5
118B
330
1183
100
AcDbEntity
  8
0
100
AcDbVertex
100
AcDb2dVertex
 10
-12.24074396239957
 20
-2.563678008822297
 30
0.0
 42
0.1499681928284316
  0
VERTEX
  5
118C
330
1183
100
AcDbEntity
  8
0
100
AcDbVertex
100
AcDb2dVertex
 10
-11.3620488121904
 20
-2.833294453742741
 30
0.0
  0
VERTEX
  5
118D
330
1183
100
AcDbEntity
  8
0
100
AcDbVertex
100
AcDb2dVertex
 10
-0.684668739806078
 20
-2.833294453742261
 30
0.0
 42
0.1989123673796836
  0
VERTEX
  5
118E
330
1183
100
AcDbEntity
  8
0
100
AcDbVertex
100
AcDb2dVertex
 10
2.638733131771026
 20
-1.456696325318649
 30
0.0
  0
VERTEX
  5
118F
330
1183
100
AcDbEntity
  8
0
100
AcDbVertex
100
AcDb2dVertex
 10
4.134357225567967
 20
0.0389277684790095
 30
0.0
  0
SEQEND
  5
1190
330
1183
100
AcDbEntity
  8
0
  0
POLYLINE
  5
1191
330
1154
100
AcDbEntity
  8
0
100
AcDb2dPolyline
 66
     1
 10
0.0
 20
0.0
 30
0.0
  0
VERTEX
  5
1192
330
1191
100
AcDbEntity
  8
0
100
AcDbVertex
100
AcDb2dVertex
 10
-11.36204881219097
 20
2.911149990702945
 30
0.0
 42
0.149968192828432
  0
VERTEX
  5
1193
330
1191
100
AcDbEntity
  8
0
100
AcDbVertex
100
AcDb2dVertex
 10
-12.24074396240013
 20
2.641533545780919
 30
0.0
 42
0.1491631919431257
  0
VERTEX
  5
1194
330
1191
100
AcDbEntity
  8
0
100
AcDbVertex
100
AcDb2dVertex
 10
-13.39334849004398
 20
1.213927768479617
 30
0.0
 42
0.1939147573995262
  0
VERTEX
  5
1195
330
1191
100
AcDbEntity
  8
0
100
AcDbVertex
100
AcDb2dVertex
 10
-13.39334849004318
 20
-1.136072231520991
 30
0.0
  0
VERTEX
  5
1196
330
1191
100
AcDbEntity
  8
0
100
AcDbVertex
100
AcDb2dVertex
 10
-4.743420552209215
 20
-1.136072231520991
 30
0.0
 42
1.071754271161691
  0
VERTEX
  5
1197
330
1191
100
AcDbEntity
  8
0
100
AcDbVertex
100
AcDb2dVertex
 10
-4.743420552209215
 20
5.26114999070123
 30
0.0
  0
VERTEX
  5
1198
330
1191
100
AcDbEntity
  8
0
100
AcDbVertex
100
AcDb2dVertex
 10
-11.86520449236982
 20
5.261149990702183
 30
0.0
 42
0.0659386705931634
  0
VERTEX
  5
1199
330
1191
100
AcDbEntity
  8
0
100
AcDbVertex
100
AcDb2dVertex
 10
-12.27306911128352
 20
5.207127002196301
 30
0.0
 42
0.2784029190242541
  0
VERTEX
  5
119A
330
1191
100
AcDbEntity
  8
0
100
AcDbVertex
100
AcDb2dVertex
 10
-16.10175388554237
 20
1.213927768479805
 30
0.0
  0
VERTEX
  5
119B
330
1191
100
AcDbEntity
  8
0
100
AcDbVertex
100
AcDb2dVertex
 10
-13.39334849004398
 20
1.213927768479617
 30
0.0
  0
VERTEX
  5
119C
330
1191
100
AcDbEntity
  8
0
100
AcDbVertex
100
AcDb2dVertex
 10
-4.683161640971732
 20
1.21392776847901
 30
0.0
 42
0.0575585872562081
  0
VERTEX
  5
119D
330
1191
100
AcDbEntity
  8
0
100
AcDbVertex
100
AcDb2dVertex
 10
-4.564116577139657
 20
1.227677452445796
 30
0.0
 42
0.7929182562611419
  0
VERTEX
  5
119E
330
1191
100
AcDbEntity
  8
0
100
AcDbVertex
100
AcDb2dVertex
 10
-4.564116577139643
 20
2.89740030673613
 30
0.0
 42
0.0575585872561638
  0
VERTEX
  5
119F
330
1191
100
AcDbEntity
  8
0
100
AcDbVertex
100
AcDb2dVertex
 10
-4.683161640971832
 20
2.911149990701996
 30
0.0
  0
VERTEX
  5
11A0
330
1191
100
AcDbEntity
  8
0
100
AcDbVertex
100
AcDb2dVertex
 10
-11.36204881234111
 20
2.911149990701737
 30
0.0
  0
SEQEND
  5
11A1
330
1191
100
AcDbEntity
  8
0
  0
HATCH
  5
11A2
330
1154
100
AcDbEntity
  8
0
100
AcDbHatch
 10
0.0
 20
0.0
 30
0.0
210
0.0
220
0.0
230
1.0
  2
SOLID
 70
     1
 71
     0
 91
       12
 92
        1
 93
       17
 72
     1
 10
55.90553287691766
 20
2.496098316366399
 11
56.85552189184581
 21
2.496098316366445
 72
     1
 10
56.85552189184581
 20
2.496098316366445
 11
56.85552189184592
 21
0.0921545761853615
 72
     2
 10
58.53363057762468
 20
0.0921545761854393
 40
1.678108685778759
 50
180.0000000000026
 51
195.4083540198517
 73
     1
 72
     2
 10
58.47394244906947
 20
0.0757043629413708
 40
1.616195179932309
 50
195.408354019852
 51
211.4069923032628
 73
     1
 72
     2
 10
62.72740815851297
 20
2.672743468727948
 40
6.599826652904243
 50
211.4069923032628
 51
220.884619074014
 73
     1
 72
     2
 10
62.65632922919535
 20
2.61120635935723
 40
6.505810537144002
 50
220.8846190740139
 51
230.4986055729279
 73
     1
 72
     1
 10
58.51800266797031
 20
-2.408736271577236
 11
57.94523708654082
 21
-3.232545142195341
 72
     2
 10
62.63997685430595
 20
2.476487192741992
 40
7.391456668911439
 50
129.4316732348452
 51
138.6291980668634
 73
     0
 72
     2
 10
62.8612407282694
 20
2.671717853347373
 40
7.686537407580804
 50
138.6271807918234
 51
147.4716188692102
 73
     0
 72
     2
 10
49.89982302886737
 20
2.671711092267167
 40
7.686526193707074
 50
32.52837466638702
 51
41.37282567260753
 73
     0
 72
     2
 10
50.12107005378402
 20
2.476495324059811
 40
7.391467942165786
 50
41.37080896213958
 51
50.56831973614829
 73
     0
 72
     1
 10
54.81581768222331
 20
-3.232545142194403
 11
54.24305210079449
 21
-2.408736271575762
 72
     2
 10
50.16623946446955
 20
2.548189157142522
 40
6.418061309895113
 50
309.4355142588529
 51
319.1812610942183
 73
     1
 72
     2
 10
49.96136727208684
 20
2.725539031690739
 40
6.689032726803259
 50
319.1787201534786
 51
328.529668469246
 73
     1
 72
     2
 10
54.2901842034738
 20
0.0743745516665368
 40
1.612880450692432
 50
328.5764598147939
 51
344.6081938620856
 73
     1
 72
     2
 10
54.23147034857182
 20
0.0916072138674231
 40
1.674062617830531
 50
344.5729121819099
 51
360.0187337982127
 73
     1
 72
     1
 10
55.90553287691779
 20
0.092154576186001
 11
55.90553287691779
 21
2.496098316366399
 97
        0
 92
        1
 93
       13
 72
     2
 10
22.07066925838875
 20
-0.0960583075494551
 40
1.772766443835169
 50
308.1934624430562
 51
359.6553138609676
 73
     0
 72
     2
 10
21.98752086475434
 20
-0.0364331684614537
 40
1.856528462969701
 50
1.511180576924571
 51
91.3609867067886
 73
     0
 72
     2
 10
21.89882706649707
 20
-0.0369623053811107
 40
1.856011500010981
 50
88.62309402395528
 51
178.5047386923755
 73
     0
 72
     2
 10
21.81624874840013
 20
-0.0960910072229415
 40
1.772833459952195
 50
180.3457299412445
 51
231.8054937547342
 73
     0
 72
     1
 10
20.72004724334094
 20
1.297207502441104
 11
20.04344756338069
 21
1.297207502441104
 72
     1
 10
20.04344756338069
 20
1.297207502441104
 11
20.04344756338068
 21
2.108874533108121
 72
     1
 10
20.04344756338068
 20
2.108874533108121
 11
21.46843108577289
 21
2.108874533108121
 72
     1
 10
21.46843108577289
 20
2.108874533108121
 11
21.4684310857729
 21
2.754247505206038
 72
     1
 10
21.4684310857729
 20
2.754247505206038
 11
22.41842010070103
 21
2.754247505206038
 72
     1
 10
22.41842010070103
 20
2.754247505206038
 11
22.41842010070103
 21
2.108874533108121
 72
     1
 10
22.41842010070103
 20
2.108874533108121
 11
23.84340362309323
 21
2.108874533108121
 72
     1
 10
23.84340362309323
 20
2.108874533108121
 11
23.84340362309322
 21
1.297207502441104
 72
     1
 10
23.84340362309322
 20
1.297207502441104
 11
23.16680394313298
 21
1.297207502441104
 97
        0
 92
        1
 93
        8
 72
     1
 10
60.65547795155814
 20
0.172755616815305
 11
60.65547795155814
 21
-0.601691949703131
 72
     1
 10
60.65547795155814
 20
-0.601691949703131
 11
59.94298619036236
 21
-0.601691949703131
 72
     1
 10
59.94298619036236
 20
-0.601691949703131
 11
59.94298619036247
 21
-5.248377348808134
 72
     1
 10
59.94298619036247
 20
-5.248377348808134
 11
58.99299717543421
 21
-5.248377348808617
 72
     1
 10
58.99299717543421
 20
-5.248377348808617
 11
58.99299717543411
 21
2.496098316366868
 72
     1
 10
58.99299717543411
 20
2.496098316366868
 11
59.94298619036225
 21
2.496098316366868
 72
     1
 10
59.94298619036225
 20
2.496098316366868
 11
59.94298619036236
 21
0.172755616815305
 72
     1
 10
59.94298619036236
 20
0.172755616815305
 11
60.65547795155814
 21
0.172755616815305
 97
        0
 92
        1
 93
       16
 72
     1
 10
48.0681235037611
 20
2.496098316365891
 11
48.0681235037611
 21
1.72165074984937
 72
     1
 10
48.0681235037611
 20
1.72165074984937
 11
51.86807956347353
 21
1.72165074984937
 72
     1
 10
51.86807956347353
 20
1.72165074984937
 11
51.86807956347343
 21
-0.8598411385413626
 72
     1
 10
51.86807956347343
 20
-0.8598411385413626
 11
50.44309604108143
 21
-0.8598411385423005
 72
     1
 10
50.44309604108143
 20
-0.8598411385423005
 11
50.44309604108143
 21
0.6890539944927028
 72
     1
 10
50.44309604108143
 20
0.6890539944927028
 11
49.4931070261532
 21
0.6890539944927028
 72
     1
 10
49.4931070261532
 20
0.6890539944927028
 11
49.49310702615358
 21
-0.8598411385418245
 72
     1
 10
49.49310702615358
 20
-0.8598411385418245
 11
47.59312899629692
 21
-0.859841138541828
 72
     1
 10
47.59312899629692
 20
-0.859841138541828
 11
47.59312899629681
 21
-1.634288705059802
 72
     1
 10
47.59312899629681
 20
-1.634288705059802
 11
53.29306308586573
 21
-1.634288705059802
 72
     1
 10
53.29306308586573
 20
-1.634288705059802
 11
53.29306308586573
 21
-0.8598411385413626
 72
     1
 10
53.29306308586573
 20
-0.8598411385413626
 11
52.81806857840155
 21
-0.8598411385413236
 72
     1
 10
52.81806857840155
 20
-0.8598411385413236
 11
52.81806857840178
 21
1.979799938688486
 72
     2
 10
52.26887129235888
 20
1.979799938688531
 40
0.5491972860428973
 50
359.9999999999953
 51
400.6008038990671
 73
     1
 72
     2
 10
52.34038266447658
 20
2.041094338003921
 40
0.4550119382992584
 50
40.60080389906704
 51
89.66109212214847
 73
     1
 72
     1
 10
52.3430740709377
 20
2.496098316366868
 11
48.0681235037611
 21
2.496098316367497
 97
        0
 92
        1
 93
       24
 72
     1
 10
41.41820039926384
 20
2.496098316366868
 11
41.41820039926393
 21
1.721650749848897
 72
     1
 10
41.41820039926393
 20
1.721650749848897
 11
45.21815645897638
 21
1.721650749848897
 72
     1
 10
45.21815645897638
 20
1.721650749848897
 11
45.21815645897638
 21
0.4309048056535368
 72
     1
 10
45.21815645897638
 20
0.4309048056535368
 11
41.41820039926384
 21
0.4309048056535368
 72
     1
 10
41.41820039926384
 20
0.4309048056535368
 11
41.41820039926393
 21
-1.634288705060271
 72
     2
 10
41.96739768530686
 20
-1.634288705060243
 40
0.5491972860429258
 50
180.0000000000028
 51
220.6008038990638
 73
     1
 72
     2
 10
41.89588631318915
 20
-1.695583104375643
 40
0.4550119382992751
 50
220.6008038990626
 51
269.6610921221457
 73
     1
 72
     1
 10
41.89319490672801
 20
-2.150587082738606
 11
43.31817842911999
 21
-2.150587082738606
 72
     1
 10
43.31817842911999
 20
-2.150587082738606
 11
43.31817842912011
 21
-3.957631404610424
 72
     1
 10
43.31817842912011
 20
-3.957631404610424
 11
40.94320589179997
 21
-3.957631404610424
 72
     1
 10
40.94320589179997
 20
-3.957631404610424
 11
40.94320589179997
 21
-4.732078971128871
 72
     1
 10
40.94320589179997
 20
-4.732078971128871
 11
46.64313998136878
 21
-4.732078971128871
 72
     1
 10
46.64313998136878
 20
-4.732078971128871
 11
46.64313998136893
 21
-3.957631404610896
 72
     1
 10
46.64313998136893
 20
-3.957631404610896
 11
44.26816744404802
 21
-3.957631404609955
 72
     1
 10
44.26816744404802
 20
-3.957631404609955
 11
44.26816744404757
 21
-2.150587082738606
 72
     1
 10
44.26816744404757
 20
-2.150587082738606
 11
46.1681454739045
 21
-2.150587082738134
 72
     1
 10
46.1681454739045
 20
-2.150587082738134
 11
46.1681454739045
 21
-1.376139516220632
 72
     1
 10
46.1681454739045
 20
-1.376139516220632
 11
42.36818941419208
 21
-1.376139516220163
 72
     1
 10
42.36818941419208
 20
-1.376139516220163
 11
42.36818941419208
 21
-0.3435427608644339
 72
     1
 10
42.36818941419208
 20
-0.3435427608644339
 11
46.1681454739045
 21
-0.343542760863965
 72
     1
 10
46.1681454739045
 20
-0.343542760863965
 11
46.16814547390461
 21
1.979799938688511
 72
     2
 10
45.6189481878617
 20
1.979799938688538
 40
0.5491972860429116
 50
359.9999999999972
 51
400.6008038990619
 73
     1
 72
     2
 10
45.69045955997943
 20
2.041094338003941
 40
0.4550119382992425
 50
40.60080389906198
 51
89.66109212214488
 73
     1
 72
     1
 10
45.69315096644058
 20
2.496098316366872
 11
41.41820039926384
 21
2.496098316366868
 97
        0
 92
        1
 93
       18
 72
     1
 10
39.51822236940757
 20
2.496098316366868
 11
34.76827729476689
 21
2.496098316366868
 72
     1
 10
34.76827729476689
 20
2.496098316366868
 11
34.76827729476689
 21
-1.117990327381935
 72
     2
 10
35.31747458080943
 20
-1.117990327381935
 40
0.549197286042535
 50
180.0
 51
220.6008038990902
 73
     1
 72
     2
 10
35.24596320869247
 20
-1.179284726696737
 40
0.4550119382998447
 50
220.60080389909
 51
269.6610921221131
 73
     1
 72
     1
 10
35.24327180223107
 20
-1.634288705060271
 11
36.66825532462316
 21
-1.634288705060342
 72
     1
 10
36.66825532462316
 20
-1.634288705060342
 11
36.66825532462363
 21
-3.957631404610424
 72
     1
 10
36.66825532462363
 20
-3.957631404610424
 11
34.29328278730304
 21
-3.957631404610896
 72
     1
 10
34.29328278730304
 20
-3.957631404610896
 11
34.29328278730292
 21
-4.732078971128871
 72
     1
 10
34.29328278730292
 20
-4.732078971128871
 11
39.99321687687187
 21
-4.732078971129809
 72
     1
 10
39.99321687687187
 20
-4.732078971129809
 11
39.99321687687187
 21
-3.957631404610896
 72
     1
 10
39.99321687687187
 20
-3.957631404610896
 11
37.61824433955118
 21
-3.957631404610793
 72
     1
 10
37.61824433955118
 20
-3.957631404610793
 11
37.61824433955128
 21
-1.634288705060271
 72
     1
 10
37.61824433955128
 20
-1.634288705060271
 11
39.5182223694077
 21
-1.634288705059802
 72
     1
 10
39.5182223694077
 20
-1.634288705059802
 11
39.5182223694078
 21
-0.8598411385423005
 72
     1
 10
39.5182223694078
 20
-0.8598411385423005
 11
35.71826630969503
 21
-0.8598411385423005
 72
     1
 10
35.71826630969503
 20
-0.8598411385423005
 11
35.71826630969503
 21
1.721650749848897
 72
     1
 10
35.71826630969503
 20
1.721650749848897
 11
39.51822236940746
 21
1.72165074984937
 72
     1
 10
39.51822236940746
 20
1.72165074984937
 11
39.51822236940746
 21
2.496098316366868
 97
        0
 92
        1
 93
       22
 72
     1
 10
31.9183102499825
 20
-5.248377348808617
 11
32.86829926491062
 21
-5.248377348808617
 72
     1
 10
32.86829926491062
 20
-5.248377348808617
 11
32.86829926491062
 21
-2.408736271577303
 72
     1
 10
32.86829926491062
 20
-2.408736271577303
 11
30.96832123505435
 21
-2.408736271577303
 72
     1
 10
30.96832123505435
 20
-2.408736271577303
 11
30.96832123505409
 21
-1.117990327381935
 72
     1
 10
30.96832123505409
 20
-1.117990327381935
 11
33.3432937723747
 21
-1.117990327381935
 72
     1
 10
33.3432937723747
 20
-1.117990327381935
 11
33.34329377237468
 21
-0.343542760863965
 72
     1
 10
33.34329377237468
 20
-0.343542760863965
 11
32.86829926491062
 21
-0.343542760863965
 72
     1
 10
32.86829926491062
 20
-0.343542760863965
 11
32.86829926491062
 21
1.979799938688511
 72
     2
 10
32.31910197886764
 20
1.979799938688512
 40
0.5491972860429826
 50
360.0
 51
400.6008038990592
 73
     1
 72
     2
 10
32.39061335098546
 20
2.041094338003988
 40
0.4550119382991955
 50
40.60080389905918
 51
89.66109212214753
 73
     1
 72
     1
 10
32.39330475744659
 20
2.496098316366872
 11
27.88085693653791
 21
2.496098316366868
 72
     1
 10
27.88085693653791
 20
2.496098316366868
 11
27.8808569365377
 21
1.721650749848897
 72
     1
 10
27.8808569365377
 20
1.721650749848897
 11
31.9183102499825
 21
1.72165074984937
 72
     1
 10
31.9183102499825
 20
1.72165074984937
 11
31.9183102499825
 21
-0.343542760863965
 72
     1
 10
31.9183102499825
 20
-0.343542760863965
 11
27.40586242907364
 21
-0.343542760863965
 72
     1
 10
27.40586242907364
 20
-0.343542760863965
 11
27.40586242907364
 21
-1.11799032738147
 72
     1
 10
27.40586242907364
 20
-1.11799032738147
 11
30.01833222012621
 21
-1.117990327381935
 72
     1
 10
30.01833222012621
 20
-1.117990327381935
 11
30.01833222012621
 21
-2.408736271577772
 72
     1
 10
30.01833222012621
 20
-2.408736271577772
 11
27.88085693653783
 21
-2.408736271577772
 72
     1
 10
27.88085693653783
 20
-2.408736271577772
 11
27.88085693653781
 21
-3.183183838095274
 72
     1
 10
27.88085693653781
 20
-3.183183838095274
 11
31.9183102499825
 21
-3.183183838095274
 72
     1
 10
31.9183102499825
 20
-3.183183838095274
 11
31.9183102499825
 21
-5.248377348808617
 97
        0
 92
        1
 93
        8
 72
     1
 10
25.7433816529495
 20
-5.248377348808617
 11
21.46843108577295
 21
-5.248377348808141
 72
     2
 10
21.468431085773
 20
-4.799179719589938
 40
0.4491976292182028
 50
90.00000000000682
 51
139.7381039787769
 73
     0
 72
     2
 10
21.55155841230062
 20
-4.728777609424231
 40
0.5581315978937866
 50
139.7381039787764
 51
179.6610921221533
 73
     0
 72
     2
 10
195.5622497713534
 20
-3.699482215773768
 40
174.5718671369681
 50
179.6610921221535
 51
180.3389078778469
 73
     0
 72
     1
 10
20.99343657830883
 20
-2.66688546041647
 11
21.94342559323697
 21
-2.66688546041647
 72
     1
 10
21.94342559323697
 20
-2.66688546041647
 11
21.94342559323697
 21
-4.473929782290639
 72
     1
 10
21.94342559323697
 20
-4.473929782290639
 11
25.7433816529495
 21
-4.473929782290639
 72
     1
 10
25.7433816529495
 20
-4.473929782290639
 11
25.7433816529495
 21
-5.248377348808617
 97
        0
 92
       16
 93
        1
 72
     3
 10
50.60385872541271
 20
-3.769494308227308
 11
-1.110875729177891
 21
0.0000000000000287
 40
0.8665097612807381
 50
0.0
 51
360.0
 73
     1
 97
        0
 92
        1
 93
        1
 72
     3
 10
50.60385872364095
 20
-3.769494308227308
 11
2.060740712415878
 21
0.0000000000000592
 40
0.8429164421096036
 50
0.0
 51
360.0
 73
     0
 97
        0
 92
        1
 93
        8
 72
     1
 10
26.4558734141455
 20
0.4309048056535368
 11
26.4558734141455
 21
-0.343542760863965
 72
     1
 10
26.4558734141455
 20
-0.343542760863965
 11
25.74338165294929
 21
-0.343542760863965
 72
     1
 10
25.74338165294929
 20
-0.343542760863965
 11
25.74338165294939
 21
-3.183183838095274
 72
     1
 10
25.74338165294939
 20
-3.183183838095274
 11
24.67464401115513
 21
-3.183183838094805
 72
     1
 10
24.67464401115513
 20
-3.183183838094805
 11
24.67464401115513
 21
2.496098316366868
 72
     1
 10
24.67464401115513
 20
2.496098316366868
 11
25.74338165294939
 21
2.496098316366868
 72
     1
 10
25.74338165294939
 20
2.496098316366868
 11
25.7433816529495
 21
0.4309048056535368
 72
     1
 10
25.7433816529495
 20
0.4309048056535368
 11
26.4558734141455
 21
0.4309048056535368
 97
        0
 92
       16
 93
        1
 72
     3
 10
21.94342559323697
 20
-0.0853935720247989
 11
0.0000000000000074
 21
1.223429116448233
 40
0.7764969806228509
 50
0.0
 51
360.0
 73
     0
 97
        0
 75
     0
 76
     1
 98
        1
 10
-37.61099281862967
 20
25.74197808915091
450
        0
451
        0
460
0.0
461
0.0
452
        0
462
0.0
453
        0
470

1001
ACAD
1010
0.0
1020
0.0
1030
0.0
  0
ELLIPSE
  5
11A3
330
1154
100
AcDbEntity
  8
0
100
AcDbEllipse
 10
21.94342559323697
 20
-0.0853935720247989
 30
0.0
 11
0.0000000000000074
 21
1.223429116448233
 31
0.0
210
0.0
220
0.0
230
-1.0
 40
0.7764969806228509
 41
3.141592653589785
 42
9.424777960769372
  0
POLYLINE
  5
11A4
330
1154
100
AcDbEntity
  8
0
100
AcDb2dPolyline
 66
     1
 10
0.0
 20
0.0
 30
0.0
 70
     1
  0
VERTEX
  5
11A5
330
11A4
100
AcDbEntity
  8
0
100
AcDbVertex
100
AcDb2dVertex
 10
26.4558734141455
 20
0.4309048056535368
 30
0.0
  0
VERTEX
  5
11A6
330
11A4
100
AcDbEntity
  8
0
100
AcDbVertex
100
AcDb2dVertex
 10
26.4558734141455
 20
-0.343542760863965
 30
0.0
  0
VERTEX
  5
11A7
330
11A4
100
AcDbEntity
  8
0
100
AcDbVertex
100
AcDb2dVertex
 10
25.74338165294929
 20
-0.343542760863965
 30
0.0
  0
VERTEX
  5
11A8
330
11A4
100
AcDbEntity
  8
0
100
AcDbVertex
100
AcDb2dVertex
 10
25.74338165294939
 20
-3.183183838095274
 30
0.0
  0
VERTEX
  5
11A9
330
11A4
100
AcDbEntity
  8
0
100
AcDbVertex
100
AcDb2dVertex
 10
24.67464401115513
 20
-3.183183838094805
 30
0.0
  0
VERTEX
  5
11AA
330
11A4
100
AcDbEntity
  8
0
100
AcDbVertex
100
AcDb2dVertex
 10
24.67464401115513
 20
2.496098316366868
 30
0.0
  0
VERTEX
  5
11AB
330
11A4
100
AcDbEntity
  8
0
100
AcDbVertex
100
AcDb2dVertex
 10
25.74338165294939
 20
2.496098316366868
 30
0.0
  0
VERTEX
  5
11AC
330
11A4
100
AcDbEntity
  8
0
100
AcDbVertex
100
AcDb2dVertex
 10
25.7433816529495
 20
0.4309048056535368
 30
0.0
  0
SEQEND
  5
11AD
330
11A4
100
AcDbEntity
  8
0
  0
ELLIPSE
  5
11AE
330
1154
100
AcDbEntity
  8
0
100
AcDbEllipse
 10
50.60385872364095
 20
-3.769494308227308
 30
0.0
 11
2.060740712415878
 21
0.0000000000000592
 31
0.0
210
0.0
220
0.0
230
-1.0
 40
0.8429164421096036
 41
0.0000000000000338
 42
6.283185307179619
  0
ELLIPSE
  5
11AF
330
1154
100
AcDbEntity
  8
0
100
AcDbEllipse
 10
50.60385872541271
 20
-3.769494308227308
 30
0.0
 11
-1.110875729177891
 21
0.0000000000000287
 31
0.0
210
0.0
220
0.0
230
1.0
 40
0.8665097612807381
 41
0.0000000000000295
 42
6.283185307179615
  0
POLYLINE
  5
11B0
330
1154
100
AcDbEntity
  8
0
100
AcDb2dPolyline
 66
     1
 10
0.0
 20
0.0
 30
0.0
  0
VERTEX
  5
11B1
330
11B0
100
AcDbEntity
  8
0
100
AcDbVertex
100
AcDb2dVertex
 10
25.7433816529495
 20
-5.248377348808617
 30
0.0
  0
VERTEX
  5
11B2
330
11B0
100
AcDbEntity
  8
0
100
AcDbVertex
100
AcDb2dVertex
 10
21.46843108577295
 20
-5.248377348808141
 30
0.0
 42
-0.2204960649706699
  0
VERTEX
  5
11B3
330
11B0
100
AcDbEntity
  8
0
100
AcDbVertex
100
AcDb2dVertex
 10
21.12564913764939
 20
-5.089488255695641
 30
0.0
 42
-0.1759805261046493
  0
VERTEX
  5
11B4
330
11B0
100
AcDbEntity
  8
0
100
AcDbVertex
100
AcDb2dVertex
 10
20.99343657830882
 20
-4.732078971129865
 30
0.0
 42
-0.0029575377878644
  0
VERTEX
  5
11B5
330
11B0
100
AcDbEntity
  8
0
100
AcDbVertex
100
AcDb2dVertex
 10
20.99343657830883
 20
-2.66688546041647
 30
0.0
  0
VERTEX
  5
11B6
330
11B0
100
AcDbEntity
  8
0
100
AcDbVertex
100
AcDb2dVertex
 10
21.94342559323697
 20
-2.66688546041647
 30
0.0
  0
VERTEX
  5
11B7
330
11B0
100
AcDbEntity
  8
0
100
AcDbVertex
100
AcDb2dVertex
 10
21.94342559323697
 20
-4.473929782290639
 30
0.0
  0
VERTEX
  5
11B8
330
11B0
100
AcDbEntity
  8
0
100
AcDbVertex
100
AcDb2dVertex
 10
25.7433816529495
 20
-4.473929782290639
 30
0.0
  0
VERTEX
  5
11B9
330
11B0
100
AcDbEntity
  8
0
100
AcDbVertex
100
AcDb2dVertex
 10
25.7433816529495
 20
-5.248377348808617
 30
0.0
  0
SEQEND
  5
11BA
330
11B0
100
AcDbEntity
  8
0
  0
POLYLINE
  5
11BB
330
1154
100
AcDbEntity
  8
0
100
AcDb2dPolyline
 66
     1
 10
0.0
 20
0.0
 30
0.0
  0
VERTEX
  5
11BC
330
11BB
100
AcDbEntity
  8
0
100
AcDbVertex
100
AcDb2dVertex
 10
31.9183102499825
 20
-5.248377348808617
 30
0.0
  0
VERTEX
  5
11BD
330
11BB
100
AcDbEntity
  8
0
100
AcDbVertex
100
AcDb2dVertex
 10
32.86829926491062
 20
-5.248377348808617
 30
0.0
  0
VERTEX
  5
11BE
330
11BB
100
AcDbEntity
  8
0
100
AcDbVertex
100
AcDb2dVertex
 10
32.86829926491062
 20
-2.408736271577303
 30
0.0
  0
VERTEX
  5
11BF
330
11BB
100
AcDbEntity
  8
0
100
AcDbVertex
100
AcDb2dVertex
 10
30.96832123505435
 20
-2.408736271577303
 30
0.0
  0
VERTEX
  5
11C0
330
11BB
100
AcDbEntity
  8
0
100
AcDbVertex
100
AcDb2dVertex
 10
30.96832123505409
 20
-1.117990327381935
 30
0.0
  0
VERTEX
  5
11C1
330
11BB
100
AcDbEntity
  8
0
100
AcDbVertex
100
AcDb2dVertex
 10
33.3432937723747
 20
-1.117990327381935
 30
0.0
  0
VERTEX
  5
11C2
330
11BB
100
AcDbEntity
  8
0
100
AcDbVertex
100
AcDb2dVertex
 10
33.34329377237468
 20
-0.343542760863965
 30
0.0
  0
VERTEX
  5
11C3
330
11BB
100
AcDbEntity
  8
0
100
AcDbVertex
100
AcDb2dVertex
 10
32.86829926491062
 20
-0.343542760863965
 30
0.0
  0
VERTEX
  5
11C4
330
11BB
100
AcDbEntity
  8
0
100
AcDbVertex
100
AcDb2dVertex
 10
32.86829926491062
 20
1.979799938688511
 30
0.0
 42
0.1790312441150617
  0
VERTEX
  5
11C5
330
11BB
100
AcDbEntity
  8
0
100
AcDbVertex
100
AcDb2dVertex
 10
32.73608670557006
 20
2.337209223254376
 30
0.0
 42
0.2173967572259796
  0
VERTEX
  5
11C6
330
11BB
100
AcDbEntity
  8
0
100
AcDbVertex
100
AcDb2dVertex
 10
32.39330475744659
 20
2.496098316366872
 30
0.0
  0
VERTEX
  5
11C7
330
11BB
100
AcDbEntity
  8
0
100
AcDbVertex
100
AcDb2dVertex
 10
27.88085693653791
 20
2.496098316366868
 30
0.0
  0
VERTEX
  5
11C8
330
11BB
100
AcDbEntity
  8
0
100
AcDbVertex
100
AcDb2dVertex
 10
27.8808569365377
 20
1.721650749848897
 30
0.0
  0
VERTEX
  5
11C9
330
11BB
100
AcDbEntity
  8
0
100
AcDbVertex
100
AcDb2dVertex
 10
31.9183102499825
 20
1.72165074984937
 30
0.0
  0
VERTEX
  5
11CA
330
11BB
100
AcDbEntity
  8
0
100
AcDbVertex
100
AcDb2dVertex
 10
31.9183102499825
 20
-0.343542760863965
 30
0.0
  0
VERTEX
  5
11CB
330
11BB
100
AcDbEntity
  8
0
100
AcDbVertex
100
AcDb2dVertex
 10
27.40586242907364
 20
-0.343542760863965
 30
0.0
  0
VERTEX
  5
11CC
330
11BB
100
AcDbEntity
  8
0
100
AcDbVertex
100
AcDb2dVertex
 10
27.40586242907364
 20
-1.11799032738147
 30
0.0
  0
VERTEX
  5
11CD
330
11BB
100
AcDbEntity
  8
0
100
AcDbVertex
100
AcDb2dVertex
 10
30.01833222012621
 20
-1.117990327381935
 30
0.0
  0
VERTEX
  5
11CE
330
11BB
100
AcDbEntity
  8
0
100
AcDbVertex
100
AcDb2dVertex
 10
30.01833222012621
 20
-2.408736271577772
 30
0.0
  0
VERTEX
  5
11CF
330
11BB
100
AcDbEntity
  8
0
100
AcDbVertex
100
AcDb2dVertex
 10
27.88085693653783
 20
-2.408736271577772
 30
0.0
  0
VERTEX
  5
11D0
330
11BB
100
AcDbEntity
  8
0
100
AcDbVertex
100
AcDb2dVertex
 10
27.88085693653781
 20
-3.183183838095274
 30
0.0
  0
VERTEX
  5
11D1
330
11BB
100
AcDbEntity
  8
0
100
AcDbVertex
100
AcDb2dVertex
 10
31.9183102499825
 20
-3.183183838095274
 30
0.0
  0
VERTEX
  5
11D2
330
11BB
100
AcDbEntity
  8
0
100
AcDbVertex
100
AcDb2dVertex
 10
31.9183102499825
 20
-5.248377348808617
 30
0.0
  0
SEQEND
  5
11D3
330
11BB
100
AcDbEntity
  8
0
  0
POLYLINE
  5
11D4
330
1154
100
AcDbEntity
  8
0
100
AcDb2dPolyline
 66
     1
 10
0.0
 20
0.0
 30
0.0
  0
VERTEX
  5
11D5
330
11D4
100
AcDbEntity
  8
0
100
AcDbVertex
100
AcDb2dVertex
 10
39.51822236940757
 20
2.496098316366868
 30
0.0
  0
VERTEX
  5
11D6
330
11D4
100
AcDbEntity
  8
0
100
AcDbVertex
100
AcDb2dVertex
 10
34.76827729476689
 20
2.496098316366868
 30
0.0
  0
VERTEX
  5
11D7
330
11D4
100
AcDbEntity
  8
0
100
AcDbVertex
100
AcDb2dVertex
 10
34.76827729476689
 20
-1.117990327381935
 30
0.0
 42
0.1790312441152011
  0
VERTEX
  5
11D8
330
11D4
100
AcDbEntity
  8
0
100
AcDbVertex
100
AcDb2dVertex
 10
34.90048985410754
 20
-1.475399611947732
 30
0.0
 42
0.2173967572256811
  0
VERTEX
  5
11D9
330
11D4
100
AcDbEntity
  8
0
100
AcDbVertex
100
AcDb2dVertex
 10
35.24327180223107
 20
-1.634288705060271
 30
0.0
  0
VERTEX
  5
11DA
330
11D4
100
AcDbEntity
  8
0
100
AcDbVertex
100
AcDb2dVertex
 10
36.66825532462316
 20
-1.634288705060342
 30
0.0
  0
VERTEX
  5
11DB
330
11D4
100
AcDbEntity
  8
0
100
AcDbVertex
100
AcDb2dVertex
 10
36.66825532462363
 20
-3.957631404610424
 30
0.0
  0
VERTEX
  5
11DC
330
11D4
100
AcDbEntity
  8
0
100
AcDbVertex
100
AcDb2dVertex
 10
34.29328278730304
 20
-3.957631404610896
 30
0.0
  0
VERTEX
  5
11DD
330
11D4
100
AcDbEntity
  8
0
100
AcDbVertex
100
AcDb2dVertex
 10
34.29328278730292
 20
-4.732078971128871
 30
0.0
  0
VERTEX
  5
11DE
330
11D4
100
AcDbEntity
  8
0
100
AcDbVertex
100
AcDb2dVertex
 10
39.99321687687187
 20
-4.732078971129809
 30
0.0
  0
VERTEX
  5
11DF
330
11D4
100
AcDbEntity
  8
0
100
AcDbVertex
100
AcDb2dVertex
 10
39.99321687687187
 20
-3.957631404610896
 30
0.0
  0
VERTEX
  5
11E0
330
11D4
100
AcDbEntity
  8
0
100
AcDbVertex
100
AcDb2dVertex
 10
37.61824433955118
 20
-3.957631404610793
 30
0.0
  0
VERTEX
  5
11E1
330
11D4
100
AcDbEntity
  8
0
100
AcDbVertex
100
AcDb2dVertex
 10
37.61824433955128
 20
-1.634288705060271
 30
0.0
  0
VERTEX
  5
11E2
330
11D4
100
AcDbEntity
  8
0
100
AcDbVertex
100
AcDb2dVertex
 10
39.5182223694077
 20
-1.634288705059802
 30
0.0
  0
VERTEX
  5
11E3
330
11D4
100
AcDbEntity
  8
0
100
AcDbVertex
100
AcDb2dVertex
 10
39.5182223694078
 20
-0.8598411385423005
 30
0.0
  0
VERTEX
  5
11E4
330
11D4
100
AcDbEntity
  8
0
100
AcDbVertex
100
AcDb2dVertex
 10
35.71826630969503
 20
-0.8598411385423005
 30
0.0
  0
VERTEX
  5
11E5
330
11D4
100
AcDbEntity
  8
0
100
AcDbVertex
100
AcDb2dVertex
 10
35.71826630969503
 20
1.721650749848897
 30
0.0
  0
VERTEX
  5
11E6
330
11D4
100
AcDbEntity
  8
0
100
AcDbVertex
100
AcDb2dVertex
 10
39.51822236940746
 20
1.72165074984937
 30
0.0
  0
VERTEX
  5
11E7
330
11D4
100
AcDbEntity
  8
0
100
AcDbVertex
100
AcDb2dVertex
 10
39.51822236940746
 20
2.496098316366868
 30
0.0
  0
SEQEND
  5
11E8
330
11D4
100
AcDbEntity
  8
0
  0
POLYLINE
  5
11E9
330
1154
100
AcDbEntity
  8
0
100
AcDb2dPolyline
 66
     1
 10
0.0
 20
0.0
 30
0.0
  0
VERTEX
  5
11EA
330
11E9
100
AcDbEntity
  8
0
100
AcDbVertex
100
AcDb2dVertex
 10
41.41820039926384
 20
2.496098316366868
 30
0.0
  0
VERTEX
  5
11EB
330
11E9
100
AcDbEntity
  8
0
100
AcDbVertex
100
AcDb2dVertex
 10
41.41820039926393
 20
1.721650749848897
 30
0.0
  0
VERTEX
  5
11EC
330
11E9
100
AcDbEntity
  8
0
100
AcDbVertex
100
AcDb2dVertex
 10
45.21815645897638
 20
1.721650749848897
 30
0.0
  0
VERTEX
  5
11ED
330
11E9
100
AcDbEntity
  8
0
100
AcDbVertex
100
AcDb2dVertex
 10
45.21815645897638
 20
0.4309048056535368
 30
0.0
  0
VERTEX
  5
11EE
330
11E9
100
AcDbEntity
  8
0
100
AcDbVertex
100
AcDb2dVertex
 10
41.41820039926384
 20
0.4309048056535368
 30
0.0
  0
VERTEX
  5
11EF
330
11E9
100
AcDbEntity
  8
0
100
AcDbVertex
100
AcDb2dVertex
 10
41.41820039926393
 20
-1.634288705060271
 30
0.0
 42
0.1790312441150686
  0
VERTEX
  5
11F0
330
11E9
100
AcDbEntity
  8
0
100
AcDbVertex
100
AcDb2dVertex
 10
41.55041295860451
 20
-1.991697989626104
 30
0.0
 42
0.2173967572259559
  0
VERTEX
  5
11F1
330
11E9
100
AcDbEntity
  8
0
100
AcDbVertex
100
AcDb2dVertex
 10
41.89319490672801
 20
-2.150587082738606
 30
0.0
  0
VERTEX
  5
11F2
330
11E9
100
AcDbEntity
  8
0
100
AcDbVertex
100
AcDb2dVertex
 10
43.31817842911999
 20
-2.150587082738606
 30
0.0
  0
VERTEX
  5
11F3
330
11E9
100
AcDbEntity
  8
0
100
AcDbVertex
100
AcDb2dVertex
 10
43.31817842912011
 20
-3.957631404610424
 30
0.0
  0
VERTEX
  5
11F4
330
11E9
100
AcDbEntity
  8
0
100
AcDbVertex
100
AcDb2dVertex
 10
40.94320589179997
 20
-3.957631404610424
 30
0.0
  0
VERTEX
  5
11F5
330
11E9
100
AcDbEntity
  8
0
100
AcDbVertex
100
AcDb2dVertex
 10
40.94320589179997
 20
-4.732078971128871
 30
0.0
  0
VERTEX
  5
11F6
330
11E9
100
AcDbEntity
  8
0
100
AcDbVertex
100
AcDb2dVertex
 10
46.64313998136878
 20
-4.732078971128871
 30
0.0
  0
VERTEX
  5
11F7
330
11E9
100
AcDbEntity
  8
0
100
AcDbVertex
100
AcDb2dVertex
 10
46.64313998136893
 20
-3.957631404610896
 30
0.0
  0
VERTEX
  5
11F8
330
11E9
100
AcDbEntity
  8
0
100
AcDbVertex
100
AcDb2dVertex
 10
44.26816744404802
 20
-3.957631404609955
 30
0.0
  0
VERTEX
  5
11F9
330
11E9
100
AcDbEntity
  8
0
100
AcDbVertex
100
AcDb2dVertex
 10
44.26816744404757
 20
-2.150587082738606
 30
0.0
  0
VERTEX
  5
11FA
330
11E9
100
AcDbEntity
  8
0
100
AcDbVertex
100
AcDb2dVertex
 10
46.1681454739045
 20
-2.150587082738134
 30
0.0
  0
VERTEX
  5
11FB
330
11E9
100
AcDbEntity
  8
0
100
AcDbVertex
100
AcDb2dVertex
 10
46.1681454739045
 20
-1.376139516220632
 30
0.0
  0
VERTEX
  5
11FC
330
11E9
100
AcDbEntity
  8
0
100
AcDbVertex
100
AcDb2dVertex
 10
42.36818941419208
 20
-1.376139516220163
 30
0.0
  0
VERTEX
  5
11FD
330
11E9
100
AcDbEntity
  8
0
100
AcDbVertex
100
AcDb2dVertex
 10
42.36818941419208
 20
-0.3435427608644339
 30
0.0
  0
VERTEX
  5
11FE
330
11E9
100
AcDbEntity
  8
0
100
AcDbVertex
100
AcDb2dVertex
 10
46.1681454739045
 20
-0.343542760863965
 30
0.0
  0
VERTEX
  5
11FF
330
11E9
100
AcDbEntity
  8
0
100
AcDbVertex
100
AcDb2dVertex
 10
46.16814547390461
 20
1.979799938688511
 30
0.0
 42
0.1790312441150869
  0
VERTEX
  5
1200
330
11E9
100
AcDbEntity
  8
0
100
AcDbVertex
100
AcDb2dVertex
 10
46.03593291456405
 20
2.337209223254376
 30
0.0
 42
0.2173967572259547
  0
VERTEX
  5
1201
330
11E9
100
AcDbEntity
  8
0
100
AcDbVertex
100
AcDb2dVertex
 10
45.69315096644058
 20
2.496098316366872
 30
0.0
  0
VERTEX
  5
1202
330
11E9
100
AcDbEntity
  8
0
100
AcDbVertex
100
AcDb2dVertex
 10
41.41820039926384
 20
2.496098316366868
 30
0.0
  0
SEQEND
  5
1203
330
11E9
100
AcDbEntity
  8
0
  0
POLYLINE
  5
1204
330
1154
100
AcDbEntity
  8
0
100
AcDb2dPolyline
 66
     1
 10
0.0
 20
0.0
 30
0.0
  0
VERTEX
  5
1205
330
1204
100
AcDbEntity
  8
0
100
AcDbVertex
100
AcDb2dVertex
 10
48.0681235037611
 20
2.496098316365891
 30
0.0
  0
VERTEX
  5
1206
330
1204
100
AcDbEntity
  8
0
100
AcDbVertex
100
AcDb2dVertex
 10
48.0681235037611
 20
1.72165074984937
 30
0.0
  0
VERTEX
  5
1207
330
1204
100
AcDbEntity
  8
0
100
AcDbVertex
100
AcDb2dVertex
 10
51.86807956347353
 20
1.72165074984937
 30
0.0
  0
VERTEX
  5
1208
330
1204
100
AcDbEntity
  8
0
100
AcDbVertex
100
AcDb2dVertex
 10
51.86807956347343
 20
-0.8598411385413626
 30
0.0
  0
VERTEX
  5
1209
330
1204
100
AcDbEntity
  8
0
100
AcDbVertex
100
AcDb2dVertex
 10
50.44309604108143
 20
-0.8598411385423005
 30
0.0
  0
VERTEX
  5
120A
330
1204
100
AcDbEntity
  8
0
100
AcDbVertex
100
AcDb2dVertex
 10
50.44309604108143
 20
0.6890539944927028
 30
0.0
  0
VERTEX
  5
120B
330
1204
100
AcDbEntity
  8
0
100
AcDbVertex
100
AcDb2dVertex
 10
49.4931070261532
 20
0.6890539944927028
 30
0.0
  0
VERTEX
  5
120C
330
1204
100
AcDbEntity
  8
0
100
AcDbVertex
100
AcDb2dVertex
 10
49.49310702615358
 20
-0.8598411385418245
 30
0.0
  0
VERTEX
  5
120D
330
1204
100
AcDbEntity
  8
0
100
AcDbVertex
100
AcDb2dVertex
 10
47.59312899629692
 20
-0.859841138541828
 30
0.0
  0
VERTEX
  5
120E
330
1204
100
AcDbEntity
  8
0
100
AcDbVertex
100
AcDb2dVertex
 10
47.59312899629681
 20
-1.634288705059802
 30
0.0
  0
VERTEX
  5
120F
330
1204
100
AcDbEntity
  8
0
100
AcDbVertex
100
AcDb2dVertex
 10
53.29306308586573
 20
-1.634288705059802
 30
0.0
  0
VERTEX
  5
1210
330
1204
100
AcDbEntity
  8
0
100
AcDbVertex
100
AcDb2dVertex
 10
53.29306308586573
 20
-0.8598411385413626
 30
0.0
  0
VERTEX
  5
1211
330
1204
100
AcDbEntity
  8
0
100
AcDbVertex
100
AcDb2dVertex
 10
52.81806857840155
 20
-0.8598411385413236
 30
0.0
  0
VERTEX
  5
1212
330
1204
100
AcDbEntity
  8
0
100
AcDbVertex
100
AcDb2dVertex
 10
52.81806857840178
 20
1.979799938688486
 30
0.0
 42
0.179031244115118
  0
VERTEX
  5
1213
330
1204
100
AcDbEntity
  8
0
100
AcDbVertex
100
AcDb2dVertex
 10
52.68585601906119
 20
2.337209223254397
 30
0.0
 42
0.2173967572259479
  0
VERTEX
  5
1214
330
1204
100
AcDbEntity
  8
0
100
AcDbVertex
100
AcDb2dVertex
 10
52.3430740709377
 20
2.496098316366868
 30
0.0
  0
VERTEX
  5
1215
330
1204
100
AcDbEntity
  8
0
100
AcDbVertex
100
AcDb2dVertex
 10
48.0681235037611
 20
2.496098316367497
 30
0.0
  0
SEQEND
  5
1216
330
1204
100
AcDbEntity
  8
0
  0
POLYLINE
  5
1217
330
1154
100
AcDbEntity
  8
0
100
AcDb2dPolyline
 66
     1
 10
0.0
 20
0.0
 30
0.0
  0
VERTEX
  5
1218
330
1217
100
AcDbEntity
  8
0
100
AcDbVertex
100
AcDb2dVertex
 10
23.16680394313298
 20
1.297207502441104
 30
0.0
 42
-0.228396255599462
  0
VERTEX
  5
1219
330
1217
100
AcDbEntity
  8
0
100
AcDbVertex
100
AcDb2dVertex
 10
23.84340362309322
 20
-0.0853935720248451
 30
0.0
 42
-0.4134459869151132
  0
VERTEX
  5
121A
330
1217
100
AcDbEntity
  8
0
100
AcDbVertex
100
AcDb2dVertex
 10
21.94342559323628
 20
-1.892437893898971
 30
0.0
 42
-0.4136086650538483
  0
VERTEX
  5
121B
330
1217
100
AcDbEntity
  8
0
100
AcDbVertex
100
AcDb2dVertex
 10
20.04344756338071
 20
-0.0853935720247527
 30
0.0
 42
-0.2283866715627258
  0
VERTEX
  5
121C
330
1217
100
AcDbEntity
  8
0
100
AcDbVertex
100
AcDb2dVertex
 10
20.72004724334094
 20
1.297207502441104
 30
0.0
  0
VERTEX
  5
121D
330
1217
100
AcDbEntity
  8
0
100
AcDbVertex
100
AcDb2dVertex
 10
20.04344756338069
 20
1.297207502441104
 30
0.0
  0
VERTEX
  5
121E
330
1217
100
AcDbEntity
  8
0
100
AcDbVertex
100
AcDb2dVertex
 10
20.04344756338068
 20
2.108874533108121
 30
0.0
  0
VERTEX
  5
121F
330
1217
100
AcDbEntity
  8
0
100
AcDbVertex
100
AcDb2dVertex
 10
21.46843108577289
 20
2.108874533108121
 30
0.0
  0
VERTEX
  5
1220
330
1217
100
AcDbEntity
  8
0
100
AcDbVertex
100
AcDb2dVertex
 10
21.4684310857729
 20
2.754247505206038
 30
0.0
  0
VERTEX
  5
1221
330
1217
100
AcDbEntity
  8
0
100
AcDbVertex
100
AcDb2dVertex
 10
22.41842010070103
 20
2.754247505206038
 30
0.0
  0
VERTEX
  5
1222
330
1217
100
AcDbEntity
  8
0
100
AcDbVertex
100
AcDb2dVertex
 10
22.41842010070103
 20
2.108874533108121
 30
0.0
  0
VERTEX
  5
1223
330
1217
100
AcDbEntity
  8
0
100
AcDbVertex
100
AcDb2dVertex
 10
23.84340362309323
 20
2.108874533108121
 30
0.0
  0
VERTEX
  5
1224
330
1217
100
AcDbEntity
  8
0
100
AcDbVertex
100
AcDb2dVertex
 10
23.84340362309322
 20
1.297207502441104
 30
0.0
  0
VERTEX
  5
1225
330
1217
100
AcDbEntity
  8
0
100
AcDbVertex
100
AcDb2dVertex
 10
23.16680394313298
 20
1.297207502441104
 30
0.0
  0
SEQEND
  5
1226
330
1217
100
AcDbEntity
  8
0
  0
POLYLINE
  5
1227
330
1154
100
AcDbEntity
  8
0
100
AcDb2dPolyline
 66
     1
 10
0.0
 20
0.0
 30
0.0
  0
VERTEX
  5
1228
330
1227
100
AcDbEntity
  8
0
100
AcDbVertex
100
AcDb2dVertex
 10
55.90553287691766
 20
2.496098316366399
 30
0.0
  0
VERTEX
  5
1229
330
1227
100
AcDbEntity
  8
0
100
AcDbVertex
100
AcDb2dVertex
 10
56.85552189184581
 20
2.496098316366445
 30
0.0
  0
VERTEX
  5
122A
330
1227
100
AcDbEntity
  8
0
100
AcDbVertex
100
AcDb2dVertex
 10
56.85552189184592
 20
0.0921545761853615
 30
0.0
 42
0.0673331086834034
  0
VERTEX
  5
122B
330
1227
100
AcDbEntity
  8
0
100
AcDbVertex
100
AcDb2dVertex
 10
56.9158386985025
 20
-0.3537133382605546
 30
0.0
 42
0.0699208412834622
  0
VERTEX
  5
122C
330
1227
100
AcDbEntity
  8
0
100
AcDbVertex
100
AcDb2dVertex
 10
57.09454053805488
 20
-0.7665172394446813
 30
0.0
 42
0.0413775380479131
  0
VERTEX
  5
122D
330
1227
100
AcDbEntity
  8
0
100
AcDbVertex
100
AcDb2dVertex
 10
57.73774645661188
 20
-1.647093096347958
 30
0.0
 42
0.0419735530156624
  0
VERTEX
  5
122E
330
1227
100
AcDbEntity
  8
0
100
AcDbVertex
100
AcDb2dVertex
 10
58.51800266797031
 20
-2.408736271577236
 30
0.0
  0
VERTEX
  5
122F
330
1227
100
AcDbEntity
  8
0
100
AcDbVertex
100
AcDb2dVertex
 10
57.94523708654082
 20
-3.232545142195341
 30
0.0
 42
-0.0401533315921305
  0
VERTEX
  5
1230
330
1227
100
AcDbEntity
  8
0
100
AcDbVertex
100
AcDb2dVertex
 10
57.09307314020015
 20
-2.408744723435024
 30
0.0
 42
-0.0386103102765588
  0
VERTEX
  5
1231
330
1227
100
AcDbEntity
  8
0
100
AcDbVertex
100
AcDb2dVertex
 10
56.38052738438178
 20
-1.461466375851227
 30
0.0
 42
-0.0386103667733359
  0
VERTEX
  5
1232
330
1227
100
AcDbEntity
  8
0
100
AcDbVertex
100
AcDb2dVertex
 10
55.66798162856324
 20
-2.408744723434764
 30
0.0
 42
-0.0401532701535955
  0
VERTEX
  5
1233
330
1227
100
AcDbEntity
  8
0
100
AcDbVertex
100
AcDb2dVertex
 10
54.81581768222331
 20
-3.232545142194403
 30
0.0
  0
VERTEX
  5
1234
330
1227
100
AcDbEntity
  8
0
100
AcDbVertex
100
AcDb2dVertex
 10
54.24305210079449
 20
-2.408736271575762
 30
0.0
 42
0.0425494927704551
  0
VERTEX
  5
1235
330
1227
100
AcDbEntity
  8
0
100
AcDbVertex
100
AcDb2dVertex
 10
55.0233083121517
 20
-1.647093096347489
 30
0.0
 42
0.0408238652770042
  0
VERTEX
  5
1236
330
1227
100
AcDbEntity
  8
0
100
AcDbVertex
100
AcDb2dVertex
 10
55.66651423070869
 20
-0.7665172394442124
 30
0.0
 42
0.0700659562591152
  0
VERTEX
  5
1237
330
1227
100
AcDbEntity
  8
0
100
AcDbVertex
100
AcDb2dVertex
 10
55.8452160702611
 20
-0.3537133382600786
 30
0.0
 42
0.0674973349145637
  0
VERTEX
  5
1238
330
1227
100
AcDbEntity
  8
0
100
AcDbVertex
100
AcDb2dVertex
 10
55.90553287691779
 20
0.092154576186001
 30
0.0
  0
VERTEX
  5
1239
330
1227
100
AcDbEntity
  8
0
100
AcDbVertex
100
AcDb2dVertex
 10
55.90553287691779
 20
2.496098316366399
 30
0.0
  0
SEQEND
  5
123A
330
1227
100
AcDbEntity
  8
0
  0
POLYLINE
  5
123B
330
1154
100
AcDbEntity
  8
0
100
AcDb2dPolyline
 66
     1
 10
0.0
 20
0.0
 30
0.0
 70
     1
  0
VERTEX
  5
123C
330
123B
100
AcDbEntity
  8
0
100
AcDbVertex
100
AcDb2dVertex
 10
-16.10175388554237
 20
1.213927768479809
 30
0.0
  0
VERTEX
  5
123D
330
123B
100
AcDbEntity
  8
0
100
AcDbVertex
100
AcDb2dVertex
 10
-13.39334849004398
 20
1.213927768479621
 30
0.0
 42
0.1939147573995262
  0
VERTEX
  5
123E
330
123B
100
AcDbEntity
  8
0
100
AcDbVertex
100
AcDb2dVertex
 10
-13.39334849004318
 20
-1.136072231520987
 30
0.0
  0
VERTEX
  5
123F
330
123B
100
AcDbEntity
  8
0
100
AcDbVertex
100
AcDb2dVertex
 10
-16.10175388554254
 20
-1.136072231520987
 30
0.0
 42
-0.1111111111111495
  0
SEQEND
  5
1240
330
123B
100
AcDbEntity
  8
0
  0
POLYLINE
  5
1241
330
1154
100
AcDbEntity
  8
0
100
AcDb2dPolyline
 66
     1
 10
0.0
 20
0.0
 30
0.0
  0
VERTEX
  5
1242
330
1241
100
AcDbEntity
  8
0
100
AcDbVertex
100
AcDb2dVertex
 10
5.962135003345991
 20
1.866705546256785
 30
0.0
  0
VERTEX
  5
1243
330
1241
100
AcDbEntity
  8
0
100
AcDbVertex
100
AcDb2dVertex
 10
7.789912781123945
 20
0.0389277684790699
 30
0.0
  0
VERTEX
  5
1244
330
1241
100
AcDbEntity
  8
0
100
AcDbVertex
100
AcDb2dVertex
 10
5.962135003346347
 20
-1.788850009298769
 30
0.0
  0
VERTEX
  5
1245
330
1241
100
AcDbEntity
  8
0
100
AcDbVertex
100
AcDb2dVertex
 10
4.134357225568095
 20
0.038927768478878
 30
0.0
  0
VERTEX
  5
1246
330
1241
100
AcDbEntity
  8
0
100
AcDbVertex
100
AcDb2dVertex
 10
5.962135003345991
 20
1.866705546256785
 30
0.0
  0
SEQEND
  5
1247
330
1241
100
AcDbEntity
  8
0
  0
ENDBLK
  5
1248
330
1154
100
AcDbEntity
  8
0
100
AcDbBlockEnd
  0
BLOCK
  5
238F
330
238C
100
AcDbEntity
  8
0
 62
     6
100
AcDbBlockBegin
  2
CXBLKA1-KHCA
 70
     2
 10
0.0
 20
0.0
 30
0.0
  3
CXBLKA1-KHCA
  1

  0
LINE
  5
2390
330
238C
100
AcDbEntity
  8
CX-BORD-LIN2
100
AcDbLine
 10
760.5460755130235
 20
1285.5392049055
 30
0.0
 11
702.9460755130071
 21
1285.5392049055
 31
0.0
1001
AcDbBlockRepETag
1070
     1
1071
        0
1005
2390
  0
LWPOLYLINE
  5
2391
330
238C
100
AcDbEntity
  8
CX-BORD-LIN1
100
AcDbPolyline
 90
        2
 70
     0
 43
0.0400000000000114
 10
760.5460755130235
 20
1280.739204905499
 10
702.9460755130071
 20
1280.739204905499
1001
AcDbBlockRepETag
1070
     1
1071
        1
1005
2391
  0
LWPOLYLINE
  5
2392
330
238C
100
AcDbEntity
  8
CX-BORD-LIN1
100
AcDbPolyline
 90
        4
 70
     1
 43
0.4000000000001137
 10
808.146075513037
 20
1279.539204905498
 10
648.9460755129917
 20
1279.539204905498
 10
648.9460755129917
 20
1390.33920490553
 10
808.146075513037
 20
1390.33920490553
1001
AcDbBlockRepETag
1070
     1
1071
        2
1005
2392
  0
LWPOLYLINE
  5
2393
330
238C
100
AcDbEntity
  8
CX-BORD-LIN2
100
AcDbPolyline
 90
        2
 70
     0
 43
0.0600000000000171
 10
674.9460755129992
 20
1282.239204905499
 10
648.9460755129917
 20
1282.239204905499
1001
AcDbBlockRepETag
1070
     1
1071
        3
1005
2393
  0
TEXT
  5
2394
330
238C
100
AcDbEntity
  8
CX-BORD-TEX3
100
AcDbText
 10
675.4917479497503
 20
1283.600721769033
 30
0.0
 40
0.9000000000002559
  1
설 계 사
  7
TB_TEXT
 72
     4
 11
677.9460755129999
 21
1284.056713779686
 31
0.0
100
AcDbText
1001
AcDbBlockRepETag
1070
     1
1071
        4
1005
2394
  0
TEXT
  5
2395
330
238C
100
AcDbEntity
  8
CX-BORD-TEX3
100
AcDbText
 10
675.4917479497503
 20
1281.797565080336
 30
0.0
 40
0.9000000000002559
  1
시 공 사
  7
TB_TEXT
 72
     4
 11
677.9460755129999
 21
1282.257751498446
 31
0.0
100
AcDbText
1001
AcDbBlockRepETag
1070
     1
1071
        5
1005
2395
  0
TEXT
  5
2396
330
238C
100
AcDbEntity
  8
CX-BORD-TEX3
100
AcDbText
 10
675.4917479497503
 20
1280.098030533973
 30
0.0
 40
0.9000000000002559
  1
건설분야
  7
TB_TEXT
 72
     4
 11
677.9460755129999
 21
1280.564208962735
 31
0.0
100
AcDbText
1001
AcDbBlockRepETag
1070
     1
1071
        6
1005
2396
  0
LWPOLYLINE
  5
2397
330
238C
100
AcDbEntity
  8
CX-BORD-LIN1
100
AcDbPolyline
 90
        2
 70
     0
 43
0.1200000000000341
 10
674.9460755129992
 20
1279.539204905498
 10
674.9460755129992
 20
1286.7392049055
1001
AcDbBlockRepETag
1070
     1
1071
        7
1005
2397
  0
LWPOLYLINE
  5
2398
330
238C
100
AcDbEntity
  8
CX-BORD-LIN1
100
AcDbPolyline
 90
        2
 70
     0
 43
0.0600000000000171
 10
680.9460755130008
 20
1279.539204905498
 10
680.9460755130008
 20
1286.7392049055
1001
AcDbBlockRepETag
1070
     1
1071
        8
1005
2398
  0
TEXT
  5
2399
330
238C
100
AcDbEntity
  8
CX-BORD-TEX3
100
AcDbText
 10
689.4917479497543
 20
1280.091439322255
 30
0.0
 40
0.9000000000002559
  1
건설단계
  7
TB_TEXT
 72
     4
 11
691.9460755130039
 21
1280.564208962735
 31
0.0
100
AcDbText
1001
AcDbBlockRepETag
1070
     1
1071
        9
1005
2399
  0
LWPOLYLINE
  5
239A
330
238C
100
AcDbEntity
  8
CX-BORD-LIN2
100
AcDbPolyline
 90
        2
 70
     0
 43
0.0600000000000171
 10
688.9460755130031
 20
1279.539204905498
 10
688.9460755130031
 20
1281.339204905499
1001
AcDbBlockRepETag
1070
     1
1071
       10
1005
239A
  0
LWPOLYLINE
  5
239B
330
238C
100
AcDbEntity
  8
CX-BORD-LIN2
100
AcDbPolyline
 90
        2
 70
     0
 43
0.0600000000000171
 10
694.9460755130048
 20
1279.539204905498
 10
694.9460755130048
 20
1281.339204905499
1001
AcDbBlockRepETag
1070
     1
1071
       11
1005
239B
  0
TEXT
  5
239C
330
238C
100
AcDbEntity
  8
CX-BORD-TEX3
100
AcDbText
 10
711.6279663252599
 20
1279.969607568615
 30
0.0
 40
0.6000000000001706
  1
날짜
  7
TB_TEXT
 72
     4
 11
712.4460755130098
 21
1280.271604905499
 31
0.0
100
AcDbText
1001
AcDbBlockRepETag
1070
     1
1071
       12
1005
239C
  0
LWPOLYLINE
  5
239D
330
238C
100
AcDbEntity
  8
CX-BORD-LIN1
100
AcDbPolyline
 90
        3
 70
     1
 43
0.0
 10
705.9628724847568
 20
1285.432336172087
 10
705.4141587889188
 20
1284.481936172087
 10
706.5115861805947
 20
1284.481936172087
1001
AcDbBlockRepETag
1070
     1
1071
       13
1005
239D
  0
LWPOLYLINE
  5
239E
330
238C
100
AcDbEntity
  8
CX-BORD-LIN1
100
AcDbPolyline
 90
        3
 70
     1
 43
0.0
 10
705.9628724847568
 20
1284.232336172087
 10
705.4141587889188
 20
1283.281936172087
 10
706.5115861805947
 20
1283.281936172087
1001
AcDbBlockRepETag
1070
     1
1071
       14
1005
239E
  0
LWPOLYLINE
  5
239F
330
238C
100
AcDbEntity
  8
CX-BORD-LIN1
100
AcDbPolyline
 90
        3
 70
     1
 43
0.0
 10
705.9628724847568
 20
1283.032336172087
 10
705.4141587889188
 20
1282.081936172086
 10
706.5115861805947
 20
1282.081936172086
1001
AcDbBlockRepETag
1070
     1
1071
       15
1005
239F
  0
LWPOLYLINE
  5
23A0
330
238C
100
AcDbEntity
  8
CX-BORD-LIN1
100
AcDbPolyline
 90
        3
 70
     1
 43
0.0
 10
705.9628724847568
 20
1281.832336172086
 10
705.4141587889188
 20
1280.881936172086
 10
706.5115861805947
 20
1280.881936172086
1001
AcDbBlockRepETag
1070
     1
1071
       16
1005
23A0
  0
TEXT
  5
23A1
330
238C
100
AcDbEntity
  8
CX-BORD-TEX3
100
AcDbText
 10
704.3261845146026
 20
1279.956425145179
 30
0.0
 40
0.6000000000001706
  1
개정번호
  7
TB_TEXT
 72
     4
 11
705.9624028901023
 21
1280.271604905499
 31
0.0
100
AcDbText
1001
AcDbBlockRepETag
1070
     1
1071
       17
1005
23A1
  0
LWPOLYLINE
  5
23A2
330
238C
100
AcDbEntity
  8
CX-BORD-LIN1
100
AcDbPolyline
 90
        2
 70
     0
 43
0.1200000000000341
 10
702.9460755130071
 20
1279.539204905498
 10
702.9460755130071
 20
1286.7392049055
1001
AcDbBlockRepETag
1070
     1
1071
       18
1005
23A2
  0
LWPOLYLINE
  5
23A3
330
238C
100
AcDbEntity
  8
CX-BORD-LIN1
100
AcDbPolyline
 90
        2
 70
     0
 43
0.0600000000000171
 10
708.9460755130088
 20
1279.539204905498
 10
708.9460755130088
 20
1286.7392049055
1001
AcDbBlockRepETag
1070
     1
1071
       19
1005
23A3
  0
LWPOLYLINE
  5
23A4
330
238C
100
AcDbEntity
  8
CX-BORD-LIN1
100
AcDbPolyline
 90
        2
 70
     0
 43
0.0600000000000171
 10
715.9460755130107
 20
1279.539204905498
 10
715.9460755130107
 20
1286.7392049055
1001
AcDbBlockRepETag
1070
     1
1071
       20
1005
23A4
  0
LWPOLYLINE
  5
23A5
330
238C
100
AcDbEntity
  8
CX-MISC
100
AcDbPolyline
 90
        3
 70
     0
 43
0.0
 10
644.9456755089921
 20
1394.339204905531
 10
643.9460755129903
 20
1394.339204905531
 10
643.9460755129903
 20
1393.339604909529
1001
AcDbBlockRepETag
1070
     1
1071
       21
1005
23A5
  0
TEXT
  5
23A6
330
238C
100
AcDbEntity
  8
CX-BORD-TEX3
100
AcDbText
 10
747.3189117313952
 20
1279.969607568615
 30
0.0
 40
0.6000000000001706
  1
검토자
  7
TB_TEXT
 72
     4
 11
748.5460755130201
 21
1280.271604905499
 31
0.0
100
AcDbText
1001
AcDbBlockRepETag
1070
     1
1071
       22
1005
23A6
  0
TEXT
  5
23A7
330
238C
100
AcDbEntity
  8
CX-BORD-TEX3
100
AcDbText
 10
726.6143844344518
 20
1279.948038592035
 30
0.0
 40
0.6000000000001706
  1
내   용
  7
TB_TEXT
 72
     4
 11
728.0460755130142
 21
1280.256027939572
 31
0.0
100
AcDbText
1001
AcDbBlockRepETag
1070
     1
1071
       23
1005
23A7
  0
LWPOLYLINE
  5
23A8
330
238C
100
AcDbEntity
  8
CX-BORD-LIN1
100
AcDbPolyline
 90
        2
 70
     0
 43
0.0
 10
736.5460755130166
 20
1279.539204905498
 10
736.5460755130166
 20
1286.739204905501
1001
AcDbBlockRepETag
1070
     1
1071
       24
1005
23A8
  0
TEXT
  5
23A9
330
238C
100
AcDbEntity
  8
CX-BORD-TEX3
100
AcDbText
 10
739.3189117313929
 20
1279.9664118296
 30
0.0
 40
0.6000000000001706
  1
작성자
  7
TB_TEXT
 72
     4
 11
740.5460755130178
 21
1280.271604905499
 31
0.0
100
AcDbText
1001
AcDbBlockRepETag
1070
     1
1071
       25
1005
23A9
  0
LWPOLYLINE
  5
23AA
330
238C
100
AcDbEntity
  8
CX-BORD-LIN1
100
AcDbPolyline
 90
        2
 70
     0
 43
0.0
 10
744.546075513019
 20
1279.539204905498
 10
744.546075513019
 20
1286.739204905501
1001
AcDbBlockRepETag
1070
     1
1071
       26
1005
23AA
  0
TEXT
  5
23AB
330
238C
100
AcDbEntity
  8
CX-BORD-TEX3
100
AcDbText
 10
761.0917479497746
 20
1283.613932081955
 30
0.0
 40
0.9000000000002559
  1
시공공구
  7
TB_TEXT
 72
     4
 11
763.5460755130243
 21
1284.076515304326
 31
0.0
100
AcDbText
1001
AcDbBlockRepETag
1070
     1
1071
       27
1005
23AB
  0
TEXT
  5
23AC
330
238C
100
AcDbEntity
  8
CX-BORD-TEX3
100
AcDbText
 10
761.1500220316978
 20
1281.792450302022
 30
0.0
 40
0.9000000000002559
  1
도면축척
  7
TB_TEXT
 72
     4
 11
763.6043495949475
 21
1282.241851100957
 31
0.0
100
AcDbText
1001
AcDbBlockRepETag
1070
     1
1071
       28
1005
23AC
  0
TEXT
  5
23AD
330
238C
100
AcDbEntity
  8
CX-BORD-TEX3
100
AcDbText
 10
755.3189117313975
 20
1279.964414492716
 30
0.0
 40
0.6000000000001706
  1
확인자
  7
TB_TEXT
 72
     4
 11
756.5460755130223
 21
1280.271604905499
 31
0.0
100
AcDbText
1001
AcDbBlockRepETag
1070
     1
1071
       29
1005
23AD
  0
LWPOLYLINE
  5
23AE
330
238C
100
AcDbEntity
  8
CX-BORD-LIN1
100
AcDbPolyline
 90
        2
 70
     0
 43
0.0
 10
752.5460755130212
 20
1279.539204905498
 10
752.5460755130212
 20
1286.739204905501
1001
AcDbBlockRepETag
1070
     1
1071
       30
1005
23AE
  0
LWPOLYLINE
  5
23AF
330
238C
100
AcDbEntity
  8
CX-BORD-LIN1
100
AcDbPolyline
 90
        2
 70
     0
 43
0.1200000000000341
 10
760.5460755130235
 20
1279.539204905498
 10
760.5460755130235
 20
1286.739204905501
1001
AcDbBlockRepETag
1070
     1
1071
       31
1005
23AF
  0
LWPOLYLINE
  5
23B0
330
238C
100
AcDbEntity
  8
CX-BORD-LIN2
100
AcDbPolyline
 90
        2
 70
     0
 43
0.0600000000000171
 10
766.5460755130252
 20
1279.539204905498
 10
766.5460755130252
 20
1286.739204905501
1001
AcDbBlockRepETag
1070
     1
1071
       32
1005
23B0
  0
LWPOLYLINE
  5
23B1
330
238C
100
AcDbEntity
  8
CX-BORD-LIN2
100
AcDbPolyline
 90
        2
 70
     0
 43
0.0600000000000171
 10
773.5460755130271
 20
1283.1392049055
 10
773.5460755130271
 20
1286.739204905501
1001
AcDbBlockRepETag
1070
     1
1071
       33
1005
23B1
  0
TEXT
  5
23B2
330
238C
100
AcDbEntity
  8
CX-BORD-TEX3
100
AcDbText
 10
786.691747949782
 20
1283.710220097004
 30
0.0
 40
0.9000000000002559
  1
도 면 명
  7
TB_TEXT
 72
     4
 11
789.1460755130316
 21
1284.177596927896
 31
0.0
100
AcDbText
1001
AcDbBlockRepETag
1070
     1
1071
       34
1005
23B2
  0
TEXT
  5
23B3
330
238C
100
AcDbEntity
  8
CX-BORD-TEX3
100
AcDbText
 10
786.691747949782
 20
1280.087741978764
 30
0.0
 40
0.9000000000002559
  1
편철번호
  7
TB_TEXT
 72
     4
 11
789.1460755130316
 21
1280.53953958196
 31
0.0
100
AcDbText
1001
AcDbBlockRepETag
1070
     1
1071
       35
1005
23B3
  0
LWPOLYLINE
  5
23B4
330
238C
100
AcDbEntity
  8
CX-BORD-LIN1
100
AcDbPolyline
 90
        2
 70
     0
 43
0.0600000000000171
 10
786.1460755130307
 20
1279.539204905498
 10
786.1460755130307
 20
1286.739204905501
1001
AcDbBlockRepETag
1070
     1
1071
       36
1005
23B4
  0
LWPOLYLINE
  5
23B5
330
238C
100
AcDbEntity
  8
CX-BORD-LIN2
100
AcDbPolyline
 90
        2
 70
     0
 43
0.0600000000000171
 10
792.1460755130324
 20
1279.539204905498
 10
792.1460755130324
 20
1286.739204905501
1001
AcDbBlockRepETag
1070
     1
1071
       37
1005
23B5
  0
LWPOLYLINE
  5
23B6
330
238C
100
AcDbEntity
  8
CX-MISC
100
AcDbPolyline
 90
        3
 70
     0
 43
0.0
 10
811.1464755170363
 20
1275.539204905497
 10
812.1460755130382
 20
1275.539204905497
 10
812.1460755130382
 20
1276.538804901499
1001
AcDbBlockRepETag
1070
     1
1071
       38
1005
23B6
  0
LWPOLYLINE
  5
23B7
330
238C
100
AcDbEntity
  8
CX-MISC
100
AcDbPolyline
 90
        3
 70
     0
 43
0.0
 10
811.1464755170363
 20
1394.339204905531
 10
812.1460755130382
 20
1394.339204905531
 10
812.1460755130382
 20
1393.339604909529
1001
AcDbBlockRepETag
1070
     1
1071
       39
1005
23B7
  0
LINE
  5
23B8
330
238C
100
AcDbEntity
  8
CX-MISC
100
AcDbLine
 10
811.1464755170363
 20
1394.339204905531
 30
0.0
 11
812.1460755130382
 21
1394.339204905531
 31
0.0
1001
AcDbBlockRepETag
1070
     1
1071
       40
1005
23B8
  0
LWPOLYLINE
  5
23B9
330
238C
100
AcDbEntity
  8
CX-BORD-LIN2
100
AcDbPolyline
 90
        2
 70
     0
 43
0.0
 10
760.5460755130235
 20
1281.939204905499
 10
702.9460755130071
 20
1281.939204905499
1001
AcDbBlockRepETag
1070
     1
1071
       41
1005
23B9
  0
LWPOLYLINE
  5
23BA
330
238C
100
AcDbEntity
  8
CX-BORD-LIN2
100
AcDbPolyline
 90
        2
 70
     0
 43
0.0
 10
760.5460755130235
 20
1284.3392049055
 10
702.9460755130071
 20
1284.3392049055
1001
AcDbBlockRepETag
1070
     1
1071
       42
1005
23BA
  0
LWPOLYLINE
  5
23BB
330
238C
100
AcDbEntity
  8
CX-BORD-LIN2
100
AcDbPolyline
 90
        2
 70
     0
 43
0.0
 10
760.5460755130235
 20
1283.1392049055
 10
702.9460755130071
 20
1283.1392049055
1001
AcDbBlockRepETag
1070
     1
1071
       43
1005
23BB
  0
TEXT
  5
23BC
330
238C
100
AcDbEntity
  8
CX-BORD-TEX3
100
AcDbText
 10
761.1500220316978
 20
1280.019802404838
 30
0.0
 40
0.9000000000002559
  1
도면번호
  7
TB_TEXT
 72
     4
 11
763.6043495949475
 21
1280.497365653839
 31
0.0
100
AcDbText
1001
AcDbBlockRepETag
1070
     1
1071
       44
1005
23BC
  0
LINE
  5
23BD
330
238C
100
AcDbEntity
  8
CX-BORD-LIN2
100
AcDbLine
 10
808.3460753941283
 20
1291.539204816687
 30
0.0
 11
808.3460753941283
 21
1279.539204816684
 31
0.0
1001
AcDbBlockRepETag
1070
     1
1071
       45
1005
23BD
  0
LINE
  5
23BE
330
238C
100
AcDbEntity
  8
CX-BORD-LIN2
100
AcDbLine
 10
809.7460753941286
 20
1292.745164590351
 30
0.0
 11
809.7460753941286
 21
1279.539204816684
 31
0.0
1001
AcDbBlockRepETag
1070
     1
1071
       46
1005
23BE
  0
TEXT
  5
23BF
330
238C
100
AcDbEntity
  8
CX-BORD-LIN2
100
AcDbText
 10
809.3460753941284
 20
1280.084877297842
 30
0.0
 40
0.6000000000001706
  1
적용표준버전
 50
90.0
  7
TB_TEXT
 72
     1
 11
809.0460753941284
 21
1282.539204861092
 31
0.0
100
AcDbText
 73
     2
1001
AcDbBlockRepETag
1070
     1
1071
       47
1005
23BF
  0
LINE
  5
23C0
330
238C
100
AcDbEntity
  8
CX-BORD-LIN2
100
AcDbLine
 10
809.7460753941286
 20
1279.539204816684
 30
0.0
 11
808.3460753941283
 21
1279.539204816684
 31
0.0
1001
AcDbBlockRepETag
1070
     1
1071
       48
1005
23C0
  0
LINE
  5
23C1
330
238C
100
AcDbEntity
  8
CX-BORD-LIN2
100
AcDbLine
 10
809.7460753941286
 20
1285.5392049055
 30
0.0
 11
808.1460753941282
 21
1285.5392049055
 31
0.0
1001
AcDbBlockRepETag
1070
     1
1071
       49
1005
23C1
  0
LINE
  5
23C2
330
238C
100
AcDbEntity
  8
CX-BORD-LIN2
100
AcDbLine
 10
809.7460753941286
 20
1292.745164590351
 30
0.0
 11
808.1460753941282
 21
1292.745164590351
 31
0.0
1001
AcDbBlockRepETag
1070
     1
1071
       50
1005
23C2
  0
INSERT
  5
23C3
330
238C
100
AcDbEntity
  8
CX-MISC
100
AcDbBlockReference
  2
CXGLOGO-EX흑백
 10
657.124322431416
 20
1284.422337873717
 30
0.0
 41
0.2400000000001228
 42
0.2400000000001228
 43
0.2000000000000568
1001
AcDbBlockRepETag
1070
     1
1071
       51
1005
23C3
  0
LWPOLYLINE
  5
23C4
330
238C
100
AcDbEntity
  8
CX-BORD-LIN1
100
AcDbPolyline
 90
        2
 70
     0
 43
0.1200000000000341
 10
808.146075513037
 20
1286.739204905501
 10
648.9460755129917
 20
1286.7392049055
1001
AcDbBlockRepETag
1070
     1
1071
       52
1005
23C4
  0
LWPOLYLINE
  5
23C5
330
238C
100
AcDbEntity
  8
CX-BORD-LIN2
100
AcDbPolyline
 90
        2
 70
     0
 43
0.0600000000000171
 10
702.9460755130071
 20
1284.9392049055
 10
674.9460755129992
 20
1284.9392049055
1001
AcDbBlockRepETag
1070
     1
1071
       53
1005
23C5
  0
LWPOLYLINE
  5
23C6
330
238C
100
AcDbEntity
  8
CX-BORD-LIN2
100
AcDbPolyline
 90
        2
 70
     0
 43
0.0600000000000171
 10
702.9460755130071
 20
1283.139204905499
 10
674.9460755129992
 20
1283.139204905499
1001
AcDbBlockRepETag
1070
     1
1071
       54
1005
23C6
  0
LWPOLYLINE
  5
23C7
330
238C
100
AcDbEntity
  8
CX-BORD-LIN2
100
AcDbPolyline
 90
        2
 70
     0
 43
0.0600000000000171
 10
702.9460755130071
 20
1281.339204905499
 10
674.9460755129992
 20
1281.339204905499
1001
AcDbBlockRepETag
1070
     1
1071
       55
1005
23C7
  0
LWPOLYLINE
  5
23C8
330
238C
100
AcDbEntity
  8
CX-BORD-LIN2
100
AcDbPolyline
 90
        2
 70
     0
 43
0.0600000000000171
 10
786.1460755130307
 20
1284.9392049055
 10
760.5460755130235
 20
1284.9392049055
1001
AcDbBlockRepETag
1070
     1
1071
       56
1005
23C8
  0
LWPOLYLINE
  5
23C9
330
238C
100
AcDbEntity
  8
CX-BORD-LIN2
100
AcDbPolyline
 90
        2
 70
     0
 43
0.0600000000000171
 10
786.1460755130307
 20
1283.1392049055
 10
760.5460755130235
 20
1283.1392049055
1001
AcDbBlockRepETag
1070
     1
1071
       57
1005
23C9
  0
LWPOLYLINE
  5
23CA
330
238C
100
AcDbEntity
  8
CX-BORD-LIN2
100
AcDbPolyline
 90
        2
 70
     0
 43
0.0600000000000171
 10
808.146075513037
 20
1281.339204905499
 10
760.5460755130235
 20
1281.339204905499
1001
AcDbBlockRepETag
1070
     1
1071
       58
1005
23CA
  0
TEXT
  5
23CB
330
238C
100
AcDbEntity
  8
CX-BORD-TEX3
100
AcDbText
 10
761.0917479497746
 20
1285.354173959545
 30
0.0
 40
0.9000000000002559
  1
설계공구
  7
TB_TEXT
 72
     4
 11
763.5460755130243
 21
1285.811364372328
 31
0.0
100
AcDbText
1001
AcDbBlockRepETag
1070
     1
1071
       59
1005
23CB
  0
LWPOLYLINE
  5
23CC
330
238C
100
AcDbEntity
  8
CX-BORD-LIN1
100
AcDbPolyline
 90
        3
 70
     1
 43
0.0
 10
705.9628724847568
 20
1286.632336172088
 10
705.4141587889188
 20
1285.681936172087
 10
706.5115861805947
 20
1285.681936172087
1001
AcDbBlockRepETag
1070
     1
1071
       60
1005
23CC
  0
TEXT
  5
23CD
330
238C
100
AcDbEntity
  8
CX-BORD-TEX3
100
AcDbText
 10
675.4985183209798
 20
1285.359424348335
 30
0.0
 40
0.9000000000002559
  1
노선이정
  7
TB_TEXT
 72
     4
 11
677.9528458842293
 21
1285.830396385619
 31
0.0
100
AcDbText
1001
AcDbBlockRepETag
1070
     1
1071
       61
1005
23CD
  0
LWPOLYLINE
  5
23CE
330
238C
100
AcDbEntity
  8
CX-MISC
100
AcDbPolyline
 90
        3
 70
     0
 43
0.0
 10
644.9456755089922
 20
1275.539204905497
 10
643.9460755129903
 20
1275.539204905497
 10
643.9460755129903
 20
1276.538804901499
1001
AcDbBlockRepETag
1070
     1
1071
       62
1005
23CE
  0
ATTDEF
  5
23CF
330
238C
100
AcDbEntity
  8
CX-BORD-TEX2
100
AcDbText
 10
652.272989023625
 20
1384.460148254154
 30
0.0
 40
0.8000000000002273
  1
제5공구 : 천포 ~ 고지
  7
TB_WMTXT
 11
652.272989023625
 21
1384.305687535113
 31
0.0
100
AcDbAttributeDefinition
280
     0
  3
공구및구간(상단)
  2
TB_CSCOP
 70
     0
 74
     1
280
     0
1001
AcDbBlockRepETag
1070
     1
1071
       63
1005
0
  0
ATTDEF
  5
23D0
330
238C
100
AcDbEntity
  8
CX-BORD-TEX2
100
AcDbText
 10
652.0150287904328
 20
1386.098763433915
 30
0.0
 40
1.000000000000284
  1
고속국도 제1호선 언양~영천 고속도로 확장공사
  7
TB_WMTXT
 11
652.0150287904328
 21
1385.905687535114
 31
0.0
100
AcDbAttributeDefinition
280
     0
  3
공사명(상단)
  2
TB_CNAME
 70
     0
 74
     1
280
     0
1001
AcDbBlockRepETag
1070
     1
1071
       64
1005
0
  0
ATTDEF
  5
23D1
330
238C
100
AcDbEntity
  8
CX-BORD-TEX2
100
AcDbText
 10
724.2510022773273
 20
1382.504487617651
 30
0.0
 40
1.400000000000398
  1
(STA. ~ )
  7
HY울L
 72
     1
 11
728.5460755130143
 21
1383.204487617652
 31
0.0
100
AcDbAttributeDefinition
280
     0
  3
부타이틀
  2
TB_STITL
 70
     0
 74
     2
280
     0
1001
AcDbBlockRepETag
1070
     1
1071
       65
1005
0
  0
ATTDEF
  5
23D2
330
238C
100
AcDbEntity
  8
CX-BORD-TEX2
100
AcDbText
 10
719.0014683225988
 20
1385.204487617652
 30
0.0
 40
2.000000000000568
  1
부 대 시 설 도
  7
HY울L
 72
     1
 11
728.5460755130143
 21
1386.204487617652
 31
0.0
100
AcDbAttributeDefinition
280
     0
  3
주타이틀
  2
TB_MTITIL
 70
     0
 74
     2
280
     0
1001
AcDbBlockRepETag
1070
     1
1071
       66
1005
0
  0
ATTDEF
  5
23D3
330
238C
100
AcDbEntity
  8
CX-BORD-TEX3
100
AcDbText
 10
686.7306294410983
 20
1285.3892049055
 30
0.0
 40
0.9000000000002559
  1
37500.00-47992.00
  7
TB_TEXT
 72
     1
 11
691.9460755130039
 21
1285.8392049055
 31
0.0
100
AcDbAttributeDefinition
280
     0
  3
도면 노선통합이정(m)
  2
TD_LNDST
 70
     0
 74
     2
280
     0
1001
AcDbBlockRepETag
1070
     1
1071
       67
1005
0
  0
ATTDEF
  5
23D4
330
238C
100
AcDbEntity
  8
CX-BORD-LIN1
100
AcDbText
 10
755.169766356574
 20
1285.789204905501
 30
0.0
 40
0.7000000000001991
  1

  7
TB_TEXT
 72
     1
 11
755.169766356574
 21
1286.139204905501
 31
0.0
100
AcDbAttributeDefinition
280
     0
  3
5차 확인자
  2
TR_APP5
 70
     0
 74
     2
280
     0
1001
AcDbBlockRepETag
1070
     1
1071
       68
1005
0
  0
ATTDEF
  5
23D5
330
238C
100
AcDbEntity
  8
CX-BORD-LIN1
100
AcDbText
 10
747.1697663565716
 20
1285.7892049055
 30
0.0
 40
0.7000000000001991
  1

  7
TB_TEXT
 72
     1
 11
747.1697663565716
 21
1286.1392049055
 31
0.0
100
AcDbAttributeDefinition
280
     0
  3
5차 검토자(설계자)
  2
TR_CHK5
 70
     0
 74
     2
280
     0
1001
AcDbBlockRepETag
1070
     1
1071
       69
1005
0
  0
ATTDEF
  5
23D6
330
238C
100
AcDbEntity
  8
CX-BORD-LIN1
100
AcDbText
 10
739.1697663565694
 20
1285.7892049055
 30
0.0
 40
0.7000000000001991
  1

  7
TB_TEXT
 72
     1
 11
739.1697663565694
 21
1286.1392049055
 31
0.0
100
AcDbAttributeDefinition
280
     0
  3
5차 작성자
  2
TR_DGN5
 70
     0
 74
     2
280
     0
1001
AcDbBlockRepETag
1070
     1
1071
       70
1005
0
  0
ATTDEF
  5
23D7
330
238C
100
AcDbEntity
  8
CX-BORD-LIN1
100
AcDbText
 10
717.406738274658
 20
1285.7892049055
 30
0.0
 40
0.7000000000001991
  1
 
  7
TB_TEXT
 11
717.406738274658
 21
1286.1392049055
 31
0.0
100
AcDbAttributeDefinition
280
     0
  3
5차 개정내용
  2
TR_RCON5
 70
     0
 74
     2
280
     0
1001
AcDbBlockRepETag
1070
     1
1071
       71
1005
0
  0
ATTDEF
  5
23D8
330
238C
100
AcDbEntity
  8
CX-BORD-LIN1
100
AcDbText
 10
712.4460755130098
 20
1285.7892049055
 30
0.0
 40
0.7000000000001991
  1

  7
TB_TEXT
 72
     1
 11
712.4460755130098
 21
1286.1392049055
 31
0.0
100
AcDbAttributeDefinition
280
     0
  3
5차 개정날짜
  2
TR_RDAT5
 70
     0
 74
     2
280
     0
1001
AcDbBlockRepETag
1070
     1
1071
       72
1005
0
  0
ATTDEF
  5
23D9
330
238C
100
AcDbEntity
  8
CX-BORD-LIN1
100
AcDbText
 10
705.9670988366471
 20
1285.766517571373
 30
0.0
 40
0.6000000000001706
  1

  7
TB_TEXT
 72
     1
 11
705.9670988366471
 21
1286.066517571373
 31
0.0
100
AcDbAttributeDefinition
280
     0
  3
5차 개정번호
  2
TR_RNUM5
 70
     0
 74
     2
280
     0
1001
AcDbBlockRepETag
1070
     1
1071
       73
1005
0
  0
ATTDEF
  5
23DA
330
238C
100
AcDbEntity
  8
CX-BORD-TEX3
100
AcDbText
 10
774.9374203865295
 20
1285.3892049055
 30
0.0
 40
0.9000000000002559
  1
0000.00~10492.41
  7
TB_TEXT
 72
     1
 11
779.8460755130289
 21
1285.8392049055
 31
0.0
100
AcDbAttributeDefinition
280
     0
  3
도면 설계이정(m)
  2
TD_DDIST
 70
     0
 74
     2
280
     0
1001
AcDbBlockRepETag
1070
     1
1071
       74
1005
0
  0
ATTDEF
  5
23DB
330
238C
100
AcDbEntity
  8
CX-BORD-TEX3
100
AcDbText
 10
767.8985388951827
 20
1285.3892049055
 30
0.0
 40
0.9000000000002559
  1
제5공구
  7
TB_TEXT
 72
     1
 11
770.0460755130261
 21
1285.8392049055
 31
0.0
100
AcDbAttributeDefinition
280
     0
  3
설계공구명(하단)
  2
TD_DSECT
 70
     0
 74
     2
280
     0
1001
AcDbBlockRepETag
1070
     1
1071
       75
1005
0
  0
ATTDEF
  5
23DC
330
238C
100
AcDbEntity
  8
CX-BORD-LIN2
100
AcDbText
 10
809.3460753941284
 20
1287.096911778551
 30
0.0
 40
0.6000000000001706
  1
v4.2(2009)
 50
90.0
  7
TB_TEXT
 72
     1
 11
809.0460753941284
 21
1289.142184747926
 31
0.0
100
AcDbAttributeDefinition
280
     0
  3
적용표준버전(년도)
  2
TD_VERSION
 70
     0
 74
     2
280
     0
1001
AcDbBlockRepETag
1070
     1
1071
       76
1005
0
  0
ATTDEF
  5
23DD
330
238C
100
AcDbEntity
  8
CX-BORD-TEX3
100
AcDbText
 10
772.6645841681533
 20
1280.047365653839
 30
0.0
 40
0.9000000000002559
  1
C0000000-000
  7
TB_TEXT
 72
     1
 11
776.3460755130279
 21
1280.497365653839
 31
0.0
100
AcDbAttributeDefinition
280
     0
  3
도면번호코드(DWG CODE)
  2
TD_DWGCODE
 70
     0
 74
     2
280
     0
1001
AcDbBlockRepETag
1070
     1
1071
       77
1005
0
  0
ATTDEF
  5
23DE
330
238C
100
AcDbEntity
  8
CX-BORD-TEX3
100
AcDbText
 10
798.4121207860035
 20
1280.08953958196
 30
0.0
 40
0.9000000000002559
  1
0.000
  7
TB_TEXT
 72
     1
 11
799.9460755130346
 21
1280.53953958196
 31
0.0
100
AcDbAttributeDefinition
280
     0
  3
편철도면번호(SHEET NO.)
  2
TD_DWGNO
 70
     0
 74
     2
280
     0
1001
AcDbBlockRepETag
1070
     1
1071
       78
1005
0
  0
ATTDEF
  5
23DF
330
238C
100
AcDbEntity
  8
CX-BORD-LIN1
100
AcDbText
 10
755.169766356574
 20
1284.5892049055
 30
0.0
 40
0.7000000000001991
  1

  7
TB_TEXT
 72
     1
 11
755.169766356574
 21
1284.9392049055
 31
0.0
100
AcDbAttributeDefinition
280
     0
  3
4차 확인자
  2
TR_APP4
 70
     0
 74
     2
280
     0
1001
AcDbBlockRepETag
1070
     1
1071
       79
1005
0
  0
ATTDEF
  5
23E0
330
238C
100
AcDbEntity
  8
CX-BORD-LIN1
100
AcDbText
 10
747.1697663565716
 20
1284.5892049055
 30
0.0
 40
0.7000000000001991
  1

  7
TB_TEXT
 72
     1
 11
747.1697663565716
 21
1284.9392049055
 31
0.0
100
AcDbAttributeDefinition
280
     0
  3
4차 검토자(설계자)
  2
TR_CHK4
 70
     0
 74
     2
280
     0
1001
AcDbBlockRepETag
1070
     1
1071
       80
1005
0
  0
ATTDEF
  5
23E1
330
238C
100
AcDbEntity
  8
CX-BORD-LIN1
100
AcDbText
 10
739.1697663565694
 20
1284.5892049055
 30
0.0
 40
0.7000000000001991
  1

  7
TB_TEXT
 72
     1
 11
739.1697663565694
 21
1284.9392049055
 31
0.0
100
AcDbAttributeDefinition
280
     0
  3
4차 작성자
  2
TR_DGN4
 70
     0
 74
     2
280
     0
1001
AcDbBlockRepETag
1070
     1
1071
       81
1005
0
  0
ATTDEF
  5
23E2
330
238C
100
AcDbEntity
  8
CX-BORD-LIN1
100
AcDbText
 10
717.406738274658
 20
1284.5892049055
 30
0.0
 40
0.7000000000001991
  1
 
  7
TB_TEXT
 11
717.406738274658
 21
1284.9392049055
 31
0.0
100
AcDbAttributeDefinition
280
     0
  3
4차 개정내용
  2
TR_RCON4
 70
     0
 74
     2
280
     0
1001
AcDbBlockRepETag
1070
     1
1071
       82
1005
0
  0
ATTDEF
  5
23E3
330
238C
100
AcDbEntity
  8
CX-BORD-LIN1
100
AcDbText
 10
712.4460755130098
 20
1284.5892049055
 30
0.0
 40
0.7000000000001991
  1

  7
TB_TEXT
 72
     1
 11
712.4460755130098
 21
1284.9392049055
 31
0.0
100
AcDbAttributeDefinition
280
     0
  3
4차 개정날짜
  2
TR_RDAT4
 70
     0
 74
     2
280
     0
1001
AcDbBlockRepETag
1070
     1
1071
       83
1005
0
  0
ATTDEF
  5
23E4
330
238C
100
AcDbEntity
  8
CX-BORD-LIN1
100
AcDbText
 10
705.9670988366471
 20
1284.566517571372
 30
0.0
 40
0.6000000000001706
  1

  7
TB_TEXT
 72
     1
 11
705.9670988366471
 21
1284.866517571372
 31
0.0
100
AcDbAttributeDefinition
280
     0
  3
4차 개정번호
  2
TR_RNUM4
 70
     0
 74
     2
280
     0
1001
AcDbBlockRepETag
1070
     1
1071
       84
1005
0
  0
ATTDEF
  5
23E5
330
238C
100
AcDbEntity
  8
CX-BORD-LIN1
100
AcDbText
 10
755.169766356574
 20
1283.3892049055
 30
0.0
 40
0.7000000000001991
  1

  7
TB_TEXT
 72
     1
 11
755.169766356574
 21
1283.7392049055
 31
0.0
100
AcDbAttributeDefinition
280
     0
  3
3차 확인자
  2
TR_APP3
 70
     0
 74
     2
280
     0
1001
AcDbBlockRepETag
1070
     1
1071
       85
1005
0
  0
ATTDEF
  5
23E6
330
238C
100
AcDbEntity
  8
CX-BORD-LIN1
100
AcDbText
 10
747.1697663565716
 20
1283.3892049055
 30
0.0
 40
0.7000000000001991
  1

  7
TB_TEXT
 72
     1
 11
747.1697663565716
 21
1283.7392049055
 31
0.0
100
AcDbAttributeDefinition
280
     0
  3
3차 검토자(설계자)
  2
TR_CHK3
 70
     0
 74
     2
280
     0
1001
AcDbBlockRepETag
1070
     1
1071
       86
1005
0
  0
ATTDEF
  5
23E7
330
238C
100
AcDbEntity
  8
CX-BORD-LIN1
100
AcDbText
 10
739.1697663565694
 20
1283.3892049055
 30
0.0
 40
0.7000000000001991
  1

  7
TB_TEXT
 72
     1
 11
739.1697663565694
 21
1283.7392049055
 31
0.0
100
AcDbAttributeDefinition
280
     0
  3
3차 작성자
  2
TR_DGN3
 70
     0
 74
     2
280
     0
1001
AcDbBlockRepETag
1070
     1
1071
       87
1005
0
  0
ATTDEF
  5
23E8
330
238C
100
AcDbEntity
  8
CX-BORD-LIN1
100
AcDbText
 10
717.406738274658
 20
1283.3892049055
 30
0.0
 40
0.7000000000001991
  1

  7
TB_TEXT
 11
717.406738274658
 21
1283.7392049055
 31
0.0
100
AcDbAttributeDefinition
280
     0
  3
3차 개정내용
  2
TR_RCON3
 70
     0
 74
     2
280
     0
1001
AcDbBlockRepETag
1070
     1
1071
       88
1005
0
  0
ATTDEF
  5
23E9
330
238C
100
AcDbEntity
  8
CX-BORD-LIN1
100
AcDbText
 10
712.4460755130098
 20
1283.3892049055
 30
0.0
 40
0.7000000000001991
  1

  7
TB_TEXT
 72
     1
 11
712.4460755130098
 21
1283.7392049055
 31
0.0
100
AcDbAttributeDefinition
280
     0
  3
3차 개정날짜
  2
TR_RDAT3
 70
     0
 74
     2
280
     0
1001
AcDbBlockRepETag
1070
     1
1071
       89
1005
0
  0
ATTDEF
  5
23EA
330
238C
100
AcDbEntity
  8
CX-BORD-LIN1
100
AcDbText
 10
705.9670988366471
 20
1283.366517571372
 30
0.0
 40
0.6000000000001706
  1

  7
TB_TEXT
 72
     1
 11
705.9670988366471
 21
1283.666517571372
 31
0.0
100
AcDbAttributeDefinition
280
     0
  3
3차 개정번호
  2
TR_RNUM3
 70
     0
 74
     2
280
     0
1001
AcDbBlockRepETag
1070
     1
1071
       90
1005
0
  0
ATTDEF
  5
23EB
330
238C
100
AcDbEntity
  8
CX-BORD-LIN1
100
AcDbText
 10
755.169766356574
 20
1282.189204905499
 30
0.0
 40
0.7000000000001991
  1

  7
TB_TEXT
 72
     1
 11
755.169766356574
 21
1282.539204905499
 31
0.0
100
AcDbAttributeDefinition
280
     0
  3
2차 확인자
  2
TR_APP2
 70
     0
 74
     2
280
     0
1001
AcDbBlockRepETag
1070
     1
1071
       91
1005
0
  0
ATTDEF
  5
23EC
330
238C
100
AcDbEntity
  8
CX-BORD-LIN1
100
AcDbText
 10
747.1697663565716
 20
1282.189204905499
 30
0.0
 40
0.7000000000001991
  1

  7
TB_TEXT
 72
     1
 11
747.1697663565716
 21
1282.539204905499
 31
0.0
100
AcDbAttributeDefinition
280
     0
  3
2차 검토자(설계자)
  2
TR_CHK2
 70
     0
 74
     2
280
     0
1001
AcDbBlockRepETag
1070
     1
1071
       92
1005
0
  0
ATTDEF
  5
23ED
330
238C
100
AcDbEntity
  8
CX-BORD-LIN1
100
AcDbText
 10
739.1697663565694
 20
1282.189204905499
 30
0.0
 40
0.7000000000001991
  1

  7
TB_TEXT
 72
     1
 11
739.1697663565694
 21
1282.539204905499
 31
0.0
100
AcDbAttributeDefinition
280
     0
  3
2차 작성자
  2
TR_DGN2
 70
     0
 74
     2
280
     0
1001
AcDbBlockRepETag
1070
     1
1071
       93
1005
0
  0
ATTDEF
  5
23EE
330
238C
100
AcDbEntity
  8
CX-BORD-LIN1
100
AcDbText
 10
717.406738274658
 20
1282.189204905499
 30
0.0
 40
0.7000000000001991
  1

  7
TB_TEXT
 11
717.406738274658
 21
1282.539204905499
 31
0.0
100
AcDbAttributeDefinition
280
     0
  3
2차 개정내용
  2
TR_RCON2
 70
     0
 74
     2
280
     0
1001
AcDbBlockRepETag
1070
     1
1071
       94
1005
0
  0
ATTDEF
  5
23EF
330
238C
100
AcDbEntity
  8
CX-BORD-LIN1
100
AcDbText
 10
712.4460755130098
 20
1282.189204905499
 30
0.0
 40
0.7000000000001991
  1

  7
TB_TEXT
 72
     1
 11
712.4460755130098
 21
1282.539204905499
 31
0.0
100
AcDbAttributeDefinition
280
     0
  3
2차 개정날짜
  2
TR_RDAT2
 70
     0
 74
     2
280
     0
1001
AcDbBlockRepETag
1070
     1
1071
       95
1005
0
  0
ATTDEF
  5
23F0
330
238C
100
AcDbEntity
  8
CX-BORD-LIN1
100
AcDbText
 10
705.9670988366471
 20
1282.166517571372
 30
0.0
 40
0.6000000000001706
  1

  7
TB_TEXT
 72
     1
 11
705.9670988366471
 21
1282.466517571372
 31
0.0
100
AcDbAttributeDefinition
280
     0
  3
2차 개정번호
  2
TR_RNUM2
 70
     0
 74
     2
280
     0
1001
AcDbBlockRepETag
1070
     1
1071
       96
1005
0
  0
ATTDEF
  5
23F1
330
238C
100
AcDbEntity
  8
CX-BORD-LIN1
100
AcDbText
 10
755.169766356574
 20
1280.989204905499
 30
0.0
 40
0.7000000000001991
  1

  7
TB_TEXT
 72
     1
 11
755.169766356574
 21
1281.339204905499
 31
0.0
100
AcDbAttributeDefinition
280
     0
  3
1차 확인자
  2
TR_APP1
 70
     0
 74
     2
280
     0
1001
AcDbBlockRepETag
1070
     1
1071
       97
1005
0
  0
ATTDEF
  5
23F2
330
238C
100
AcDbEntity
  8
CX-BORD-LIN1
100
AcDbText
 10
747.1697663565716
 20
1280.989204905499
 30
0.0
 40
0.7000000000001991
  1

  7
TB_TEXT
 72
     1
 11
747.1697663565716
 21
1281.339204905499
 31
0.0
100
AcDbAttributeDefinition
280
     0
  3
1차 검토자(설계자)
  2
TR_CHK1
 70
     0
 74
     2
280
     0
1001
AcDbBlockRepETag
1070
     1
1071
       98
1005
0
  0
ATTDEF
  5
23F3
330
238C
100
AcDbEntity
  8
CX-BORD-LIN1
100
AcDbText
 10
739.1697663565694
 20
1280.989204905499
 30
0.0
 40
0.7000000000001991
  1

  7
TB_TEXT
 72
     1
 11
739.1697663565694
 21
1281.339204905499
 31
0.0
100
AcDbAttributeDefinition
280
     0
  3
1차 작성자
  2
TR_DGN1
 70
     0
 74
     2
280
     0
1001
AcDbBlockRepETag
1070
     1
1071
       99
1005
0
  0
ATTDEF
  5
23F4
330
238C
100
AcDbEntity
  8
CX-BORD-LIN1
100
AcDbText
 10
717.406738274658
 20
1280.989204905499
 30
0.0
 40
0.7000000000001991
  1
실시설계 준공
  7
TB_TEXT
 11
717.406738274658
 21
1281.339204905499
 31
0.0
100
AcDbAttributeDefinition
280
     0
  3
1차 개정내용
  2
TR_RCON1
 70
     0
 74
     2
280
     0
1001
AcDbBlockRepETag
1070
     1
1071
      100
1005
0
  0
ATTDEF
  5
23F5
330
238C
100
AcDbEntity
  8
CX-BORD-LIN1
100
AcDbText
 10
710.5371540749267
 20
1280.989204905499
 30
0.0
 40
0.7000000000001991
  1
2011.07.
  7
TB_TEXT
 72
     1
 11
712.4460755130098
 21
1281.339204905499
 31
0.0
100
AcDbAttributeDefinition
280
     0
  3
1차 개정날짜
  2
TR_RDAT1
 70
     0
 74
     2
280
     0
1001
AcDbBlockRepETag
1070
     1
1071
      101
1005
0
  0
ATTDEF
  5
23F6
330
238C
100
AcDbEntity
  8
CX-BORD-LIN1
100
AcDbText
 10
705.7625715397096
 20
1280.966517571371
 30
0.0
 40
0.6000000000001706
  1
1
  7
TB_TEXT
 72
     1
 11
705.9670988366471
 21
1281.266517571371
 31
0.0
100
AcDbAttributeDefinition
280
     0
  3
1차 개정번호
  2
TR_RNUM1
 70
     0
 74
     2
280
     0
1001
AcDbBlockRepETag
1070
     1
1071
      102
1005
0
  0
ATTDEF
  5
23F7
330
238C
100
AcDbEntity
  8
CX-BORD-TEX3
100
AcDbText
 10
696.6405479497564
 20
1280.114208962735
 30
0.0
 40
0.9000000000002559
  1
실시설계
  7
TB_TEXT
 72
     1
 11
699.0948755130061
 21
1280.564208962735
 31
0.0
100
AcDbAttributeDefinition
280
     0
  3
건설단계(실시설계,시공,유지관리 등)
  2
TD_CSTEP
 70
     0
 74
     2
280
     0
1001
AcDbBlockRepETag
1070
     1
1071
      103
1005
0
  0
ATTDEF
  5
23F8
330
238C
100
AcDbEntity
  8
CX-BORD-TEX3
100
AcDbText
 10
683.7189117313771
 20
1280.114208962735
 30
0.0
 40
0.9000000000002559
  1
토목
  7
TB_TEXT
 72
     1
 11
684.946075513002
 21
1280.564208962735
 31
0.0
100
AcDbAttributeDefinition
280
     0
  3
분야명(토목,건축,전기설비 등)
  2
TD_FIELD
 70
     0
 74
     2
280
     0
1001
AcDbBlockRepETag
1070
     1
1071
      104
1005
0
  0
ATTDEF
  5
23F9
330
238C
100
AcDbEntity
  8
CX-BORD-TEX3
100
AcDbText
 10
691.9460755130039
 20
1281.807751498446
 30
0.0
 40
0.9000000000002559
  1

  7
TB_TEXT
 72
     1
 11
691.9460755130039
 21
1282.257751498446
 31
0.0
100
AcDbAttributeDefinition
280
     0
  3
시공회사
  2
TD_CCOMP
 70
     0
 74
     2
280
     0
1001
AcDbBlockRepETag
1070
     1
1071
      105
1005
0
  0
ATTDEF
  5
23FA
330
238C
100
AcDbEntity
  8
CX-BORD-TEX3
100
AcDbText
 10
689.4917479497543
 20
1283.606713779686
 30
0.0
 40
0.9000000000002559
  1
(주)건화
  7
TB_TEXT
 72
     1
 11
691.9460755130039
 21
1284.056713779686
 31
0.0
100
AcDbAttributeDefinition
280
     0
  3
설계회사
  2
TD_DCOMP
 70
     0
 74
     2
280
     0
1001
AcDbBlockRepETag
1070
     1
1071
      106
1005
0
  0
ATTDEF
  5
23FB
330
238C
100
AcDbEntity
  8
CX-BORD-TEX3
100
AcDbText
 10
778.1708310400168
 20
1281.838881444349
 30
0.0
 40
0.9000000000002559
  1
V=1:200
  7
TB_TEXT
 72
     1
 11
780.3183676578603
 21
1282.288881444349
 31
0.0
100
AcDbAttributeDefinition
280
     0
  3
수직 축척
  2
TD_VSCAL
 70
     0
 74
     2
280
     0
1001
AcDbBlockRepETag
1070
     1
1071
      107
1005
0
  0
ATTDEF
  5
23FC
330
238C
100
AcDbEntity
  8
CX-BORD-TEX3
100
AcDbText
 10
770.361778763482
 20
1281.838881444349
 30
0.0
 40
0.9000000000002559
  1
H=1:1,200
  7
TB_TEXT
 72
     1
 11
773.122897272138
 21
1282.288881444349
 31
0.0
100
AcDbAttributeDefinition
280
     0
  3
수평 축척
  2
TD_HSCAL
 70
     0
 74
     2
280
     0
1001
AcDbBlockRepETag
1070
     1
1071
      108
1005
0
  0
ATTDEF
  5
23FD
330
238C
100
AcDbEntity
  8
CX-BORD-TEX3
100
AcDbText
 10
779.8460755130289
 20
1283.5892049055
 30
0.0
 40
0.9000000000002559
  1

  7
TB_TEXT
 72
     1
 11
779.8460755130289
 21
1284.0392049055
 31
0.0
100
AcDbAttributeDefinition
280
     0
  3
도면 시공이정(m)
  2
TD_CDIST
 70
     0
 74
     2
280
     0
1001
AcDbBlockRepETag
1070
     1
1071
      109
1005
0
  0
ATTDEF
  5
23FE
330
238C
100
AcDbEntity
  8
CX-BORD-TEX3
100
AcDbText
 10
770.0460755130261
 20
1283.5892049055
 30
0.0
 40
0.9000000000002559
  1

  7
TB_TEXT
 72
     1
 11
770.0460755130261
 21
1284.0392049055
 31
0.0
100
AcDbAttributeDefinition
280
     0
  3
시공공구명(하단)
  2
TD_CSECT
 70
     0
 74
     2
280
     0
1001
AcDbBlockRepETag
1070
     1
1071
      110
1005
0
  0
ATTDEF
  5
23FF
330
238C
100
AcDbEntity
  8
CX-BORD-TEX3
100
AcDbText
 10
646.9474070709139
 20
1280.558332968856
 30
0.0
 40
1.000000000000284
  1
고속국도 제1호선 언양~영천 고속도로 확장공사
  7
TB_TEXT
 72
     1
 11
661.9460755129954
 21
1281.058332968856
 31
0.0
100
AcDbAttributeDefinition
280
     0
  3
공사명(하단)
  2
TD_CNAME
 70
     0
 74
     2
280
     0
1001
AcDbBlockRepETag
1070
     1
1071
      111
1005
0
  0
ATTDEF
  5
2400
330
238C
100
AcDbEntity
  8
CX-BORD-TEX3
100
AcDbText
 10
799.9460755130346
 20
1282.288993514419
 30
0.0
 40
0.6000000000001706
  1

  7
TB_TEXT
 72
     1
 11
799.9460755130346
 21
1282.588993514419
 31
0.0
100
AcDbAttributeDefinition
280
     0
  3
도면명3(보조 도면명,측점,방향 등)
  2
TD_DNAME_BOT
 70
     0
 74
     2
280
     0
1001
AcDbBlockRepETag
1070
     1
1071
      112
1005
0
  0
ATTDEF
  5
2401
330
238C
100
AcDbEntity
  8
CX-BORD-TEX3
100
AcDbText
 10
799.9460755130346
 20
1283.383824074009
 30
0.0
 40
0.9000000000002559
  1

  7
TB_TEXT
 72
     1
 11
799.9460755130346
 21
1283.83382407401
 31
0.0
100
AcDbAttributeDefinition
280
     0
  3
도면명2(주도면명)
  2
TD_DNAME_MAIN
 70
     0
 74
     2
280
     0
1001
AcDbBlockRepETag
1070
     1
1071
      113
1005
0
  0
ATTDEF
  5
2402
330
238C
100
AcDbEntity
  8
CX-BORD-TEX3
100
AcDbText
 10
799.9460755130346
 20
1284.680607170453
 30
0.0
 40
0.9000000000002559
  1

  7
TB_TEXT
 72
     1
 11
799.9460755130346
 21
1285.130607170454
 31
0.0
100
AcDbAttributeDefinition
280
     0
  3
도면명1(공종,부위명, 교량명, 터널명 등)
  2
TD_DNAME_TOP
 70
     0
 74
     2
280
     0
1001
AcDbBlockRepETag
1070
     1
1071
      114
1005
0
  0
LWPOLYLINE
  5
2403
330
238C
100
AcDbEntity
  8
CX-BORD-TEX2
100
AcDbPolyline
 90
        7
 70
     0
 43
0.0356542702385602
 10
757.7142552232154
 20
1281.600599076569
 10
757.6728314915223
 20
1281.667848236412
 10
757.7971031918616
 20
1281.696299788561
 10
757.9472649139816
 20
1281.667848236412
 10
758.0334521452094
 20
1281.627407033997
 10
758.041460009131
 20
1281.582070458444
 10
758.0619255607834
 20
1281.515398940961
1001
AcDbBlockRepETag
1070
     1
1071
      348
1005
2403
  0
LWPOLYLINE
  5
2404
330
238C
100
AcDbEntity
  8
CX-BORD-TEX2
100
AcDbPolyline
 90
       23
 70
     0
 43
0.0356542702385602
 10
757.867659703279
 20
1281.363805747302
 10
757.8355408376328
 20
1281.3366873398
 10
757.8441464239987
 20
1281.24211917704
 10
757.850534929988
 20
1281.161650034978
 10
757.8117471391163
 20
1281.04914819957
 10
757.7792154761437
 20
1280.906645780826
 10
757.7669481566228
 20
1280.852909742042
 10
757.8630471857867
 20
1280.845394765899
 10
757.9969284238835
 20
1280.8566450098
 10
758.0317258840069
 20
1280.859569093257
 10
758.0282085581202
 20
1281.056648295104
 10
758.0457259183423
 20
1281.162900084434
 10
758.0857652379498
 20
1281.22165100045
 10
758.1057846451236
 20
1281.129149553931
 10
758.1408188603078
 20
1281.094148973973
 10
758.2083847384644
 20
1281.112899112209
 10
758.2872118489436
 20
1281.202900661015
 10
758.3515925687835
 20
1281.343829301095
 10
758.4114891071418
 20
1281.512554389343
 10
758.4124708270989
 20
1281.240828485385
 10
758.4135357794066
 20
1280.946065068968
 10
758.4274527932165
 20
1280.812013234383
 10
758.4394971783615
 20
1280.75714344729
1001
AcDbBlockRepETag
1070
     1
1071
      349
1005
2404
  0
LWPOLYLINE
  5
2405
330
238C
100
AcDbEntity
  8
CX-BORD-TEX2
100
AcDbPolyline
 90
        7
 70
     0
 43
0.0356542702385602
 10
758.4955067524223
 20
1281.523717715271
 10
758.5624168032478
 20
1281.623275211106
 10
758.6335978158833
 20
1281.657409226924
 10
758.6981351662877
 20
1281.60241550124
 10
758.7151371614266
 20
1281.526578765208
 10
758.6883341350334
 20
1281.396859726829
 10
758.6595191637768
 20
1281.252708280991
1001
AcDbBlockRepETag
1070
     1
1071
      350
1005
2405
  0
LWPOLYLINE
  5
2406
330
238C
100
AcDbEntity
  8
CX-BORD-TEX2
100
AcDbPolyline
 90
        3
 70
     0
 43
0.0356542702385602
 10
758.7104784034504
 20
1281.547358973412
 10
758.8088744911201
 20
1281.582323365601
 10
759.201224455082
 20
1281.760865959593
1001
AcDbBlockRepETag
1070
     1
1071
      351
1005
2406
  0
LWPOLYLINE
  5
2407
330
238C
100
AcDbEntity
  8
CX-BORD-TEX2
100
AcDbPolyline
 90
       25
 70
     0
 43
0.0356542702385602
 10
759.2028993916016
 20
1281.710662178764
 10
759.1015573953752
 20
1281.602723738125
 10
759.0043969299594
 20
1281.463604480751
 10
758.9541473185903
 20
1281.350341710683
 10
758.9156207470794
 20
1281.235709580146
 10
758.8796063277178
 20
1281.145342452737
 10
758.8796063277177
 20
1281.070036680895
 10
758.917295683599
 20
1281.040751158845
 10
758.9918366744715
 20
1281.061669417623
 10
759.0915032289183
 20
1281.128607926194
 10
759.1814591936304
 20
1281.172751794009
 10
759.2324161688386
 20
1281.144424180451
 10
759.2324161688387
 20
1281.091874016756
 10
759.2209225169688
 20
1281.038363530181
 10
759.2074511384375
 20
1280.975645429077
 10
759.1785953806009
 20
1280.92505247235
 10
759.1650069212465
 20
1280.871849820262
 10
759.159253526933
 20
1280.797540788321
 10
759.1773352624469
 20
1280.742937992316
 10
759.2332235741353
 20
1280.714199731575
 10
759.2977412194041
 20
1280.748275198481
 10
759.3708892087732
 20
1280.845574839014
 10
759.3873606810326
 20
1280.92574218256
 10
759.3733887294255
 20
1280.988555910205
 10
759.2234233826994
 20
1281.050006700135
1001
AcDbBlockRepETag
1070
     1
1071
      352
1005
2407
  0
LWPOLYLINE
  5
2408
330
238C
100
AcDbEntity
  8
CX-BORD-TEX2
100
AcDbPolyline
 90
       23
 70
     0
 43
0.0356542702385602
 10
759.2324161688387
 20
1281.102457889531
 10
759.300582295739
 20
1281.148452788248
 10
759.3291269529568
 20
1281.199507037296
 10
759.4332534364108
 20
1281.322545463713
 10
759.465941224688
 20
1281.36900010217
 10
759.4751490808369
 20
1281.279310210632
 10
759.4981687212094
 20
1281.232395631235
 10
759.5888653969132
 20
1281.241134509081
 10
759.6261571132647
 20
1281.277930387814
 10
759.7984891338902
 20
1281.430417106281
 10
759.8325130439539
 20
1281.460522912365
 10
759.8799784587048
 20
1281.47549192192
 10
759.8850426785348
 20
1281.42581749569
 10
759.8808990422159
 20
1281.355445525996
 10
759.8717836486257
 20
1281.283002816081
 10
759.8925013249611
 20
1281.201131920509
 10
759.9339366776315
 20
1281.152837518296
 10
760.0399831486496
 20
1281.13699852855
 10
760.0783384370596
 20
1281.122920633749
 10
760.0945966896476
 20
1281.060837862111
 10
760.067138341183
 20
1280.924912840236
 10
760.0203209602148
 20
1280.801030585167
 10
760.0024074762426
 20
1280.724827063338
1001
AcDbBlockRepETag
1070
     1
1071
      353
1005
2408
  0
LWPOLYLINE
  5
2409
330
238C
100
AcDbEntity
  8
CX-BORD-TEX2
100
AcDbPolyline
 90
       11
 70
     0
 43
0.0445678377982003
 10
741.7700126943619
 20
1281.585225082074
 10
741.9506634402928
 20
1281.563021398782
 10
742.0443701180554
 20
1281.499306619217
 10
741.9632220207664
 20
1281.413388156358
 10
741.8221793283333
 20
1281.347742529918
 10
741.7149480749506
 20
1281.307196706259
 10
741.7342689432342
 20
1281.260858643623
 10
741.8994640886035
 20
1281.248032131299
 10
741.9912387760728
 20
1281.236447653346
 10
741.9786801955991
 20
1281.173698146394
 10
741.666646708701
 20
1280.875396783337
1001
AcDbBlockRepETag
1070
     1
1071
      354
1005
2409
  0
LWPOLYLINE
  5
240A
330
238C
100
AcDbEntity
  8
CX-BORD-TEX2
100
AcDbPolyline
 90
        3
 70
     0
 43
0.0445678377982003
 10
741.8803999212781
 20
1281.079743038937
 10
742.1999049901747
 20
1281.169836603468
 10
742.2742904778695
 20
1281.186248047784
1001
AcDbBlockRepETag
1070
     1
1071
      355
1005
240A
  0
LWPOLYLINE
  5
240B
330
238C
100
AcDbEntity
  8
CX-BORD-TEX2
100
AcDbPolyline
 90
        5
 70
     0
 43
0.0445678377982003
 10
742.2627294273609
 20
1281.703889362579
 10
742.3004051687817
 20
1281.613143933358
 10
742.2742904778695
 20
1281.186248047784
 10
742.2366317909934
 20
1281.046078850865
 10
742.197990054426
 20
1280.96498735437
1001
AcDbBlockRepETag
1070
     1
1071
      356
1005
240B
  0
LWPOLYLINE
  5
240C
330
238C
100
AcDbEntity
  8
CX-BORD-TEX2
100
AcDbPolyline
 90
        7
 70
     0
 43
0.0445678377982003
 10
742.0086447086077
 20
1280.967883473858
 10
742.0511507475455
 20
1280.897410881055
 10
742.1477554107477
 20
1280.840453763903
 10
742.2250392056664
 20
1280.837557644415
 10
742.3197118785755
 20
1280.862657447196
 10
742.383471097874
 20
1280.92444153071
 10
742.4646188733789
 20
1281.001671635104
1001
AcDbBlockRepETag
1070
     1
1071
      357
1005
240C
  0
LWPOLYLINE
  5
240D
330
238C
100
AcDbEntity
  8
CX-BORD-TEX2
100
AcDbPolyline
 90
       10
 70
     0
 43
0.0445678377982003
 10
742.9489853152206
 20
1281.536136746609
 10
742.9242195422482
 20
1281.619769624907
 10
742.8593163813287
 20
1281.656465669901
 10
742.7841653698318
 20
1281.629157051898
 10
742.7346338238868
 20
1281.582220218594
 10
742.7158461514586
 20
1281.529309554402
 10
742.7440279818848
 20
1281.474692167572
 10
742.8149089215645
 20
1281.469571848828
 10
742.9011621197864
 20
1281.496880617656
 10
742.9489853152206
 20
1281.536136746609
1001
AcDbBlockRepETag
1070
     1
1071
      358
1005
240D
  0
LWPOLYLINE
  5
240E
330
238C
100
AcDbEntity
  8
CX-BORD-TEX2
100
AcDbPolyline
 90
        3
 70
     0
 43
0.0445678377982003
 10
742.716700165822
 20
1281.508828128606
 10
742.6868106284526
 20
1281.434582526474
 10
742.7244941833492
 20
1281.252402063995
1001
AcDbBlockRepETag
1070
     1
1071
      359
1005
240E
  0
LWPOLYLINE
  5
240F
330
238C
100
AcDbEntity
  8
CX-BORD-TEX2
100
AcDbPolyline
 90
        5
 70
     0
 43
0.0445678377982003
 10
742.9697293741862
 20
1281.493331401161
 10
742.7927051916825
 20
1281.29718577349
 10
742.4934149891933
 20
1281.10068779156
 10
742.8923989799373
 20
1281.189440988601
 10
743.0836924052417
 20
1281.196268180808
1001
AcDbBlockRepETag
1070
     1
1071
      360
1005
240F
  0
LWPOLYLINE
  5
2410
330
238C
100
AcDbEntity
  8
CX-BORD-TEX2
100
AcDbPolyline
 90
       12
 70
     0
 43
0.0445678377982003
 10
742.7918759546762
 20
1280.994204798967
 10
742.7080786108709
 20
1280.967800520743
 10
742.674861828393
 20
1280.92404501482
 10
742.6756167333278
 20
1280.871991030073
 10
742.7443153348715
 20
1280.813901678311
 10
742.8220731174153
 20
1280.813147257434
 10
742.8666141174812
 20
1280.832761898588
 10
742.8900168140244
 20
1280.893868783035
 10
742.8892619090897
 20
1280.951203563096
 10
742.867369022416
 20
1280.993450378089
 10
742.8288675836114
 20
1281.000994436036
 10
742.7918759546762
 20
1280.994204798967
1001
AcDbBlockRepETag
1070
     1
1071
      361
1005
2410
  0
LWPOLYLINE
  5
2411
330
238C
100
AcDbEntity
  8
CX-BORD-TEX2
100
AcDbPolyline
 90
        5
 70
     0
 43
0.0445678377982003
 10
743.2105328452462
 20
1281.619053060815
 10
743.3541700809396
 20
1281.632361153679
 10
743.4521474740871
 20
1281.627608241824
 10
743.4911483214419
 20
1281.600992056097
 10
743.3779508735177
 20
1281.422283294316
1001
AcDbBlockRepETag
1070
     1
1071
      362
1005
2411
  0
LWPOLYLINE
  5
2412
330
238C
100
AcDbEntity
  8
CX-BORD-TEX2
100
AcDbPolyline
 90
        4
 70
     0
 43
0.0445678377982003
 10
743.5815161698768
 20
1281.583881694079
 10
743.6804450778972
 20
1281.508785897929
 10
743.6928112316228
 20
1281.483120354902
 10
743.6604690576753
 20
1281.431789118025
1001
AcDbBlockRepETag
1070
     1
1071
      363
1005
2412
  0
LWPOLYLINE
  5
2413
330
238C
100
AcDbEntity
  8
CX-BORD-TEX2
100
AcDbPolyline
 90
        4
 70
     0
 43
0.0445678377982003
 10
743.1127411213857
 20
1281.195816915861
 10
743.5084567534675
 20
1281.252091102639
 10
743.6576109734342
 20
1281.249049287316
 10
743.8569905053472
 20
1281.239923690521
1001
AcDbBlockRepETag
1070
     1
1071
      364
1005
2413
  0
LWPOLYLINE
  5
2414
330
238C
100
AcDbEntity
  8
CX-BORD-TEX2
100
AcDbPolyline
 90
        5
 70
     0
 43
0.0445678377982003
 10
743.5830338634507
 20
1281.250570194977
 10
743.6012975108637
 20
1281.179086629935
 10
743.5906435690553
 20
1281.112165938702
 10
743.5480281236053
 20
1281.051328878115
 10
743.4856268321945
 20
1280.987450002206
1001
AcDbBlockRepETag
1070
     1
1071
      365
1005
2414
  0
LWPOLYLINE
  5
2415
330
238C
100
AcDbEntity
  8
CX-BORD-TEX2
100
AcDbPolyline
 90
        6
 70
     0
 43
0.0445678377982003
 10
743.2986498155831
 20
1281.047942731952
 10
743.3732270864584
 20
1280.926268610779
 10
743.4356283778692
 20
1280.859347919546
 10
743.5056395357763
 20
1280.865431550193
 10
743.5786947689956
 20
1280.906496660354
 10
743.7735085097243
 20
1281.120947053832
1001
AcDbBlockRepETag
1070
     1
1071
      366
1005
2415
  0
LWPOLYLINE
  5
2416
330
238C
100
AcDbEntity
  8
CX-BORD-TEX2
100
AcDbPolyline
 90
       17
 70
     0
 43
0.0327573607816772
 10
749.7576915746102
 20
1281.270992021737
 10
749.656823831954
 20
1281.137583603253
 10
749.5915500693455
 20
1280.998018268814
 10
749.5707832089764
 20
1280.954536962151
 10
749.5671470867588
 20
1280.922606912227
 10
749.5768818851505
 20
1280.902178234053
 10
749.6129004026892
 20
1280.903637425352
 10
749.6537863194236
 20
1280.918715772384
 10
749.6927252764796
 20
1280.936712502011
 10
749.7248498746614
 20
1280.971246880825
 10
749.750160113969
 20
1281.019886738568
 10
749.7603816522804
 20
1281.050043432632
 10
749.7633326017346
 20
1281.115909019815
 10
749.7608989021367
 20
1281.168926451452
 10
749.7584652025388
 20
1281.198110388269
 10
749.7361304940876
 20
1281.242475178021
 10
749.7117384067692
 20
1281.26912466039
1001
AcDbBlockRepETag
1070
     1
1071
      367
1005
2416
  0
LWPOLYLINE
  5
2417
330
238C
100
AcDbEntity
  8
CX-BORD-TEX2
100
AcDbPolyline
 90
       10
 70
     0
 43
0.0327573607816772
 10
749.8214840679686
 20
1281.689304132364
 10
749.824575268527
 20
1281.729461103492
 10
749.8276664690852
 20
1281.761123326464
 10
749.8422679571396
 20
1281.777651885497
 10
749.8559612424285
 20
1281.773850871197
 10
749.9056307097625
 20
1281.612432919345
 10
749.9263195214563
 20
1281.459971318062
 10
749.9292574627981
 20
1280.914034343491
 10
749.9282910782929
 20
1280.656225515765
 10
749.9534135277579
 20
1280.578979389355
1001
AcDbBlockRepETag
1070
     1
1071
      368
1005
2417
  0
LWPOLYLINE
  5
2418
330
238C
100
AcDbEntity
  8
CX-BORD-TEX2
100
AcDbPolyline
 90
       18
 70
     0
 43
0.0327573607816772
 10
750.4211379519472
 20
1281.299497522731
 10
750.4745315236416
 20
1281.318403378534
 10
750.5224597959863
 20
1281.352433918979
 10
750.5619793878833
 20
1281.38142297178
 10
750.5947723665378
 20
1281.415453512224
 10
750.6229406064227
 20
1281.452424938937
 10
750.5149914838186
 20
1281.175003662282
 10
750.4604891479147
 20
1281.010160496366
 10
750.4450175353881
 20
1280.959072616026
 10
750.4439617496733
 20
1280.928942970711
 10
750.4453775053384
 20
1280.914323343849
 10
750.4675582292834
 20
1280.916681351757
 10
750.4812441827271
 20
1280.95110820071
 10
750.5001213191129
 20
1281.010058398426
 10
750.5208860508819
 20
1281.048258104374
 10
750.5510897056104
 20
1281.072781342282
 10
750.5643035828248
 20
1281.080798635685
 10
750.56571933849
 20
1281.01949043006
1001
AcDbBlockRepETag
1070
     1
1071
      369
1005
2418
  0
LWPOLYLINE
  5
2419
330
238C
100
AcDbEntity
  8
CX-BORD-TEX2
100
AcDbPolyline
 90
        5
 70
     0
 43
0.0327573607816772
 10
750.6024239748363
 20
1281.147758588627
 10
750.6108809035559
 20
1281.233476848666
 10
750.6883919888949
 20
1281.294672868498
 10
750.7359636024451
 20
1281.352313640732
 10
750.7995910110301
 20
1281.389750438946
1001
AcDbBlockRepETag
1070
     1
1071
      370
1005
2419
  0
LWPOLYLINE
  5
241A
330
238C
100
AcDbEntity
  8
CX-BORD-TEX2
100
AcDbPolyline
 90
        8
 70
     0
 43
0.0327573607816772
 10
750.7900955619087
 20
1281.509347034792
 10
750.7995910110301
 20
1281.389750438946
 10
750.783574240333
 20
1281.207561376199
 10
750.7760815675184
 20
1281.130439407978
 10
750.7785266196508
 20
1281.068978000016
 10
750.7825832586697
 20
1281.043917334515
 10
750.8010230859635
 20
1281.014434198632
 10
750.8150373168651
 20
1280.99969263069
1001
AcDbBlockRepETag
1070
     1
1071
      371
1005
241A
  0
LWPOLYLINE
  5
241B
330
238C
100
AcDbEntity
  8
CX-BORD-TEX2
100
AcDbPolyline
 90
       16
 70
     0
 43
0.0327573607816772
 10
750.8055378470544
 20
1280.95202065255
 10
750.7627858574505
 20
1280.975703605565
 10
750.7400157477523
 20
1280.979882969778
 10
750.7153868970301
 20
1280.964558634332
 10
750.6814643411861
 20
1280.933445700495
 10
750.6628764579205
 20
1280.904190261863
 10
750.6628764579205
 20
1280.886079794465
 10
750.6693821697613
 20
1280.870291196073
 10
750.6865758198752
 20
1280.866576205662
 10
750.713063411622
 20
1280.862861215251
 10
750.7349042690633
 20
1280.866111831861
 10
750.7581388866341
 20
1280.876792318437
 10
750.7771912777723
 20
1280.889794784876
 10
750.7888087048132
 20
1280.906976504672
 10
750.7809089963322
 20
1280.947841288338
 10
750.7674463808614
 20
1280.973121855383
1001
AcDbBlockRepETag
1070
     1
1071
      372
1005
241B
  0
LWPOLYLINE
  5
241C
330
238C
100
AcDbEntity
  8
CX-BORD-TEX2
100
AcDbPolyline
 90
       20
 70
     0
 43
0.0327573607816772
 10
751.313895357573
 20
1281.393725607278
 10
751.2734935791357
 20
1281.408938865486
 10
751.3074544497838
 20
1281.446971955578
 10
751.3496127964344
 20
1281.478568662934
 10
751.4005539841511
 20
1281.505484495675
 10
751.4222186407955
 20
1281.519527452087
 10
751.3150663242115
 20
1281.37851234907
 10
751.2084996092021
 20
1281.324680794445
 10
751.4854560425159
 20
1281.48090915567
 10
751.4239752090088
 20
1281.398991688219
 10
751.364250943715
 20
1281.315318823503
 10
751.3332178444295
 20
1281.277285622556
 10
751.3285335048536
 20
1281.250954996141
 10
751.336730980856
 20
1281.241593025199
 10
751.3800602941451
 20
1281.24627401067
 10
751.4175343012196
 20
1281.257976474347
 10
751.4503242052292
 20
1281.270849239819
 10
751.432758286586
 20
1281.316489014443
 10
751.4380279912256
 20
1281.365054377272
 10
751.4461104500516
 20
1281.428484829157
1001
AcDbBlockRepETag
1070
     1
1071
      373
1005
241C
  0
LWPOLYLINE
  5
241D
330
238C
100
AcDbEntity
  8
CX-BORD-TEX2
100
AcDbPolyline
 90
       26
 70
     0
 43
0.0327573607816772
 10
751.5654507313026
 20
1281.613811851242
 10
751.6333275354829
 20
1281.696387024532
 10
751.6534681143618
 20
1281.734182107808
 10
751.6563731806553
 20
1281.742528642125
 10
751.6447526789696
 20
1281.742528642125
 10
751.6305901555853
 20
1281.742528642125
 10
751.6236904161907
 20
1281.733456336675
 10
751.6222377647882
 20
1281.71531183663
 10
751.6204220687908
 20
1281.656886650688
 10
751.6203350326925
 20
1281.597384725016
 10
751.6198773836427
 20
1281.548915806495
 10
751.6299440071596
 20
1281.517365325894
 10
751.6422984029028
 20
1281.492216419394
 10
751.6665497818507
 20
1281.495417151016
 10
751.7168826629236
 20
1281.510963751793
 10
751.7571489204795
 20
1281.553488375261
 10
751.843172278144
 20
1281.661400244314
 10
751.4651551090864
 20
1281.16004426323
 10
751.5214097560028
 20
1281.184302334718
 10
751.5669577802665
 20
1281.230394843313
 10
751.6488287119017
 20
1281.290315026887
 10
751.6759267388926
 20
1281.305295045067
 10
751.6989891763557
 20
1281.30932819084
 10
751.7013791213933
 20
1281.003838405678
 10
751.7059915615837
 20
1280.874779514639
 10
751.7207512755885
 20
1280.781672733744
1001
AcDbBlockRepETag
1070
     1
1071
      374
1005
241D
  0
LWPOLYLINE
  5
241E
330
238C
100
AcDbEntity
  8
CX-BORD-TEX2
100
AcDbPolyline
 90
       12
 70
     0
 43
0.0445678377982003
 10
741.9035893300542
 20
1282.751470864847
 10
742.0206883302085
 20
1282.695400456855
 10
742.0788702897385
 20
1282.641209274479
 10
742.0871850460724
 20
1282.575447834241
 10
742.0629338350591
 20
1282.506225163946
 10
741.9638501402951
 20
1282.441155866741
 10
741.8701893656873
 20
1282.396665499552
 10
741.7939710892142
 20
1282.411894577123
 10
741.7821920127019
 20
1282.457581423667
 10
741.8300016999946
 20
1282.539956356265
 10
741.930510947804
 20
1282.649484612272
 10
741.9811358599204
 20
1282.731996506035
1001
AcDbBlockRepETag
1070
     1
1071
      375
1005
241E
  0
LWPOLYLINE
  5
241F
330
238C
100
AcDbEntity
  8
CX-BORD-TEX2
100
AcDbPolyline
 90
       11
 70
     0
 43
0.0445678377982003
 10
742.1585877978933
 20
1282.970568954356
 10
742.169024074553
 20
1282.888897878575
 10
742.1681545195207
 20
1282.788981104063
 10
742.1576965847989
 20
1282.660971457695
 10
742.1342153663828
 20
1282.531514193595
 10
742.0947769030997
 20
1282.314081032057
 10
742.077629638358
 20
1282.262184309389
 10
742.0628452632826
 20
1282.145759595295
 10
742.0593663966445
 20
1282.035416780777
 10
742.0724116616555
 20
1281.925942717112
 10
742.1019807350609
 20
1281.877287649218
1001
AcDbBlockRepETag
1070
     1
1071
      376
1005
241F
  0
LWPOLYLINE
  5
2420
330
238C
100
AcDbEntity
  8
CX-BORD-TEX2
100
AcDbPolyline
 90
        4
 70
     0
 43
0.0445678377982003
 10
742.3768002088142
 20
1282.836152511812
 10
742.4376199263601
 20
1282.849845152849
 10
742.5241377427722
 20
1282.829306126932
 10
742.5387003651517
 20
1282.798497716779
1001
AcDbBlockRepETag
1070
     1
1071
      377
1005
2420
  0
LWPOLYLINE
  5
2421
330
238C
100
AcDbEntity
  8
CX-BORD-TEX2
100
AcDbPolyline
 90
        7
 70
     0
 43
0.0445678377982003
 10
742.3331129881852
 20
1282.759987171908
 10
742.5387003651517
 20
1282.798497716779
 10
742.6816251497622
 20
1282.837307284948
 10
742.7942661449168
 20
1282.888954774097
 10
742.5984051773793
 20
1282.755427163177
 10
742.3522570988439
 20
1282.609245962468
 10
742.2944452658982
 20
1282.552832636671
1001
AcDbBlockRepETag
1070
     1
1071
      378
1005
2421
  0
LWPOLYLINE
  5
2422
330
238C
100
AcDbEntity
  8
CX-BORD-TEX2
100
AcDbPolyline
 90
        2
 70
     0
 43
0.0445678377982003
 10
742.4965494766702
 20
1282.694937604545
 10
742.5162820080538
 20
1282.628050318586
1001
AcDbBlockRepETag
1070
     1
1071
      379
1005
2422
  0
LWPOLYLINE
  5
2423
330
238C
100
AcDbEntity
  8
CX-BORD-TEX2
100
AcDbPolyline
 90
        8
 70
     0
 43
0.0445678377982003
 10
742.5112541050906
 20
1282.567986797514
 10
742.6725297334273
 20
1282.69795740854
 10
742.8824955947472
 20
1282.747039064124
 10
742.9164968127797
 20
1282.927492093332
 10
742.9209477061768
 20
1283.029022280672
 10
742.8245124368324
 20
1283.029022280672
 10
742.7013721303597
 20
1283.003825030452
 10
742.6880194501682
 20
1282.982333197629
1001
AcDbBlockRepETag
1070
     1
1071
      380
1005
2423
  0
LWPOLYLINE
  5
2424
330
238C
100
AcDbEntity
  8
CX-BORD-TEX2
100
AcDbPolyline
 90
        2
 70
     0
 43
0.0445678377982003
 10
742.8824955947472
 20
1282.747039064124
 10
742.8522884166454
 20
1282.594115744085
1001
AcDbBlockRepETag
1070
     1
1071
      381
1005
2424
  0
LWPOLYLINE
  5
2425
330
238C
100
AcDbEntity
  8
CX-BORD-TEX2
100
AcDbPolyline
 90
        3
 70
     0
 43
0.0445678377982003
 10
742.6181039930327
 20
1282.511161429714
 10
742.7801686859914
 20
1282.547409669619
 10
742.908258429639
 20
1282.576058894026
1001
AcDbBlockRepETag
1070
     1
1071
      382
1005
2425
  0
LWPOLYLINE
  5
2426
330
238C
100
AcDbEntity
  8
CX-BORD-TEX2
100
AcDbPolyline
 90
        8
 70
     0
 43
0.0445678377982003
 10
742.8325802266071
 20
1282.437096203923
 10
742.529989298606
 20
1282.385533285718
 10
742.5836256511238
 20
1282.326893182474
 10
742.6483945708366
 20
1282.24095494256
 10
742.7303674267458
 20
1282.159060918716
 10
742.7961481335404
 20
1282.133784890081
 10
742.8457363679659
 20
1282.14591740957
 10
742.8588925093249
 20
1282.215679042647
1001
AcDbBlockRepETag
1070
     1
1071
      383
1005
2426
  0
LWPOLYLINE
  5
2427
330
238C
100
AcDbEntity
  8
CX-BORD-TEX2
100
AcDbPolyline
 90
        2
 70
     0
 43
0.0445678377982003
 10
743.0864860936993
 20
1282.912261857255
 10
743.1519471016364
 20
1282.821273431806
1001
AcDbBlockRepETag
1070
     1
1071
      384
1005
2427
  0
LWPOLYLINE
  5
2428
330
238C
100
AcDbEntity
  8
CX-BORD-TEX2
100
AcDbPolyline
 90
       12
 70
     0
 43
0.0445678377982003
 10
743.0779974263589
 20
1282.75698664111
 10
743.188531770902
 20
1282.761384201541
 10
743.2261915851628
 20
1282.758452537495
 10
743.1807064221215
 20
1282.686625416765
 10
743.101969345347
 20
1282.610016883916
 10
743.1543256094159
 20
1282.590881967392
 10
743.0181652517956
 20
1282.573286061859
 10
742.9734562231901
 20
1282.510347257372
 10
743.0249393764256
 20
1282.465004229693
 10
743.1563575882013
 20
1282.4636507084
 10
743.2403569275664
 20
1282.493428176847
 10
743.3514527654519
 20
1282.567871976687
1001
AcDbBlockRepETag
1070
     1
1071
      385
1005
2428
  0
LWPOLYLINE
  5
2429
330
238C
100
AcDbEntity
  8
CX-BORD-TEX2
100
AcDbPolyline
 90
        2
 70
     0
 43
0.0445678377982003
 10
743.2228161600155
 20
1282.657901673977
 10
743.3103919889259
 20
1282.634967114892
1001
AcDbBlockRepETag
1070
     1
1071
      386
1005
2429
  0
LWPOLYLINE
  5
242A
330
238C
100
AcDbEntity
  8
CX-BORD-TEX2
100
AcDbPolyline
 90
        7
 70
     0
 43
0.0445678377982003
 10
743.4589158674818
 20
1283.076962807749
 10
743.4696275571107
 20
1282.762341256302
 10
743.4374924882237
 20
1282.533330988605
 10
743.4095881763112
 20
1282.316618391877
 10
743.3817378479267
 20
1282.123992939081
 10
743.3685497043565
 20
1281.951985676785
 10
743.38055505913
 20
1281.781076935718
1001
AcDbBlockRepETag
1070
     1
1071
      387
1005
242A
  0
LWPOLYLINE
  5
242B
330
238C
100
AcDbEntity
  8
CX-BORD-TEX2
100
AcDbPolyline
 90
        6
 70
     0
 43
0.0445678377982003
 10
743.6389205474952
 20
1281.976461563874
 10
743.6107964224147
 20
1281.97226004842
 10
743.6107964224147
 20
1281.937335337372
 10
743.6460176035295
 20
1281.939173500384
 10
743.6454919914543
 20
1281.968321256404
 10
743.6389205474952
 20
1281.976461563874
1001
AcDbBlockRepETag
1070
     1
1071
      388
1005
242B
  0
LWPOLYLINE
  5
242C
330
238C
100
AcDbEntity
  8
CX-BORD-TEX2
100
AcDbPolyline
 90
        4
 70
     0
 43
0.0356542702385602
 10
757.7886893846403
 20
1282.994156512625
 10
757.8729530468535
 20
1282.966886043676
 10
757.9441618900848
 20
1282.937244152348
 10
757.9524696453306
 20
1282.872032179561
1001
AcDbBlockRepETag
1070
     1
1071
      389
1005
242C
  0
LWPOLYLINE
  5
242D
330
238C
100
AcDbEntity
  8
CX-BORD-TEX2
100
AcDbPolyline
 90
       19
 70
     0
 43
0.0356542702385602
 10
757.7775634704132
 20
1282.75488826202
 10
757.9384423685833
 20
1282.852364497657
 10
758.0144129739676
 20
1282.882128153147
 10
758.0389916143217
 20
1282.846411745656
 10
758.0255850832196
 20
1282.774978721636
 10
757.8736391479597
 20
1282.569888887412
 10
757.7954154852321
 20
1282.422278635873
 10
757.7812640593558
 20
1282.295038744746
 10
757.8095669111083
 20
1282.184912937235
 10
757.9473566960007
 20
1282.149940493095
 10
758.059078050991
 20
1282.219141208984
 10
758.1477102927035
 20
1282.30768831662
 10
758.2670477899271
 20
1282.520150578908
 10
758.3385028316426
 20
1282.704200088534
 10
758.3677514831987
 20
1282.779536969555
 10
758.3787009022671
 20
1282.902195723191
 10
758.3955279649745
 20
1282.493129282287
 10
758.4843379000493
 20
1282.708869770275
 10
758.5993233534927
 20
1282.823744589142
1001
AcDbBlockRepETag
1070
     1
1071
      390
1005
242D
  0
LWPOLYLINE
  5
242E
330
238C
100
AcDbEntity
  8
CX-BORD-TEX2
100
AcDbPolyline
 90
       10
 70
     0
 43
0.0356542702385602
 10
758.0255850832196
 20
1282.774978721636
 10
758.0981871264016
 20
1282.825766501342
 10
758.1488499449618
 20
1282.819439781812
 10
758.1799386716726
 20
1282.728564522495
 10
758.1476984814757
 20
1282.637689263179
 10
758.0746106031186
 20
1282.521758283921
 10
757.9553917431175
 20
1282.354254799352
 10
757.8696104693527
 20
1282.311117780726
 10
757.8258561692376
 20
1282.340450924127
 10
757.7908410907142
 20
1282.381148825669
1001
AcDbBlockRepETag
1070
     1
1071
      391
1005
242E
  0
LWPOLYLINE
  5
242F
330
238C
100
AcDbEntity
  8
CX-BORD-TEX2
100
AcDbPolyline
 90
       10
 70
     0
 43
0.0356542702385602
 10
758.552519656801
 20
1282.289312693575
 10
758.4563812485106
 20
1282.339147786297
 10
758.307638780734
 20
1282.2648481308
 10
758.2631975920976
 20
1282.162459416727
 10
758.2123423817582
 20
1282.092397572142
 10
758.2415662468167
 20
1282.016234768188
 10
758.306366842723
 20
1282.000367591399
 10
758.451215279891
 20
1282.066375368761
 10
758.5386097049177
 20
1282.190855655451
 10
758.550685877798
 20
1282.290263266278
1001
AcDbBlockRepETag
1070
     1
1071
      392
1005
242F
  0
LWPOLYLINE
  5
2430
330
238C
100
AcDbEntity
  8
CX-BORD-TEX2
100
AcDbPolyline
 90
       28
 70
     0
 43
0.0356542702385602
 10
758.6705104115701
 20
1282.479997879695
 10
758.7622127851262
 20
1282.453643202667
 10
758.8815510697649
 20
1282.522667386651
 10
758.9833026985055
 20
1282.63436118211
 10
759.0210088625113
 20
1282.733767353585
 10
759.0235212419253
 20
1282.825381245805
 10
758.9607114941024
 20
1282.870560766795
 10
758.8752903315532
 20
1282.83793110694
 10
758.7823317682903
 20
1282.692352801387
 10
758.7157526639312
 20
1282.603079916635
 10
758.6713172496729
 20
1282.525122319386
 10
758.6705104115701
 20
1282.479997879695
 10
758.6220051106431
 20
1282.440668159891
 10
758.581376323907
 20
1282.268533874498
 10
758.5851480426888
 20
1282.167535362243
 10
758.6199139983581
 20
1282.099325796181
 10
758.7103890540976
 20
1282.100162676563
 10
758.8343736133277
 20
1282.157492170548
 10
758.9832061089083
 20
1282.317791606507
 10
759.109642679054
 20
1282.459093220231
 10
759.175151423692
 20
1282.489879694682
 10
759.2366624613873
 20
1282.500384231451
 10
759.2482288031799
 20
1282.438932315083
 10
759.2408685708849
 20
1282.351743949169
 10
759.2177673839074
 20
1282.25371846832
 10
759.2074126116276
 20
1282.133572149648
 10
759.2138835896963
 20
1282.06199698034
 10
759.2564079472774
 20
1282.030596250113
1001
AcDbBlockRepETag
1070
     1
1071
      393
1005
2430
  0
LWPOLYLINE
  5
2431
330
238C
100
AcDbEntity
  8
CX-BORD-TEX2
100
AcDbPolyline
 90
       23
 70
     0
 43
0.0356542702385602
 10
759.3306070688409
 20
1283.000291299226
 10
759.394661982558
 20
1283.071265904693
 10
759.4959855199043
 20
1283.079410516129
 10
759.5379124918244
 20
1283.050322573349
 10
759.5297601198438
 20
1282.921172082324
 10
759.5146197004831
 20
1282.859505589282
 10
759.3690400170711
 20
1282.675669820181
 10
759.5553820853305
 20
1282.864159697753
 10
759.6485532506961
 20
1282.907209861428
 10
759.74172415359
 20
1282.887430031073
 10
759.7454441654407
 20
1282.83079694448
 10
759.7134556856343
 20
1282.748619931592
 10
759.637597418151
 20
1282.629919941223
 10
759.5878235913455
 20
1282.557916977311
 10
759.3670360454011
 20
1282.31602060666
 10
759.6239963954958
 20
1282.573879893132
 10
759.7972148771796
 20
1282.63232794511
 10
759.9520794980938
 20
1282.610553168351
 10
760.0312323107511
 20
1282.481050554183
 10
760.0394565999863
 20
1282.332810787153
 10
760.0371641718833
 20
1282.151382394827
 10
760.0222513155139
 20
1281.97374604161
 10
760.0073384591446
 20
1281.844243427441
1001
AcDbBlockRepETag
1070
     1
1071
      394
1005
2431
  0
LWPOLYLINE
  5
2432
330
238C
100
AcDbEntity
  8
CX-BORD-TEX2
100
AcDbPolyline
 90
       17
 70
     0
 43
0.0327573607816772
 10
749.7576915746102
 20
1282.470992021737
 10
749.6568238319538
 20
1282.337583603252
 10
749.5915500693455
 20
1282.198018268814
 10
749.5707832089764
 20
1282.154536962151
 10
749.5671470867588
 20
1282.122606912226
 10
749.5768818851505
 20
1282.102178234053
 10
749.6129004026892
 20
1282.103637425351
 10
749.6537863194236
 20
1282.118715772383
 10
749.6927252764796
 20
1282.136712502011
 10
749.7248498746614
 20
1282.171246880825
 10
749.750160113969
 20
1282.219886738568
 10
749.7603816522804
 20
1282.250043432632
 10
749.7633326017346
 20
1282.315909019815
 10
749.7608989021367
 20
1282.368926451452
 10
749.7584652025388
 20
1282.398110388269
 10
749.7361304940876
 20
1282.442475178021
 10
749.7117384067692
 20
1282.46912466039
1001
AcDbBlockRepETag
1070
     1
1071
      395
1005
2432
  0
LWPOLYLINE
  5
2433
330
238C
100
AcDbEntity
  8
CX-BORD-TEX2
100
AcDbPolyline
 90
       10
 70
     0
 43
0.0327573607816772
 10
749.8214840679686
 20
1282.889304132364
 10
749.8245752685269
 20
1282.929461103492
 10
749.8276664690852
 20
1282.961123326464
 10
749.8422679571396
 20
1282.977651885496
 10
749.8559612424283
 20
1282.973850871197
 10
749.9056307097625
 20
1282.812432919345
 10
749.9263195214563
 20
1282.659971318062
 10
749.9292574627981
 20
1282.11403434349
 10
749.9282910782929
 20
1281.856225515765
 10
749.9534135277579
 20
1281.778979389355
1001
AcDbBlockRepETag
1070
     1
1071
      396
1005
2433
  0
LWPOLYLINE
  5
2434
330
238C
100
AcDbEntity
  8
CX-BORD-TEX2
100
AcDbPolyline
 90
       18
 70
     0
 43
0.0327573607816772
 10
750.4211379519472
 20
1282.499497522731
 10
750.4745315236416
 20
1282.518403378533
 10
750.5224597959863
 20
1282.552433918978
 10
750.5619793878833
 20
1282.58142297178
 10
750.5947723665378
 20
1282.615453512224
 10
750.6229406064227
 20
1282.652424938937
 10
750.5149914838186
 20
1282.375003662282
 10
750.4604891479147
 20
1282.210160496366
 10
750.4450175353881
 20
1282.159072616026
 10
750.4439617496733
 20
1282.128942970711
 10
750.4453775053383
 20
1282.114323343848
 10
750.4675582292834
 20
1282.116681351757
 10
750.4812441827271
 20
1282.15110820071
 10
750.5001213191129
 20
1282.210058398425
 10
750.5208860508818
 20
1282.248258104374
 10
750.5510897056104
 20
1282.272781342282
 10
750.5643035828248
 20
1282.280798635684
 10
750.5657193384898
 20
1282.21949043006
1001
AcDbBlockRepETag
1070
     1
1071
      397
1005
2434
  0
LWPOLYLINE
  5
2435
330
238C
100
AcDbEntity
  8
CX-BORD-TEX2
100
AcDbPolyline
 90
        5
 70
     0
 43
0.0327573607816772
 10
750.6024239748363
 20
1282.347758588627
 10
750.6108809035559
 20
1282.433476848666
 10
750.6883919888949
 20
1282.494672868498
 10
750.7359636024451
 20
1282.552313640732
 10
750.7995910110301
 20
1282.589750438946
1001
AcDbBlockRepETag
1070
     1
1071
      398
1005
2435
  0
LWPOLYLINE
  5
2436
330
238C
100
AcDbEntity
  8
CX-BORD-TEX2
100
AcDbPolyline
 90
        8
 70
     0
 43
0.0327573607816772
 10
750.7900955619087
 20
1282.709347034791
 10
750.7995910110301
 20
1282.589750438946
 10
750.7835742403329
 20
1282.407561376199
 10
750.7760815675184
 20
1282.330439407978
 10
750.7785266196508
 20
1282.268978000016
 10
750.7825832586696
 20
1282.243917334515
 10
750.8010230859635
 20
1282.214434198631
 10
750.8150373168651
 20
1282.19969263069
1001
AcDbBlockRepETag
1070
     1
1071
      399
1005
2436
  0
LWPOLYLINE
  5
2437
330
238C
100
AcDbEntity
  8
CX-BORD-TEX2
100
AcDbPolyline
 90
       16
 70
     0
 43
0.0327573607816772
 10
750.8055378470544
 20
1282.15202065255
 10
750.7627858574505
 20
1282.175703605565
 10
750.7400157477523
 20
1282.179882969778
 10
750.71538689703
 20
1282.164558634332
 10
750.6814643411861
 20
1282.133445700495
 10
750.6628764579205
 20
1282.104190261863
 10
750.6628764579205
 20
1282.086079794465
 10
750.6693821697613
 20
1282.070291196073
 10
750.6865758198752
 20
1282.066576205662
 10
750.7130634116219
 20
1282.062861215251
 10
750.7349042690633
 20
1282.06611183186
 10
750.7581388866341
 20
1282.076792318437
 10
750.7771912777723
 20
1282.089794784876
 10
750.7888087048132
 20
1282.106976504671
 10
750.7809089963322
 20
1282.147841288338
 10
750.7674463808614
 20
1282.173121855383
1001
AcDbBlockRepETag
1070
     1
1071
      400
1005
2437
  0
LWPOLYLINE
  5
2438
330
238C
100
AcDbEntity
  8
CX-BORD-TEX2
100
AcDbPolyline
 90
       20
 70
     0
 43
0.0327573607816772
 10
751.313895357573
 20
1282.593725607278
 10
751.2734935791357
 20
1282.608938865486
 10
751.3074544497838
 20
1282.646971955578
 10
751.3496127964343
 20
1282.678568662934
 10
751.4005539841511
 20
1282.705484495674
 10
751.4222186407955
 20
1282.719527452087
 10
751.3150663242115
 20
1282.57851234907
 10
751.2084996092021
 20
1282.524680794445
 10
751.4854560425159
 20
1282.680909155669
 10
751.4239752090088
 20
1282.598991688219
 10
751.364250943715
 20
1282.515318823503
 10
751.3332178444295
 20
1282.477285622555
 10
751.3285335048536
 20
1282.45095499614
 10
751.336730980856
 20
1282.441593025199
 10
751.3800602941451
 20
1282.446274010669
 10
751.4175343012196
 20
1282.457976474346
 10
751.4503242052292
 20
1282.470849239819
 10
751.432758286586
 20
1282.516489014443
 10
751.4380279912256
 20
1282.565054377272
 10
751.4461104500516
 20
1282.628484829157
1001
AcDbBlockRepETag
1070
     1
1071
      401
1005
2438
  0
LWPOLYLINE
  5
2439
330
238C
100
AcDbEntity
  8
CX-BORD-TEX2
100
AcDbPolyline
 90
       26
 70
     0
 43
0.0327573607816772
 10
751.5654507313026
 20
1282.813811851241
 10
751.6333275354829
 20
1282.896387024532
 10
751.6534681143618
 20
1282.934182107808
 10
751.6563731806553
 20
1282.942528642125
 10
751.6447526789696
 20
1282.942528642125
 10
751.6305901555853
 20
1282.942528642125
 10
751.6236904161907
 20
1282.933456336675
 10
751.6222377647882
 20
1282.915311836629
 10
751.6204220687908
 20
1282.856886650688
 10
751.6203350326925
 20
1282.797384725016
 10
751.6198773836427
 20
1282.748915806495
 10
751.6299440071596
 20
1282.717365325894
 10
751.6422984029028
 20
1282.692216419394
 10
751.6665497818507
 20
1282.695417151016
 10
751.7168826629236
 20
1282.710963751793
 10
751.7571489204795
 20
1282.753488375261
 10
751.843172278144
 20
1282.861400244314
 10
751.4651551090864
 20
1282.36004426323
 10
751.5214097560028
 20
1282.384302334718
 10
751.5669577802665
 20
1282.430394843313
 10
751.6488287119017
 20
1282.490315026887
 10
751.6759267388926
 20
1282.505295045067
 10
751.6989891763557
 20
1282.50932819084
 10
751.7013791213933
 20
1282.203838405677
 10
751.7059915615837
 20
1282.074779514638
 10
751.7207512755885
 20
1281.981672733744
1001
AcDbBlockRepETag
1070
     1
1071
      402
1005
2439
  0
LWPOLYLINE
  5
243A
330
238C
100
AcDbEntity
  8
CX-BORD-TEX2
100
AcDbPolyline
 90
       35
 70
     0
 43
0.0262058886253418
 10
758.2905168937839
 20
1284.153358180475
 10
758.3752872070964
 20
1284.042431144436
 10
758.4329059287711
 20
1283.966420125064
 10
758.4579103937641
 20
1283.929500526865
 10
758.4720431879418
 20
1283.886065691804
 10
758.4828581764276
 20
1283.839251176245
 42
-0.4229315109830435
 10
758.429588123079
 20
1283.756724920011
 10
758.242598408113
 20
1283.780614276543
 10
758.0599566057087
 20
1283.813190228797
 10
757.9621130798996
 20
1283.844680617649
 10
758.0599566057087
 20
1283.813190228797
 10
758.429588123079
 20
1283.756724920011
 10
758.5826470397882
 20
1283.752879500791
 10
758.6714032545176
 20
1283.750151900916
 42
-0.1408873706740115
 10
758.7478707401918
 20
1283.725602109703
 42
-0.8809027692557592
 10
758.731485012354
 20
1283.692869054751
 10
758.5989745737677
 20
1283.641039551878
 10
758.5020258730017
 20
1283.619217592596
 10
758.4160002350297
 20
1283.600123233189
 10
758.3286096865614
 20
1283.600123233189
 10
758.171579227959
 20
1283.59603160132
 10
758.0896505887698
 20
1283.578301273907
 10
758.0200106786358
 20
1283.563298546369
 10
757.9817773136809
 20
1283.54011278715
 10
758.0200106786358
 20
1283.563298546369
 10
758.0896505887698
 20
1283.578301273907
 10
758.0882849225089
 20
1283.646494983684
 10
758.0855535899871
 20
1283.709233261655
 10
758.1060363166076
 20
1283.754241212213
 10
758.1538278338602
 20
1283.829254385791
 10
758.1838687127785
 20
1283.844256881272
 10
758.1538278338602
 20
1283.829254385791
 10
758.0855535899871
 20
1283.709233261655
 10
758.0896505887698
 20
1283.578301273907
 10
758.1005207480564
 20
1283.197188692566
1001
AcDbBlockRepETag
1070
     1
1071
      403
1005
243A
  0
LWPOLYLINE
  5
243B
330
238C
100
AcDbEntity
  8
CX-BORD-TEX2
100
AcDbPolyline
 90
      107
 70
     0
 43
0.0262058886253418
 10
758.2675046237348
 20
1283.401753345838
 10
758.2094052359052
 20
1283.39838921317
 10
758.216984797018
 20
1283.322619301189
 42
0.279644878296252
 10
758.3188693950447
 20
1283.187213715485
 42
0.2833531025880105
 10
758.5756849381859
 20
1283.231788183266
 42
-0.028024933787754
 10
758.6692583951659
 20
1283.305625523207
 10
758.6716277165427
 20
1283.578075250232
 10
758.6612178177724
 20
1284.203793948037
 10
758.6708041792015
 20
1283.483376183242
 10
758.5851622236932
 20
1283.492763147777
 10
758.6248005546576
 20
1283.436501121065
 42
0.1356130271614031
 10
758.7478881227728
 20
1283.335438138782
 42
0.3324790054823777
 10
758.9033125820369
 20
1283.370862128577
 10
758.9137436422102
 20
1283.466715891701
 10
758.6708041792015
 20
1283.483376183242
 10
758.5851622236932
 20
1283.492763147777
 10
758.6699555729317
 20
1283.385794424656
 10
758.669258395166
 20
1283.305625523207
 10
758.5983563592175
 20
1283.251276385201
 10
758.5298773024689
 20
1283.25208691934
 10
758.4944107909624
 20
1283.267715272986
 10
758.4453843546891
 20
1283.307307009398
 10
758.5298773024689
 20
1283.25208691934
 10
758.5983563592171
 20
1283.251276385201
 10
758.6692583951659
 20
1283.305625523207
 10
758.7572762280817
 20
1283.395867447998
 10
758.8470481901573
 20
1283.551324860958
 10
758.8933017268669
 20
1283.652182472652
 10
758.9339172611934
 20
1283.735934918926
 10
758.9575235620566
 20
1283.806783362629
 10
758.9601445529768
 20
1283.865671812293
 10
758.9509733520493
 20
1283.908856489734
 10
758.928700219578
 20
1283.935029056677
 42
0.282607566749324
 10
758.8684317879361
 20
1283.954658539898
 42
0.2528467656733305
 10
758.7911322056635
 20
1283.885301063457
 42
0.2798465359125028
 10
758.8173353129863
 20
1283.757055369409
 42
-0.0602655449577813
 10
758.8933017268669
 20
1283.652182472652
 42
-0.2010092350446223
 10
758.9137436422102
 20
1283.466715891701
 10
758.9847144534431
 20
1283.47590048209
 10
759.1218856910504
 20
1283.52864498635
 42
0.385954917925556
 10
759.3174457742504
 20
1283.916481191885
 10
759.2934215356771
 20
1283.949475775257
 10
759.2619643542835
 20
1283.984950353513
 42
-0.2480265099421704
 10
759.2426840488145
 20
1284.064008051355
 10
759.2407191189995
 20
1284.031870619542
 10
759.2485393863904
 20
1284.005198378261
 10
759.2909781493895
 20
1284.027139041617
 10
759.3215518422059
 20
1284.03850195258
 42
-0.2478862665183587
 10
759.4246494420859
 20
1284.025008524819
 42
-0.5533111902190666
 10
759.4203831520787
 20
1283.949019086763
 42
-0.25936448180315
 10
759.2934215356771
 20
1283.949475775257
 42
-0.1931466988363636
 10
759.2485393863904
 20
1284.005198378261
 10
759.2077888951903
 20
1283.985948431363
 10
759.1544621595122
 20
1283.960381997726
 10
759.1189117581579
 20
1283.943337631282
 42
0.7292155318498135
 10
759.1309986981197
 20
1283.85527518735
 10
759.2668964727222
 20
1283.848694046255
 10
759.6173980817382
 20
1283.886885549755
 10
759.4797461779759
 20
1283.853786308603
 10
759.2872620558616
 20
1283.83235443741
 10
759.2426092281397
 20
1283.831462409681
 10
759.1550901997241
 20
1283.83235443741
 10
759.1193682398523
 20
1283.822542364456
 42
0.3312629769195753
 10
759.0754983840429
 20
1283.766360397465
 10
759.0724186441351
 20
1283.668705174597
 10
759.0768998896524
 20
1283.511347236218
 10
759.0763675130965
 20
1283.416288942311
 10
759.065508690276
 20
1283.357128753711
 10
759.0763675130965
 20
1283.416288942311
 10
759.0768998896524
 20
1283.511347236218
 10
759.0746592668938
 20
1283.590026205408
 10
759.0171382574973
 20
1283.574049058483
 10
759.005291650613
 20
1283.532637065697
 10
758.9875228739331
 20
1283.453756891582
 10
759.005291650613
 20
1283.532637065697
 10
759.0171382574973
 20
1283.574049058483
 10
759.0746592668938
 20
1283.590026205408
 10
759.1513922445417
 20
1283.597713087511
 10
759.307456836248
 20
1283.62020731639
 10
759.4307514838073
 20
1283.642485035936
 42
0.3381794607889669
 10
759.6833113176428
 20
1283.919180480786
 10
759.6757931017483
 20
1283.873415612325
 10
759.6559488342514
 20
1283.816551827122
 10
759.6207707274588
 20
1283.758376589798
 10
759.5679611254155
 20
1283.704630486446
 10
759.5574748908246
 20
1283.696651244541
 10
759.5668141476386
 20
1283.874722333792
 10
759.6073894938615
 20
1284.326546617019
 10
759.5668141476386
 20
1283.874722333792
 10
759.5574748908246
 20
1283.696651244541
 10
759.546139324271
 20
1283.498364543537
 10
759.5420846482944
 20
1283.437605481095
 42
-0.0881837283824902
 10
759.4839572971823
 20
1283.202669882717
 42
-0.2676779508090145
 10
759.4042014806274
 20
1283.144611037404
 10
759.4373427754256
 20
1283.154204488623
 10
759.4689790153185
 20
1283.178854220563
 10
759.4983339486751
 20
1283.237526749489
 10
759.5746815223949
 20
1283.247499381318
 10
759.6531993968715
 20
1283.257005602932
 10
759.7138729182288
 20
1283.281959405664
 10
759.7626491964875
 20
1283.308101341061
 10
759.7382610573582
 20
1283.295030373362
 10
759.6835361575501
 20
1283.269482504298
 10
759.6380605425501
 20
1283.255172729779
 10
759.4983339486751
 20
1283.237526749489
 10
759.427400424482
 20
1283.236011391545
 42
-0.495566704432109
 10
759.2346177754318
 20
1283.478364929144
 42
-0.495566704432109
1001
AcDbBlockRepETag
1070
     1
1071
      404
1005
243B
  0
LWPOLYLINE
  5
243C
330
238C
100
AcDbEntity
  8
CX-BORD-TEX2
100
AcDbPolyline
 90
       12
 70
     0
 43
0.0445678377982003
 10
741.9035893300542
 20
1283.951470864847
 10
742.0206883302085
 20
1283.895400456855
 10
742.0788702897385
 20
1283.841209274479
 10
742.0871850460724
 20
1283.775447834241
 10
742.0629338350591
 20
1283.706225163946
 10
741.9638501402951
 20
1283.641155866741
 10
741.8701893656873
 20
1283.596665499552
 10
741.7939710892142
 20
1283.611894577123
 10
741.7821920127019
 20
1283.657581423667
 10
741.8300016999946
 20
1283.739956356265
 10
741.930510947804
 20
1283.849484612272
 10
741.9811358599204
 20
1283.931996506035
1001
AcDbBlockRepETag
1070
     1
1071
      405
1005
243C
  0
LWPOLYLINE
  5
243D
330
238C
100
AcDbEntity
  8
CX-BORD-TEX2
100
AcDbPolyline
 90
       11
 70
     0
 43
0.0445678377982003
 10
742.1585877978933
 20
1284.170568954356
 10
742.169024074553
 20
1284.088897878575
 10
742.1681545195207
 20
1283.988981104063
 10
742.1576965847989
 20
1283.860971457695
 10
742.1342153663828
 20
1283.731514193594
 10
742.0947769030997
 20
1283.514081032057
 10
742.077629638358
 20
1283.462184309389
 10
742.0628452632826
 20
1283.345759595295
 10
742.0593663966445
 20
1283.235416780777
 10
742.0724116616555
 20
1283.125942717112
 10
742.1019807350609
 20
1283.077287649218
1001
AcDbBlockRepETag
1070
     1
1071
      406
1005
243D
  0
LWPOLYLINE
  5
243E
330
238C
100
AcDbEntity
  8
CX-BORD-TEX2
100
AcDbPolyline
 90
        4
 70
     0
 43
0.0445678377982003
 10
742.3768002088142
 20
1284.036152511812
 10
742.4376199263601
 20
1284.049845152849
 10
742.5241377427722
 20
1284.029306126932
 10
742.5387003651517
 20
1283.998497716779
1001
AcDbBlockRepETag
1070
     1
1071
      407
1005
243E
  0
LWPOLYLINE
  5
243F
330
238C
100
AcDbEntity
  8
CX-BORD-TEX2
100
AcDbPolyline
 90
        7
 70
     0
 43
0.0445678377982003
 10
742.3331129881852
 20
1283.959987171908
 10
742.5387003651517
 20
1283.998497716779
 10
742.6816251497622
 20
1284.037307284948
 10
742.7942661449168
 20
1284.088954774097
 10
742.5984051773793
 20
1283.955427163177
 10
742.3522570988439
 20
1283.809245962468
 10
742.2944452658982
 20
1283.752832636671
1001
AcDbBlockRepETag
1070
     1
1071
      408
1005
243F
  0
LWPOLYLINE
  5
2440
330
238C
100
AcDbEntity
  8
CX-BORD-TEX2
100
AcDbPolyline
 90
        2
 70
     0
 43
0.0445678377982003
 10
742.4965494766702
 20
1283.894937604545
 10
742.5162820080538
 20
1283.828050318585
1001
AcDbBlockRepETag
1070
     1
1071
      409
1005
2440
  0
LWPOLYLINE
  5
2441
330
238C
100
AcDbEntity
  8
CX-BORD-TEX2
100
AcDbPolyline
 90
        8
 70
     0
 43
0.0445678377982003
 10
742.5112541050906
 20
1283.767986797514
 10
742.6725297334273
 20
1283.89795740854
 10
742.8824955947472
 20
1283.947039064124
 10
742.9164968127797
 20
1284.127492093332
 10
742.9209477061768
 20
1284.229022280672
 10
742.8245124368324
 20
1284.229022280672
 10
742.7013721303597
 20
1284.203825030451
 10
742.6880194501682
 20
1284.182333197629
1001
AcDbBlockRepETag
1070
     1
1071
      410
1005
2441
  0
LWPOLYLINE
  5
2442
330
238C
100
AcDbEntity
  8
CX-BORD-TEX2
100
AcDbPolyline
 90
        2
 70
     0
 43
0.0445678377982003
 10
742.8824955947472
 20
1283.947039064124
 10
742.8522884166454
 20
1283.794115744085
1001
AcDbBlockRepETag
1070
     1
1071
      411
1005
2442
  0
LWPOLYLINE
  5
2443
330
238C
100
AcDbEntity
  8
CX-BORD-TEX2
100
AcDbPolyline
 90
        3
 70
     0
 43
0.0445678377982003
 10
742.6181039930327
 20
1283.711161429714
 10
742.7801686859914
 20
1283.747409669619
 10
742.908258429639
 20
1283.776058894026
1001
AcDbBlockRepETag
1070
     1
1071
      412
1005
2443
  0
LWPOLYLINE
  5
2444
330
238C
100
AcDbEntity
  8
CX-BORD-TEX2
100
AcDbPolyline
 90
        8
 70
     0
 43
0.0445678377982003
 10
742.8325802266071
 20
1283.637096203922
 10
742.529989298606
 20
1283.585533285718
 10
742.5836256511238
 20
1283.526893182475
 10
742.6483945708366
 20
1283.44095494256
 10
742.7303674267458
 20
1283.359060918716
 10
742.7961481335404
 20
1283.33378489008
 10
742.8457363679659
 20
1283.34591740957
 10
742.8588925093249
 20
1283.415679042647
1001
AcDbBlockRepETag
1070
     1
1071
      413
1005
2444
  0
LWPOLYLINE
  5
2445
330
238C
100
AcDbEntity
  8
CX-BORD-TEX2
100
AcDbPolyline
 90
        2
 70
     0
 43
0.0445678377982003
 10
743.0864860936993
 20
1284.112261857255
 10
743.1519471016364
 20
1284.021273431806
1001
AcDbBlockRepETag
1070
     1
1071
      414
1005
2445
  0
LWPOLYLINE
  5
2446
330
238C
100
AcDbEntity
  8
CX-BORD-TEX2
100
AcDbPolyline
 90
       12
 70
     0
 43
0.0445678377982003
 10
743.0779974263589
 20
1283.95698664111
 10
743.188531770902
 20
1283.961384201541
 10
743.2261915851628
 20
1283.958452537495
 10
743.1807064221215
 20
1283.886625416765
 10
743.101969345347
 20
1283.810016883916
 10
743.1543256094159
 20
1283.790881967392
 10
743.0181652517956
 20
1283.773286061859
 10
742.9734562231901
 20
1283.710347257372
 10
743.0249393764256
 20
1283.665004229693
 10
743.1563575882013
 20
1283.6636507084
 10
743.2403569275664
 20
1283.693428176847
 10
743.3514527654519
 20
1283.767871976687
1001
AcDbBlockRepETag
1070
     1
1071
      415
1005
2446
  0
LWPOLYLINE
  5
2447
330
238C
100
AcDbEntity
  8
CX-BORD-TEX2
100
AcDbPolyline
 90
        2
 70
     0
 43
0.0445678377982003
 10
743.2228161600155
 20
1283.857901673977
 10
743.3103919889259
 20
1283.834967114892
1001
AcDbBlockRepETag
1070
     1
1071
      416
1005
2447
  0
LWPOLYLINE
  5
2448
330
238C
100
AcDbEntity
  8
CX-BORD-TEX2
100
AcDbPolyline
 90
        7
 70
     0
 43
0.0445678377982003
 10
743.4589158674818
 20
1284.276962807749
 10
743.4696275571107
 20
1283.962341256303
 10
743.4374924882237
 20
1283.733330988604
 10
743.4095881763112
 20
1283.516618391877
 10
743.3817378479267
 20
1283.323992939081
 10
743.3685497043565
 20
1283.151985676785
 10
743.38055505913
 20
1282.981076935718
1001
AcDbBlockRepETag
1070
     1
1071
      417
1005
2448
  0
LWPOLYLINE
  5
2449
330
238C
100
AcDbEntity
  8
CX-BORD-TEX2
100
AcDbPolyline
 90
        6
 70
     0
 43
0.0445678377982003
 10
743.6389205474952
 20
1283.176461563875
 10
743.6107964224147
 20
1283.17226004842
 10
743.6107964224147
 20
1283.137335337372
 10
743.6460176035295
 20
1283.139173500384
 10
743.6454919914543
 20
1283.168321256404
 10
743.6389205474952
 20
1283.176461563875
1001
AcDbBlockRepETag
1070
     1
1071
      418
1005
2449
  0
LWPOLYLINE
  5
244A
330
238C
100
AcDbEntity
  8
CX-BORD-TEX2
100
AcDbPolyline
 90
       17
 70
     0
 43
0.0327573607816772
 10
749.7576915746102
 20
1283.670992021737
 10
749.6568238319538
 20
1283.537583603252
 10
749.5915500693455
 20
1283.398018268814
 10
749.5707832089764
 20
1283.354536962151
 10
749.5671470867588
 20
1283.322606912226
 10
749.5768818851505
 20
1283.302178234053
 10
749.6129004026892
 20
1283.303637425351
 10
749.6537863194236
 20
1283.318715772383
 10
749.6927252764796
 20
1283.336712502011
 10
749.7248498746614
 20
1283.371246880825
 10
749.750160113969
 20
1283.419886738568
 10
749.7603816522804
 20
1283.450043432632
 10
749.7633326017346
 20
1283.515909019815
 10
749.7608989021367
 20
1283.568926451452
 10
749.7584652025388
 20
1283.598110388269
 10
749.7361304940876
 20
1283.642475178021
 10
749.7117384067692
 20
1283.66912466039
1001
AcDbBlockRepETag
1070
     1
1071
      419
1005
244A
  0
LWPOLYLINE
  5
244B
330
238C
100
AcDbEntity
  8
CX-BORD-TEX2
100
AcDbPolyline
 90
       10
 70
     0
 43
0.0327573607816772
 10
749.8214840679686
 20
1284.089304132364
 10
749.8245752685269
 20
1284.129461103492
 10
749.8276664690852
 20
1284.161123326464
 10
749.8422679571396
 20
1284.177651885496
 10
749.8559612424283
 20
1284.173850871197
 10
749.9056307097625
 20
1284.012432919344
 10
749.9263195214563
 20
1283.859971318062
 10
749.9292574627981
 20
1283.31403434349
 10
749.9282910782929
 20
1283.056225515765
 10
749.9534135277579
 20
1282.978979389355
1001
AcDbBlockRepETag
1070
     1
1071
      420
1005
244B
  0
LWPOLYLINE
  5
244C
330
238C
100
AcDbEntity
  8
CX-BORD-TEX2
100
AcDbPolyline
 90
       18
 70
     0
 43
0.0327573607816772
 10
750.4211379519472
 20
1283.699497522731
 10
750.4745315236416
 20
1283.718403378534
 10
750.5224597959863
 20
1283.752433918978
 10
750.5619793878833
 20
1283.781422971779
 10
750.5947723665378
 20
1283.815453512224
 10
750.6229406064227
 20
1283.852424938937
 10
750.5149914838186
 20
1283.575003662282
 10
750.4604891479147
 20
1283.410160496366
 10
750.4450175353881
 20
1283.359072616026
 10
750.4439617496733
 20
1283.328942970711
 10
750.4453775053383
 20
1283.314323343848
 10
750.4675582292834
 20
1283.316681351757
 10
750.4812441827271
 20
1283.35110820071
 10
750.5001213191129
 20
1283.410058398426
 10
750.5208860508818
 20
1283.448258104374
 10
750.5510897056104
 20
1283.472781342282
 10
750.5643035828248
 20
1283.480798635684
 10
750.5657193384898
 20
1283.41949043006
1001
AcDbBlockRepETag
1070
     1
1071
      421
1005
244C
  0
LWPOLYLINE
  5
244D
330
238C
100
AcDbEntity
  8
CX-BORD-TEX2
100
AcDbPolyline
 90
        5
 70
     0
 43
0.0327573607816772
 10
750.6024239748363
 20
1283.547758588627
 10
750.6108809035559
 20
1283.633476848666
 10
750.6883919888949
 20
1283.694672868498
 10
750.7359636024451
 20
1283.752313640732
 10
750.7995910110301
 20
1283.789750438946
1001
AcDbBlockRepETag
1070
     1
1071
      422
1005
244D
  0
LWPOLYLINE
  5
244E
330
238C
100
AcDbEntity
  8
CX-BORD-TEX2
100
AcDbPolyline
 90
        8
 70
     0
 43
0.0327573607816772
 10
750.7900955619087
 20
1283.909347034791
 10
750.7995910110301
 20
1283.789750438946
 10
750.7835742403329
 20
1283.607561376199
 10
750.7760815675184
 20
1283.530439407978
 10
750.7785266196508
 20
1283.468978000016
 10
750.7825832586696
 20
1283.443917334515
 10
750.8010230859635
 20
1283.414434198631
 10
750.8150373168651
 20
1283.399692630689
1001
AcDbBlockRepETag
1070
     1
1071
      423
1005
244E
  0
LWPOLYLINE
  5
244F
330
238C
100
AcDbEntity
  8
CX-BORD-TEX2
100
AcDbPolyline
 90
       16
 70
     0
 43
0.0327573607816772
 10
750.8055378470544
 20
1283.35202065255
 10
750.7627858574505
 20
1283.375703605565
 10
750.7400157477523
 20
1283.379882969778
 10
750.71538689703
 20
1283.364558634332
 10
750.6814643411861
 20
1283.333445700495
 10
750.6628764579205
 20
1283.304190261863
 10
750.6628764579205
 20
1283.286079794464
 10
750.6693821697613
 20
1283.270291196073
 10
750.6865758198752
 20
1283.266576205662
 10
750.7130634116219
 20
1283.262861215251
 10
750.7349042690633
 20
1283.26611183186
 10
750.7581388866341
 20
1283.276792318437
 10
750.7771912777723
 20
1283.289794784875
 10
750.7888087048132
 20
1283.306976504671
 10
750.7809089963322
 20
1283.347841288338
 10
750.7674463808614
 20
1283.373121855382
1001
AcDbBlockRepETag
1070
     1
1071
      424
1005
244F
  0
LWPOLYLINE
  5
2450
330
238C
100
AcDbEntity
  8
CX-BORD-TEX2
100
AcDbPolyline
 90
       20
 70
     0
 43
0.0327573607816772
 10
751.313895357573
 20
1283.793725607278
 10
751.2734935791357
 20
1283.808938865486
 10
751.3074544497838
 20
1283.846971955578
 10
751.3496127964343
 20
1283.878568662934
 10
751.4005539841511
 20
1283.905484495674
 10
751.4222186407955
 20
1283.919527452087
 10
751.3150663242115
 20
1283.77851234907
 10
751.2084996092021
 20
1283.724680794444
 10
751.4854560425159
 20
1283.880909155669
 10
751.4239752090088
 20
1283.798991688219
 10
751.364250943715
 20
1283.715318823503
 10
751.3332178444295
 20
1283.677285622555
 10
751.3285335048536
 20
1283.65095499614
 10
751.336730980856
 20
1283.641593025199
 10
751.3800602941451
 20
1283.64627401067
 10
751.4175343012196
 20
1283.657976474346
 10
751.4503242052292
 20
1283.670849239819
 10
751.432758286586
 20
1283.716489014443
 10
751.4380279912256
 20
1283.765054377272
 10
751.4461104500516
 20
1283.828484829157
1001
AcDbBlockRepETag
1070
     1
1071
      425
1005
2450
  0
LWPOLYLINE
  5
2451
330
238C
100
AcDbEntity
  8
CX-BORD-TEX2
100
AcDbPolyline
 90
       26
 70
     0
 43
0.0327573607816772
 10
751.5654507313026
 20
1284.013811851241
 10
751.6333275354829
 20
1284.096387024532
 10
751.6534681143618
 20
1284.134182107808
 10
751.6563731806553
 20
1284.142528642125
 10
751.6447526789696
 20
1284.142528642125
 10
751.6305901555853
 20
1284.142528642125
 10
751.6236904161907
 20
1284.133456336675
 10
751.6222377647882
 20
1284.115311836629
 10
751.6204220687908
 20
1284.056886650688
 10
751.6203350326925
 20
1283.997384725016
 10
751.6198773836427
 20
1283.948915806495
 10
751.6299440071596
 20
1283.917365325894
 10
751.6422984029028
 20
1283.892216419394
 10
751.6665497818507
 20
1283.895417151016
 10
751.7168826629236
 20
1283.910963751793
 10
751.7571489204795
 20
1283.953488375261
 10
751.843172278144
 20
1284.061400244314
 10
751.4651551090864
 20
1283.56004426323
 10
751.5214097560028
 20
1283.584302334718
 10
751.5669577802665
 20
1283.630394843312
 10
751.6488287119017
 20
1283.690315026887
 10
751.6759267388926
 20
1283.705295045067
 10
751.6989891763557
 20
1283.70932819084
 10
751.7013791213933
 20
1283.403838405677
 10
751.7059915615837
 20
1283.274779514638
 10
751.7207512755885
 20
1283.181672733744
1001
AcDbBlockRepETag
1070
     1
1071
      426
1005
2451
  0
LWPOLYLINE
  5
2452
330
238C
100
AcDbEntity
  8
CX-BORD-TEX2
100
AcDbPolyline
 90
        2
 70
     0
 43
0.032
 10
749.3669129958175
 20
1285.161607274862
 10
749.5709978826339
 20
1285.054598270996
1001
AcDbBlockRepETag
1070
     1
1071
      196
1005
2452
  0
LWPOLYLINE
  5
2453
330
238C
100
AcDbEntity
  8
CX-BORD-TEX2
100
AcDbPolyline
 90
       31
 70
     0
 43
0.032
 10
749.4141100462506
 20
1284.813319414373
 10
749.493207462066
 20
1284.872801898096
 10
749.5629622822557
 20
1284.926337698361
 10
749.6301515191876
 20
1284.965413668332
 10
749.643076249918
 20
1284.967213322533
 10
749.656823903591
 20
1284.963457522457
 10
749.6639397665744
 20
1284.955523394793
 10
749.6639397665744
 20
1284.943833467053
 10
749.6501437056754
 20
1284.906259817115
 10
749.6290381528665
 20
1284.832020168922
 10
749.6195503355515
 20
1284.815228612744
 10
749.5307714734949
 20
1284.705527952159
 10
749.6290381528665
 20
1284.832020168922
 10
749.6983573079664
 20
1284.886604463379
 10
749.6673766799899
 20
1284.798437056567
 10
749.6447705030073
 20
1284.75119222143
 10
749.6368317170922
 20
1284.736748040299
 10
749.6313132927348
 20
1284.723743582532
 10
749.6313132927348
 20
1284.704948932978
 10
749.6393973003501
 20
1284.690989876027
 10
749.6544519492594
 20
1284.683478275872
 10
749.663697730422
 20
1284.683478275872
 10
749.689159934041
 20
1284.692445248557
 10
749.7085712337607
 20
1284.698219791174
 10
749.7377607941849
 20
1284.719033183269
 10
749.7661274316774
 20
1284.740441243708
 10
749.7968176162753
 20
1284.770784978499
 10
749.8199562727891
 20
1284.797967581556
 10
749.8402389026773
 20
1284.835744670666
 10
749.8566489540603
 20
1284.885587267525
 10
749.8711711234168
 20
1284.935492461051
1001
AcDbBlockRepETag
1070
     1
1071
      197
1005
2453
  0
LWPOLYLINE
  5
2454
330
238C
100
AcDbEntity
  8
CX-BORD-TEX2
100
AcDbPolyline
 90
        6
 70
     0
 43
0.032
 10
749.9279528056391
 20
1285.230620101281
 10
749.9148344459822
 20
1284.958747123194
 10
749.9027810454094
 20
1284.74245998625
 10
749.9037975972673
 20
1284.637391479092
 10
749.9089287637721
 20
1284.595154377389
 10
749.9117363831824
 20
1284.330777350291
1001
AcDbBlockRepETag
1070
     1
1071
      198
1005
2454
  0
LWPOLYLINE
  5
2455
330
238C
100
AcDbEntity
  8
CX-BORD-TEX2
100
AcDbPolyline
 90
        7
 70
     0
 43
0.032
 10
750.5536646763716
 20
1285.052579528454
 10
750.4566565850105
 20
1284.776543871951
 10
750.495624406139
 20
1284.872097685581
 10
750.513583488922
 20
1284.886620112545
 10
750.5392393214674
 20
1284.906697993791
 10
750.5605385032026
 20
1284.912253448073
 10
750.6678573348213
 20
1284.849249901778
1001
AcDbBlockRepETag
1070
     1
1071
      199
1005
2455
  0
LWPOLYLINE
  5
2456
330
238C
100
AcDbEntity
  8
CX-BORD-TEX2
100
AcDbPolyline
 90
       14
 70
     0
 43
0.032
 10
750.7827761017283
 20
1285.231934631308
 10
750.8049466136322
 20
1285.183203125304
 10
750.8019937725216
 20
1285.124440503265
 10
750.8007351845113
 20
1285.084362986609
 10
750.7994281892747
 20
1285.04257971075
 10
750.8059631654901
 20
1285.009481722568
 10
750.8129338067842
 20
1284.979012794443
 10
750.8199044480784
 20
1284.956806626488
 10
750.8342813957455
 20
1284.941126161166
 10
750.842994697366
 20
1284.937636396926
 10
750.8599856355281
 20
1284.951141628038
 10
750.8891751959522
 20
1284.979873498629
 10
750.9197201588499
 20
1285.010796252595
 10
750.9462957287901
 20
1285.054770411833
1001
AcDbBlockRepETag
1070
     1
1071
      200
1005
2456
  0
LWPOLYLINE
  5
2457
330
238C
100
AcDbEntity
  8
CX-BORD-TEX2
100
AcDbPolyline
 90
       15
 70
     0
 43
0.032
 10
750.6932711312033
 20
1284.656295672813
 10
750.7101652549022
 20
1284.630161563942
 10
750.7213473253173
 20
1284.607798904316
 10
750.7458897915417
 20
1284.589724116446
 10
750.7601215175196
 20
1284.578112434541
 10
750.7850996488336
 20
1284.575952849495
 10
750.8074637896529
 20
1284.579833842909
 10
750.8221311807097
 20
1284.593589460692
 10
750.8384928248665
 20
1284.612524952748
 10
750.8471093120237
 20
1284.63188297231
 10
750.8501105603604
 20
1284.654261281106
 10
750.8449309866186
 20
1284.679628580792
 10
750.8341845812824
 20
1284.700285481216
 10
750.8130790284735
 20
1284.72738983844
 10
750.7937161359909
 20
1284.741583632898
1001
AcDbBlockRepETag
1070
     1
1071
      201
1005
2457
  0
LWPOLYLINE
  5
2458
330
238C
100
AcDbEntity
  8
CX-BORD-TEX2
100
AcDbPolyline
 90
       10
 70
     0
 43
0.032
 10
751.5298449011311
 20
1285.205456240763
 10
751.5167265414634
 20
1285.146818812057
 10
751.5028336661121
 20
1285.092813536781
 10
751.4603321170938
 20
1284.99945060653
 10
751.5011394130119
 20
1285.065693530391
 10
751.5337658868515
 20
1285.094128066808
 10
751.5675541342493
 20
1285.120277824845
 10
751.596017586205
 20
1285.138853386061
 10
751.6157193293143
 20
1285.13922896607
 10
751.6286440600447
 20
1285.137335416862
1001
AcDbBlockRepETag
1070
     1
1071
      202
1005
2458
  0
LWPOLYLINE
  5
2459
330
238C
100
AcDbEntity
  8
CX-BORD-TEX2
100
AcDbPolyline
 90
        8
 70
     0
 43
0.032
 10
751.3028633939425
 20
1284.752757138127
 10
751.3484145985235
 20
1284.772475088533
 10
751.4409692246113
 20
1284.811222425996
 10
751.5192437174951
 20
1284.852019804335
 10
751.6042952227467
 20
1284.899608921146
 10
751.681214313146
 20
1284.945163646249
 10
751.7579397746299
 20
1284.998652499014
 10
751.8385862218451
 20
1285.058698352748
1001
AcDbBlockRepETag
1070
     1
1071
      203
1005
2459
  0
LWPOLYLINE
  5
245A
330
238C
100
AcDbEntity
  8
CX-BORD-TEX2
100
AcDbPolyline
 90
        6
 70
     0
 43
0.032
 10
751.6427547679463
 20
1284.922386283698
 10
751.6534285624325
 20
1284.891596547646
 10
751.654251485364
 20
1284.836167198176
 10
751.6526056395009
 20
1284.786183758815
 10
751.6496527983904
 20
1284.736638496132
 10
751.642052863091
 20
1284.683446977538
1001
AcDbBlockRepETag
1070
     1
1071
      204
1005
245A
  0
LWPOLYLINE
  5
245B
330
238C
100
AcDbEntity
  8
CX-BORD-TEX2
100
AcDbPolyline
 90
       11
 70
     0
 43
0.032
 10
751.509659085706
 20
1284.633901714852
 10
751.5373964291934
 20
1284.610803544379
 10
751.5718623778225
 20
1284.589802362281
 10
751.5995997213098
 20
1284.579301771232
 10
751.6252555538553
 20
1284.571320696067
 10
751.6479585453012
 20
1284.5696462352
 10
751.6782130648094
 20
1284.588534779755
 10
751.703433232276
 20
1284.608690906836
 10
751.7366405928946
 20
1284.638940746623
 10
751.7757052284864
 20
1284.676310957392
 10
751.7891624387698
 20
1284.693947568587
1001
AcDbBlockRepETag
1070
     1
1071
      205
1005
245B
  0
LWPOLYLINE
  5
245C
330
238C
100
AcDbEntity
  8
CX-BORD-TEX2
100
AcDbPolyline
 90
       61
 70
     0
 43
0.032
 10
742.2093837425255
 20
1285.100092604505
 10
742.240596725218
 20
1285.095385335075
 10
742.2435398848724
 20
1285.059517444339
 10
742.2505879777393
 20
1285.030697938413
 10
742.2676660489084
 20
1285.013045678051
 10
742.2923730997279
 20
1285.000701615129
 10
742.3200620359826
 20
1284.998347980416
 10
742.3494936325613
 20
1285.002466841167
 10
742.3906978677751
 20
1285.012457269372
 10
742.4254348968968
 20
1285.027755895019
 10
742.4672200188853
 20
1285.060694261695
 10
742.5113674137621
 20
1285.091278993657
 10
742.566125673716
 20
1285.133619379861
 10
742.6429576310995
 20
1285.209549138087
 10
742.6786240790677
 20
1285.231307739868
 10
742.6931462484351
 20
1285.234788114606
 10
742.6934560547086
 20
1285.221179598993
 10
742.677346128158
 20
1285.181142770171
 10
742.6634822971359
 20
1285.169937966607
 10
742.6345541357612
 20
1285.143847675405
 10
742.6078720699149
 20
1285.109807607373
 10
742.5686815755177
 20
1285.06443754244
 10
742.5061781585708
 20
1285.0057594259
 10
742.3684692672043
 20
1284.893298252257
 10
742.2270814262589
 20
1284.819884880081
 10
742.1004481093925
 20
1284.695830803533
 10
742.0319809215577
 20
1284.648933379904
 10
741.9869815594136
 20
1284.630680191527
 10
741.9680446505601
 20
1284.64306181245
 10
741.9780359030815
 20
1284.613303356504
 10
742.013624899479
 20
1284.589616777351
 10
742.0559134566717
 20
1284.591857738064
 10
742.1273625299506
 20
1284.600496078242
 10
742.1798746943761
 20
1284.621616194009
 10
742.2321157783005
 20
1284.644989789823
 10
742.3253287427358
 20
1284.684363093965
 10
742.3596397882237
 20
1284.704519221045
 10
742.4847627994775
 20
1284.777068759202
 10
742.5720507188144
 20
1284.836748422428
 10
742.7043767260763
 20
1284.943262912616
 10
742.8054897506456
 20
1285.045182807377
 10
742.5720507188144
 20
1284.836748422428
 10
742.3385729612022
 20
1284.62071480199
 10
742.1813849999887
 20
1284.508691805022
 10
742.07663175163
 20
1284.429732368065
 10
741.9746280340039
 20
1284.3535271845
 10
742.07663175163
 20
1284.429732368065
 10
742.1558647076916
 20
1284.454257742569
 10
742.2280108450967
 20
1284.45554723393
 10
742.303409948447
 20
1284.490939389991
 10
742.432250635052
 20
1284.548866346514
 10
742.5308077578197
 20
1284.599068874212
 10
742.5965254149222
 20
1284.646704938523
 10
742.5903680151034
 20
1284.531401876155
 10
742.6550788017976
 20
1284.587964225317
 10
742.7417083827893
 20
1284.668764004311
 10
742.8087427165821
 20
1284.761106608874
 10
742.9196533647508
 20
1284.869599153771
 10
742.994742661819
 20
1284.98964704357
 10
743.054961257448
 20
1285.065088547786
 10
743.0953909769652
 20
1285.16436686316
1001
AcDbBlockRepETag
1070
     1
1071
      206
1005
245C
  0
LWPOLYLINE
  5
245D
330
238C
100
AcDbEntity
  8
CX-BORD-TEX2
100
AcDbPolyline
 90
       16
 70
     0
 43
0.032
 10
742.5608589669541
 20
1285.313146623551
 10
742.558574145645
 20
1285.176297788071
 10
742.5665903831306
 20
1284.992676722298
 10
742.5794086179635
 20
1284.901473377091
 10
742.5978033658231
 20
1284.796736632274
 10
742.5965254149222
 20
1284.646704938523
 10
742.5903680151034
 20
1284.531401876155
 10
742.5729414118713
 20
1284.446145214402
 10
742.5409539134821
 20
1284.353414510498
 10
742.5025379347816
 20
1284.294248139949
 10
742.4713249520977
 20
1284.261472524608
 10
742.4521556885328
 20
1284.251694925074
 10
742.3943768173453
 20
1284.24832722434
 10
742.3438783937451
 20
1284.25000481504
 10
742.3063143823205
 20
1284.270749350799
 10
742.2866804093323
 20
1284.311086643628
1001
AcDbBlockRepETag
1070
     1
1071
      207
1005
245D
  0
LWPOLYLINE
  5
245E
330
238C
100
AcDbEntity
  8
CX-BORD-TEX2
100
AcDbPolyline
 90
       11
 70
     0
 43
0.032
 10
742.8641980406665
 20
1284.815352881323
 10
742.9522217499147
 20
1284.860309808245
 10
743.0297894972141
 20
1284.933572948418
 10
743.0720780544068
 20
1284.980069753374
 10
743.1240480578472
 20
1284.997045969721
 10
743.1896495375895
 20
1285.060819455032
 10
743.2623378359884
 20
1285.132555236507
 10
743.2943253343776
 20
1285.203815283303
 10
743.3014508788151
 20
1285.328695635869
 10
743.2943253343776
 20
1285.203815283303
 10
743.3643802794042
 20
1285.226838337776
1001
AcDbBlockRepETag
1070
     1
1071
      208
1005
245E
  0
LWPOLYLINE
  5
245F
330
238C
100
AcDbEntity
  8
CX-BORD-TEX2
100
AcDbPolyline
 90
        9
 70
     0
 43
0.032
 10
742.5217459241318
 20
1284.323831325223
 10
742.6195672569794
 20
1284.39358905199
 10
742.6879182674627
 20
1284.488898738616
 10
742.7881018731857
 20
1284.59055572737
 10
742.8771324528465
 20
1284.669965860335
 10
742.9593472943523
 20
1284.744543530534
 10
743.0641392684917
 20
1284.833618589031
 10
743.1265265080871
 20
1284.91600832339
 10
743.1568487977184
 20
1285.028932712376
1001
AcDbBlockRepETag
1070
     1
1071
      209
1005
245F
  0
LWPOLYLINE
  5
2460
330
238C
100
AcDbEntity
  8
CX-BORD-TEX2
100
AcDbPolyline
 90
        2
 70
     0
 43
0.032
 10
742.9182398735994
 20
1284.707254695435
 10
743.0778869221537
 20
1284.720293581369
1001
AcDbBlockRepETag
1070
     1
1071
      210
1005
2460
  0
LWPOLYLINE
  5
2461
330
238C
100
AcDbEntity
  8
CX-BORD-TEX2
100
AcDbPolyline
 90
       44
 70
     0
 43
0.032
 10
743.2397108590358
 20
1285.110224766406
 10
743.2627250938411
 20
1285.022848316253
 10
743.2737232167708
 20
1284.938255179181
 10
743.3225951574158
 20
1284.969891535164
 10
743.3880030082361
 20
1285.012532385373
 10
743.4148399772237
 20
1285.052418982193
 10
743.4451235410696
 20
1285.070296590559
 10
743.477227216819
 20
1285.074878666655
 10
743.5061941039746
 20
1285.067166757162
 10
743.5187412583062
 20
1285.056562881612
 10
743.5144039703908
 20
1285.032463164449
 10
743.4810997953111
 20
1284.977991543996
 10
743.4335058055844
 20
1284.921441714169
 10
743.3660067623682
 20
1284.856604085503
 10
743.2976557518848
 20
1284.79867712898
 10
743.2679530748134
 20
1284.753332102715
 10
743.2509137294252
 20
1284.713094964554
 10
743.2344552708117
 20
1284.668138037631
 10
743.2318219174308
 20
1284.643587624461
 10
743.1897269891601
 20
1284.640620542398
 10
743.1642454226528
 20
1284.626598888777
 10
743.1531698481438
 20
1284.604940441665
 10
743.1451148848687
 20
1284.572227422993
 10
743.1323353758341
 20
1284.547589374486
 10
743.1083253891495
 20
1284.525067093358
 10
743.1079768570778
 20
1284.493017599366
 10
743.1133210154102
 20
1284.443954331025
 10
743.1377182599387
 20
1284.414571455088
 10
743.1654459219831
 20
1284.395880090037
 10
743.2178806348381
 20
1284.400762630137
 10
743.2754271513139
 20
1284.399711006115
 10
743.3363815368673
 20
1284.405156916227
 10
743.3627537964317
 20
1284.41238057171
 10
743.4014408556247
 20
1284.428517992708
 10
743.4286650824561
 20
1284.447635015101
 10
743.4392759475417
 20
1284.47992237643
 10
743.4397019311753
 20
1284.515176819821
 10
743.4303690169993
 20
1284.540666183013
 10
743.3997369210815
 20
1284.567006860887
 10
743.3517169477124
 20
1284.601409989594
 10
743.3151210809153
 20
1284.620101354643
 10
743.2819718089766
 20
1284.636238775643
 10
743.252191680326
 20
1284.647819159213
 10
743.2325023381695
 20
1284.649931099056
1001
AcDbBlockRepETag
1070
     1
1071
      211
1005
2461
  0
LWPOLYLINE
  5
2462
330
238C
100
AcDbEntity
  8
CX-BORD-TEX2
100
AcDbPolyline
 90
       10
 70
     0
 43
0.032
 10
743.2325023381695
 20
1284.649931099056
 10
743.3103190835765
 20
1284.689107921396
 10
743.4623952411694
 20
1284.753382180048
 10
743.5863952046636
 20
1284.819997554083
 10
743.7039279620567
 20
1284.873755572522
 10
743.8297480374456
 20
1284.935425809788
 10
743.9719491198685
 20
1284.997108566389
 10
744.120694859963
 20
1285.067204315162
 10
744.2413644059413
 20
1285.135434683233
 10
744.3115355283193
 20
1285.173756363353
1001
AcDbBlockRepETag
1070
     1
1071
      212
1005
2462
  0
LWPOLYLINE
  5
2463
330
238C
100
AcDbEntity
  8
CX-BORD-TEX2
100
AcDbPolyline
 90
       20
 70
     0
 43
0.032
 10
743.7577180773919
 20
1285.171890982648
 10
743.7025338338045
 20
1285.171890982648
 10
743.6771297188589
 20
1285.15620425766
 10
743.6302327932496
 20
1285.130489546464
 10
743.6104826429186
 20
1285.103848404583
 10
743.5944114421491
 20
1285.070784844569
 10
743.6008399224604
 20
1285.04689795608
 10
743.6081978216008
 20
1285.030835651083
 10
743.6270185531027
 20
1285.027154967007
 10
743.6587349709906
 20
1285.033589904472
 10
743.7060966060232
 20
1285.059304615668
 10
743.7851359331541
 20
1285.09787668246
 10
743.8329622775925
 20
1285.129563115779
 10
743.8701777569539
 20
1285.158495295706
 10
743.8996480793223
 20
1285.182131797524
 10
743.9134344587739
 20
1285.217486395584
 10
743.9350434467892
 20
1285.234938346611
 10
743.9943326235891
 20
1285.25101317094
 10
744.0669434704175
 20
1285.27259650205
 10
744.0991245977286
 20
1285.285453857648
1001
AcDbBlockRepETag
1070
     1
1071
      213
1005
2463
  0
LWPOLYLINE
  5
2464
330
238C
100
AcDbEntity
  8
CX-BORD-TEX2
100
AcDbPolyline
 90
       12
 70
     0
 43
0.032
 10
743.9195479175862
 20
1284.974378425726
 10
743.9037530125349
 20
1284.903914647142
 10
743.8776131076735
 20
1284.820460769428
 10
743.8594507145169
 20
1284.738446615075
 10
743.841985385495
 20
1284.65934946545
 10
743.8321877618957
 20
1284.611375379131
 10
743.8281215544728
 20
1284.529974672125
 10
743.82405534705
 20
1284.485218054539
 10
743.8142577234507
 20
1284.338403829523
 10
743.8087973877756
 20
1284.210681588231
 10
743.794159041048
 20
1284.124924153138
 10
743.7978379906269
 20
1284.07657448681
1001
AcDbBlockRepETag
1070
     1
1071
      214
1005
2464
  0
LWPOLYLINE
  5
2465
330
238C
100
AcDbEntity
  8
CX-BORD-TEX2
100
AcDbPolyline
 90
       28
 70
     0
 43
0.032
 10
757.6814602932338
 20
1284.844333985239
 10
757.7066417349194
 20
1284.850840908873
 10
757.7248961018091
 20
1284.880784024988
 10
757.7496418784106
 20
1284.911586280371
 10
757.7813582963017
 20
1284.944557510299
 10
757.8122033840342
 20
1284.977528740224
 10
757.8547678624409
 20
1285.030682700818
 10
757.901688991661
 20
1285.079273364315
 10
757.947695224219
 20
1285.124399302244
 10
757.9893883724669
 20
1285.174722328526
 10
758.0134370849334
 20
1285.212707551558
 10
758.0640613673456
 20
1285.256974350216
 10
758.1059287816273
 20
1285.286156916816
 10
758.1191294335783
 20
1285.294297613483
 10
758.1443544417676
 20
1285.293959591478
 10
758.1648307005723
 20
1285.284072447772
 10
758.1761144261624
 20
1285.257819405235
 10
758.186701087637
 20
1285.22303130702
 10
758.1965906849769
 20
1285.178708171359
 10
758.2010344687975
 20
1285.149384762255
 10
758.2003374046723
 20
1285.112216425741
 10
758.203082094679
 20
1284.899445656622
 10
758.2100527359785
 20
1284.741758390381
 10
758.203082094679
 20
1284.674773696005
 10
758.1835207325463
 20
1284.497551574613
 10
758.1639593704037
 20
1284.367765208197
 10
758.1453129049432
 20
1284.211880725995
 10
758.156988729114
 20
1284.17759966079
1001
AcDbBlockRepETag
1070
     1
1071
      215
1005
2465
  0
LWPOLYLINE
  5
2466
330
238C
100
AcDbEntity
  8
CX-BORD-TEX2
100
AcDbPolyline
 90
       29
 70
     0
 43
0.032
 10
757.901688991661
 20
1285.079273364315
 10
757.7907686620537
 20
1284.862995616872
 10
757.6931361174045
 20
1284.709125182461
 10
757.6381116176754
 20
1284.61028191393
 10
757.6192037531642
 20
1284.572944566413
 10
757.6064387662975
 20
1284.54366341006
 10
757.6011236523084
 20
1284.525029946928
 10
757.6005572877036
 20
1284.496269907838
 10
757.6053496035917
 20
1284.481903972543
 10
757.6138886391751
 20
1284.472847799607
 10
757.6426861010261
 20
1284.466453549975
 10
757.686383308652
 20
1284.471777396585
 10
757.6991482955285
 20
1284.474974521399
 10
757.7482041836372
 20
1284.484030694335
 10
757.7956045444453
 20
1284.50852320559
 10
757.8521103054512
 20
1284.535677640146
 10
757.8936727541788
 20
1284.568155921315
 10
757.9315320497144
 20
1284.59902859795
 10
757.9656446255545
 20
1284.629380157322
 10
757.9986680386888
 20
1284.675703256525
 10
758.024285145449
 20
1284.720082729186
 10
758.0253307416414
 20
1284.749363885536
 10
758.013088552866
 20
1284.787166013313
 10
757.9843346575284
 20
1284.811658524568
 10
757.9571491564745
 20
1284.834559515538
 10
757.9097052291532
 20
1284.855854901975
 10
757.8489299503604
 20
1284.855854901975
 10
757.7907686620537
 20
1284.862995616872
 10
757.6940510140766
 20
1284.847587447056
1001
AcDbBlockRepETag
1070
     1
1071
      216
1005
2466
  0
LWPOLYLINE
  5
2467
330
238C
100
AcDbEntity
  8
CX-BORD-TEX2
100
AcDbPolyline
 90
       32
 70
     0
 43
0.032
 10
758.5476496072117
 20
1284.839531255891
 10
758.5085704494498
 20
1284.874051753351
 10
758.8398501770245
 20
1285.213285005818
 10
758.6742103132372
 20
1285.043668379584
 10
758.6099932802981
 20
1284.943106832518
 10
758.6009314466134
 20
1284.912572177892
 10
758.6067257921904
 20
1284.877854500928
 10
758.6167460890605
 20
1284.864164609647
 10
758.6425374618544
 20
1284.865756129929
 10
758.685711871379
 20
1284.885220563829
 10
758.7520636632018
 20
1284.927825420953
 10
758.8126211094573
 20
1284.993584785554
 10
758.8626790272648
 20
1285.046724661896
 10
758.8958331399293
 20
1285.079864902827
 10
758.900581889304
 20
1285.029893982802
 10
758.8794956993909
 20
1284.985697605393
 10
758.8400244430483
 20
1284.934670366596
 10
758.8210730120338
 20
1284.890995106447
 10
758.8084387246874
 20
1284.854178876191
 10
758.7192145161012
 20
1284.775053558065
 10
758.6424067623242
 20
1284.641802466077
 10
758.5966183623134
 20
1284.596028652638
 10
758.6808106392127
 20
1284.708428012071
 10
758.8895595627548
 20
1284.897572451332
 10
758.9698090706731
 20
1284.974937238172
 10
759.0151618055998
 20
1285.007007076081
 10
759.0618651022826
 20
1285.044330339349
 10
759.0843889869689
 20
1285.055583655328
 10
759.1062158075203
 20
1285.059541329659
 10
759.1121844191309
 20
1285.048302097929
 10
759.0823849275909
 20
1285.00597892581
 10
759.070491270883
 20
1284.977542824476
1001
AcDbBlockRepETag
1070
     1
1071
      217
1005
2467
  0
LWPOLYLINE
  5
2468
330
238C
100
AcDbEntity
  8
CX-BORD-TEX2
100
AcDbPolyline
 90
       14
 70
     0
 43
0.032
 10
758.7914042200142
 20
1284.551733685478
 10
758.8106606165927
 20
1284.493157288523
 10
758.8477792814899
 20
1284.459777615338
 10
758.8722636590407
 20
1284.441242741956
 10
758.9227572419325
 20
1284.441242741956
 10
758.9851009150191
 20
1284.457552303792
 10
759.0088446619314
 20
1284.531705881565
 10
759.0118071844751
 20
1284.597704678421
 10
759.0066227700162
 20
1284.656281075374
 10
758.9702447357574
 20
1284.685942506486
 10
758.8841573157585
 20
1284.665928786822
 10
758.8284793184079
 20
1284.616239551803
 10
758.7802511939446
 20
1284.580648651322
 10
758.7914042200142
 20
1284.551733685478
1001
AcDbBlockRepETag
1070
     1
1071
      218
1005
2468
  0
LWPOLYLINE
  5
2469
330
238C
100
AcDbEntity
  8
CX-BORD-TEX2
100
AcDbPolyline
 90
       21
 70
     0
 43
0.032
 10
759.2755588244947
 20
1284.82882722567
 10
759.2066801751928
 20
1284.815785209902
 10
759.2280713306697
 20
1284.865601203176
 10
759.2767351202174
 20
1284.932022527541
 10
759.3325438170884
 20
1285.003190244252
 10
759.3788550151906
 20
1285.058935706898
 10
759.4156251480302
 20
1285.112300931245
 10
759.4465138022663
 20
1285.140765201078
 10
759.4736557368165
 20
1285.152131191063
 10
759.5022353661204
 20
1285.151539652551
 10
759.5220581273037
 20
1285.142807417371
 10
759.5477623670807
 20
1285.110174209451
 10
759.5459761402499
 20
1285.071118583398
 10
759.53900549896
 20
1285.000021287937
 10
759.5115585988557
 20
1284.938247766168
 10
759.4560548675387
 20
1284.848939535085
 10
759.4047770875147
 20
1284.756969380695
 10
759.3430869120498
 20
1284.703660493349
 10
759.2834443624663
 20
1284.63991517654
 10
759.2311209862402
 20
1284.61273257348
 10
759.1819779651047
 20
1284.591831546052
1001
AcDbBlockRepETag
1070
     1
1071
      219
1005
2469
  0
LWPOLYLINE
  5
246A
330
238C
100
AcDbEntity
  8
CX-BORD-TEX2
100
AcDbPolyline
 90
        4
 70
     0
 43
0.032
 10
759.4633115219582
 20
1284.860615848629
 10
759.5349102471971
 20
1284.795870079992
 10
759.5945527967805
 20
1284.730138883892
 10
759.6176866125849
 20
1284.74605408672
1001
AcDbBlockRepETag
1070
     1
1071
      220
1005
246A
  0
LWPOLYLINE
  5
246B
330
238C
100
AcDbEntity
  8
CX-BORD-TEX2
100
AcDbPolyline
 90
       17
 70
     0
 43
0.032
 10
759.4332260172983
 20
1284.557578649346
 10
759.5161766487099
 20
1284.484382800593
 10
759.5640126746022
 20
1284.443130031496
 10
759.6111080698562
 20
1284.419243143005
 10
759.6668732002237
 20
1284.403327940179
 10
759.7241195918583
 20
1284.396806932295
 10
759.7762687020507
 20
1284.39463795775
 10
759.8443631542107
 20
1284.39463795775
 10
759.8965122644031
 20
1284.396806932295
 10
759.9305812737298
 20
1284.415623490679
 10
759.9711416927684
 20
1284.45398898847
 10
760.0044700714667
 20
1284.50031208767
 10
760.0384955142899
 20
1284.545184509093
 10
760.0783588691935
 20
1284.601634184251
 10
760.116000332192
 20
1284.662421808502
 10
760.126891959211
 20
1284.70078730629
 10
760.1355616943246
 20
1284.768095938422
1001
AcDbBlockRepETag
1070
     1
1071
      221
1005
246B
  0
LWPOLYLINE
  5
246C
330
238C
100
AcDbEntity
  8
CX-BORD-TEX2
100
AcDbPolyline
 90
        4
 70
     0
 43
0.032
 10
759.7201550396255
 20
1285.352817673436
 10
759.6858246312482
 20
1284.476777305437
 10
759.644784980612
 20
1284.490509449469
 10
759.6019155366511
 20
1284.527058078971
1001
AcDbBlockRepETag
1070
     1
1071
      222
1005
246C
  0
LWPOLYLINE
  5
246D
330
238C
100
AcDbEntity
  8
CX-BORD-TEX2
100
AcDbPolyline
 90
       23
 70
     0
 43
0.0340676552129443
 10
757.8042052426252
 20
1286.552334703472
 10
757.9578114220427
 20
1286.294414155439
 10
757.9712371089425
 20
1286.227476803157
 10
757.9652597969928
 20
1286.175211974714
 10
757.9458317435425
 20
1286.125932873446
 10
757.7753351838317
 20
1286.11248137498
 10
757.6961196939711
 20
1286.11248137498
 10
757.6408206103659
 20
1286.113974238567
 10
757.5631048173356
 20
1286.133387081697
 10
757.6408206103659
 20
1286.113974238567
 10
757.7753351838317
 20
1286.11248137498
 10
757.8415874168158
 20
1286.117708411888
 10
757.9458317435425
 20
1286.125932873446
 42
-1.125272362258091
 10
757.9443248882546
 20
1286.087334093464
 10
757.8998637091904
 20
1286.041240666488
 42
0.7042972008132262
 10
757.9620456496093
 20
1285.915681740058
 10
757.931604309411
 20
1285.853222978539
 42
0.7395068878052653
 10
758.0735243070828
 20
1285.720799575523
 42
0.1947146220203291
 10
758.1990585957095
 20
1285.881394179376
 10
758.2049249515689
 20
1286.132294112344
 10
758.2082357381279
 20
1285.874087123216
 10
758.2246572394599
 20
1285.324950338963
 10
758.2246572394599
 20
1284.553324085141
1001
AcDbBlockRepETag
1070
     1
1071
      223
1005
246D
  0
LWPOLYLINE
  5
246E
330
238C
100
AcDbEntity
  8
CX-BORD-TEX2
100
AcDbPolyline
 90
       31
 70
     0
 43
0.0340676552129443
 10
758.4315116044303
 20
1286.097811097739
 10
758.4429007101927
 20
1286.137204049697
 42
-0.2200964456232209
 10
758.5022801145299
 20
1286.20563089567
 42
-0.1573906557640741
 10
758.5905403153467
 20
1286.215429427705
 42
-0.5036351692183431
 10
758.628369183607
 20
1286.134243035087
 42
-0.0318235894864746
 10
758.5275781030685
 20
1285.973724815525
 42
-0.0509970577578389
 10
758.5000073042976
 20
1285.942681340653
 10
758.4761911164459
 20
1285.928367149008
 10
758.467207252378
 20
1285.898052694804
 10
758.5086618793239
 20
1285.846722450638
 10
758.5475752538841
 20
1285.816288926802
 10
758.5921080175227
 20
1285.808692059652
 10
758.6355562748613
 20
1285.800010086238
 10
758.6974661938982
 20
1285.731640528483
 10
758.7170195203534
 20
1285.684975342616
 10
758.6974661938982
 20
1285.731640528483
 10
758.6355562748613
 20
1285.800010086238
 10
758.6149184421061
 20
1285.85535724552
 10
758.6116577647492
 20
1285.911789511066
 10
758.6885503351757
 20
1286.005517530437
 42
-0.3661494519922352
 10
758.9153087910152
 20
1286.04719639466
 42
-0.3261765723227276
 10
758.9463299662647
 20
1285.977731620955
 42
0.0137395183885755
 10
758.9050578799831
 20
1285.75486472312
 42
0.0452380590207425
 10
758.9025381029696
 20
1285.716285039211
 42
0.0294906980048507
 10
758.9051938906742
 20
1285.68480235466
 10
758.9164326688309
 20
1285.666365657849
 10
758.9422782793624
 20
1285.661293965526
 10
758.95935120032
 20
1285.668210113839
 10
759.0088519334114
 20
1285.710747178048
 42
0.2563387373261534
 10
759.0619462121297
 20
1285.852214256567
 10
759.0172631208853
 20
1285.891476905909
1001
AcDbBlockRepETag
1070
     1
1071
      224
1005
246E
  0
LWPOLYLINE
  5
246F
330
238C
100
AcDbEntity
  8
CX-BORD-TEX2
100
AcDbPolyline
 90
       27
 70
     0
 43
0.0340676552129443
 10
759.3273889718918
 20
1286.294966818257
 10
759.3497985228594
 20
1286.10350622068
 10
759.3562125007118
 20
1286.093896402778
 10
759.3810595064328
 20
1286.107510779513
 10
759.3914822204429
 20
1286.128334485447
 10
759.4147257317007
 20
1286.146755456081
 10
759.4411798111133
 20
1286.165176426715
 10
759.4572111765158
 20
1286.172384632615
 10
759.4780530253075
 20
1286.158769132581
 10
759.488472160089
 20
1286.144352720781
 10
759.4892739073206
 20
1286.105108044214
 10
759.4892739073206
 20
1286.072271785078
 10
759.4916791490152
 20
1286.058656285044
 10
759.5432522555309
 20
1286.062594569271
 10
759.5761167335673
 20
1286.102640157605
 10
759.6258143242376
 20
1286.129070245906
 10
759.6699032635159
 20
1286.156300122675
 10
759.6963537636997
 20
1286.166711975642
 10
759.7212043486494
 20
1286.161105593275
 10
759.7404427029779
 20
1286.128269334139
 10
759.7436496919042
 20
1286.087422834039
 10
759.7548705739172
 20
1286.052183839603
 10
759.775712422709
 20
1286.042572898403
 10
759.8873700416182
 20
1286.072213373561
 10
759.9250450030439
 20
1286.097041638328
 10
759.9699356895536
 20
1286.135485403128
 10
760.1311298338409
 20
1286.293399816974
1001
AcDbBlockRepETag
1070
     1
1071
      225
1005
246F
  0
LWPOLYLINE
  5
2470
330
238C
100
AcDbEntity
  8
CX-BORD-TEX2
100
AcDbPolyline
 90
        2
 70
     0
 43
0.032
 10
749.3669129958175
 20
1286.361607274862
 10
749.5709978826339
 20
1286.254598270996
1001
AcDbBlockRepETag
1070
     1
1071
      226
1005
2470
  0
LWPOLYLINE
  5
2471
330
238C
100
AcDbEntity
  8
CX-BORD-TEX2
100
AcDbPolyline
 90
       31
 70
     0
 43
0.032
 10
749.4141100462506
 20
1286.013319414373
 10
749.493207462066
 20
1286.072801898096
 10
749.5629622822557
 20
1286.126337698361
 10
749.6301515191876
 20
1286.165413668332
 10
749.643076249918
 20
1286.167213322533
 10
749.656823903591
 20
1286.163457522457
 10
749.6639397665744
 20
1286.155523394793
 10
749.6639397665744
 20
1286.143833467053
 10
749.6501437056754
 20
1286.106259817115
 10
749.6290381528665
 20
1286.032020168922
 10
749.6195503355515
 20
1286.015228612744
 10
749.5307714734949
 20
1285.905527952159
 10
749.6290381528665
 20
1286.032020168922
 10
749.6983573079664
 20
1286.086604463379
 10
749.6673766799899
 20
1285.998437056567
 10
749.6447705030073
 20
1285.95119222143
 10
749.6368317170922
 20
1285.936748040299
 10
749.6313132927348
 20
1285.923743582532
 10
749.6313132927348
 20
1285.904948932979
 10
749.6393973003501
 20
1285.890989876027
 10
749.6544519492594
 20
1285.883478275873
 10
749.663697730422
 20
1285.883478275873
 10
749.689159934041
 20
1285.892445248556
 10
749.7085712337607
 20
1285.898219791174
 10
749.7377607941849
 20
1285.919033183269
 10
749.7661274316774
 20
1285.940441243708
 10
749.7968176162753
 20
1285.9707849785
 10
749.8199562727891
 20
1285.997967581556
 10
749.8402389026773
 20
1286.035744670666
 10
749.8566489540603
 20
1286.085587267525
 10
749.8711711234168
 20
1286.135492461051
1001
AcDbBlockRepETag
1070
     1
1071
      227
1005
2471
  0
LWPOLYLINE
  5
2472
330
238C
100
AcDbEntity
  8
CX-BORD-TEX2
100
AcDbPolyline
 90
        6
 70
     0
 43
0.032
 10
749.9279528056391
 20
1286.430620101281
 10
749.9148344459822
 20
1286.158747123194
 10
749.9027810454094
 20
1285.94245998625
 10
749.9037975972673
 20
1285.837391479092
 10
749.9089287637721
 20
1285.795154377389
 10
749.9117363831824
 20
1285.530777350291
1001
AcDbBlockRepETag
1070
     1
1071
      228
1005
2472
  0
LWPOLYLINE
  5
2473
330
238C
100
AcDbEntity
  8
CX-BORD-TEX2
100
AcDbPolyline
 90
        7
 70
     0
 43
0.032
 10
750.5536646763716
 20
1286.252579528454
 10
750.4566565850105
 20
1285.976543871951
 10
750.495624406139
 20
1286.072097685581
 10
750.513583488922
 20
1286.086620112545
 10
750.5392393214674
 20
1286.106697993791
 10
750.5605385032026
 20
1286.112253448073
 10
750.6678573348213
 20
1286.049249901779
1001
AcDbBlockRepETag
1070
     1
1071
      229
1005
2473
  0
LWPOLYLINE
  5
2474
330
238C
100
AcDbEntity
  8
CX-BORD-TEX2
100
AcDbPolyline
 90
       14
 70
     0
 43
0.032
 10
750.7827761017283
 20
1286.431934631308
 10
750.8049466136322
 20
1286.383203125305
 10
750.8019937725216
 20
1286.324440503265
 10
750.8007351845113
 20
1286.284362986609
 10
750.7994281892747
 20
1286.24257971075
 10
750.8059631654901
 20
1286.209481722568
 10
750.8129338067842
 20
1286.179012794443
 10
750.8199044480784
 20
1286.156806626488
 10
750.8342813957455
 20
1286.141126161166
 10
750.842994697366
 20
1286.137636396926
 10
750.8599856355281
 20
1286.151141628038
 10
750.8891751959522
 20
1286.179873498629
 10
750.9197201588499
 20
1286.210796252595
 10
750.9462957287901
 20
1286.254770411833
1001
AcDbBlockRepETag
1070
     1
1071
      230
1005
2474
  0
LWPOLYLINE
  5
2475
330
238C
100
AcDbEntity
  8
CX-BORD-TEX2
100
AcDbPolyline
 90
       15
 70
     0
 43
0.032
 10
750.6932711312033
 20
1285.856295672813
 10
750.7101652549022
 20
1285.830161563942
 10
750.7213473253173
 20
1285.807798904316
 10
750.7458897915417
 20
1285.789724116446
 10
750.7601215175196
 20
1285.778112434541
 10
750.7850996488336
 20
1285.775952849495
 10
750.8074637896529
 20
1285.77983384291
 10
750.8221311807097
 20
1285.793589460692
 10
750.8384928248665
 20
1285.812524952748
 10
750.8471093120237
 20
1285.83188297231
 10
750.8501105603604
 20
1285.854261281105
 10
750.8449309866186
 20
1285.879628580792
 10
750.8341845812824
 20
1285.900285481216
 10
750.8130790284735
 20
1285.92738983844
 10
750.7937161359909
 20
1285.941583632898
1001
AcDbBlockRepETag
1070
     1
1071
      231
1005
2475
  0
LWPOLYLINE
  5
2476
330
238C
100
AcDbEntity
  8
CX-BORD-TEX2
100
AcDbPolyline
 90
       10
 70
     0
 43
0.032
 10
751.5298449011311
 20
1286.405456240763
 10
751.5167265414634
 20
1286.346818812057
 10
751.5028336661121
 20
1286.292813536781
 10
751.4603321170938
 20
1286.19945060653
 10
751.5011394130119
 20
1286.265693530391
 10
751.5337658868515
 20
1286.294128066808
 10
751.5675541342493
 20
1286.320277824845
 10
751.596017586205
 20
1286.338853386061
 10
751.6157193293143
 20
1286.33922896607
 10
751.6286440600447
 20
1286.337335416862
1001
AcDbBlockRepETag
1070
     1
1071
      232
1005
2476
  0
LWPOLYLINE
  5
2477
330
238C
100
AcDbEntity
  8
CX-BORD-TEX2
100
AcDbPolyline
 90
        8
 70
     0
 43
0.032
 10
751.3028633939425
 20
1285.952757138127
 10
751.3484145985235
 20
1285.972475088533
 10
751.4409692246113
 20
1286.011222425996
 10
751.5192437174951
 20
1286.052019804335
 10
751.6042952227467
 20
1286.099608921146
 10
751.681214313146
 20
1286.145163646249
 10
751.7579397746299
 20
1286.198652499014
 10
751.8385862218451
 20
1286.258698352748
1001
AcDbBlockRepETag
1070
     1
1071
      233
1005
2477
  0
LWPOLYLINE
  5
2478
330
238C
100
AcDbEntity
  8
CX-BORD-TEX2
100
AcDbPolyline
 90
        6
 70
     0
 43
0.032
 10
751.6427547679463
 20
1286.122386283698
 10
751.6534285624325
 20
1286.091596547646
 10
751.654251485364
 20
1286.036167198176
 10
751.6526056395009
 20
1285.986183758814
 10
751.6496527983904
 20
1285.936638496132
 10
751.642052863091
 20
1285.883446977538
1001
AcDbBlockRepETag
1070
     1
1071
      234
1005
2478
  0
LWPOLYLINE
  5
2479
330
238C
100
AcDbEntity
  8
CX-BORD-TEX2
100
AcDbPolyline
 90
       11
 70
     0
 43
0.032
 10
751.509659085706
 20
1285.833901714852
 10
751.5373964291934
 20
1285.81080354438
 10
751.5718623778225
 20
1285.789802362282
 10
751.5995997213098
 20
1285.779301771232
 10
751.6252555538553
 20
1285.771320696067
 10
751.6479585453012
 20
1285.7696462352
 10
751.6782130648094
 20
1285.788534779755
 10
751.703433232276
 20
1285.808690906836
 10
751.7366405928946
 20
1285.838940746623
 10
751.7757052284864
 20
1285.876310957392
 10
751.7891624387698
 20
1285.893947568587
1001
AcDbBlockRepETag
1070
     1
1071
      235
1005
2479
  0
LWPOLYLINE
  5
247A
330
238C
100
AcDbEntity
  8
CX-BORD-TEX2
100
AcDbPolyline
 90
       61
 70
     0
 43
0.032
 10
742.2093837425255
 20
1286.300092604505
 10
742.240596725218
 20
1286.295385335075
 10
742.2435398848724
 20
1286.259517444339
 10
742.2505879777393
 20
1286.230697938413
 10
742.2676660489084
 20
1286.213045678051
 10
742.2923730997279
 20
1286.200701615129
 10
742.3200620359826
 20
1286.198347980416
 10
742.3494936325613
 20
1286.202466841167
 10
742.3906978677751
 20
1286.212457269372
 10
742.4254348968968
 20
1286.227755895019
 10
742.4672200188853
 20
1286.260694261696
 10
742.5113674137621
 20
1286.291278993657
 10
742.566125673716
 20
1286.333619379861
 10
742.6429576310995
 20
1286.409549138088
 10
742.6786240790677
 20
1286.431307739868
 10
742.6931462484351
 20
1286.434788114606
 10
742.6934560547086
 20
1286.421179598993
 10
742.677346128158
 20
1286.381142770171
 10
742.6634822971359
 20
1286.369937966607
 10
742.6345541357612
 20
1286.343847675405
 10
742.6078720699149
 20
1286.309807607373
 10
742.5686815755177
 20
1286.26443754244
 10
742.5061781585708
 20
1286.2057594259
 10
742.3684692672043
 20
1286.093298252257
 10
742.2270814262589
 20
1286.019884880081
 10
742.1004481093925
 20
1285.895830803533
 10
742.0319809215577
 20
1285.848933379903
 10
741.9869815594136
 20
1285.830680191527
 10
741.9680446505601
 20
1285.84306181245
 10
741.9780359030815
 20
1285.813303356504
 10
742.013624899479
 20
1285.789616777351
 10
742.0559134566717
 20
1285.791857738064
 10
742.1273625299506
 20
1285.800496078242
 10
742.1798746943761
 20
1285.821616194009
 10
742.2321157783005
 20
1285.844989789823
 10
742.3253287427358
 20
1285.884363093965
 10
742.3596397882237
 20
1285.904519221045
 10
742.4847627994775
 20
1285.977068759202
 10
742.5720507188144
 20
1286.036748422428
 10
742.7043767260763
 20
1286.143262912616
 10
742.8054897506456
 20
1286.245182807377
 10
742.5720507188144
 20
1286.036748422428
 10
742.3385729612022
 20
1285.82071480199
 10
742.1813849999887
 20
1285.708691805022
 10
742.07663175163
 20
1285.629732368065
 10
741.9746280340039
 20
1285.553527184499
 10
742.07663175163
 20
1285.629732368065
 10
742.1558647076916
 20
1285.654257742569
 10
742.2280108450967
 20
1285.65554723393
 10
742.303409948447
 20
1285.690939389991
 10
742.432250635052
 20
1285.748866346514
 10
742.5308077578197
 20
1285.799068874212
 10
742.5965254149222
 20
1285.846704938523
 10
742.5903680151034
 20
1285.731401876155
 10
742.6550788017976
 20
1285.787964225316
 10
742.7417083827893
 20
1285.868764004311
 10
742.8087427165821
 20
1285.961106608874
 10
742.9196533647508
 20
1286.069599153771
 10
742.994742661819
 20
1286.18964704357
 10
743.054961257448
 20
1286.265088547786
 10
743.0953909769652
 20
1286.36436686316
1001
AcDbBlockRepETag
1070
     1
1071
      236
1005
247A
  0
LWPOLYLINE
  5
247B
330
238C
100
AcDbEntity
  8
CX-BORD-TEX2
100
AcDbPolyline
 90
       16
 70
     0
 43
0.032
 10
742.5608589669541
 20
1286.513146623551
 10
742.558574145645
 20
1286.376297788071
 10
742.5665903831306
 20
1286.192676722298
 10
742.5794086179635
 20
1286.101473377091
 10
742.5978033658231
 20
1285.996736632273
 10
742.5965254149222
 20
1285.846704938523
 10
742.5903680151034
 20
1285.731401876155
 10
742.5729414118713
 20
1285.646145214402
 10
742.5409539134821
 20
1285.553414510498
 10
742.5025379347816
 20
1285.494248139949
 10
742.4713249520977
 20
1285.461472524608
 10
742.4521556885328
 20
1285.451694925074
 10
742.3943768173453
 20
1285.44832722434
 10
742.3438783937451
 20
1285.45000481504
 10
742.3063143823205
 20
1285.470749350799
 10
742.2866804093323
 20
1285.511086643628
1001
AcDbBlockRepETag
1070
     1
1071
      237
1005
247B
  0
LWPOLYLINE
  5
247C
330
238C
100
AcDbEntity
  8
CX-BORD-TEX2
100
AcDbPolyline
 90
       11
 70
     0
 43
0.032
 10
742.8641980406665
 20
1286.015352881323
 10
742.9522217499147
 20
1286.060309808245
 10
743.0297894972141
 20
1286.133572948418
 10
743.0720780544068
 20
1286.180069753374
 10
743.1240480578472
 20
1286.197045969721
 10
743.1896495375895
 20
1286.260819455032
 10
743.2623378359884
 20
1286.332555236507
 10
743.2943253343776
 20
1286.403815283303
 10
743.3014508788151
 20
1286.528695635869
 10
743.2943253343776
 20
1286.403815283303
 10
743.3643802794042
 20
1286.426838337776
1001
AcDbBlockRepETag
1070
     1
1071
      238
1005
247C
  0
LWPOLYLINE
  5
247D
330
238C
100
AcDbEntity
  8
CX-BORD-TEX2
100
AcDbPolyline
 90
        9
 70
     0
 43
0.032
 10
742.5217459241318
 20
1285.523831325223
 10
742.6195672569794
 20
1285.59358905199
 10
742.6879182674627
 20
1285.688898738616
 10
742.7881018731857
 20
1285.790555727371
 10
742.8771324528465
 20
1285.869965860335
 10
742.9593472943523
 20
1285.944543530534
 10
743.0641392684917
 20
1286.033618589031
 10
743.1265265080871
 20
1286.11600832339
 10
743.1568487977184
 20
1286.228932712377
1001
AcDbBlockRepETag
1070
     1
1071
      239
1005
247D
  0
LWPOLYLINE
  5
247E
330
238C
100
AcDbEntity
  8
CX-BORD-TEX2
100
AcDbPolyline
 90
        2
 70
     0
 43
0.032
 10
742.9182398735994
 20
1285.907254695435
 10
743.0778869221537
 20
1285.920293581369
1001
AcDbBlockRepETag
1070
     1
1071
      240
1005
247E
  0
LWPOLYLINE
  5
247F
330
238C
100
AcDbEntity
  8
CX-BORD-TEX2
100
AcDbPolyline
 90
       44
 70
     0
 43
0.032
 10
743.2397108590358
 20
1286.310224766405
 10
743.2627250938411
 20
1286.222848316253
 10
743.2737232167708
 20
1286.138255179181
 10
743.3225951574158
 20
1286.169891535164
 10
743.3880030082361
 20
1286.212532385373
 10
743.4148399772237
 20
1286.252418982193
 10
743.4451235410696
 20
1286.270296590559
 10
743.477227216819
 20
1286.274878666655
 10
743.5061941039746
 20
1286.267166757162
 10
743.5187412583062
 20
1286.256562881612
 10
743.5144039703908
 20
1286.232463164449
 10
743.4810997953111
 20
1286.177991543996
 10
743.4335058055844
 20
1286.121441714169
 10
743.3660067623682
 20
1286.056604085503
 10
743.2976557518848
 20
1285.998677128979
 10
743.2679530748134
 20
1285.953332102715
 10
743.2509137294252
 20
1285.913094964554
 10
743.2344552708117
 20
1285.868138037631
 10
743.2318219174308
 20
1285.843587624461
 10
743.1897269891601
 20
1285.840620542398
 10
743.1642454226528
 20
1285.826598888777
 10
743.1531698481438
 20
1285.804940441665
 10
743.1451148848687
 20
1285.772227422993
 10
743.1323353758341
 20
1285.747589374486
 10
743.1083253891495
 20
1285.725067093359
 10
743.1079768570778
 20
1285.693017599366
 10
743.1133210154102
 20
1285.643954331025
 10
743.1377182599387
 20
1285.614571455088
 10
743.1654459219831
 20
1285.595880090036
 10
743.2178806348381
 20
1285.600762630137
 10
743.2754271513139
 20
1285.599711006115
 10
743.3363815368673
 20
1285.605156916227
 10
743.3627537964317
 20
1285.61238057171
 10
743.4014408556247
 20
1285.628517992708
 10
743.4286650824561
 20
1285.647635015101
 10
743.4392759475417
 20
1285.67992237643
 10
743.4397019311753
 20
1285.715176819821
 10
743.4303690169993
 20
1285.740666183013
 10
743.3997369210815
 20
1285.767006860887
 10
743.3517169477124
 20
1285.801409989594
 10
743.3151210809153
 20
1285.820101354643
 10
743.2819718089766
 20
1285.836238775643
 10
743.252191680326
 20
1285.847819159213
 10
743.2325023381695
 20
1285.849931099056
1001
AcDbBlockRepETag
1070
     1
1071
      241
1005
247F
  0
LWPOLYLINE
  5
2480
330
238C
100
AcDbEntity
  8
CX-BORD-TEX2
100
AcDbPolyline
 90
       10
 70
     0
 43
0.032
 10
743.2325023381695
 20
1285.849931099056
 10
743.3103190835765
 20
1285.889107921396
 10
743.4623952411694
 20
1285.953382180048
 10
743.5863952046636
 20
1286.019997554083
 10
743.7039279620567
 20
1286.073755572522
 10
743.8297480374456
 20
1286.135425809788
 10
743.9719491198685
 20
1286.197108566389
 10
744.120694859963
 20
1286.267204315162
 10
744.2413644059413
 20
1286.335434683232
 10
744.3115355283193
 20
1286.373756363353
1001
AcDbBlockRepETag
1070
     1
1071
      242
1005
2480
  0
LWPOLYLINE
  5
2481
330
238C
100
AcDbEntity
  8
CX-BORD-TEX2
100
AcDbPolyline
 90
       20
 70
     0
 43
0.032
 10
743.7577180773919
 20
1286.371890982648
 10
743.7025338338045
 20
1286.371890982648
 10
743.6771297188589
 20
1286.35620425766
 10
743.6302327932496
 20
1286.330489546464
 10
743.6104826429186
 20
1286.303848404583
 10
743.5944114421491
 20
1286.27078484457
 10
743.6008399224604
 20
1286.24689795608
 10
743.6081978216008
 20
1286.230835651083
 10
743.6270185531027
 20
1286.227154967007
 10
743.6587349709906
 20
1286.233589904472
 10
743.7060966060232
 20
1286.259304615668
 10
743.7851359331541
 20
1286.29787668246
 10
743.8329622775925
 20
1286.329563115779
 10
743.8701777569539
 20
1286.358495295706
 10
743.8996480793223
 20
1286.382131797524
 10
743.9134344587739
 20
1286.417486395584
 10
743.9350434467892
 20
1286.434938346611
 10
743.9943326235891
 20
1286.45101317094
 10
744.0669434704175
 20
1286.47259650205
 10
744.0991245977286
 20
1286.485453857648
1001
AcDbBlockRepETag
1070
     1
1071
      243
1005
2481
  0
LWPOLYLINE
  5
2482
330
238C
100
AcDbEntity
  8
CX-BORD-TEX2
100
AcDbPolyline
 90
       12
 70
     0
 43
0.032
 10
743.9195479175862
 20
1286.174378425726
 10
743.9037530125349
 20
1286.103914647142
 10
743.8776131076735
 20
1286.020460769428
 10
743.8594507145169
 20
1285.938446615075
 10
743.841985385495
 20
1285.85934946545
 10
743.8321877618957
 20
1285.811375379131
 10
743.8281215544728
 20
1285.729974672125
 10
743.82405534705
 20
1285.685218054539
 10
743.8142577234507
 20
1285.538403829523
 10
743.8087973877756
 20
1285.410681588231
 10
743.794159041048
 20
1285.324924153138
 10
743.7978379906269
 20
1285.27657448681
1001
AcDbBlockRepETag
1070
     1
1071
      244
1005
2482
  0
ENDBLK
  5
2483
330
238C
100
AcDbEntity
  8
0
 62
     6
100
AcDbBlockEnd
  0
ENDSEC
  0
SECTION
  2
ENTITIES
  0
TEXT
  5
5E2
330
2
100
AcDbEntity
  8
CS-TEXT
100
AcDbText
 10
1351570.340339312
 20
-9839.865971203261
 30
0.0
 40
125.0
  1
H16
  7
A_STANDARD
100
AcDbText
  0
TEXT
  5
5E7
330
2
100
AcDbEntity
  8
CS-TEXT
100
AcDbText
 10
1351160.120632254
 20
-9766.117635650665
 30
0.0
 40
125.0
  1
D1
  7
A_STANDARD
 72
     4
 11
1351245.340339312
 21
-9704.865971203261
 31
0.0
100
AcDbText
  0
TEXT
  5
5E8
330
2
100
AcDbEntity
  8
CS-TEXT
100
AcDbText
 10
1351570.340339312
 20
-11789.86597120326
 30
0.0
 40
125.0
  1
H16
  7
A_STANDARD
100
AcDbText
  0
TEXT
  5
5E9
330
2
100
AcDbEntity
  8
CS-TEXT
100
AcDbText
 10
1351160.120632254
 20
-11716.11763565066
 30
0.0
 40
125.0
  1
D2
  7
A_STANDARD
 72
     4
 11
1351245.340339312
 21
-11654.86597120326
 31
0.0
100
AcDbText
  0
TEXT
  5
5EA
330
2
100
AcDbEntity
  8
CS-TEXT
100
AcDbText
 10
1351570.340339312
 20
-15089.86597120326
 30
0.0
 40
125.0
  1
H16
  7
A_STANDARD
100
AcDbText
  0
TEXT
  5
5EB
330
2
100
AcDbEntity
  8
CS-TEXT
100
AcDbText
 10
1351160.120632254
 20
-15016.11763565066
 30
0.0
 40
125.0
  1
D3
  7
A_STANDARD
 72
     4
 11
1351245.340339312
 21
-14954.86597120326
 31
0.0
100
AcDbText
  0
TEXT
  5
5EC
330
2
100
AcDbEntity
  8
CS-TEXT
100
AcDbText
 10
1351570.340339312
 20
-17089.86597120326
 30
0.0
 40
125.0
  1
H16
  7
A_STANDARD
100
AcDbText
  0
TEXT
  5
5ED
330
2
100
AcDbEntity
  8
CS-TEXT
100
AcDbText
 10
1351160.120632254
 20
-17016.11763565066
 30
0.0
 40
125.0
  1
D4
  7
A_STANDARD
 72
     4
 11
1351245.340339312
 21
-16954.86597120326
 31
0.0
100
AcDbText
  0
TEXT
  5
5EE
330
2
100
AcDbEntity
  8
CS-TEXT
100
AcDbText
 10
1347570.340339312
 20
-13339.86597120326
 30
0.0
 40
125.0
  1
H13
 50
90.0
  7
A_STANDARD
100
AcDbText
  0
TEXT
  5
5EF
330
2
100
AcDbEntity
  8
CS-TEXT
100
AcDbText
 10
1347496.592003759
 20
-13750.08567826051
 30
0.0
 40
125.0
  1
D5
 50
90.0
  7
A_STANDARD
 72
     4
 11
1347435.340339312
 21
-13664.86597120326
 31
0.0
100
AcDbText
  0
TEXT
  5
5F0
330
2
100
AcDbEntity
  8
CS-TEXT
100
AcDbText
 10
1356820.340339311
 20
-13339.86597120326
 30
0.0
 40
125.0
  1
H13
 50
90.0
  7
A_STANDARD
100
AcDbText
  0
TEXT
  5
5F1
330
2
100
AcDbEntity
  8
CS-TEXT
100
AcDbText
 10
1356746.592003759
 20
-13750.08567826051
 30
0.0
 40
125.0
  1
D6
 50
90.0
  7
A_STANDARD
 72
     4
 11
1356685.340339311
 21
-13664.86597120326
 31
0.0
100
AcDbText
  0
TEXT
  5
5F2
330
2
100
AcDbEntity
  8
CS-TEXT
100
AcDbText
 10
1354019.550196362
 20
-9839.865971203261
 30
0.0
 40
125.0
  1
H13
  7
A_STANDARD
100
AcDbText
  0
TEXT
  5
5F3
330
2
100
AcDbEntity
  8
CS-TEXT
100
AcDbText
 10
1353609.330489305
 20
-9765.867968540144
 30
0.0
 40
125.0
  1
S1
  7
A_STANDARD
 72
     4
 11
1353694.550196362
 21
-9704.865971203261
 31
0.0
100
AcDbText
  0
TEXT
  5
5F4
330
2
100
AcDbEntity
  8
CS-TEXT
100
AcDbText
 10
1354007.698552256
 20
-17089.86597120326
 30
0.0
 40
125.0
  1
H13
  7
A_STANDARD
100
AcDbText
  0
TEXT
  5
5F5
330
2
100
AcDbEntity
  8
CS-TEXT
100
AcDbText
 10
1353597.478845199
 20
-17015.86796854014
 30
0.0
 40
125.0
  1
S2
  7
A_STANDARD
 72
     4
 11
1353682.698552256
 21
-16954.86597120326
 31
0.0
100
AcDbText
  0
TEXT
  5
5F6
330
2
100
AcDbEntity
  8
CS-TEXT
100
AcDbText
 10
1349520.340339311
 20
-13339.86597120326
 30
0.0
 40
125.0
  1
H13
  7
A_STANDARD
100
AcDbText
  0
TEXT
  5
5F7
330
2
100
AcDbEntity
  8
CS-TEXT
100
AcDbText
 10
1349110.120632254
 20
-13265.86796854014
 30
0.0
 40
125.0
  1
S3
  7
A_STANDARD
 72
     4
 11
1349195.340339311
 21
-13204.86597120326
 31
0.0
100
AcDbText
  0
TEXT
  5
5F8
330
2
100
AcDbEntity
  8
CS-TEXT
100
AcDbText
 10
1354720.340339311
 20
-13339.86597120326
 30
0.0
 40
125.0
  1
H13
  7
A_STANDARD
100
AcDbText
  0
TEXT
  5
5F9
330
2
100
AcDbEntity
  8
CS-TEXT
100
AcDbText
 10
1354310.120632254
 20
-13265.86796854014
 30
0.0
 40
125.0
  1
S4
  7
A_STANDARD
 72
     4
 11
1354395.340339312
 21
-13204.86597120326
 31
0.0
100
AcDbText
  0
TEXT
  5
5FA
330
2
100
AcDbEntity
  8
CS-TEXT
100
AcDbText
 10
1354120.340339312
 20
-2740.314358940795
 30
0.0
 40
125.0
  1
H19
  7
A_STANDARD
100
AcDbText
  0
TEXT
  5
5FB
330
2
100
AcDbEntity
  8
CS-TEXT
100
AcDbText
 10
1353710.120632254
 20
-2666.566023388199
 30
0.0
 40
125.0
  1
T1
  7
A_STANDARD
 72
     4
 11
1353795.340339312
 21
-2605.314358940795
 31
0.0
100
AcDbText
  0
TEXT
  5
5FC
330
2
100
AcDbEntity
  8
CS-TEXT
100
AcDbText
 10
1349220.340339311
 20
-2740.314358940795
 30
0.0
 40
125.0
  1
H19
  7
A_STANDARD
100
AcDbText
  0
TEXT
  5
5FD
330
2
100
AcDbEntity
  8
CS-TEXT
100
AcDbText
 10
1348810.120632254
 20
-2666.566023388199
 30
0.0
 40
125.0
  1
T3
  7
A_STANDARD
 72
     4
 11
1348895.340339312
 21
-2605.314358940795
 31
0.0
100
AcDbText
  0
TEXT
  5
5FE
330
2
100
AcDbEntity
  8
CS-TEXT
100
AcDbText
 10
1355320.340339312
 20
-2740.314358940795
 30
0.0
 40
125.0
  1
H19
  7
A_STANDARD
100
AcDbText
  0
TEXT
  5
5FF
330
2
100
AcDbEntity
  8
CS-TEXT
100
AcDbText
 10
1354910.120632254
 20
-2666.566023388199
 30
0.0
 40
125.0
  1
T4
  7
A_STANDARD
 72
     4
 11
1354995.340339312
 21
-2605.314358940795
 31
0.0
100
AcDbText
  0
TEXT
  5
600
330
2
100
AcDbEntity
  8
CS-TEXT
100
AcDbText
 10
1351620.340339312
 20
-2740.314358940795
 30
0.0
 40
125.0
  1
H19
  7
A_STANDARD
100
AcDbText
  0
TEXT
  5
601
330
2
100
AcDbEntity
  8
CS-TEXT
100
AcDbText
 10
1351210.120632254
 20
-2666.566023388199
 30
0.0
 40
125.0
  1
T7
  7
A_STANDARD
 72
     4
 11
1351295.340339311
 21
-2605.314358940795
 31
0.0
100
AcDbText
  0
TEXT
  5
602
330
2
100
AcDbEntity
  8
CS-TEXT
100
AcDbText
 10
1350520.340339311
 20
-2740.314358940795
 30
0.0
 40
125.0
  1
H19
  7
A_STANDARD
100
AcDbText
  0
TEXT
  5
603
330
2
100
AcDbEntity
  8
CS-TEXT
100
AcDbText
 10
1350110.120632254
 20
-2666.566023388199
 30
0.0
 40
125.0
  1
T6
  7
A_STANDARD
 72
     4
 11
1350195.340339311
 21
-2605.314358940795
 31
0.0
100
AcDbText
  0
TEXT
  5
604
330
2
100
AcDbEntity
  8
CS-TEXT
100
AcDbText
 10
1351620.340339312
 20
-5540.314358940795
 30
0.0
 40
125.0
  1
H22
  7
A_STANDARD
100
AcDbText
  0
TEXT
  5
605
330
2
100
AcDbEntity
  8
CS-TEXT
100
AcDbText
 10
1351210.120632254
 20
-5466.5660233882
 30
0.0
 40
125.0
  1
T2
  7
A_STANDARD
 72
     4
 11
1351295.340339311
 21
-5405.314358940795
 31
0.0
100
AcDbText
  0
TEXT
  5
606
330
2
100
AcDbEntity
  8
CS-TEXT
100
AcDbText
 10
1353520.340339311
 20
-5540.314358940795
 30
0.0
 40
125.0
  1
H25
  7
A_STANDARD
100
AcDbText
  0
TEXT
  5
607
330
2
100
AcDbEntity
  8
CS-TEXT
100
AcDbText
 10
1353110.120632254
 20
-5466.5660233882
 30
0.0
 40
125.0
  1
T5
  7
A_STANDARD
 72
     4
 11
1353195.340339311
 21
-5405.314358940795
 31
0.0
100
AcDbText
  0
TEXT
  5
608
330
2
100
AcDbEntity
  8
CS-TEXT
100
AcDbText
 10
1357020.340339311
 20
-3577.814358940795
 30
0.0
 40
125.0
  1
H16
  7
A_STANDARD
100
AcDbText
  0
TEXT
  5
609
330
2
100
AcDbEntity
  8
CS-TEXT
100
AcDbText
 10
1356610.120632254
 20
-3504.066023388199
 30
0.0
 40
125.0
  1
D1
  7
A_STANDARD
 72
     4
 11
1356695.340339312
 21
-3442.814358940796
 31
0.0
100
AcDbText
  0
TEXT
  5
60A
330
2
100
AcDbEntity
  8
CS-TEXT
100
AcDbText
 10
1357020.340339311
 20
-4577.814358940795
 30
0.0
 40
125.0
  1
H16
  7
A_STANDARD
100
AcDbText
  0
TEXT
  5
60B
330
2
100
AcDbEntity
  8
CS-TEXT
100
AcDbText
 10
1356610.120632254
 20
-4504.066023388199
 30
0.0
 40
125.0
  1
D2
  7
A_STANDARD
 72
     4
 11
1356695.340339312
 21
-4442.814358940796
 31
0.0
100
AcDbText
  0
TEXT
  5
60C
330
2
100
AcDbEntity
  8
CS-TEXT
100
AcDbText
 10
1351684.090339311
 20
-20724.59565130193
 30
0.0
 40
125.0
  1
H25
  7
A_STANDARD
100
AcDbText
  0
TEXT
  5
60D
330
2
100
AcDbEntity
  8
CS-TEXT
100
AcDbText
 10
1351273.870632254
 20
-20650.84731574933
 30
0.0
 40
125.0
  1
B3
  7
A_STANDARD
 72
     4
 11
1351359.090339312
 21
-20589.59565130193
 31
0.0
100
AcDbText
  0
TEXT
  5
60E
330
2
100
AcDbEntity
  8
CS-TEXT
100
AcDbText
 10
1353584.090339311
 20
-20724.59565130193
 30
0.0
 40
125.0
  1
H22
  7
A_STANDARD
100
AcDbText
  0
TEXT
  5
60F
330
2
100
AcDbEntity
  8
CS-TEXT
100
AcDbText
 10
1353173.870632254
 20
-20650.84731574933
 30
0.0
 40
125.0
  1
B1
  7
A_STANDARD
 72
     4
 11
1353259.090339312
 21
-20589.59565130193
 31
0.0
100
AcDbText
  0
TEXT
  5
610
330
2
100
AcDbEntity
  8
CS-TEXT
100
AcDbText
 10
1351184.090339311
 20
-23524.59565130193
 30
0.0
 40
125.0
  1
H19
  7
A_STANDARD
100
AcDbText
  0
TEXT
  5
611
330
2
100
AcDbEntity
  8
CS-TEXT
100
AcDbText
 10
1350773.870632254
 20
-23450.84731574933
 30
0.0
 40
125.0
  1
B6
  7
A_STANDARD
 72
     4
 11
1350859.090339311
 21
-23389.59565130193
 31
0.0
100
AcDbText
  0
TEXT
  5
612
330
2
100
AcDbEntity
  8
CS-TEXT
100
AcDbText
 10
1355384.090339311
 20
-23524.59565130193
 30
0.0
 40
125.0
  1
H19
  7
A_STANDARD
100
AcDbText
  0
TEXT
  5
613
330
2
100
AcDbEntity
  8
CS-TEXT
100
AcDbText
 10
1354973.870632254
 20
-23450.84731574933
 30
0.0
 40
125.0
  1
B5
  7
A_STANDARD
 72
     4
 11
1355059.090339312
 21
-23389.59565130193
 31
0.0
100
AcDbText
  0
TEXT
  5
614
330
2
100
AcDbEntity
  8
CS-TEXT
100
AcDbText
 10
1349284.090339311
 20
-23524.59565130193
 30
0.0
 40
125.0
  1
H19
  7
A_STANDARD
100
AcDbText
  0
TEXT
  5
615
330
2
100
AcDbEntity
  8
CS-TEXT
100
AcDbText
 10
1348873.870632254
 20
-23450.84731574933
 30
0.0
 40
125.0
  1
B4
  7
A_STANDARD
 72
     4
 11
1348959.090339311
 21
-23389.59565130193
 31
0.0
100
AcDbText
  0
TEXT
  5
616
330
2
100
AcDbEntity
  8
CS-TEXT
100
AcDbText
 10
1352584.090339312
 20
-23524.59565130193
 30
0.0
 40
125.0
  1
H19
  7
A_STANDARD
100
AcDbText
  0
TEXT
  5
617
330
2
100
AcDbEntity
  8
CS-TEXT
100
AcDbText
 10
1352173.870632254
 20
-23450.84731574933
 30
0.0
 40
125.0
  1
B2
  7
A_STANDARD
 72
     4
 11
1352259.090339311
 21
-23389.59565130193
 31
0.0
100
AcDbText
  0
TEXT
  5
618
330
2
100
AcDbEntity
  8
CS-TEXT
100
AcDbText
 10
1354184.090339311
 20
-23524.59565130193
 30
0.0
 40
125.0
  1
H19
  7
A_STANDARD
100
AcDbText
  0
TEXT
  5
619
330
2
100
AcDbEntity
  8
CS-TEXT
100
AcDbText
 10
1353773.870632254
 20
-23450.84731574933
 30
0.0
 40
125.0
  1
B7
  7
A_STANDARD
 72
     4
 11
1353859.090339311
 21
-23389.59565130193
 31
0.0
100
AcDbText
  0
TEXT
  5
61A
330
2
100
AcDbEntity
  8
CS-TEXT
100
AcDbText
 10
1357084.090339311
 20
-21562.09565130193
 30
0.0
 40
125.0
  1
H16
  7
A_STANDARD
100
AcDbText
  0
TEXT
  5
61B
330
2
100
AcDbEntity
  8
CS-TEXT
100
AcDbText
 10
1356673.870632254
 20
-21488.34731574933
 30
0.0
 40
125.0
  1
D3
  7
A_STANDARD
 72
     4
 11
1356759.090339311
 21
-21427.09565130193
 31
0.0
100
AcDbText
  0
TEXT
  5
61C
330
2
100
AcDbEntity
  8
CS-TEXT
100
AcDbText
 10
1357084.090339311
 20
-22562.09565130193
 30
0.0
 40
125.0
  1
H16
  7
A_STANDARD
100
AcDbText
  0
TEXT
  5
61D
330
2
100
AcDbEntity
  8
CS-TEXT
100
AcDbText
 10
1356673.870632254
 20
-22488.34731574933
 30
0.0
 40
125.0
  1
D4
  7
A_STANDARD
 72
     4
 11
1356759.090339311
 21
-22427.09565130193
 31
0.0
100
AcDbText
  0
TEXT
  5
61E
330
2
100
AcDbEntity
  8
CS-TEXT
100
AcDbText
 10
1339325.394882311
 20
-13764.09067458915
 30
0.0
 40
125.0
  1
H19
  7
A_STANDARD
100
AcDbText
  0
TEXT
  5
61F
330
2
100
AcDbEntity
  8
CS-TEXT
100
AcDbText
 10
1338915.175175254
 20
-13690.34233903655
 30
0.0
 40
125.0
  1
B6
  7
A_STANDARD
 72
     4
 11
1339000.394882311
 21
-13629.09067458915
 31
0.0
100
AcDbText
  0
TEXT
  5
620
330
2
100
AcDbEntity
  8
CS-TEXT
100
AcDbText
 10
1339300.449997163
 20
-14964.09067458915
 30
0.0
 40
125.0
  1
H19
  7
A_STANDARD
100
AcDbText
  0
TEXT
  5
621
330
2
100
AcDbEntity
  8
CS-TEXT
100
AcDbText
 10
1338890.230290106
 20
-14890.34233903655
 30
0.0
 40
125.0
  1
B4
  7
A_STANDARD
 72
     4
 11
1338975.449997163
 21
-14829.09067458915
 31
0.0
100
AcDbText
  0
TEXT
  5
622
330
2
100
AcDbEntity
  8
CS-TEXT
100
AcDbText
 10
1339325.394882311
 20
-14364.09067458915
 30
0.0
 40
125.0
  1
H19
  7
A_STANDARD
100
AcDbText
  0
TEXT
  5
623
330
2
100
AcDbEntity
  8
CS-TEXT
100
AcDbText
 10
1338915.175175254
 20
-14290.34233903655
 30
0.0
 40
125.0
  1
B2
  7
A_STANDARD
 72
     4
 11
1339000.394882311
 21
-14229.09067458915
 31
0.0
100
AcDbText
  0
TEXT
  5
624
330
2
100
AcDbEntity
  8
CS-TEXT
100
AcDbText
 10
1339319.250008923
 20
-12364.09067458915
 30
0.0
 40
125.0
  1
H19
  7
A_STANDARD
100
AcDbText
  0
TEXT
  5
625
330
2
100
AcDbEntity
  8
CS-TEXT
100
AcDbText
 10
1338909.030301866
 20
-12290.34233903655
 30
0.0
 40
125.0
  1
T1
  7
A_STANDARD
 72
     4
 11
1338994.250008923
 21
-12229.09067458915
 31
0.0
100
AcDbText
  0
TEXT
  5
626
330
2
100
AcDbEntity
  8
CS-TEXT
100
AcDbText
 10
1339325.394882311
 20
-11364.09067458915
 30
0.0
 40
125.0
  1
H19
  7
A_STANDARD
100
AcDbText
  0
TEXT
  5
627
330
2
100
AcDbEntity
  8
CS-TEXT
100
AcDbText
 10
1338915.175175254
 20
-11290.34233903655
 30
0.0
 40
125.0
  1
T3
  7
A_STANDARD
 72
     4
 11
1339000.394882311
 21
-11229.09067458915
 31
0.0
100
AcDbText
  0
TEXT
  5
628
330
2
100
AcDbEntity
  8
CS-TEXT
100
AcDbText
 10
1339324.438235495
 20
-11764.09067458915
 30
0.0
 40
125.0
  1
H19
  7
A_STANDARD
100
AcDbText
  0
TEXT
  5
629
330
2
100
AcDbEntity
  8
CS-TEXT
100
AcDbText
 10
1338914.218528438
 20
-11690.34233903655
 30
0.0
 40
125.0
  1
T6
  7
A_STANDARD
 72
     4
 11
1338999.438235495
 21
-11629.09067458915
 31
0.0
100
AcDbText
  0
TEXT
  5
62A
330
2
100
AcDbEntity
  8
CS-TEXT
100
AcDbText
 10
1342325.394882311
 20
-13364.09067458915
 30
0.0
 40
125.0
  1
H16
  7
A_STANDARD
100
AcDbText
  0
TEXT
  5
62B
330
2
100
AcDbEntity
  8
CS-TEXT
100
AcDbText
 10
1341915.175175254
 20
-13290.34233903655
 30
0.0
 40
125.0
  1
W1
  7
A_STANDARD
 72
     4
 11
1342000.394882312
 21
-13229.09067458915
 31
0.0
100
AcDbText
  0
TEXT
  5
62C
330
2
100
AcDbEntity
  8
CS-TEXT
100
AcDbText
 10
1339887.894882311
 20
-17051.59067458915
 30
0.0
 40
125.0
  1
H13
  7
A_STANDARD
100
AcDbText
  0
TEXT
  5
62D
330
2
100
AcDbEntity
  8
CS-TEXT
100
AcDbText
 10
1339477.675175254
 20
-16977.84233903655
 30
0.0
 40
125.0
  1
D5
  7
A_STANDARD
 72
     4
 11
1339562.894882311
 21
-16916.59067458915
 31
0.0
100
AcDbText
  0
TEXT
  5
62E
330
2
100
AcDbEntity
  8
CS-TEXT
100
AcDbText
 10
1341887.894882311
 20
-17051.59067458915
 30
0.0
 40
125.0
  1
H13
  7
A_STANDARD
100
AcDbText
  0
TEXT
  5
62F
330
2
100
AcDbEntity
  8
CS-TEXT
100
AcDbText
 10
1341477.675175254
 20
-16977.84233903655
 30
0.0
 40
125.0
  1
D5
  7
A_STANDARD
 72
     4
 11
1341562.894882311
 21
-16916.59067458915
 31
0.0
100
AcDbText
  0
TEXT
  5
630
330
2
100
AcDbEntity
  8
CS-TEXT
100
AcDbText
 10
1364872.785796311
 20
-13939.86597120326
 30
0.0
 40
125.0
  1
H19
  7
A_STANDARD
100
AcDbText
  0
TEXT
  5
631
330
2
100
AcDbEntity
  8
CS-TEXT
100
AcDbText
 10
1364462.566089254
 20
-13866.11763565066
 30
0.0
 40
125.0
  1
B5
  7
A_STANDARD
 72
     4
 11
1364547.785796311
 21
-13804.86597120326
 31
0.0
100
AcDbText
  0
TEXT
  5
632
330
2
100
AcDbEntity
  8
CS-TEXT
100
AcDbText
 10
1364873.109366286
 20
-14539.86597120326
 30
0.0
 40
125.0
  1
H19
  7
A_STANDARD
100
AcDbText
  0
TEXT
  5
633
330
2
100
AcDbEntity
  8
CS-TEXT
100
AcDbText
 10
1364462.889659228
 20
-14466.11763565066
 30
0.0
 40
125.0
  1
B2
  7
A_STANDARD
 72
     4
 11
1364548.109366285
 21
-14404.86597120326
 31
0.0
100
AcDbText
  0
TEXT
  5
634
330
2
100
AcDbEntity
  8
CS-TEXT
100
AcDbText
 10
1364872.785796311
 20
-11739.86597120326
 30
0.0
 40
125.0
  1
H19
  7
A_STANDARD
100
AcDbText
  0
TEXT
  5
635
330
2
100
AcDbEntity
  8
CS-TEXT
100
AcDbText
 10
1364462.566089254
 20
-11666.11763565066
 30
0.0
 40
125.0
  1
T1
  7
A_STANDARD
 72
     4
 11
1364547.785796311
 21
-11604.86597120326
 31
0.0
100
AcDbText
  0
TEXT
  5
636
330
2
100
AcDbEntity
  8
CS-TEXT
100
AcDbText
 10
1364872.785796311
 20
-11139.86597120326
 30
0.0
 40
125.0
  1
H19
  7
A_STANDARD
100
AcDbText
  0
TEXT
  5
637
330
2
100
AcDbEntity
  8
CS-TEXT
100
AcDbText
 10
1364462.566089254
 20
-11066.11763565066
 30
0.0
 40
125.0
  1
T4
  7
A_STANDARD
 72
     4
 11
1364547.785796311
 21
-11004.86597120326
 31
0.0
100
AcDbText
  0
TEXT
  5
638
330
2
100
AcDbEntity
  8
CS-TEXT
100
AcDbText
 10
1364868.396066301
 20
-12339.86597120326
 30
0.0
 40
125.0
  1
H19
  7
A_STANDARD
100
AcDbText
  0
TEXT
  5
639
330
2
100
AcDbEntity
  8
CS-TEXT
100
AcDbText
 10
1364458.176359244
 20
-12266.11763565066
 30
0.0
 40
125.0
  1
T7
  7
A_STANDARD
 72
     4
 11
1364543.396066301
 21
-12204.86597120326
 31
0.0
100
AcDbText
  0
TEXT
  5
63A
330
2
100
AcDbEntity
  8
CS-TEXT
100
AcDbText
 10
1364872.785796311
 20
-15139.86597120326
 30
0.0
 40
125.0
  1
H19
  7
A_STANDARD
100
AcDbText
  0
TEXT
  5
63B
330
2
100
AcDbEntity
  8
CS-TEXT
100
AcDbText
 10
1364462.566089254
 20
-15066.11763565066
 30
0.0
 40
125.0
  1
B7
  7
A_STANDARD
 72
     4
 11
1364547.785796311
 21
-15004.86597120326
 31
0.0
100
AcDbText
  0
TEXT
  5
63C
330
2
100
AcDbEntity
  8
CS-TEXT
100
AcDbText
 10
1361872.785796311
 20
-13339.86597120326
 30
0.0
 40
125.0
  1
H16
  7
A_STANDARD
100
AcDbText
  0
TEXT
  5
63D
330
2
100
AcDbEntity
  8
CS-TEXT
100
AcDbText
 10
1361462.566089254
 20
-13266.11763565066
 30
0.0
 40
125.0
  1
W1
  7
A_STANDARD
 72
     4
 11
1361547.785796311
 21
-13204.86597120326
 31
0.0
100
AcDbText
  0
TEXT
  5
63E
330
2
100
AcDbEntity
  8
CS-TEXT
100
AcDbText
 10
1364435.285796311
 20
-17027.36597120326
 30
0.0
 40
125.0
  1
H13
  7
A_STANDARD
100
AcDbText
  0
TEXT
  5
63F
330
2
100
AcDbEntity
  8
CS-TEXT
100
AcDbText
 10
1364025.066089254
 20
-16953.61763565066
 30
0.0
 40
125.0
  1
D6
  7
A_STANDARD
 72
     4
 11
1364110.285796311
 21
-16892.36597120326
 31
0.0
100
AcDbText
  0
TEXT
  5
640
330
2
100
AcDbEntity
  8
CS-TEXT
100
AcDbText
 10
1362435.285796311
 20
-17027.36597120326
 30
0.0
 40
125.0
  1
H13
  7
A_STANDARD
100
AcDbText
  0
TEXT
  5
641
330
2
100
AcDbEntity
  8
CS-TEXT
100
AcDbText
 10
1362025.066089254
 20
-16953.61763565066
 30
0.0
 40
125.0
  1
D6
  7
A_STANDARD
 72
     4
 11
1362110.285796311
 21
-16892.36597120326
 31
0.0
100
AcDbText
  0
LWPOLYLINE
  5
642
330
2
100
AcDbEntity
  8
CS-MISC
 62
     1
100
AcDbPolyline
 90
        2
 70
     1
 43
27.5
 10
1365797.785796311
 20
-15651.11597120326
 42
1.0
 10
1365797.785796311
 20
-15678.61597120326
 42
1.0
  0
LWPOLYLINE
  5
646
330
2
100
AcDbEntity
  8
CS-MISC
 62
     1
100
AcDbPolyline
 90
        2
 70
     1
 43
27.5
 10
1365797.785796311
 20
-10391.11597120326
 42
1.0
 10
1365797.785796311
 20
-10418.61597120326
 42
1.0
  0
LWPOLYLINE
  5
647
330
2
100
AcDbEntity
  8
CS-MISC
 62
     1
100
AcDbPolyline
 90
        2
 70
     1
 43
27.5
 10
1365797.785796311
 20
-10951.11597120326
 42
1.0
 10
1365797.785796311
 20
-10978.61597120326
 42
1.0
  0
LWPOLYLINE
  5
648
330
2
100
AcDbEntity
  8
CS-MISC
 62
     1
100
AcDbPolyline
 90
        2
 70
     1
 43
27.5
 10
1365797.785796311
 20
-10951.11597120326
 42
1.0
 10
1365797.785796311
 20
-10978.61597120326
 42
1.0
  0
LWPOLYLINE
  5
649
330
2
100
AcDbEntity
  8
CS-MISC
 62
     1
100
AcDbPolyline
 90
        2
 70
     1
 43
27.5
 10
1365797.785796311
 20
-11101.11597120326
 42
1.0
 10
1365797.785796311
 20
-11128.61597120326
 42
1.0
  0
LWPOLYLINE
  5
64A
330
2
100
AcDbEntity
  8
CS-MISC
 62
     1
100
AcDbPolyline
 90
        2
 70
     1
 43
27.5
 10
1365797.785796311
 20
-16261.11597120326
 42
1.0
 10
1365797.785796311
 20
-16288.61597120326
 42
1.0
  0
LWPOLYLINE
  5
64B
330
2
100
AcDbEntity
  8
CS-MISC
 62
     1
100
AcDbPolyline
 90
        2
 70
     1
 43
27.5
 10
1365797.785796311
 20
-16261.11597120326
 42
1.0
 10
1365797.785796311
 20
-16288.61597120326
 42
1.0
  0
LWPOLYLINE
  5
64C
330
2
100
AcDbEntity
  8
CS-MISC
 62
     1
100
AcDbPolyline
 90
        2
 70
     1
 43
27.5
 10
1365797.785796311
 20
-16351.11597120326
 42
1.0
 10
1365797.785796311
 20
-16378.61597120326
 42
1.0
  0
LWPOLYLINE
  5
64D
330
2
100
AcDbEntity
  8
CS-MISC
 62
     1
100
AcDbPolyline
 90
        2
 70
     1
 43
27.5
 10
1365797.785796311
 20
-10301.11597120326
 42
1.0
 10
1365797.785796311
 20
-10328.61597120326
 42
1.0
  0
LWPOLYLINE
  5
64E
330
2
100
AcDbEntity
  8
CS-MISC
 62
     1
100
AcDbPolyline
 90
        2
 70
     1
 43
27.5
 10
1365797.785796311
 20
-10301.11597120326
 42
1.0
 10
1365797.785796311
 20
-10328.61597120326
 42
1.0
  0
LWPOLYLINE
  5
64F
330
2
100
AcDbEntity
  8
CS-MISC
 62
     1
100
AcDbPolyline
 90
        2
 70
     1
 43
27.5
 10
1365797.785796311
 20
-10391.11597120326
 42
1.0
 10
1365797.785796311
 20
-10418.61597120326
 42
1.0
  0
LWPOLYLINE
  5
650
330
2
100
AcDbEntity
  8
CS-MISC
 62
     1
100
AcDbPolyline
 90
        2
 70
     1
 43
27.5
 10
1360797.785796311
 20
-15651.11597120326
 42
1.0
 10
1360797.785796311
 20
-15678.61597120326
 42
1.0
  0
LWPOLYLINE
  5
651
330
2
100
AcDbEntity
  8
CS-MISC
 62
     1
100
AcDbPolyline
 90
        2
 70
     1
 43
27.5
 10
1360797.785796311
 20
-15651.11597120326
 42
1.0
 10
1360797.785796311
 20
-15678.61597120326
 42
1.0
  0
LWPOLYLINE
  5
652
330
2
100
AcDbEntity
  8
CS-MISC
 62
     1
100
AcDbPolyline
 90
        2
 70
     1
 43
27.5
 10
1360797.785796311
 20
-16261.11597120326
 42
1.0
 10
1360797.785796311
 20
-16288.61597120326
 42
1.0
  0
LWPOLYLINE
  5
653
330
2
100
AcDbEntity
  8
CS-MISC
 62
     1
100
AcDbPolyline
 90
        2
 70
     1
 43
27.5
 10
1360797.785796311
 20
-16261.11597120326
 42
1.0
 10
1360797.785796311
 20
-16288.61597120326
 42
1.0
  0
LWPOLYLINE
  5
654
330
2
100
AcDbEntity
  8
CS-MISC
 62
     1
100
AcDbPolyline
 90
        2
 70
     1
 43
27.5
 10
1360797.785796311
 20
-16351.11597120326
 42
1.0
 10
1360797.785796311
 20
-16378.61597120326
 42
1.0
  0
LWPOLYLINE
  5
655
330
2
100
AcDbEntity
  8
CS-MISC
 62
     1
100
AcDbPolyline
 90
        2
 70
     1
 43
27.5
 10
1360797.785796311
 20
-10391.11597120326
 42
1.0
 10
1360797.785796311
 20
-10418.61597120326
 42
1.0
  0
LWPOLYLINE
  5
656
330
2
100
AcDbEntity
  8
CS-MISC
 62
     1
100
AcDbPolyline
 90
        2
 70
     1
 43
27.5
 10
1360797.785796311
 20
-10951.11597120326
 42
1.0
 10
1360797.785796311
 20
-10978.61597120326
 42
1.0
  0
LWPOLYLINE
  5
657
330
2
100
AcDbEntity
  8
CS-MISC
 62
     1
100
AcDbPolyline
 90
        2
 70
     1
 43
27.5
 10
1360797.785796311
 20
-10951.11597120326
 42
1.0
 10
1360797.785796311
 20
-10978.61597120326
 42
1.0
  0
LWPOLYLINE
  5
658
330
2
100
AcDbEntity
  8
CS-MISC
 62
     1
100
AcDbPolyline
 90
        2
 70
     1
 43
27.5
 10
1360797.785796311
 20
-11101.11597120326
 42
1.0
 10
1360797.785796311
 20
-11128.61597120326
 42
1.0
  0
LWPOLYLINE
  5
659
330
2
100
AcDbEntity
  8
CS-MISC
 62
     1
100
AcDbPolyline
 90
        2
 70
     1
 43
27.5
 10
1360797.785796311
 20
-11101.11597120326
 42
1.0
 10
1360797.785796311
 20
-11128.61597120326
 42
1.0
  0
LWPOLYLINE
  5
65A
330
2
100
AcDbEntity
  8
CS-MISC
 62
     1
100
AcDbPolyline
 90
        2
 70
     1
 43
27.5
 10
1360797.785796311
 20
-15501.11597120326
 42
1.0
 10
1360797.785796311
 20
-15528.61597120326
 42
1.0
  0
LWPOLYLINE
  5
65B
330
2
100
AcDbEntity
  8
CS-MISC
 62
     1
100
AcDbPolyline
 90
        2
 70
     1
 43
27.5
 10
1360797.785796311
 20
-15501.11597120326
 42
1.0
 10
1360797.785796311
 20
-15528.61597120326
 42
1.0
  0
LWPOLYLINE
  5
65C
330
2
100
AcDbEntity
  8
CS-MISC
 62
     1
100
AcDbPolyline
 90
        2
 70
     1
 43
27.5
 10
1360297.785796311
 20
-10301.11597120326
 42
1.0
 10
1360297.785796311
 20
-10328.61597120326
 42
1.0
  0
LWPOLYLINE
  5
65D
330
2
100
AcDbEntity
  8
CS-MISC
 62
     1
100
AcDbPolyline
 90
        2
 70
     1
 43
27.5
 10
1360297.785796311
 20
-16351.11597120326
 42
1.0
 10
1360297.785796311
 20
-16378.61597120326
 42
1.0
  0
LWPOLYLINE
  5
65E
330
2
100
AcDbEntity
  8
CS-MISC
 62
     1
100
AcDbPolyline
 90
        2
 70
     1
 43
27.5
 10
1360797.785796311
 20
-10301.11597120326
 42
1.0
 10
1360797.785796311
 20
-10328.61597120326
 42
1.0
  0
LWPOLYLINE
  5
65F
330
2
100
AcDbEntity
  8
CS-MISC
 62
     1
100
AcDbPolyline
 90
        2
 70
     1
 43
27.5
 10
1360797.785796311
 20
-10301.11597120326
 42
1.0
 10
1360797.785796311
 20
-10328.61597120326
 42
1.0
  0
LWPOLYLINE
  5
660
330
2
100
AcDbEntity
  8
CS-MISC
 62
     1
100
AcDbPolyline
 90
        2
 70
     1
 43
27.5
 10
1360797.785796311
 20
-10391.11597120326
 42
1.0
 10
1360797.785796311
 20
-10418.61597120326
 42
1.0
  0
LWPOLYLINE
  5
661
330
2
100
AcDbEntity
  8
CS-MISC
 62
     1
100
AcDbPolyline
 90
        2
 70
     1
 43
27.5
 10
1363297.785796311
 20
-8801.115971203261
 42
1.0
 10
1363297.785796311
 20
-8828.615971203261
 42
1.0
  0
LWPOLYLINE
  5
662
330
2
100
AcDbEntity
  8
CS-MISC
 62
     1
100
AcDbPolyline
 90
        2
 70
     1
 43
27.5
 10
1364297.785796311
 20
-8801.115971203261
 42
1.0
 10
1364297.785796311
 20
-8828.615971203261
 42
1.0
  0
LWPOLYLINE
  5
663
330
2
100
AcDbEntity
  8
CS-MISC
 62
     1
100
AcDbPolyline
 90
        2
 70
     1
 43
27.5
 10
1363297.785796311
 20
-8801.115971203261
 42
1.0
 10
1363297.785796311
 20
-8828.615971203261
 42
1.0
  0
LWPOLYLINE
  5
664
330
2
100
AcDbEntity
  8
CS-MISC
 62
     1
100
AcDbPolyline
 90
        2
 70
     1
 43
27.5
 10
1362297.785796311
 20
-8801.115971203261
 42
1.0
 10
1362297.785796311
 20
-8828.615971203261
 42
1.0
  0
LWPOLYLINE
  5
665
330
2
100
AcDbEntity
  8
CS-MISC
 62
     1
100
AcDbPolyline
 90
        2
 70
     1
 43
27.5
 10
1365797.785796311
 20
-11101.11597120326
 42
1.0
 10
1365797.785796311
 20
-11128.61597120326
 42
1.0
  0
LWPOLYLINE
  5
666
330
2
100
AcDbEntity
  8
CS-MISC
 62
     1
100
AcDbPolyline
 90
        2
 70
     1
 43
27.5
 10
1365797.785796311
 20
-15501.11597120326
 42
1.0
 10
1365797.785796311
 20
-15528.61597120326
 42
1.0
  0
LWPOLYLINE
  5
667
330
2
100
AcDbEntity
  8
CS-MISC
 62
     1
100
AcDbPolyline
 90
        2
 70
     1
 43
27.5
 10
1365797.785796311
 20
-15501.11597120326
 42
1.0
 10
1365797.785796311
 20
-15528.61597120326
 42
1.0
  0
LWPOLYLINE
  5
668
330
2
100
AcDbEntity
  8
CS-MISC
 62
     1
100
AcDbPolyline
 90
        2
 70
     1
 43
27.5
 10
1365797.785796311
 20
-15651.11597120326
 42
1.0
 10
1365797.785796311
 20
-15678.61597120326
 42
1.0
  0
LINE
  5
669
330
2
100
AcDbEntity
  8
CS-MISC
100
AcDbLine
 10
1362816.091546311
 20
-10920.67187120326
 30
0.0
 11
1362904.479896311
 21
-11009.06007120326
 31
0.0
  0
LINE
  5
66A
330
2
100
AcDbEntity
  8
CS-MISC
100
AcDbLine
 10
1362816.091546311
 20
-11070.67187120326
 30
0.0
 11
1362904.479896311
 21
-11159.06007120326
 31
0.0
  0
LINE
  5
66B
330
2
100
AcDbEntity
  8
CS-MISC
100
AcDbLine
 10
1362816.091546311
 20
-11270.67187120326
 30
0.0
 11
1362904.479896311
 21
-11359.06007120326
 31
0.0
  0
LINE
  5
66C
330
2
100
AcDbEntity
  8
CS-MISC
100
AcDbLine
 10
1362816.091546311
 20
-11470.67187120326
 30
0.0
 11
1362904.479896311
 21
-11559.06007120326
 31
0.0
  0
LINE
  5
66D
330
2
100
AcDbEntity
  8
CS-MISC
100
AcDbLine
 10
1362816.091546311
 20
-11670.67187120326
 30
0.0
 11
1362904.479896311
 21
-11759.06007120326
 31
0.0
  0
LINE
  5
66E
330
2
100
AcDbEntity
  8
CS-MISC
100
AcDbLine
 10
1362816.091546311
 20
-11870.67187120326
 30
0.0
 11
1362904.479896311
 21
-11959.06007120326
 31
0.0
  0
LINE
  5
66F
330
2
100
AcDbEntity
  8
CS-MISC
100
AcDbLine
 10
1362816.091546311
 20
-12070.67187120326
 30
0.0
 11
1362904.479896311
 21
-12159.06007120326
 31
0.0
  0
LINE
  5
670
330
2
100
AcDbEntity
  8
CS-MISC
100
AcDbLine
 10
1362816.091546311
 20
-12270.67187120326
 30
0.0
 11
1362904.479896311
 21
-12359.06007120326
 31
0.0
  0
LINE
  5
671
330
2
100
AcDbEntity
  8
CS-MISC
100
AcDbLine
 10
1362816.091546311
 20
-12470.67187120326
 30
0.0
 11
1362904.479896311
 21
-12559.06007120326
 31
0.0
  0
LINE
  5
672
330
2
100
AcDbEntity
  8
CS-MISC
100
AcDbLine
 10
1362816.091546311
 20
-12670.67187120326
 30
0.0
 11
1362904.479896311
 21
-12759.06007120326
 31
0.0
  0
LINE
  5
673
330
2
100
AcDbEntity
  8
CS-MISC
100
AcDbLine
 10
1362816.091546311
 20
-12870.67187120326
 30
0.0
 11
1362904.479896311
 21
-12959.06007120326
 31
0.0
  0
LINE
  5
674
330
2
100
AcDbEntity
  8
CS-MISC
100
AcDbLine
 10
1362816.091546311
 20
-13070.67187120326
 30
0.0
 11
1362904.479896311
 21
-13159.06007120326
 31
0.0
  0
LINE
  5
675
330
2
100
AcDbEntity
  8
CS-MISC
100
AcDbLine
 10
1362816.091546311
 20
-13270.67187120326
 30
0.0
 11
1362904.479896311
 21
-13359.06007120326
 31
0.0
  0
LINE
  5
676
330
2
100
AcDbEntity
  8
CS-MISC
100
AcDbLine
 10
1362816.091546311
 20
-13470.67187120326
 30
0.0
 11
1362904.479896311
 21
-13559.06007120326
 31
0.0
  0
LINE
  5
677
330
2
100
AcDbEntity
  8
CS-MISC
100
AcDbLine
 10
1362816.091546311
 20
-13670.67187120326
 30
0.0
 11
1362904.479896311
 21
-13759.06007120326
 31
0.0
  0
LINE
  5
678
330
2
100
AcDbEntity
  8
CS-MISC
100
AcDbLine
 10
1362816.091546311
 20
-13870.67187120326
 30
0.0
 11
1362904.479896311
 21
-13959.06007120326
 31
0.0
  0
LINE
  5
679
330
2
100
AcDbEntity
  8
CS-MISC
100
AcDbLine
 10
1362816.091546311
 20
-14070.67187120326
 30
0.0
 11
1362904.479896311
 21
-14159.06007120326
 31
0.0
  0
LINE
  5
67A
330
2
100
AcDbEntity
  8
CS-MISC
100
AcDbLine
 10
1362816.091546311
 20
-14270.67187120326
 30
0.0
 11
1362904.479896311
 21
-14359.06007120326
 31
0.0
  0
LINE
  5
67B
330
2
100
AcDbEntity
  8
CS-MISC
100
AcDbLine
 10
1362816.091546311
 20
-14470.67187120326
 30
0.0
 11
1362904.479896311
 21
-14559.06007120326
 31
0.0
  0
LINE
  5
67C
330
2
100
AcDbEntity
  8
CS-MISC
100
AcDbLine
 10
1362816.091546311
 20
-14670.67187120326
 30
0.0
 11
1362904.479896311
 21
-14759.06007120326
 31
0.0
  0
LINE
  5
67D
330
2
100
AcDbEntity
  8
CS-MISC
100
AcDbLine
 10
1362816.091546311
 20
-14870.67187120326
 30
0.0
 11
1362904.479896311
 21
-14959.06007120326
 31
0.0
  0
LINE
  5
67E
330
2
100
AcDbEntity
  8
CS-MISC
100
AcDbLine
 10
1362816.091546311
 20
-15070.67187120326
 30
0.0
 11
1362904.479896311
 21
-15159.06007120326
 31
0.0
  0
LINE
  5
67F
330
2
100
AcDbEntity
  8
CS-MISC
100
AcDbLine
 10
1362816.091546311
 20
-15270.67187120326
 30
0.0
 11
1362904.479896311
 21
-15359.06007120326
 31
0.0
  0
LINE
  5
680
330
2
100
AcDbEntity
  8
CS-MISC
100
AcDbLine
 10
1362816.091546311
 20
-15470.67187120326
 30
0.0
 11
1362904.479896311
 21
-15559.06007120326
 31
0.0
  0
LINE
  5
681
330
2
100
AcDbEntity
  8
CS-MISC
100
AcDbLine
 10
1362816.091546311
 20
-15620.67187120326
 30
0.0
 11
1362904.479896311
 21
-15709.06007120326
 31
0.0
  0
CIRCLE
  5
682
330
2
100
AcDbEntity
  8
CS-SYMB-LIN3
100
AcDbCircle
 10
1362110.285796311
 20
-16892.36597120326
 30
0.0
 40
200.0
  0
LINE
  5
686
330
2
100
AcDbEntity
  8
CS-SYMB-LIN3
100
AcDbLine
 10
1361860.285796311
 20
-17102.36597120326
 30
0.0
 11
1362860.285796311
 21
-17102.36597120326
 31
0.0
  0
LINE
  5
687
330
2
100
AcDbEntity
  8
CS-MISC
100
AcDbLine
 10
1363816.091546311
 20
-10920.67187120326
 30
0.0
 11
1363904.479896311
 21
-11009.06007120326
 31
0.0
  0
LINE
  5
688
330
2
100
AcDbEntity
  8
CS-MISC
100
AcDbLine
 10
1363816.091546311
 20
-11070.67187120326
 30
0.0
 11
1363904.479896311
 21
-11159.06007120326
 31
0.0
  0
LINE
  5
689
330
2
100
AcDbEntity
  8
CS-MISC
100
AcDbLine
 10
1363816.091546311
 20
-11270.67187120326
 30
0.0
 11
1363904.479896311
 21
-11359.06007120326
 31
0.0
  0
LINE
  5
68A
330
2
100
AcDbEntity
  8
CS-MISC
100
AcDbLine
 10
1363816.091546311
 20
-11470.67187120326
 30
0.0
 11
1363904.479896311
 21
-11559.06007120326
 31
0.0
  0
LINE
  5
68B
330
2
100
AcDbEntity
  8
CS-MISC
100
AcDbLine
 10
1363816.091546311
 20
-11670.67187120326
 30
0.0
 11
1363904.479896311
 21
-11759.06007120326
 31
0.0
  0
LINE
  5
68C
330
2
100
AcDbEntity
  8
CS-MISC
100
AcDbLine
 10
1363816.091546311
 20
-11870.67187120326
 30
0.0
 11
1363904.479896311
 21
-11959.06007120326
 31
0.0
  0
LINE
  5
68D
330
2
100
AcDbEntity
  8
CS-MISC
100
AcDbLine
 10
1363816.091546311
 20
-12070.67187120326
 30
0.0
 11
1363904.479896311
 21
-12159.06007120326
 31
0.0
  0
LINE
  5
68E
330
2
100
AcDbEntity
  8
CS-MISC
100
AcDbLine
 10
1363816.091546311
 20
-12270.67187120326
 30
0.0
 11
1363904.479896311
 21
-12359.06007120326
 31
0.0
  0
LINE
  5
68F
330
2
100
AcDbEntity
  8
CS-MISC
100
AcDbLine
 10
1363816.091546311
 20
-12470.67187120326
 30
0.0
 11
1363904.479896311
 21
-12559.06007120326
 31
0.0
  0
LINE
  5
690
330
2
100
AcDbEntity
  8
CS-MISC
100
AcDbLine
 10
1363816.091546311
 20
-12670.67187120326
 30
0.0
 11
1363904.479896311
 21
-12759.06007120326
 31
0.0
  0
LINE
  5
691
330
2
100
AcDbEntity
  8
CS-MISC
100
AcDbLine
 10
1363816.091546311
 20
-12870.67187120326
 30
0.0
 11
1363904.479896311
 21
-12959.06007120326
 31
0.0
  0
LINE
  5
692
330
2
100
AcDbEntity
  8
CS-MISC
100
AcDbLine
 10
1363816.091546311
 20
-13070.67187120326
 30
0.0
 11
1363904.479896311
 21
-13159.06007120326
 31
0.0
  0
LINE
  5
693
330
2
100
AcDbEntity
  8
CS-MISC
100
AcDbLine
 10
1363816.091546311
 20
-13270.67187120326
 30
0.0
 11
1363904.479896311
 21
-13359.06007120326
 31
0.0
  0
LINE
  5
694
330
2
100
AcDbEntity
  8
CS-MISC
100
AcDbLine
 10
1363816.091546311
 20
-13470.67187120326
 30
0.0
 11
1363904.479896311
 21
-13559.06007120326
 31
0.0
  0
LINE
  5
695
330
2
100
AcDbEntity
  8
CS-MISC
100
AcDbLine
 10
1363816.091546311
 20
-13670.67187120326
 30
0.0
 11
1363904.479896311
 21
-13759.06007120326
 31
0.0
  0
LINE
  5
696
330
2
100
AcDbEntity
  8
CS-MISC
100
AcDbLine
 10
1363816.091546311
 20
-13870.67187120326
 30
0.0
 11
1363904.479896311
 21
-13959.06007120326
 31
0.0
  0
LINE
  5
697
330
2
100
AcDbEntity
  8
CS-MISC
100
AcDbLine
 10
1363816.091546311
 20
-14070.67187120326
 30
0.0
 11
1363904.479896311
 21
-14159.06007120326
 31
0.0
  0
LINE
  5
698
330
2
100
AcDbEntity
  8
CS-MISC
100
AcDbLine
 10
1363816.091546311
 20
-14270.67187120326
 30
0.0
 11
1363904.479896311
 21
-14359.06007120326
 31
0.0
  0
LINE
  5
699
330
2
100
AcDbEntity
  8
CS-MISC
100
AcDbLine
 10
1363816.091546311
 20
-14470.67187120326
 30
0.0
 11
1363904.479896311
 21
-14559.06007120326
 31
0.0
  0
LINE
  5
69A
330
2
100
AcDbEntity
  8
CS-MISC
100
AcDbLine
 10
1363816.091546311
 20
-14670.67187120326
 30
0.0
 11
1363904.479896311
 21
-14759.06007120326
 31
0.0
  0
LINE
  5
69B
330
2
100
AcDbEntity
  8
CS-MISC
100
AcDbLine
 10
1363816.091546311
 20
-14870.67187120326
 30
0.0
 11
1363904.479896311
 21
-14959.06007120326
 31
0.0
  0
LINE
  5
69C
330
2
100
AcDbEntity
  8
CS-MISC
100
AcDbLine
 10
1363816.091546311
 20
-15070.67187120326
 30
0.0
 11
1363904.479896311
 21
-15159.06007120326
 31
0.0
  0
LINE
  5
69D
330
2
100
AcDbEntity
  8
CS-MISC
100
AcDbLine
 10
1363816.091546311
 20
-15270.67187120326
 30
0.0
 11
1363904.479896311
 21
-15359.06007120326
 31
0.0
  0
LINE
  5
69E
330
2
100
AcDbEntity
  8
CS-MISC
100
AcDbLine
 10
1363816.091546311
 20
-15470.67187120326
 30
0.0
 11
1363904.479896311
 21
-15559.06007120326
 31
0.0
  0
LINE
  5
69F
330
2
100
AcDbEntity
  8
CS-MISC
100
AcDbLine
 10
1363816.091546311
 20
-15620.67187120326
 30
0.0
 11
1363904.479896311
 21
-15709.06007120326
 31
0.0
  0
CIRCLE
  5
6A0
330
2
100
AcDbEntity
  8
CS-SYMB-LIN3
100
AcDbCircle
 10
1364110.285796311
 20
-16892.36597120326
 30
0.0
 40
200.0
  0
LINE
  5
6A1
330
2
100
AcDbEntity
  8
CS-SYMB-LIN3
100
AcDbLine
 10
1363860.285796311
 20
-17102.36597120326
 30
0.0
 11
1364860.285796311
 21
-17102.36597120326
 31
0.0
  0
LINE
  5
6A2
330
2
100
AcDbEntity
  8
CS-MISC
100
AcDbLine
 10
1362378.591546312
 20
-13370.67187120326
 30
0.0
 11
1362466.979896311
 21
-13459.06007120326
 31
0.0
  0
LINE
  5
6A3
330
2
100
AcDbEntity
  8
CS-MISC
100
AcDbLine
 10
1362628.591546311
 20
-13370.67187120326
 30
0.0
 11
1362716.979896311
 21
-13459.06007120326
 31
0.0
  0
LINE
  5
6A4
330
2
100
AcDbEntity
  8
CS-MISC
100
AcDbLine
 10
1362878.591546311
 20
-13370.67187120326
 30
0.0
 11
1362966.979896311
 21
-13459.06007120326
 31
0.0
  0
LINE
  5
6A5
330
2
100
AcDbEntity
  8
CS-MISC
100
AcDbLine
 10
1363128.591546311
 20
-13370.67187120326
 30
0.0
 11
1363216.979896311
 21
-13459.06007120326
 31
0.0
  0
CIRCLE
  5
6A6
330
2
100
AcDbEntity
  8
CS-SYMB-LIN3
100
AcDbCircle
 10
1361547.785796311
 20
-13204.86597120326
 30
0.0
 40
200.0
  0
LINE
  5
6A7
330
2
100
AcDbEntity
  8
CS-SYMB-LIN3
100
AcDbLine
 10
1361297.785796311
 20
-13414.86597120326
 30
0.0
 11
1362297.785796311
 21
-13414.86597120326
 31
0.0
  0
LINE
  5
6A8
330
2
100
AcDbEntity
  8
CS-MISC
100
AcDbLine
 10
1364128.591546311
 20
-15170.67187120326
 30
0.0
 11
1364216.979896311
 21
-15259.06007120326
 31
0.0
  0
LINE
  5
6A9
330
2
100
AcDbEntity
  8
CS-MISC
100
AcDbLine
 10
1363628.591546311
 20
-15170.67187120326
 30
0.0
 11
1363716.979896311
 21
-15259.06007120326
 31
0.0
  0
LINE
  5
6AA
330
2
100
AcDbEntity
  8
CS-MISC
100
AcDbLine
 10
1364128.591546311
 20
-12370.67187120326
 30
0.0
 11
1364216.979896311
 21
-12459.06007120326
 31
0.0
  0
LINE
  5
6AB
330
2
100
AcDbEntity
  8
CS-MISC
100
AcDbLine
 10
1363628.591546311
 20
-12370.67187120326
 30
0.0
 11
1363716.979896311
 21
-12459.06007120326
 31
0.0
  0
LINE
  5
6AC
330
2
100
AcDbEntity
  8
CS-MISC
100
AcDbLine
 10
1364003.591546311
 20
-11170.67187120326
 30
0.0
 11
1364091.979896311
 21
-11259.06007120326
 31
0.0
  0
LINE
  5
6AD
330
2
100
AcDbEntity
  8
CS-MISC
100
AcDbLine
 10
1363753.591546311
 20
-11170.67187120326
 30
0.0
 11
1363841.979896311
 21
-11259.06007120326
 31
0.0
  0
LINE
  5
6AE
330
2
100
AcDbEntity
  8
CS-MISC
100
AcDbLine
 10
1363503.591546311
 20
-11170.67187120326
 30
0.0
 11
1363591.979896311
 21
-11259.06007120326
 31
0.0
  0
LINE
  5
6AF
330
2
100
AcDbEntity
  8
CS-MISC
100
AcDbLine
 10
1363878.591546311
 20
-11770.67187120326
 30
0.0
 11
1363966.979896311
 21
-11859.06007120326
 31
0.0
  0
LINE
  5
6B0
330
2
100
AcDbEntity
  8
CS-MISC
100
AcDbLine
 10
1363378.591546311
 20
-11770.67187120326
 30
0.0
 11
1363466.979896311
 21
-11859.06007120326
 31
0.0
  0
LINE
  5
6B1
330
2
100
AcDbEntity
  8
CS-MISC
100
AcDbLine
 10
1363878.591546311
 20
-14570.67187120326
 30
0.0
 11
1363966.979896311
 21
-14659.06007120326
 31
0.0
  0
LINE
  5
6B2
330
2
100
AcDbEntity
  8
CS-MISC
100
AcDbLine
 10
1363378.591546311
 20
-14570.67187120326
 30
0.0
 11
1363466.979896311
 21
-14659.06007120326
 31
0.0
  0
LINE
  5
6B3
330
2
100
AcDbEntity
  8
CS-MISC
100
AcDbLine
 10
1364003.591546311
 20
-13970.67187120326
 30
0.0
 11
1364091.979896311
 21
-14059.06007120326
 31
0.0
  0
LINE
  5
6B4
330
2
100
AcDbEntity
  8
CS-MISC
100
AcDbLine
 10
1363753.591546311
 20
-13970.67187120326
 30
0.0
 11
1363841.979896311
 21
-14059.06007120326
 31
0.0
  0
LINE
  5
6B5
330
2
100
AcDbEntity
  8
CS-MISC
100
AcDbLine
 10
1363503.591546311
 20
-13970.67187120326
 30
0.0
 11
1363591.979896311
 21
-14059.06007120326
 31
0.0
  0
CIRCLE
  5
6B6
330
2
100
AcDbEntity
  8
CS-SYMB-LIN3
100
AcDbCircle
 10
1364547.785796311
 20
-15004.86597120326
 30
0.0
 40
200.0
  0
LINE
  5
6B7
330
2
100
AcDbEntity
  8
CS-SYMB-LIN3
100
AcDbLine
 10
1364297.785796311
 20
-15214.86597120326
 30
0.0
 11
1365297.785796311
 21
-15214.86597120326
 31
0.0
  0
CIRCLE
  5
6B8
330
2
100
AcDbEntity
  8
CS-SYMB-LIN3
100
AcDbCircle
 10
1364543.396066301
 20
-12204.86597120326
 30
0.0
 40
200.0
  0
LINE
  5
6B9
330
2
100
AcDbEntity
  8
CS-SYMB-LIN3
100
AcDbLine
 10
1364293.396066301
 20
-12414.86597120326
 30
0.0
 11
1365293.396066301
 21
-12414.86597120326
 31
0.0
  0
CIRCLE
  5
6BA
330
2
100
AcDbEntity
  8
CS-SYMB-LIN3
100
AcDbCircle
 10
1364547.785796311
 20
-11004.86597120326
 30
0.0
 40
200.0
  0
LINE
  5
6BB
330
2
100
AcDbEntity
  8
CS-SYMB-LIN3
100
AcDbLine
 10
1364297.785796311
 20
-11214.86597120326
 30
0.0
 11
1365297.785796311
 21
-11214.86597120326
 31
0.0
  0
CIRCLE
  5
6BC
330
2
100
AcDbEntity
  8
CS-SYMB-LIN3
100
AcDbCircle
 10
1364547.785796311
 20
-11604.86597120326
 30
0.0
 40
200.0
  0
LINE
  5
6BD
330
2
100
AcDbEntity
  8
CS-SYMB-LIN3
100
AcDbLine
 10
1364297.785796311
 20
-11814.86597120326
 30
0.0
 11
1365297.785796311
 21
-11814.86597120326
 31
0.0
  0
CIRCLE
  5
6BE
330
2
100
AcDbEntity
  8
CS-SYMB-LIN3
100
AcDbCircle
 10
1364548.109366285
 20
-14404.86597120326
 30
0.0
 40
200.0
  0
LINE
  5
6BF
330
2
100
AcDbEntity
  8
CS-SYMB-LIN3
100
AcDbLine
 10
1364298.109366286
 20
-14614.86597120326
 30
0.0
 11
1365298.109366285
 21
-14614.86597120326
 31
0.0
  0
CIRCLE
  5
6C0
330
2
100
AcDbEntity
  8
CS-SYMB-LIN3
100
AcDbCircle
 10
1364547.785796311
 20
-13804.86597120326
 30
0.0
 40
200.0
  0
LINE
  5
6C1
330
2
100
AcDbEntity
  8
CS-SYMB-LIN3
100
AcDbLine
 10
1364297.785796311
 20
-14014.86597120326
 30
0.0
 11
1365297.785796311
 21
-14014.86597120326
 31
0.0
  0
LWPOLYLINE
  5
6C2
330
2
100
AcDbEntity
  8
CS-MISC
 62
     1
100
AcDbPolyline
 90
        2
 70
     1
 43
27.5
 10
1338250.394882311
 20
-15675.34067458915
 42
1.0
 10
1338250.394882311
 20
-15702.84067458915
 42
1.0
  0
LWPOLYLINE
  5
6C3
330
2
100
AcDbEntity
  8
CS-MISC
 62
     1
100
AcDbPolyline
 90
        2
 70
     1
 43
27.5
 10
1338250.394882311
 20
-10415.34067458915
 42
1.0
 10
1338250.394882311
 20
-10442.84067458915
 42
1.0
  0
LWPOLYLINE
  5
6C4
330
2
100
AcDbEntity
  8
CS-MISC
 62
     1
100
AcDbPolyline
 90
        2
 70
     1
 43
27.5
 10
1338250.394882311
 20
-10975.34067458915
 42
1.0
 10
1338250.394882311
 20
-11002.84067458915
 42
1.0
  0
LWPOLYLINE
  5
6C5
330
2
100
AcDbEntity
  8
CS-MISC
 62
     1
100
AcDbPolyline
 90
        2
 70
     1
 43
27.5
 10
1338250.394882311
 20
-10975.34067458915
 42
1.0
 10
1338250.394882311
 20
-11002.84067458915
 42
1.0
  0
LWPOLYLINE
  5
6C6
330
2
100
AcDbEntity
  8
CS-MISC
 62
     1
100
AcDbPolyline
 90
        2
 70
     1
 43
27.5
 10
1338250.394882311
 20
-11125.34067458915
 42
1.0
 10
1338250.394882311
 20
-11152.84067458915
 42
1.0
  0
LWPOLYLINE
  5
6C7
330
2
100
AcDbEntity
  8
CS-MISC
 62
     1
100
AcDbPolyline
 90
        2
 70
     1
 43
27.5
 10
1338250.394882311
 20
-16285.34067458915
 42
1.0
 10
1338250.394882311
 20
-16312.84067458915
 42
1.0
  0
LWPOLYLINE
  5
6C8
330
2
100
AcDbEntity
  8
CS-MISC
 62
     1
100
AcDbPolyline
 90
        2
 70
     1
 43
27.5
 10
1338250.394882311
 20
-16285.34067458915
 42
1.0
 10
1338250.394882311
 20
-16312.84067458915
 42
1.0
  0
LWPOLYLINE
  5
6C9
330
2
100
AcDbEntity
  8
CS-MISC
 62
     1
100
AcDbPolyline
 90
        2
 70
     1
 43
27.5
 10
1338250.394882311
 20
-16375.34067458915
 42
1.0
 10
1338250.394882311
 20
-16402.84067458915
 42
1.0
  0
LWPOLYLINE
  5
6CA
330
2
100
AcDbEntity
  8
CS-MISC
 62
     1
100
AcDbPolyline
 90
        2
 70
     1
 43
27.5
 10
1337750.394882311
 20
-10325.34067458915
 42
1.0
 10
1337750.394882311
 20
-10352.84067458915
 42
1.0
  0
LWPOLYLINE
  5
6CB
330
2
100
AcDbEntity
  8
CS-MISC
 62
     1
100
AcDbPolyline
 90
        2
 70
     1
 43
27.5
 10
1337750.394882311
 20
-16375.34067458915
 42
1.0
 10
1337750.394882311
 20
-16402.84067458915
 42
1.0
  0
LWPOLYLINE
  5
6CC
330
2
100
AcDbEntity
  8
CS-MISC
 62
     1
100
AcDbPolyline
 90
        2
 70
     1
 43
27.5
 10
1338250.394882311
 20
-10325.34067458915
 42
1.0
 10
1338250.394882311
 20
-10352.84067458915
 42
1.0
  0
LWPOLYLINE
  5
6CD
330
2
100
AcDbEntity
  8
CS-MISC
 62
     1
100
AcDbPolyline
 90
        2
 70
     1
 43
27.5
 10
1338250.394882311
 20
-10325.34067458915
 42
1.0
 10
1338250.394882311
 20
-10352.84067458915
 42
1.0
  0
LWPOLYLINE
  5
6CE
330
2
100
AcDbEntity
  8
CS-MISC
 62
     1
100
AcDbPolyline
 90
        2
 70
     1
 43
27.5
 10
1338250.394882311
 20
-10415.34067458915
 42
1.0
 10
1338250.394882311
 20
-10442.84067458915
 42
1.0
  0
LWPOLYLINE
  5
6CF
330
2
100
AcDbEntity
  8
CS-MISC
 62
     1
100
AcDbPolyline
 90
        2
 70
     1
 43
27.5
 10
1343250.394882312
 20
-16285.34067458915
 42
1.0
 10
1343250.394882312
 20
-16312.84067458915
 42
1.0
  0
LWPOLYLINE
  5
6D0
330
2
100
AcDbEntity
  8
CS-MISC
 62
     1
100
AcDbPolyline
 90
        2
 70
     1
 43
27.5
 10
1343250.394882312
 20
-16285.34067458915
 42
1.0
 10
1343250.394882312
 20
-16312.84067458915
 42
1.0
  0
LWPOLYLINE
  5
6D1
330
2
100
AcDbEntity
  8
CS-MISC
 62
     1
100
AcDbPolyline
 90
        2
 70
     1
 43
27.5
 10
1343250.394882312
 20
-16375.34067458915
 42
1.0
 10
1343250.394882312
 20
-16402.84067458915
 42
1.0
  0
LWPOLYLINE
  5
6D2
330
2
100
AcDbEntity
  8
CS-MISC
 62
     1
100
AcDbPolyline
 90
        2
 70
     1
 43
27.5
 10
1343250.394882312
 20
-10975.34067458915
 42
1.0
 10
1343250.394882312
 20
-11002.84067458915
 42
1.0
  0
LWPOLYLINE
  5
6D3
330
2
100
AcDbEntity
  8
CS-MISC
 62
     1
100
AcDbPolyline
 90
        2
 70
     1
 43
27.5
 10
1343250.394882312
 20
-11125.34067458915
 42
1.0
 10
1343250.394882312
 20
-11152.84067458915
 42
1.0
  0
LWPOLYLINE
  5
6D4
330
2
100
AcDbEntity
  8
CS-MISC
 62
     1
100
AcDbPolyline
 90
        2
 70
     1
 43
27.5
 10
1343250.394882312
 20
-11125.34067458915
 42
1.0
 10
1343250.394882312
 20
-11152.84067458915
 42
1.0
  0
LWPOLYLINE
  5
6D5
330
2
100
AcDbEntity
  8
CS-MISC
 62
     1
100
AcDbPolyline
 90
        2
 70
     1
 43
27.5
 10
1343250.394882312
 20
-15525.34067458915
 42
1.0
 10
1343250.394882312
 20
-15552.84067458915
 42
1.0
  0
LWPOLYLINE
  5
6D6
330
2
100
AcDbEntity
  8
CS-MISC
 62
     1
100
AcDbPolyline
 90
        2
 70
     1
 43
27.5
 10
1343250.394882312
 20
-15525.34067458915
 42
1.0
 10
1343250.394882312
 20
-15552.84067458915
 42
1.0
  0
LWPOLYLINE
  5
6D7
330
2
100
AcDbEntity
  8
CS-MISC
 62
     1
100
AcDbPolyline
 90
        2
 70
     1
 43
27.5
 10
1343250.394882312
 20
-15675.34067458915
 42
1.0
 10
1343250.394882312
 20
-15702.84067458915
 42
1.0
  0
LWPOLYLINE
  5
6D8
330
2
100
AcDbEntity
  8
CS-MISC
 62
     1
100
AcDbPolyline
 90
        2
 70
     1
 43
27.5
 10
1343250.394882312
 20
-15675.34067458915
 42
1.0
 10
1343250.394882312
 20
-15702.84067458915
 42
1.0
  0
LWPOLYLINE
  5
6D9
330
2
100
AcDbEntity
  8
CS-MISC
 62
     1
100
AcDbPolyline
 90
        2
 70
     1
 43
27.5
 10
1343250.394882312
 20
-10325.34067458915
 42
1.0
 10
1343250.394882312
 20
-10352.84067458915
 42
1.0
  0
LWPOLYLINE
  5
6DA
330
2
100
AcDbEntity
  8
CS-MISC
 62
     1
100
AcDbPolyline
 90
        2
 70
     1
 43
27.5
 10
1343250.394882312
 20
-10325.34067458915
 42
1.0
 10
1343250.394882312
 20
-10352.84067458915
 42
1.0
  0
LWPOLYLINE
  5
6DB
330
2
100
AcDbEntity
  8
CS-MISC
 62
     1
100
AcDbPolyline
 90
        2
 70
     1
 43
27.5
 10
1343250.394882312
 20
-10415.34067458915
 42
1.0
 10
1343250.394882312
 20
-10442.84067458915
 42
1.0
  0
LWPOLYLINE
  5
6DC
330
2
100
AcDbEntity
  8
CS-MISC
 62
     1
100
AcDbPolyline
 90
        2
 70
     1
 43
27.5
 10
1343250.394882312
 20
-10415.34067458915
 42
1.0
 10
1343250.394882312
 20
-10442.84067458915
 42
1.0
  0
LWPOLYLINE
  5
6DD
330
2
100
AcDbEntity
  8
CS-MISC
 62
     1
100
AcDbPolyline
 90
        2
 70
     1
 43
27.5
 10
1343250.394882312
 20
-10975.34067458915
 42
1.0
 10
1343250.394882312
 20
-11002.84067458915
 42
1.0
  0
LWPOLYLINE
  5
6DE
330
2
100
AcDbEntity
  8
CS-MISC
 62
     1
100
AcDbPolyline
 90
        2
 70
     1
 43
27.5
 10
1340750.394882311
 20
-8825.340674589153
 42
1.0
 10
1340750.394882311
 20
-8852.840674589151
 42
1.0
  0
LWPOLYLINE
  5
6DF
330
2
100
AcDbEntity
  8
CS-MISC
 62
     1
100
AcDbPolyline
 90
        2
 70
     1
 43
27.5
 10
1339750.394882311
 20
-8825.340674589153
 42
1.0
 10
1339750.394882311
 20
-8852.840674589151
 42
1.0
  0
LWPOLYLINE
  5
6E0
330
2
100
AcDbEntity
  8
CS-MISC
 62
     1
100
AcDbPolyline
 90
        2
 70
     1
 43
27.5
 10
1338250.394882311
 20
-15525.34067458915
 42
1.0
 10
1338250.394882311
 20
-15552.84067458915
 42
1.0
  0
LWPOLYLINE
  5
6E1
330
2
100
AcDbEntity
  8
CS-MISC
 62
     1
100
AcDbPolyline
 90
        2
 70
     1
 43
27.5
 10
1340750.394882311
 20
-8825.340674589153
 42
1.0
 10
1340750.394882311
 20
-8852.840674589151
 42
1.0
  0
LWPOLYLINE
  5
6E2
330
2
100
AcDbEntity
  8
CS-MISC
 62
     1
100
AcDbPolyline
 90
        2
 70
     1
 43
27.5
 10
1341750.394882311
 20
-8825.340674589153
 42
1.0
 10
1341750.394882311
 20
-8852.840674589151
 42
1.0
  0
LWPOLYLINE
  5
6E3
330
2
100
AcDbEntity
  8
CS-MISC
 62
     1
100
AcDbPolyline
 90
        2
 70
     1
 43
27.5
 10
1338250.394882311
 20
-11125.34067458915
 42
1.0
 10
1338250.394882311
 20
-11152.84067458915
 42
1.0
  0
LWPOLYLINE
  5
6E4
330
2
100
AcDbEntity
  8
CS-MISC
 62
     1
100
AcDbPolyline
 90
        2
 70
     1
 43
27.5
 10
1338250.394882311
 20
-15525.34067458915
 42
1.0
 10
1338250.394882311
 20
-15552.84067458915
 42
1.0
  0
LWPOLYLINE
  5
6E5
330
2
100
AcDbEntity
  8
CS-MISC
 62
     1
100
AcDbPolyline
 90
        2
 70
     1
 43
27.5
 10
1338250.394882311
 20
-15675.34067458915
 42
1.0
 10
1338250.394882311
 20
-15702.84067458915
 42
1.0
  0
LINE
  5
6E6
330
2
100
AcDbEntity
  8
CS-MISC
100
AcDbLine
 10
1341268.700632311
 20
-10944.89657458915
 30
0.0
 11
1341357.088982311
 21
-11033.28477458915
 31
0.0
  0
LINE
  5
6E7
330
2
100
AcDbEntity
  8
CS-MISC
100
AcDbLine
 10
1341268.700632311
 20
-11094.89657458915
 30
0.0
 11
1341357.088982311
 21
-11183.28477458915
 31
0.0
  0
LINE
  5
6E8
330
2
100
AcDbEntity
  8
CS-MISC
100
AcDbLine
 10
1341268.700632311
 20
-11294.89657458915
 30
0.0
 11
1341357.088982311
 21
-11383.28477458915
 31
0.0
  0
LINE
  5
6E9
330
2
100
AcDbEntity
  8
CS-MISC
100
AcDbLine
 10
1341268.700632311
 20
-11494.89657458915
 30
0.0
 11
1341357.088982311
 21
-11583.28477458915
 31
0.0
  0
LINE
  5
6EA
330
2
100
AcDbEntity
  8
CS-MISC
100
AcDbLine
 10
1341268.700632311
 20
-11694.89657458915
 30
0.0
 11
1341357.088982311
 21
-11783.28477458915
 31
0.0
  0
LINE
  5
6EB
330
2
100
AcDbEntity
  8
CS-MISC
100
AcDbLine
 10
1341268.700632311
 20
-11894.89657458915
 30
0.0
 11
1341357.088982311
 21
-11983.28477458915
 31
0.0
  0
LINE
  5
6EC
330
2
100
AcDbEntity
  8
CS-MISC
100
AcDbLine
 10
1341268.700632311
 20
-12094.89657458915
 30
0.0
 11
1341357.088982311
 21
-12183.28477458915
 31
0.0
  0
LINE
  5
6ED
330
2
100
AcDbEntity
  8
CS-MISC
100
AcDbLine
 10
1341268.700632311
 20
-12294.89657458915
 30
0.0
 11
1341357.088982311
 21
-12383.28477458915
 31
0.0
  0
LINE
  5
6EE
330
2
100
AcDbEntity
  8
CS-MISC
100
AcDbLine
 10
1341268.700632311
 20
-12494.89657458915
 30
0.0
 11
1341357.088982311
 21
-12583.28477458915
 31
0.0
  0
LINE
  5
6EF
330
2
100
AcDbEntity
  8
CS-MISC
100
AcDbLine
 10
1341268.700632311
 20
-12694.89657458915
 30
0.0
 11
1341357.088982311
 21
-12783.28477458915
 31
0.0
  0
LINE
  5
6F0
330
2
100
AcDbEntity
  8
CS-MISC
100
AcDbLine
 10
1341268.700632311
 20
-12894.89657458915
 30
0.0
 11
1341357.088982311
 21
-12983.28477458915
 31
0.0
  0
LINE
  5
6F1
330
2
100
AcDbEntity
  8
CS-MISC
100
AcDbLine
 10
1341268.700632311
 20
-13094.89657458915
 30
0.0
 11
1341357.088982311
 21
-13183.28477458915
 31
0.0
  0
LINE
  5
6F2
330
2
100
AcDbEntity
  8
CS-MISC
100
AcDbLine
 10
1341268.700632311
 20
-13294.89657458915
 30
0.0
 11
1341357.088982311
 21
-13383.28477458915
 31
0.0
  0
LINE
  5
6F3
330
2
100
AcDbEntity
  8
CS-MISC
100
AcDbLine
 10
1341268.700632311
 20
-13494.89657458915
 30
0.0
 11
1341357.088982311
 21
-13583.28477458915
 31
0.0
  0
LINE
  5
6F4
330
2
100
AcDbEntity
  8
CS-MISC
100
AcDbLine
 10
1341268.700632311
 20
-13694.89657458915
 30
0.0
 11
1341357.088982311
 21
-13783.28477458915
 31
0.0
  0
LINE
  5
6F5
330
2
100
AcDbEntity
  8
CS-MISC
100
AcDbLine
 10
1341268.700632311
 20
-13894.89657458915
 30
0.0
 11
1341357.088982311
 21
-13983.28477458915
 31
0.0
  0
LINE
  5
6F6
330
2
100
AcDbEntity
  8
CS-MISC
100
AcDbLine
 10
1341268.700632311
 20
-14094.89657458915
 30
0.0
 11
1341357.088982311
 21
-14183.28477458915
 31
0.0
  0
LINE
  5
6F7
330
2
100
AcDbEntity
  8
CS-MISC
100
AcDbLine
 10
1341268.700632311
 20
-14294.89657458915
 30
0.0
 11
1341357.088982311
 21
-14383.28477458915
 31
0.0
  0
LINE
  5
6F8
330
2
100
AcDbEntity
  8
CS-MISC
100
AcDbLine
 10
1341268.700632311
 20
-14494.89657458915
 30
0.0
 11
1341357.088982311
 21
-14583.28477458915
 31
0.0
  0
LINE
  5
6F9
330
2
100
AcDbEntity
  8
CS-MISC
100
AcDbLine
 10
1341268.700632311
 20
-14694.89657458915
 30
0.0
 11
1341357.088982311
 21
-14783.28477458915
 31
0.0
  0
LINE
  5
6FA
330
2
100
AcDbEntity
  8
CS-MISC
100
AcDbLine
 10
1341268.700632311
 20
-14894.89657458915
 30
0.0
 11
1341357.088982311
 21
-14983.28477458915
 31
0.0
  0
LINE
  5
6FB
330
2
100
AcDbEntity
  8
CS-MISC
100
AcDbLine
 10
1341268.700632311
 20
-15094.89657458915
 30
0.0
 11
1341357.088982311
 21
-15183.28477458915
 31
0.0
  0
LINE
  5
6FC
330
2
100
AcDbEntity
  8
CS-MISC
100
AcDbLine
 10
1341268.700632311
 20
-15294.89657458915
 30
0.0
 11
1341357.088982311
 21
-15383.28477458915
 31
0.0
  0
LINE
  5
6FD
330
2
100
AcDbEntity
  8
CS-MISC
100
AcDbLine
 10
1341268.700632311
 20
-15494.89657458915
 30
0.0
 11
1341357.088982311
 21
-15583.28477458915
 31
0.0
  0
LINE
  5
6FE
330
2
100
AcDbEntity
  8
CS-MISC
100
AcDbLine
 10
1341268.700632311
 20
-15644.89657458915
 30
0.0
 11
1341357.088982311
 21
-15733.28477458915
 31
0.0
  0
CIRCLE
  5
6FF
330
2
100
AcDbEntity
  8
CS-SYMB-LIN3
100
AcDbCircle
 10
1341562.894882311
 20
-16916.59067458915
 30
0.0
 40
200.0
  0
LINE
  5
700
330
2
100
AcDbEntity
  8
CS-SYMB-LIN3
100
AcDbLine
 10
1341312.894882312
 20
-17126.59067458915
 30
0.0
 11
1342312.894882311
 21
-17126.59067458915
 31
0.0
  0
LINE
  5
701
330
2
100
AcDbEntity
  8
CS-MISC
100
AcDbLine
 10
1340268.700632311
 20
-10944.89657458915
 30
0.0
 11
1340357.088982311
 21
-11033.28477458915
 31
0.0
  0
LINE
  5
702
330
2
100
AcDbEntity
  8
CS-MISC
100
AcDbLine
 10
1340268.700632311
 20
-11094.89657458915
 30
0.0
 11
1340357.088982311
 21
-11183.28477458915
 31
0.0
  0
LINE
  5
703
330
2
100
AcDbEntity
  8
CS-MISC
100
AcDbLine
 10
1340268.700632311
 20
-11294.89657458915
 30
0.0
 11
1340357.088982311
 21
-11383.28477458915
 31
0.0
  0
LINE
  5
704
330
2
100
AcDbEntity
  8
CS-MISC
100
AcDbLine
 10
1340268.700632311
 20
-11494.89657458915
 30
0.0
 11
1340357.088982311
 21
-11583.28477458915
 31
0.0
  0
LINE
  5
705
330
2
100
AcDbEntity
  8
CS-MISC
100
AcDbLine
 10
1340268.700632311
 20
-11694.89657458915
 30
0.0
 11
1340357.088982311
 21
-11783.28477458915
 31
0.0
  0
LINE
  5
706
330
2
100
AcDbEntity
  8
CS-MISC
100
AcDbLine
 10
1340268.700632311
 20
-11894.89657458915
 30
0.0
 11
1340357.088982311
 21
-11983.28477458915
 31
0.0
  0
LINE
  5
707
330
2
100
AcDbEntity
  8
CS-MISC
100
AcDbLine
 10
1340268.700632311
 20
-12094.89657458915
 30
0.0
 11
1340357.088982311
 21
-12183.28477458915
 31
0.0
  0
LINE
  5
708
330
2
100
AcDbEntity
  8
CS-MISC
100
AcDbLine
 10
1340268.700632311
 20
-12294.89657458915
 30
0.0
 11
1340357.088982311
 21
-12383.28477458915
 31
0.0
  0
LINE
  5
709
330
2
100
AcDbEntity
  8
CS-MISC
100
AcDbLine
 10
1340268.700632311
 20
-12494.89657458915
 30
0.0
 11
1340357.088982311
 21
-12583.28477458915
 31
0.0
  0
LINE
  5
70A
330
2
100
AcDbEntity
  8
CS-MISC
100
AcDbLine
 10
1340268.700632311
 20
-12694.89657458915
 30
0.0
 11
1340357.088982311
 21
-12783.28477458915
 31
0.0
  0
LINE
  5
70B
330
2
100
AcDbEntity
  8
CS-MISC
100
AcDbLine
 10
1340268.700632311
 20
-12894.89657458915
 30
0.0
 11
1340357.088982311
 21
-12983.28477458915
 31
0.0
  0
LINE
  5
70C
330
2
100
AcDbEntity
  8
CS-MISC
100
AcDbLine
 10
1340268.700632311
 20
-13094.89657458915
 30
0.0
 11
1340357.088982311
 21
-13183.28477458915
 31
0.0
  0
LINE
  5
70D
330
2
100
AcDbEntity
  8
CS-MISC
100
AcDbLine
 10
1340268.700632311
 20
-13294.89657458915
 30
0.0
 11
1340357.088982311
 21
-13383.28477458915
 31
0.0
  0
LINE
  5
70E
330
2
100
AcDbEntity
  8
CS-MISC
100
AcDbLine
 10
1340268.700632311
 20
-13494.89657458915
 30
0.0
 11
1340357.088982311
 21
-13583.28477458915
 31
0.0
  0
LINE
  5
70F
330
2
100
AcDbEntity
  8
CS-MISC
100
AcDbLine
 10
1340268.700632311
 20
-13694.89657458915
 30
0.0
 11
1340357.088982311
 21
-13783.28477458915
 31
0.0
  0
LINE
  5
710
330
2
100
AcDbEntity
  8
CS-MISC
100
AcDbLine
 10
1340268.700632311
 20
-13894.89657458915
 30
0.0
 11
1340357.088982311
 21
-13983.28477458915
 31
0.0
  0
LINE
  5
711
330
2
100
AcDbEntity
  8
CS-MISC
100
AcDbLine
 10
1340268.700632311
 20
-14094.89657458915
 30
0.0
 11
1340357.088982311
 21
-14183.28477458915
 31
0.0
  0
LINE
  5
712
330
2
100
AcDbEntity
  8
CS-MISC
100
AcDbLine
 10
1340268.700632311
 20
-14294.89657458915
 30
0.0
 11
1340357.088982311
 21
-14383.28477458915
 31
0.0
  0
LINE
  5
713
330
2
100
AcDbEntity
  8
CS-MISC
100
AcDbLine
 10
1340268.700632311
 20
-14494.89657458915
 30
0.0
 11
1340357.088982311
 21
-14583.28477458915
 31
0.0
  0
LINE
  5
714
330
2
100
AcDbEntity
  8
CS-MISC
100
AcDbLine
 10
1340268.700632311
 20
-14694.89657458915
 30
0.0
 11
1340357.088982311
 21
-14783.28477458915
 31
0.0
  0
LINE
  5
715
330
2
100
AcDbEntity
  8
CS-MISC
100
AcDbLine
 10
1340268.700632311
 20
-14894.89657458915
 30
0.0
 11
1340357.088982311
 21
-14983.28477458915
 31
0.0
  0
LINE
  5
716
330
2
100
AcDbEntity
  8
CS-MISC
100
AcDbLine
 10
1340268.700632311
 20
-15094.89657458915
 30
0.0
 11
1340357.088982311
 21
-15183.28477458915
 31
0.0
  0
LINE
  5
717
330
2
100
AcDbEntity
  8
CS-MISC
100
AcDbLine
 10
1340268.700632311
 20
-15294.89657458915
 30
0.0
 11
1340357.088982311
 21
-15383.28477458915
 31
0.0
  0
LINE
  5
718
330
2
100
AcDbEntity
  8
CS-MISC
100
AcDbLine
 10
1340268.700632311
 20
-15494.89657458915
 30
0.0
 11
1340357.088982311
 21
-15583.28477458915
 31
0.0
  0
LINE
  5
719
330
2
100
AcDbEntity
  8
CS-MISC
100
AcDbLine
 10
1340268.700632311
 20
-15644.89657458915
 30
0.0
 11
1340357.088982311
 21
-15733.28477458915
 31
0.0
  0
CIRCLE
  5
71A
330
2
100
AcDbEntity
  8
CS-SYMB-LIN3
100
AcDbCircle
 10
1339562.894882311
 20
-16916.59067458915
 30
0.0
 40
200.0
  0
LINE
  5
71B
330
2
100
AcDbEntity
  8
CS-SYMB-LIN3
100
AcDbLine
 10
1339312.894882311
 20
-17126.59067458915
 30
0.0
 11
1340312.894882311
 21
-17126.59067458915
 31
0.0
  0
LINE
  5
71C
330
2
100
AcDbEntity
  8
CS-MISC
100
AcDbLine
 10
1341581.200632312
 20
-13394.89657458915
 30
0.0
 11
1341669.588982312
 21
-13483.28477458915
 31
0.0
  0
LINE
  5
71D
330
2
100
AcDbEntity
  8
CS-MISC
100
AcDbLine
 10
1341331.200632311
 20
-13394.89657458915
 30
0.0
 11
1341419.588982311
 21
-13483.28477458915
 31
0.0
  0
LINE
  5
71E
330
2
100
AcDbEntity
  8
CS-MISC
100
AcDbLine
 10
1341081.200632312
 20
-13394.89657458915
 30
0.0
 11
1341169.588982311
 21
-13483.28477458915
 31
0.0
  0
LINE
  5
71F
330
2
100
AcDbEntity
  8
CS-MISC
100
AcDbLine
 10
1340831.200632311
 20
-13394.89657458915
 30
0.0
 11
1340919.588982311
 21
-13483.28477458915
 31
0.0
  0
CIRCLE
  5
720
330
2
100
AcDbEntity
  8
CS-SYMB-LIN3
100
AcDbCircle
 10
1342000.394882312
 20
-13229.09067458915
 30
0.0
 40
200.0
  0
LINE
  5
721
330
2
100
AcDbEntity
  8
CS-SYMB-LIN3
100
AcDbLine
 10
1341750.394882311
 20
-13439.09067458915
 30
0.0
 11
1342750.394882311
 21
-13439.09067458915
 31
0.0
  0
LINE
  5
722
330
2
100
AcDbEntity
  8
CS-MISC
100
AcDbLine
 10
1339831.200632312
 20
-11794.89657458915
 30
0.0
 11
1339919.588982311
 21
-11883.28477458915
 31
0.0
  0
LINE
  5
723
330
2
100
AcDbEntity
  8
CS-MISC
100
AcDbLine
 10
1340331.200632311
 20
-11794.89657458915
 30
0.0
 11
1340419.588982312
 21
-11883.28477458915
 31
0.0
  0
LINE
  5
724
330
2
100
AcDbEntity
  8
CS-MISC
100
AcDbLine
 10
1339956.200632312
 20
-12394.89657458915
 30
0.0
 11
1340044.588982311
 21
-12483.28477458915
 31
0.0
  0
LINE
  5
725
330
2
100
AcDbEntity
  8
CS-MISC
100
AcDbLine
 10
1340206.200632312
 20
-12394.89657458915
 30
0.0
 11
1340294.588982311
 21
-12483.28477458915
 31
0.0
  0
LINE
  5
726
330
2
100
AcDbEntity
  8
CS-MISC
100
AcDbLine
 10
1340456.200632312
 20
-12394.89657458915
 30
0.0
 11
1340544.588982311
 21
-12483.28477458915
 31
0.0
  0
LINE
  5
727
330
2
100
AcDbEntity
  8
CS-MISC
100
AcDbLine
 10
1340081.200632311
 20
-11394.89657458915
 30
0.0
 11
1340169.588982311
 21
-11483.28477458915
 31
0.0
  0
LINE
  5
728
330
2
100
AcDbEntity
  8
CS-MISC
100
AcDbLine
 10
1340581.200632311
 20
-11394.89657458915
 30
0.0
 11
1340669.588982311
 21
-11483.28477458915
 31
0.0
  0
LINE
  5
729
330
2
100
AcDbEntity
  8
CS-MISC
100
AcDbLine
 10
1340081.200632311
 20
-14394.89657458915
 30
0.0
 11
1340169.588982311
 21
-14483.28477458915
 31
0.0
  0
LINE
  5
72A
330
2
100
AcDbEntity
  8
CS-MISC
100
AcDbLine
 10
1340581.200632311
 20
-14394.89657458915
 30
0.0
 11
1340669.588982311
 21
-14483.28477458915
 31
0.0
  0
LINE
  5
72B
330
2
100
AcDbEntity
  8
CS-MISC
100
AcDbLine
 10
1339956.200632312
 20
-14994.89657458915
 30
0.0
 11
1340044.588982311
 21
-15083.28477458915
 31
0.0
  0
LINE
  5
72C
330
2
100
AcDbEntity
  8
CS-MISC
100
AcDbLine
 10
1340206.200632312
 20
-14994.89657458915
 30
0.0
 11
1340294.588982311
 21
-15083.28477458915
 31
0.0
  0
LINE
  5
72D
330
2
100
AcDbEntity
  8
CS-MISC
100
AcDbLine
 10
1340456.200632312
 20
-14994.89657458915
 30
0.0
 11
1340544.588982311
 21
-15083.28477458915
 31
0.0
  0
LINE
  5
72E
330
2
100
AcDbEntity
  8
CS-MISC
100
AcDbLine
 10
1339831.200632312
 20
-13794.89657458915
 30
0.0
 11
1339919.588982311
 21
-13883.28477458915
 31
0.0
  0
LINE
  5
72F
330
2
100
AcDbEntity
  8
CS-MISC
100
AcDbLine
 10
1340331.200632311
 20
-13794.89657458915
 30
0.0
 11
1340419.588982312
 21
-13883.28477458915
 31
0.0
  0
CIRCLE
  5
730
330
2
100
AcDbEntity
  8
CS-SYMB-LIN3
100
AcDbCircle
 10
1338999.438235495
 20
-11629.09067458915
 30
0.0
 40
200.0
  0
LINE
  5
731
330
2
100
AcDbEntity
  8
CS-SYMB-LIN3
100
AcDbLine
 10
1338749.438235495
 20
-11839.09067458915
 30
0.0
 11
1339749.438235495
 21
-11839.09067458915
 31
0.0
  0
CIRCLE
  5
732
330
2
100
AcDbEntity
  8
CS-SYMB-LIN3
100
AcDbCircle
 10
1339000.394882311
 20
-11229.09067458915
 30
0.0
 40
200.0
  0
LINE
  5
733
330
2
100
AcDbEntity
  8
CS-SYMB-LIN3
100
AcDbLine
 10
1338750.394882311
 20
-11439.09067458915
 30
0.0
 11
1339750.394882311
 21
-11439.09067458915
 31
0.0
  0
CIRCLE
  5
734
330
2
100
AcDbEntity
  8
CS-SYMB-LIN3
100
AcDbCircle
 10
1338994.250008923
 20
-12229.09067458915
 30
0.0
 40
200.0
  0
LINE
  5
735
330
2
100
AcDbEntity
  8
CS-SYMB-LIN3
100
AcDbLine
 10
1338744.250008924
 20
-12439.09067458915
 30
0.0
 11
1339744.250008924
 21
-12439.09067458915
 31
0.0
  0
CIRCLE
  5
736
330
2
100
AcDbEntity
  8
CS-SYMB-LIN3
100
AcDbCircle
 10
1339000.394882311
 20
-14229.09067458915
 30
0.0
 40
200.0
  0
LINE
  5
737
330
2
100
AcDbEntity
  8
CS-SYMB-LIN3
100
AcDbLine
 10
1338750.394882311
 20
-14439.09067458915
 30
0.0
 11
1339750.394882311
 21
-14439.09067458915
 31
0.0
  0
CIRCLE
  5
738
330
2
100
AcDbEntity
  8
CS-SYMB-LIN3
100
AcDbCircle
 10
1338975.449997163
 20
-14829.09067458915
 30
0.0
 40
200.0
  0
LINE
  5
739
330
2
100
AcDbEntity
  8
CS-SYMB-LIN3
100
AcDbLine
 10
1338725.449997163
 20
-15039.09067458915
 30
0.0
 11
1339725.449997163
 21
-15039.09067458915
 31
0.0
  0
CIRCLE
  5
73A
330
2
100
AcDbEntity
  8
CS-SYMB-LIN3
100
AcDbCircle
 10
1339000.394882311
 20
-13629.09067458915
 30
0.0
 40
200.0
  0
LINE
  5
73B
330
2
100
AcDbEntity
  8
CS-SYMB-LIN3
100
AcDbLine
 10
1338750.394882311
 20
-13839.09067458915
 30
0.0
 11
1339750.394882311
 21
-13839.09067458915
 31
0.0
  0
LWPOLYLINE
  5
73C
330
2
100
AcDbEntity
  8
CS-RBAR-MAJR
100
AcDbPolyline
 90
        2
 70
     1
 43
22.5
 10
1341636.644882312
 20
-10406.59067458915
 42
1.0
 10
1341614.144882312
 20
-10406.59067458915
 42
1.0
  0
CIRCLE
  5
740
330
2
100
AcDbEntity
  8
CS-RBAR-MAJR
100
AcDbCircle
 10
1341625.394882312
 20
-10406.59067458915
 30
0.0
 40
22.5
  0
LWPOLYLINE
  5
741
330
2
100
AcDbEntity
  8
CS-RBAR-MAJR
100
AcDbPolyline
 90
        2
 70
     1
 43
22.5
 10
1341511.644882311
 20
-10406.59067458915
 42
1.0
 10
1341489.144882311
 20
-10406.59067458915
 42
1.0
  0
CIRCLE
  5
742
330
2
100
AcDbEntity
  8
CS-RBAR-MAJR
100
AcDbCircle
 10
1341500.394882311
 20
-10406.59067458915
 30
0.0
 40
22.5
  0
LWPOLYLINE
  5
743
330
2
100
AcDbEntity
  8
CS-RBAR-MAJR
100
AcDbPolyline
 90
        2
 70
     1
 43
22.5
 10
1341386.644882311
 20
-10406.59067458915
 42
1.0
 10
1341364.144882311
 20
-10406.59067458915
 42
1.0
  0
CIRCLE
  5
744
330
2
100
AcDbEntity
  8
CS-RBAR-MAJR
100
AcDbCircle
 10
1341375.394882311
 20
-10406.59067458915
 30
0.0
 40
22.5
  0
LWPOLYLINE
  5
745
330
2
100
AcDbEntity
  8
CS-RBAR-MAJR
100
AcDbPolyline
 90
        2
 70
     1
 43
22.5
 10
1341261.644882311
 20
-10406.59067458915
 42
1.0
 10
1341239.144882311
 20
-10406.59067458915
 42
1.0
  0
CIRCLE
  5
746
330
2
100
AcDbEntity
  8
CS-RBAR-MAJR
100
AcDbCircle
 10
1341250.394882311
 20
-10406.59067458915
 30
0.0
 40
22.5
  0
LWPOLYLINE
  5
747
330
2
100
AcDbEntity
  8
CS-RBAR-MAJR
100
AcDbPolyline
 90
        2
 70
     1
 43
22.5
 10
1341136.644882311
 20
-10406.59067458915
 42
1.0
 10
1341114.144882311
 20
-10406.59067458915
 42
1.0
  0
CIRCLE
  5
748
330
2
100
AcDbEntity
  8
CS-RBAR-MAJR
100
AcDbCircle
 10
1341125.394882311
 20
-10406.59067458915
 30
0.0
 40
22.5
  0
LWPOLYLINE
  5
749
330
2
100
AcDbEntity
  8
CS-RBAR-MAJR
100
AcDbPolyline
 90
        2
 70
     1
 43
22.5
 10
1341011.644882311
 20
-10406.59067458915
 42
1.0
 10
1340989.144882311
 20
-10406.59067458915
 42
1.0
  0
CIRCLE
  5
74A
330
2
100
AcDbEntity
  8
CS-RBAR-MAJR
100
AcDbCircle
 10
1341000.394882311
 20
-10406.59067458915
 30
0.0
 40
22.5
  0
LWPOLYLINE
  5
74B
330
2
100
AcDbEntity
  8
CS-RBAR-MAJR
100
AcDbPolyline
 90
        2
 70
     1
 43
22.5
 10
1340886.644882311
 20
-10406.59067458915
 42
1.0
 10
1340864.144882311
 20
-10406.59067458915
 42
1.0
  0
CIRCLE
  5
74C
330
2
100
AcDbEntity
  8
CS-RBAR-MAJR
100
AcDbCircle
 10
1340875.394882311
 20
-10406.59067458915
 30
0.0
 40
22.5
  0
LWPOLYLINE
  5
74D
330
2
100
AcDbEntity
  8
CS-RBAR-MAJR
100
AcDbPolyline
 90
        2
 70
     1
 43
22.5
 10
1340761.644882311
 20
-10406.59067458915
 42
1.0
 10
1340739.144882311
 20
-10406.59067458915
 42
1.0
  0
CIRCLE
  5
74E
330
2
100
AcDbEntity
  8
CS-RBAR-MAJR
100
AcDbCircle
 10
1340750.394882311
 20
-10406.59067458915
 30
0.0
 40
22.5
  0
LWPOLYLINE
  5
74F
330
2
100
AcDbEntity
  8
CS-RBAR-MAJR
100
AcDbPolyline
 90
        2
 70
     1
 43
22.5
 10
1341636.644882312
 20
-11011.59067458915
 42
1.0
 10
1341614.144882312
 20
-11011.59067458915
 42
1.0
  0
CIRCLE
  5
750
330
2
100
AcDbEntity
  8
CS-RBAR-MAJR
100
AcDbCircle
 10
1341625.394882312
 20
-11011.59067458915
 30
0.0
 40
22.5
  0
LWPOLYLINE
  5
751
330
2
100
AcDbEntity
  8
CS-RBAR-MAJR
100
AcDbPolyline
 90
        2
 70
     1
 43
22.5
 10
1341511.644882311
 20
-11011.59067458915
 42
1.0
 10
1341489.144882311
 20
-11011.59067458915
 42
1.0
  0
CIRCLE
  5
752
330
2
100
AcDbEntity
  8
CS-RBAR-MAJR
100
AcDbCircle
 10
1341500.394882311
 20
-11011.59067458915
 30
0.0
 40
22.5
  0
LWPOLYLINE
  5
753
330
2
100
AcDbEntity
  8
CS-RBAR-MAJR
100
AcDbPolyline
 90
        2
 70
     1
 43
22.5
 10
1341386.644882311
 20
-11011.59067458915
 42
1.0
 10
1341364.144882311
 20
-11011.59067458915
 42
1.0
  0
CIRCLE
  5
754
330
2
100
AcDbEntity
  8
CS-RBAR-MAJR
100
AcDbCircle
 10
1341375.394882311
 20
-11011.59067458915
 30
0.0
 40
22.5
  0
LWPOLYLINE
  5
755
330
2
100
AcDbEntity
  8
CS-RBAR-MAJR
100
AcDbPolyline
 90
        2
 70
     1
 43
22.5
 10
1341261.644882311
 20
-11011.59067458915
 42
1.0
 10
1341239.144882311
 20
-11011.59067458915
 42
1.0
  0
CIRCLE
  5
756
330
2
100
AcDbEntity
  8
CS-RBAR-MAJR
100
AcDbCircle
 10
1341250.394882311
 20
-11011.59067458915
 30
0.0
 40
22.5
  0
LWPOLYLINE
  5
757
330
2
100
AcDbEntity
  8
CS-RBAR-MAJR
100
AcDbPolyline
 90
        2
 70
     1
 43
22.5
 10
1341136.644882311
 20
-11011.59067458915
 42
1.0
 10
1341114.144882311
 20
-11011.59067458915
 42
1.0
  0
CIRCLE
  5
758
330
2
100
AcDbEntity
  8
CS-RBAR-MAJR
100
AcDbCircle
 10
1341125.394882311
 20
-11011.59067458915
 30
0.0
 40
22.5
  0
LWPOLYLINE
  5
759
330
2
100
AcDbEntity
  8
CS-RBAR-MAJR
100
AcDbPolyline
 90
        2
 70
     1
 43
22.5
 10
1341011.644882311
 20
-11011.59067458915
 42
1.0
 10
1340989.144882311
 20
-11011.59067458915
 42
1.0
  0
CIRCLE
  5
75A
330
2
100
AcDbEntity
  8
CS-RBAR-MAJR
100
AcDbCircle
 10
1341000.394882311
 20
-11011.59067458915
 30
0.0
 40
22.5
  0
LWPOLYLINE
  5
75B
330
2
100
AcDbEntity
  8
CS-RBAR-MAJR
100
AcDbPolyline
 90
        2
 70
     1
 43
22.5
 10
1340886.644882311
 20
-11011.59067458915
 42
1.0
 10
1340864.144882311
 20
-11011.59067458915
 42
1.0
  0
CIRCLE
  5
75C
330
2
100
AcDbEntity
  8
CS-RBAR-MAJR
100
AcDbCircle
 10
1340875.394882311
 20
-11011.59067458915
 30
0.0
 40
22.5
  0
LWPOLYLINE
  5
75D
330
2
100
AcDbEntity
  8
CS-RBAR-MAJR
100
AcDbPolyline
 90
        2
 70
     1
 43
22.5
 10
1340761.644882311
 20
-11011.59067458915
 42
1.0
 10
1340739.144882311
 20
-11011.59067458915
 42
1.0
  0
CIRCLE
  5
75E
330
2
100
AcDbEntity
  8
CS-RBAR-MAJR
100
AcDbCircle
 10
1340750.394882311
 20
-11011.59067458915
 30
0.0
 40
22.5
  0
LWPOLYLINE
  5
75F
330
2
100
AcDbEntity
  8
CS-RBAR-MAJR
100
AcDbPolyline
 90
        2
 70
     1
 43
22.5
 10
1341636.644882312
 20
-15666.59067458915
 42
1.0
 10
1341614.144882312
 20
-15666.59067458915
 42
1.0
  0
CIRCLE
  5
760
330
2
100
AcDbEntity
  8
CS-RBAR-MAJR
100
AcDbCircle
 10
1341625.394882312
 20
-15666.59067458915
 30
0.0
 40
22.5
  0
LWPOLYLINE
  5
761
330
2
100
AcDbEntity
  8
CS-RBAR-MAJR
100
AcDbPolyline
 90
        2
 70
     1
 43
22.5
 10
1341511.644882311
 20
-15666.59067458915
 42
1.0
 10
1341489.144882311
 20
-15666.59067458915
 42
1.0
  0
CIRCLE
  5
762
330
2
100
AcDbEntity
  8
CS-RBAR-MAJR
100
AcDbCircle
 10
1341500.394882311
 20
-15666.59067458915
 30
0.0
 40
22.5
  0
LWPOLYLINE
  5
763
330
2
100
AcDbEntity
  8
CS-RBAR-MAJR
100
AcDbPolyline
 90
        2
 70
     1
 43
22.5
 10
1341386.644882311
 20
-15666.59067458915
 42
1.0
 10
1341364.144882311
 20
-15666.59067458915
 42
1.0
  0
CIRCLE
  5
764
330
2
100
AcDbEntity
  8
CS-RBAR-MAJR
100
AcDbCircle
 10
1341375.394882311
 20
-15666.59067458915
 30
0.0
 40
22.5
  0
LWPOLYLINE
  5
765
330
2
100
AcDbEntity
  8
CS-RBAR-MAJR
100
AcDbPolyline
 90
        2
 70
     1
 43
22.5
 10
1341261.644882311
 20
-15666.59067458915
 42
1.0
 10
1341239.144882311
 20
-15666.59067458915
 42
1.0
  0
CIRCLE
  5
766
330
2
100
AcDbEntity
  8
CS-RBAR-MAJR
100
AcDbCircle
 10
1341250.394882311
 20
-15666.59067458915
 30
0.0
 40
22.5
  0
LWPOLYLINE
  5
767
330
2
100
AcDbEntity
  8
CS-RBAR-MAJR
100
AcDbPolyline
 90
        2
 70
     1
 43
22.5
 10
1341136.644882311
 20
-15666.59067458915
 42
1.0
 10
1341114.144882311
 20
-15666.59067458915
 42
1.0
  0
CIRCLE
  5
768
330
2
100
AcDbEntity
  8
CS-RBAR-MAJR
100
AcDbCircle
 10
1341125.394882311
 20
-15666.59067458915
 30
0.0
 40
22.5
  0
LWPOLYLINE
  5
769
330
2
100
AcDbEntity
  8
CS-RBAR-MAJR
100
AcDbPolyline
 90
        2
 70
     1
 43
22.5
 10
1341011.644882311
 20
-15666.59067458915
 42
1.0
 10
1340989.144882311
 20
-15666.59067458915
 42
1.0
  0
CIRCLE
  5
76A
330
2
100
AcDbEntity
  8
CS-RBAR-MAJR
100
AcDbCircle
 10
1341000.394882311
 20
-15666.59067458915
 30
0.0
 40
22.5
  0
LWPOLYLINE
  5
76B
330
2
100
AcDbEntity
  8
CS-RBAR-MAJR
100
AcDbPolyline
 90
        2
 70
     1
 43
22.5
 10
1340886.644882311
 20
-15666.59067458915
 42
1.0
 10
1340864.144882311
 20
-15666.59067458915
 42
1.0
  0
CIRCLE
  5
76C
330
2
100
AcDbEntity
  8
CS-RBAR-MAJR
100
AcDbCircle
 10
1340875.394882311
 20
-15666.59067458915
 30
0.0
 40
22.5
  0
LWPOLYLINE
  5
76D
330
2
100
AcDbEntity
  8
CS-RBAR-MAJR
100
AcDbPolyline
 90
        2
 70
     1
 43
22.5
 10
1340761.644882311
 20
-15666.59067458915
 42
1.0
 10
1340739.144882311
 20
-15666.59067458915
 42
1.0
  0
CIRCLE
  5
76E
330
2
100
AcDbEntity
  8
CS-RBAR-MAJR
100
AcDbCircle
 10
1340750.394882311
 20
-15666.59067458915
 30
0.0
 40
22.5
  0
LWPOLYLINE
  5
76F
330
2
100
AcDbEntity
  8
CS-RBAR-MAJR
100
AcDbPolyline
 90
        2
 70
     1
 43
22.5
 10
1341636.644882312
 20
-16321.59067458915
 42
1.0
 10
1341614.144882312
 20
-16321.59067458915
 42
1.0
  0
CIRCLE
  5
770
330
2
100
AcDbEntity
  8
CS-RBAR-MAJR
100
AcDbCircle
 10
1341625.394882312
 20
-16321.59067458915
 30
0.0
 40
22.5
  0
LWPOLYLINE
  5
771
330
2
100
AcDbEntity
  8
CS-RBAR-MAJR
100
AcDbPolyline
 90
        2
 70
     1
 43
22.5
 10
1341511.644882311
 20
-16321.59067458915
 42
1.0
 10
1341489.144882311
 20
-16321.59067458915
 42
1.0
  0
CIRCLE
  5
772
330
2
100
AcDbEntity
  8
CS-RBAR-MAJR
100
AcDbCircle
 10
1341500.394882311
 20
-16321.59067458915
 30
0.0
 40
22.5
  0
LWPOLYLINE
  5
773
330
2
100
AcDbEntity
  8
CS-RBAR-MAJR
100
AcDbPolyline
 90
        2
 70
     1
 43
22.5
 10
1341386.644882311
 20
-16321.59067458915
 42
1.0
 10
1341364.144882311
 20
-16321.59067458915
 42
1.0
  0
CIRCLE
  5
774
330
2
100
AcDbEntity
  8
CS-RBAR-MAJR
100
AcDbCircle
 10
1341375.394882311
 20
-16321.59067458915
 30
0.0
 40
22.5
  0
LWPOLYLINE
  5
775
330
2
100
AcDbEntity
  8
CS-RBAR-MAJR
100
AcDbPolyline
 90
        2
 70
     1
 43
22.5
 10
1341261.644882311
 20
-16321.59067458915
 42
1.0
 10
1341239.144882311
 20
-16321.59067458915
 42
1.0
  0
CIRCLE
  5
776
330
2
100
AcDbEntity
  8
CS-RBAR-MAJR
100
AcDbCircle
 10
1341250.394882311
 20
-16321.59067458915
 30
0.0
 40
22.5
  0
LWPOLYLINE
  5
777
330
2
100
AcDbEntity
  8
CS-RBAR-MAJR
100
AcDbPolyline
 90
        2
 70
     1
 43
22.5
 10
1341136.644882311
 20
-16321.59067458915
 42
1.0
 10
1341114.144882311
 20
-16321.59067458915
 42
1.0
  0
CIRCLE
  5
778
330
2
100
AcDbEntity
  8
CS-RBAR-MAJR
100
AcDbCircle
 10
1341125.394882311
 20
-16321.59067458915
 30
0.0
 40
22.5
  0
LWPOLYLINE
  5
779
330
2
100
AcDbEntity
  8
CS-RBAR-MAJR
100
AcDbPolyline
 90
        2
 70
     1
 43
22.5
 10
1341011.644882311
 20
-16321.59067458915
 42
1.0
 10
1340989.144882311
 20
-16321.59067458915
 42
1.0
  0
CIRCLE
  5
77A
330
2
100
AcDbEntity
  8
CS-RBAR-MAJR
100
AcDbCircle
 10
1341000.394882311
 20
-16321.59067458915
 30
0.0
 40
22.5
  0
LWPOLYLINE
  5
77B
330
2
100
AcDbEntity
  8
CS-RBAR-MAJR
100
AcDbPolyline
 90
        2
 70
     1
 43
22.5
 10
1340886.644882311
 20
-16321.59067458915
 42
1.0
 10
1340864.144882311
 20
-16321.59067458915
 42
1.0
  0
CIRCLE
  5
77C
330
2
100
AcDbEntity
  8
CS-RBAR-MAJR
100
AcDbCircle
 10
1340875.394882311
 20
-16321.59067458915
 30
0.0
 40
22.5
  0
LWPOLYLINE
  5
77D
330
2
100
AcDbEntity
  8
CS-RBAR-MAJR
100
AcDbPolyline
 90
        2
 70
     1
 43
22.5
 10
1340761.644882311
 20
-16321.59067458915
 42
1.0
 10
1340739.144882311
 20
-16321.59067458915
 42
1.0
  0
CIRCLE
  5
77E
330
2
100
AcDbEntity
  8
CS-RBAR-MAJR
100
AcDbCircle
 10
1340750.394882311
 20
-16321.59067458915
 30
0.0
 40
22.5
  0
LWPOLYLINE
  5
77F
330
2
100
AcDbEntity
  8
CS-MISC
 62
     1
100
AcDbPolyline
 90
        2
 70
     1
 43
27.5
 10
1348519.090339312
 20
-20185.84565130193
 42
1.0
 10
1348519.090339312
 20
-20213.34565130193
 42
1.0
  0
LWPOLYLINE
  5
780
330
2
100
AcDbEntity
  8
CS-MISC
 62
     1
100
AcDbPolyline
 90
        2
 70
     1
 43
27.5
 10
1356019.090339312
 20
-20185.84565130193
 42
1.0
 10
1356019.090339312
 20
-20213.34565130193
 42
1.0
  0
LWPOLYLINE
  5
781
330
2
100
AcDbEntity
  8
CS-MISC
 62
     1
100
AcDbPolyline
 90
        2
 70
     1
 43
27.5
 10
1355699.090339312
 20
-20185.84565130193
 42
1.0
 10
1355699.090339312
 20
-20213.34565130193
 42
1.0
  0
LWPOLYLINE
  5
782
330
2
100
AcDbEntity
  8
CS-MISC
 62
     1
100
AcDbPolyline
 90
        2
 70
     1
 43
27.5
 10
1355699.090339312
 20
-20185.84565130193
 42
1.0
 10
1355699.090339312
 20
-20213.34565130193
 42
1.0
  0
LWPOLYLINE
  5
783
330
2
100
AcDbEntity
  8
CS-MISC
 62
     1
100
AcDbPolyline
 90
        2
 70
     1
 43
27.5
 10
1355559.090339311
 20
-20185.84565130193
 42
1.0
 10
1355559.090339311
 20
-20213.34565130193
 42
1.0
  0
LWPOLYLINE
  5
784
330
2
100
AcDbEntity
  8
CS-MISC
 62
     1
100
AcDbPolyline
 90
        2
 70
     1
 43
27.5
 10
1348199.090339311
 20
-20185.84565130193
 42
1.0
 10
1348199.090339311
 20
-20213.34565130193
 42
1.0
  0
LWPOLYLINE
  5
785
330
2
100
AcDbEntity
  8
CS-MISC
 62
     1
100
AcDbPolyline
 90
        2
 70
     1
 43
27.5
 10
1348199.090339311
 20
-20185.84565130193
 42
1.0
 10
1348199.090339311
 20
-20213.34565130193
 42
1.0
  0
LWPOLYLINE
  5
786
330
2
100
AcDbEntity
  8
CS-MISC
 62
     1
100
AcDbPolyline
 90
        2
 70
     1
 43
27.5
 10
1348109.090339312
 20
-20185.84565130193
 42
1.0
 10
1348109.090339312
 20
-20213.34565130193
 42
1.0
  0
LWPOLYLINE
  5
787
330
2
100
AcDbEntity
  8
CS-MISC
 62
     1
100
AcDbPolyline
 90
        2
 70
     1
 43
27.5
 10
1348109.090339312
 20
-24185.84565130193
 42
1.0
 10
1348109.090339312
 20
-24213.34565130193
 42
1.0
  0
LWPOLYLINE
  5
788
330
2
100
AcDbEntity
  8
CS-MISC
 62
     1
100
AcDbPolyline
 90
        2
 70
     1
 43
27.5
 10
1348199.090339311
 20
-24185.84565130193
 42
1.0
 10
1348199.090339311
 20
-24213.34565130193
 42
1.0
  0
LWPOLYLINE
  5
789
330
2
100
AcDbEntity
  8
CS-MISC
 62
     1
100
AcDbPolyline
 90
        2
 70
     1
 43
27.5
 10
1348199.090339311
 20
-24185.84565130193
 42
1.0
 10
1348199.090339311
 20
-24213.34565130193
 42
1.0
  0
LWPOLYLINE
  5
78A
330
2
100
AcDbEntity
  8
CS-MISC
 62
     1
100
AcDbPolyline
 90
        2
 70
     1
 43
27.5
 10
1356109.090339311
 20
-19685.84565130193
 42
1.0
 10
1356109.090339311
 20
-19713.34565130193
 42
1.0
  0
LWPOLYLINE
  5
78B
330
2
100
AcDbEntity
  8
CS-MISC
 62
     1
100
AcDbPolyline
 90
        2
 70
     1
 43
27.5
 10
1348109.090339312
 20
-19685.84565130193
 42
1.0
 10
1348109.090339312
 20
-19713.34565130193
 42
1.0
  0
LWPOLYLINE
  5
78C
330
2
100
AcDbEntity
  8
CS-MISC
 62
     1
100
AcDbPolyline
 90
        2
 70
     1
 43
27.5
 10
1356109.090339311
 20
-20185.84565130193
 42
1.0
 10
1356109.090339311
 20
-20213.34565130193
 42
1.0
  0
LWPOLYLINE
  5
78D
330
2
100
AcDbEntity
  8
CS-MISC
 62
     1
100
AcDbPolyline
 90
        2
 70
     1
 43
27.5
 10
1356109.090339311
 20
-20185.84565130193
 42
1.0
 10
1356109.090339311
 20
-20213.34565130193
 42
1.0
  0
LWPOLYLINE
  5
78E
330
2
100
AcDbEntity
  8
CS-MISC
 62
     1
100
AcDbPolyline
 90
        2
 70
     1
 43
27.5
 10
1356019.090339312
 20
-20185.84565130193
 42
1.0
 10
1356019.090339312
 20
-20213.34565130193
 42
1.0
  0
LWPOLYLINE
  5
78F
330
2
100
AcDbEntity
  8
CS-MISC
 62
     1
100
AcDbPolyline
 90
        2
 70
     1
 43
27.5
 10
1348399.090339311
 20
-24185.84565130193
 42
1.0
 10
1348399.090339311
 20
-24213.34565130193
 42
1.0
  0
LWPOLYLINE
  5
790
330
2
100
AcDbEntity
  8
CS-MISC
 62
     1
100
AcDbPolyline
 90
        2
 70
     1
 43
27.5
 10
1348399.090339311
 20
-24185.84565130193
 42
1.0
 10
1348399.090339311
 20
-24213.34565130193
 42
1.0
  0
LWPOLYLINE
  5
791
330
2
100
AcDbEntity
  8
CS-MISC
 62
     1
100
AcDbPolyline
 90
        2
 70
     1
 43
27.5
 10
1350939.090339311
 20
-24185.84565130193
 42
1.0
 10
1350939.090339311
 20
-24213.34565130193
 42
1.0
  0
LWPOLYLINE
  5
792
330
2
100
AcDbEntity
  8
CS-MISC
 62
     1
100
AcDbPolyline
 90
        2
 70
     1
 43
27.5
 10
1350939.090339311
 20
-24185.84565130193
 42
1.0
 10
1350939.090339311
 20
-24213.34565130193
 42
1.0
  0
LWPOLYLINE
  5
793
330
2
100
AcDbEntity
  8
CS-MISC
 62
     1
100
AcDbPolyline
 90
        2
 70
     1
 43
27.5
 10
1353279.090339311
 20
-24185.84565130193
 42
1.0
 10
1353279.090339311
 20
-24213.34565130193
 42
1.0
  0
LWPOLYLINE
  5
794
330
2
100
AcDbEntity
  8
CS-MISC
 62
     1
100
AcDbPolyline
 90
        2
 70
     1
 43
27.5
 10
1353279.090339311
 20
-24185.84565130193
 42
1.0
 10
1353279.090339311
 20
-24213.34565130193
 42
1.0
  0
LWPOLYLINE
  5
795
330
2
100
AcDbEntity
  8
CS-MISC
 62
     1
100
AcDbPolyline
 90
        2
 70
     1
 43
27.5
 10
1355819.090339311
 20
-24185.84565130193
 42
1.0
 10
1355819.090339311
 20
-24213.34565130193
 42
1.0
  0
LWPOLYLINE
  5
796
330
2
100
AcDbEntity
  8
CS-MISC
 62
     1
100
AcDbPolyline
 90
        2
 70
     1
 43
27.5
 10
1346609.090339311
 20
-22185.84565130193
 42
1.0
 10
1346609.090339311
 20
-22213.34565130193
 42
1.0
  0
LWPOLYLINE
  5
797
330
2
100
AcDbEntity
  8
CS-MISC
 62
     1
100
AcDbPolyline
 90
        2
 70
     1
 43
27.5
 10
1346609.090339311
 20
-21185.84565130193
 42
1.0
 10
1346609.090339311
 20
-21213.34565130193
 42
1.0
  0
LWPOLYLINE
  5
798
330
2
100
AcDbEntity
  8
CS-MISC
 62
     1
100
AcDbPolyline
 90
        2
 70
     1
 43
27.5
 10
1355819.090339311
 20
-24185.84565130193
 42
1.0
 10
1355819.090339311
 20
-24213.34565130193
 42
1.0
  0
LWPOLYLINE
  5
799
330
2
100
AcDbEntity
  8
CS-MISC
 62
     1
100
AcDbPolyline
 90
        2
 70
     1
 43
27.5
 10
1356019.090339312
 20
-24185.84565130193
 42
1.0
 10
1356019.090339312
 20
-24213.34565130193
 42
1.0
  0
LWPOLYLINE
  5
79A
330
2
100
AcDbEntity
  8
CS-MISC
 62
     1
100
AcDbPolyline
 90
        2
 70
     1
 43
27.5
 10
1356019.090339312
 20
-24185.84565130193
 42
1.0
 10
1356019.090339312
 20
-24213.34565130193
 42
1.0
  0
LWPOLYLINE
  5
79B
330
2
100
AcDbEntity
  8
CS-MISC
 62
     1
100
AcDbPolyline
 90
        2
 70
     1
 43
27.5
 10
1356109.090339311
 20
-24185.84565130193
 42
1.0
 10
1356109.090339311
 20
-24213.34565130193
 42
1.0
  0
LWPOLYLINE
  5
79C
330
2
100
AcDbEntity
  8
CS-MISC
 62
     1
100
AcDbPolyline
 90
        2
 70
     1
 43
27.5
 10
1356109.090339311
 20
-24185.84565130193
 42
1.0
 10
1356109.090339311
 20
-24213.34565130193
 42
1.0
  0
LWPOLYLINE
  5
79D
330
2
100
AcDbEntity
  8
CS-MISC
 62
     1
100
AcDbPolyline
 90
        2
 70
     1
 43
27.5
 10
1346609.090339311
 20
-22185.84565130193
 42
1.0
 10
1346609.090339311
 20
-22213.34565130193
 42
1.0
  0
LWPOLYLINE
  5
79E
330
2
100
AcDbEntity
  8
CS-MISC
 62
     1
100
AcDbPolyline
 90
        2
 70
     1
 43
27.5
 10
1346609.090339311
 20
-23185.84565130193
 42
1.0
 10
1346609.090339311
 20
-23213.34565130193
 42
1.0
  0
LWPOLYLINE
  5
79F
330
2
100
AcDbEntity
  8
CS-MISC
 62
     1
100
AcDbPolyline
 90
        2
 70
     1
 43
27.5
 10
1355559.090339311
 20
-20185.84565130193
 42
1.0
 10
1355559.090339311
 20
-20213.34565130193
 42
1.0
  0
LWPOLYLINE
  5
7A0
330
2
100
AcDbEntity
  8
CS-MISC
 62
     1
100
AcDbPolyline
 90
        2
 70
     1
 43
27.5
 10
1348659.090339311
 20
-20185.84565130193
 42
1.0
 10
1348659.090339311
 20
-20213.34565130193
 42
1.0
  0
LWPOLYLINE
  5
7A1
330
2
100
AcDbEntity
  8
CS-MISC
 62
     1
100
AcDbPolyline
 90
        2
 70
     1
 43
27.5
 10
1348659.090339311
 20
-20185.84565130193
 42
1.0
 10
1348659.090339311
 20
-20213.34565130193
 42
1.0
  0
LWPOLYLINE
  5
7A2
330
2
100
AcDbEntity
  8
CS-MISC
 62
     1
100
AcDbPolyline
 90
        2
 70
     1
 43
27.5
 10
1348519.090339312
 20
-20185.84565130193
 42
1.0
 10
1348519.090339312
 20
-20213.34565130193
 42
1.0
  0
LINE
  5
7A3
330
2
100
AcDbEntity
  8
CS-MISC
100
AcDbLine
 10
1355654.896089312
 20
-22592.90155130193
 30
0.0
 11
1355743.284439311
 21
-22681.28975130193
 31
0.0
  0
LINE
  5
7A4
330
2
100
AcDbEntity
  8
CS-MISC
100
AcDbLine
 10
1355514.896089311
 20
-22592.90155130193
 30
0.0
 11
1355603.284439311
 21
-22681.28975130193
 31
0.0
  0
LINE
  5
7A5
330
2
100
AcDbEntity
  8
CS-MISC
100
AcDbLine
 10
1355214.896089312
 20
-22592.90155130193
 30
0.0
 11
1355303.284439311
 21
-22681.28975130193
 31
0.0
  0
LINE
  5
7A6
330
2
100
AcDbEntity
  8
CS-MISC
100
AcDbLine
 10
1354914.896089312
 20
-22592.90155130193
 30
0.0
 11
1355003.284439311
 21
-22681.28975130193
 31
0.0
  0
LINE
  5
7A7
330
2
100
AcDbEntity
  8
CS-MISC
100
AcDbLine
 10
1354614.896089312
 20
-22592.90155130193
 30
0.0
 11
1354703.284439312
 21
-22681.28975130193
 31
0.0
  0
LINE
  5
7A8
330
2
100
AcDbEntity
  8
CS-MISC
100
AcDbLine
 10
1354314.896089311
 20
-22592.90155130193
 30
0.0
 11
1354403.284439312
 21
-22681.28975130193
 31
0.0
  0
LINE
  5
7A9
330
2
100
AcDbEntity
  8
CS-MISC
100
AcDbLine
 10
1354014.896089311
 20
-22592.90155130193
 30
0.0
 11
1354103.284439311
 21
-22681.28975130193
 31
0.0
  0
LINE
  5
7AA
330
2
100
AcDbEntity
  8
CS-MISC
100
AcDbLine
 10
1353714.896089311
 20
-22592.90155130193
 30
0.0
 11
1353803.284439311
 21
-22681.28975130193
 31
0.0
  0
LINE
  5
7AB
330
2
100
AcDbEntity
  8
CS-MISC
100
AcDbLine
 10
1353414.896089311
 20
-22592.90155130193
 30
0.0
 11
1353503.284439312
 21
-22681.28975130193
 31
0.0
  0
LINE
  5
7AC
330
2
100
AcDbEntity
  8
CS-MISC
100
AcDbLine
 10
1353114.896089312
 20
-22592.90155130193
 30
0.0
 11
1353203.284439312
 21
-22681.28975130193
 31
0.0
  0
LINE
  5
7AD
330
2
100
AcDbEntity
  8
CS-MISC
100
AcDbLine
 10
1352814.896089311
 20
-22592.90155130193
 30
0.0
 11
1352903.284439312
 21
-22681.28975130193
 31
0.0
  0
LINE
  5
7AE
330
2
100
AcDbEntity
  8
CS-MISC
100
AcDbLine
 10
1352514.896089311
 20
-22592.90155130193
 30
0.0
 11
1352603.284439311
 21
-22681.28975130193
 31
0.0
  0
LINE
  5
7AF
330
2
100
AcDbEntity
  8
CS-MISC
100
AcDbLine
 10
1352214.896089311
 20
-22592.90155130193
 30
0.0
 11
1352303.284439311
 21
-22681.28975130193
 31
0.0
  0
LINE
  5
7B0
330
2
100
AcDbEntity
  8
CS-MISC
100
AcDbLine
 10
1351914.896089311
 20
-22592.90155130193
 30
0.0
 11
1352003.284439311
 21
-22681.28975130193
 31
0.0
  0
LINE
  5
7B1
330
2
100
AcDbEntity
  8
CS-MISC
100
AcDbLine
 10
1351614.896089311
 20
-22592.90155130193
 30
0.0
 11
1351703.284439311
 21
-22681.28975130193
 31
0.0
  0
LINE
  5
7B2
330
2
100
AcDbEntity
  8
CS-MISC
100
AcDbLine
 10
1351314.896089311
 20
-22592.90155130193
 30
0.0
 11
1351403.284439312
 21
-22681.28975130193
 31
0.0
  0
LINE
  5
7B3
330
2
100
AcDbEntity
  8
CS-MISC
100
AcDbLine
 10
1351014.896089312
 20
-22592.90155130193
 30
0.0
 11
1351103.284439311
 21
-22681.28975130193
 31
0.0
  0
LINE
  5
7B4
330
2
100
AcDbEntity
  8
CS-MISC
100
AcDbLine
 10
1350714.896089312
 20
-22592.90155130193
 30
0.0
 11
1350803.284439311
 21
-22681.28975130193
 31
0.0
  0
LINE
  5
7B5
330
2
100
AcDbEntity
  8
CS-MISC
100
AcDbLine
 10
1350414.896089312
 20
-22592.90155130193
 30
0.0
 11
1350503.284439311
 21
-22681.28975130193
 31
0.0
  0
LINE
  5
7B6
330
2
100
AcDbEntity
  8
CS-MISC
100
AcDbLine
 10
1350114.896089312
 20
-22592.90155130193
 30
0.0
 11
1350203.284439311
 21
-22681.28975130193
 31
0.0
  0
LINE
  5
7B7
330
2
100
AcDbEntity
  8
CS-MISC
100
AcDbLine
 10
1349814.896089312
 20
-22592.90155130193
 30
0.0
 11
1349903.284439311
 21
-22681.28975130193
 31
0.0
  0
LINE
  5
7B8
330
2
100
AcDbEntity
  8
CS-MISC
100
AcDbLine
 10
1349514.896089312
 20
-22592.90155130193
 30
0.0
 11
1349603.284439311
 21
-22681.28975130193
 31
0.0
  0
LINE
  5
7B9
330
2
100
AcDbEntity
  8
CS-MISC
100
AcDbLine
 10
1349214.896089311
 20
-22592.90155130193
 30
0.0
 11
1349303.284439311
 21
-22681.28975130193
 31
0.0
  0
LINE
  5
7BA
330
2
100
AcDbEntity
  8
CS-MISC
100
AcDbLine
 10
1348914.896089312
 20
-22592.90155130193
 30
0.0
 11
1349003.284439311
 21
-22681.28975130193
 31
0.0
  0
LINE
  5
7BB
330
2
100
AcDbEntity
  8
CS-MISC
100
AcDbLine
 10
1348614.896089312
 20
-22592.90155130193
 30
0.0
 11
1348703.284439311
 21
-22681.28975130193
 31
0.0
  0
LINE
  5
7BC
330
2
100
AcDbEntity
  8
CS-MISC
100
AcDbLine
 10
1348474.896089312
 20
-22592.90155130193
 30
0.0
 11
1348563.284439312
 21
-22681.28975130193
 31
0.0
  0
CIRCLE
  5
7BD
330
2
100
AcDbEntity
  8
CS-SYMB-LIN3
100
AcDbCircle
 10
1356759.090339311
 20
-22427.09565130193
 30
0.0
 40
200.0
  0
LINE
  5
7BE
330
2
100
AcDbEntity
  8
CS-SYMB-LIN3
100
AcDbLine
 10
1356509.090339311
 20
-22637.09565130193
 30
0.0
 11
1357509.090339312
 21
-22637.09565130193
 31
0.0
  0
LINE
  5
7BF
330
2
100
AcDbEntity
  8
CS-MISC
100
AcDbLine
 10
1355654.896089312
 20
-21592.90155130193
 30
0.0
 11
1355743.284439311
 21
-21681.28975130193
 31
0.0
  0
LINE
  5
7C0
330
2
100
AcDbEntity
  8
CS-MISC
100
AcDbLine
 10
1355514.896089311
 20
-21592.90155130193
 30
0.0
 11
1355603.284439311
 21
-21681.28975130193
 31
0.0
  0
LINE
  5
7C1
330
2
100
AcDbEntity
  8
CS-MISC
100
AcDbLine
 10
1355214.896089312
 20
-21592.90155130193
 30
0.0
 11
1355303.284439311
 21
-21681.28975130193
 31
0.0
  0
LINE
  5
7C2
330
2
100
AcDbEntity
  8
CS-MISC
100
AcDbLine
 10
1354914.896089312
 20
-21592.90155130193
 30
0.0
 11
1355003.284439311
 21
-21681.28975130193
 31
0.0
  0
LINE
  5
7C3
330
2
100
AcDbEntity
  8
CS-MISC
100
AcDbLine
 10
1354614.896089312
 20
-21592.90155130193
 30
0.0
 11
1354703.284439312
 21
-21681.28975130193
 31
0.0
  0
LINE
  5
7C4
330
2
100
AcDbEntity
  8
CS-MISC
100
AcDbLine
 10
1354314.896089311
 20
-21592.90155130193
 30
0.0
 11
1354403.284439312
 21
-21681.28975130193
 31
0.0
  0
LINE
  5
7C5
330
2
100
AcDbEntity
  8
CS-MISC
100
AcDbLine
 10
1354014.896089311
 20
-21592.90155130193
 30
0.0
 11
1354103.284439311
 21
-21681.28975130193
 31
0.0
  0
LINE
  5
7C6
330
2
100
AcDbEntity
  8
CS-MISC
100
AcDbLine
 10
1353714.896089311
 20
-21592.90155130193
 30
0.0
 11
1353803.284439311
 21
-21681.28975130193
 31
0.0
  0
LINE
  5
7C7
330
2
100
AcDbEntity
  8
CS-MISC
100
AcDbLine
 10
1353414.896089311
 20
-21592.90155130193
 30
0.0
 11
1353503.284439312
 21
-21681.28975130193
 31
0.0
  0
LINE
  5
7C8
330
2
100
AcDbEntity
  8
CS-MISC
100
AcDbLine
 10
1353114.896089312
 20
-21592.90155130193
 30
0.0
 11
1353203.284439312
 21
-21681.28975130193
 31
0.0
  0
LINE
  5
7C9
330
2
100
AcDbEntity
  8
CS-MISC
100
AcDbLine
 10
1352814.896089311
 20
-21592.90155130193
 30
0.0
 11
1352903.284439312
 21
-21681.28975130193
 31
0.0
  0
LINE
  5
7CA
330
2
100
AcDbEntity
  8
CS-MISC
100
AcDbLine
 10
1352514.896089311
 20
-21592.90155130193
 30
0.0
 11
1352603.284439311
 21
-21681.28975130193
 31
0.0
  0
LINE
  5
7CB
330
2
100
AcDbEntity
  8
CS-MISC
100
AcDbLine
 10
1352214.896089311
 20
-21592.90155130193
 30
0.0
 11
1352303.284439311
 21
-21681.28975130193
 31
0.0
  0
LINE
  5
7CC
330
2
100
AcDbEntity
  8
CS-MISC
100
AcDbLine
 10
1351914.896089311
 20
-21592.90155130193
 30
0.0
 11
1352003.284439311
 21
-21681.28975130193
 31
0.0
  0
LINE
  5
7CD
330
2
100
AcDbEntity
  8
CS-MISC
100
AcDbLine
 10
1351614.896089311
 20
-21592.90155130193
 30
0.0
 11
1351703.284439311
 21
-21681.28975130193
 31
0.0
  0
LINE
  5
7CE
330
2
100
AcDbEntity
  8
CS-MISC
100
AcDbLine
 10
1351314.896089311
 20
-21592.90155130193
 30
0.0
 11
1351403.284439312
 21
-21681.28975130193
 31
0.0
  0
LINE
  5
7CF
330
2
100
AcDbEntity
  8
CS-MISC
100
AcDbLine
 10
1351014.896089312
 20
-21592.90155130193
 30
0.0
 11
1351103.284439311
 21
-21681.28975130193
 31
0.0
  0
LINE
  5
7D0
330
2
100
AcDbEntity
  8
CS-MISC
100
AcDbLine
 10
1350714.896089312
 20
-21592.90155130193
 30
0.0
 11
1350803.284439311
 21
-21681.28975130193
 31
0.0
  0
LINE
  5
7D1
330
2
100
AcDbEntity
  8
CS-MISC
100
AcDbLine
 10
1350414.896089312
 20
-21592.90155130193
 30
0.0
 11
1350503.284439311
 21
-21681.28975130193
 31
0.0
  0
LINE
  5
7D2
330
2
100
AcDbEntity
  8
CS-MISC
100
AcDbLine
 10
1350114.896089312
 20
-21592.90155130193
 30
0.0
 11
1350203.284439311
 21
-21681.28975130193
 31
0.0
  0
LINE
  5
7D3
330
2
100
AcDbEntity
  8
CS-MISC
100
AcDbLine
 10
1349814.896089312
 20
-21592.90155130193
 30
0.0
 11
1349903.284439311
 21
-21681.28975130193
 31
0.0
  0
LINE
  5
7D4
330
2
100
AcDbEntity
  8
CS-MISC
100
AcDbLine
 10
1349514.896089312
 20
-21592.90155130193
 30
0.0
 11
1349603.284439311
 21
-21681.28975130193
 31
0.0
  0
LINE
  5
7D5
330
2
100
AcDbEntity
  8
CS-MISC
100
AcDbLine
 10
1349214.896089311
 20
-21592.90155130193
 30
0.0
 11
1349303.284439311
 21
-21681.28975130193
 31
0.0
  0
LINE
  5
7D6
330
2
100
AcDbEntity
  8
CS-MISC
100
AcDbLine
 10
1348914.896089312
 20
-21592.90155130193
 30
0.0
 11
1349003.284439311
 21
-21681.28975130193
 31
0.0
  0
LINE
  5
7D7
330
2
100
AcDbEntity
  8
CS-MISC
100
AcDbLine
 10
1348614.896089312
 20
-21592.90155130193
 30
0.0
 11
1348703.284439311
 21
-21681.28975130193
 31
0.0
  0
LINE
  5
7D8
330
2
100
AcDbEntity
  8
CS-MISC
100
AcDbLine
 10
1348474.896089312
 20
-21592.90155130193
 30
0.0
 11
1348563.284439312
 21
-21681.28975130193
 31
0.0
  0
CIRCLE
  5
7D9
330
2
100
AcDbEntity
  8
CS-SYMB-LIN3
100
AcDbCircle
 10
1356759.090339311
 20
-21427.09565130193
 30
0.0
 40
200.0
  0
LINE
  5
7DA
330
2
100
AcDbEntity
  8
CS-SYMB-LIN3
100
AcDbLine
 10
1356509.090339311
 20
-21637.09565130193
 30
0.0
 11
1357509.090339312
 21
-21637.09565130193
 31
0.0
  0
CIRCLE
  5
7DB
330
2
100
AcDbEntity
  8
CS-SYMB-LIN3
100
AcDbCircle
 10
1353859.090339311
 20
-23389.59565130193
 30
0.0
 40
200.0
  0
LINE
  5
7DC
330
2
100
AcDbEntity
  8
CS-SYMB-LIN3
100
AcDbLine
 10
1353609.090339311
 20
-23599.59565130193
 30
0.0
 11
1354609.090339311
 21
-23599.59565130193
 31
0.0
  0
LINE
  5
7DD
330
2
100
AcDbEntity
  8
CS-MISC
100
AcDbLine
 10
1353564.896089312
 20
-23030.40155130193
 30
0.0
 11
1353653.284439311
 21
-23118.78975130193
 31
0.0
  0
LINE
  5
7DE
330
2
100
AcDbEntity
  8
CS-MISC
100
AcDbLine
 10
1353564.896089312
 20
-22530.40155130193
 30
0.0
 11
1353653.284439311
 21
-22618.78975130193
 31
0.0
  0
CIRCLE
  5
7DF
330
2
100
AcDbEntity
  8
CS-SYMB-LIN3
100
AcDbCircle
 10
1352259.090339311
 20
-23389.59565130193
 30
0.0
 40
200.0
  0
LINE
  5
7E0
330
2
100
AcDbEntity
  8
CS-SYMB-LIN3
100
AcDbLine
 10
1352009.090339311
 20
-23599.59565130193
 30
0.0
 11
1353009.090339311
 21
-23599.59565130193
 31
0.0
  0
LINE
  5
7E1
330
2
100
AcDbEntity
  8
CS-MISC
100
AcDbLine
 10
1352964.896089312
 20
-22780.40155130193
 30
0.0
 11
1353053.284439311
 21
-22868.78975130193
 31
0.0
  0
LINE
  5
7E2
330
2
100
AcDbEntity
  8
CS-MISC
100
AcDbLine
 10
1352964.896089312
 20
-22780.40155130193
 30
0.0
 11
1353053.284439311
 21
-22868.78975130193
 31
0.0
  0
LINE
  5
7E3
330
2
100
AcDbEntity
  8
CS-MISC
100
AcDbLine
 10
1352964.896089312
 20
-22280.40155130193
 30
0.0
 11
1353053.284439311
 21
-22368.78975130193
 31
0.0
  0
LINE
  5
7E4
330
2
100
AcDbEntity
  8
CS-MISC
100
AcDbLine
 10
1352964.896089312
 20
-22280.40155130193
 30
0.0
 11
1353053.284439311
 21
-22368.78975130193
 31
0.0
  0
CIRCLE
  5
7E5
330
2
100
AcDbEntity
  8
CS-SYMB-LIN3
100
AcDbCircle
 10
1348959.090339311
 20
-23389.59565130193
 30
0.0
 40
200.0
  0
LINE
  5
7E6
330
2
100
AcDbEntity
  8
CS-SYMB-LIN3
100
AcDbLine
 10
1348709.090339311
 20
-23599.59565130193
 30
0.0
 11
1349709.090339312
 21
-23599.59565130193
 31
0.0
  0
LINE
  5
7E7
330
2
100
AcDbEntity
  8
CS-MISC
100
AcDbLine
 10
1349664.896089311
 20
-22905.40155130193
 30
0.0
 11
1349753.284439312
 21
-22993.78975130193
 31
0.0
  0
LINE
  5
7E8
330
2
100
AcDbEntity
  8
CS-MISC
100
AcDbLine
 10
1349664.896089311
 20
-22655.40155130193
 30
0.0
 11
1349753.284439312
 21
-22743.78975130193
 31
0.0
  0
LINE
  5
7E9
330
2
100
AcDbEntity
  8
CS-MISC
100
AcDbLine
 10
1349664.896089311
 20
-22405.40155130193
 30
0.0
 11
1349753.284439312
 21
-22493.78975130193
 31
0.0
  0
CIRCLE
  5
7EA
330
2
100
AcDbEntity
  8
CS-SYMB-LIN3
100
AcDbCircle
 10
1355059.090339312
 20
-23389.59565130193
 30
0.0
 40
200.0
  0
LINE
  5
7EB
330
2
100
AcDbEntity
  8
CS-SYMB-LIN3
100
AcDbLine
 10
1354809.090339311
 20
-23599.59565130193
 30
0.0
 11
1355809.090339311
 21
-23599.59565130193
 31
0.0
  0
LINE
  5
7EC
330
2
100
AcDbEntity
  8
CS-MISC
100
AcDbLine
 10
1354764.896089312
 20
-22905.40155130193
 30
0.0
 11
1354853.284439311
 21
-22993.78975130193
 31
0.0
  0
LINE
  5
7ED
330
2
100
AcDbEntity
  8
CS-MISC
100
AcDbLine
 10
1354764.896089312
 20
-22655.40155130193
 30
0.0
 11
1354853.284439311
 21
-22743.78975130193
 31
0.0
  0
LINE
  5
7EE
330
2
100
AcDbEntity
  8
CS-MISC
100
AcDbLine
 10
1354764.896089312
 20
-22405.40155130193
 30
0.0
 11
1354853.284439311
 21
-22493.78975130193
 31
0.0
  0
CIRCLE
  5
7EF
330
2
100
AcDbEntity
  8
CS-SYMB-LIN3
100
AcDbCircle
 10
1350859.090339311
 20
-23389.59565130193
 30
0.0
 40
200.0
  0
LINE
  5
7F0
330
2
100
AcDbEntity
  8
CS-SYMB-LIN3
100
AcDbLine
 10
1350609.090339311
 20
-23599.59565130193
 30
0.0
 11
1351609.090339312
 21
-23599.59565130193
 31
0.0
  0
LINE
  5
7F1
330
2
100
AcDbEntity
  8
CS-MISC
100
AcDbLine
 10
1350564.896089311
 20
-23030.40155130193
 30
0.0
 11
1350653.284439311
 21
-23118.78975130193
 31
0.0
  0
LINE
  5
7F2
330
2
100
AcDbEntity
  8
CS-MISC
100
AcDbLine
 10
1350564.896089311
 20
-22530.40155130193
 30
0.0
 11
1350653.284439311
 21
-22618.78975130193
 31
0.0
  0
CIRCLE
  5
7F3
330
2
100
AcDbEntity
  8
CS-SYMB-LIN3
100
AcDbCircle
 10
1353259.090339312
 20
-20589.59565130193
 30
0.0
 40
200.0
  0
LINE
  5
7F4
330
2
100
AcDbEntity
  8
CS-SYMB-LIN3
100
AcDbLine
 10
1353009.090339311
 20
-20799.59565130193
 30
0.0
 11
1354009.090339311
 21
-20799.59565130193
 31
0.0
  0
LINE
  5
7F5
330
2
100
AcDbEntity
  8
CS-MISC
100
AcDbLine
 10
1352964.896089312
 20
-21280.40155130193
 30
0.0
 11
1353053.284439311
 21
-21368.78975130193
 31
0.0
  0
LINE
  5
7F6
330
2
100
AcDbEntity
  8
CS-MISC
100
AcDbLine
 10
1352964.896089312
 20
-21530.40155130193
 30
0.0
 11
1353053.284439311
 21
-21618.78975130193
 31
0.0
  0
LINE
  5
7F7
330
2
100
AcDbEntity
  8
CS-MISC
100
AcDbLine
 10
1352964.896089312
 20
-21780.40155130193
 30
0.0
 11
1353053.284439311
 21
-21868.78975130193
 31
0.0
  0
LINE
  5
7F8
330
2
100
AcDbEntity
  8
CS-MISC
100
AcDbLine
 10
1352964.896089312
 20
-22030.40155130193
 30
0.0
 11
1353053.284439311
 21
-22118.78975130193
 31
0.0
  0
CIRCLE
  5
7F9
330
2
100
AcDbEntity
  8
CS-SYMB-LIN3
100
AcDbCircle
 10
1351359.090339312
 20
-20589.59565130193
 30
0.0
 40
200.0
  0
LINE
  5
7FA
330
2
100
AcDbEntity
  8
CS-SYMB-LIN3
100
AcDbLine
 10
1351109.090339311
 20
-20799.59565130193
 30
0.0
 11
1352109.090339311
 21
-20799.59565130193
 31
0.0
  0
LINE
  5
7FB
330
2
100
AcDbEntity
  8
CS-MISC
100
AcDbLine
 10
1352064.896089312
 20
-21405.40155130193
 30
0.0
 11
1352153.284439311
 21
-21493.78975130193
 31
0.0
  0
LINE
  5
7FC
330
2
100
AcDbEntity
  8
CS-MISC
100
AcDbLine
 10
1352064.896089312
 20
-21655.40155130193
 30
0.0
 11
1352153.284439311
 21
-21743.78975130193
 31
0.0
  0
LINE
  5
7FD
330
2
100
AcDbEntity
  8
CS-MISC
100
AcDbLine
 10
1352064.896089312
 20
-21905.40155130193
 30
0.0
 11
1352153.284439311
 21
-21993.78975130193
 31
0.0
  0
LWPOLYLINE
  5
7FE
330
2
100
AcDbEntity
  8
CS-RBAR-MAJR
100
AcDbPolyline
 90
        2
 70
     1
 43
22.5
 10
1356052.840339311
 20
-21324.59565130193
 42
1.0
 10
1356030.340339312
 20
-21324.59565130193
 42
1.0
  0
CIRCLE
  5
7FF
330
2
100
AcDbEntity
  8
CS-RBAR-MAJR
100
AcDbCircle
 10
1356041.590339312
 20
-21324.59565130193
 30
0.0
 40
22.5
  0
LWPOLYLINE
  5
800
330
2
100
AcDbEntity
  8
CS-RBAR-MAJR
100
AcDbPolyline
 90
        2
 70
     1
 43
22.5
 10
1356052.840339311
 20
-21449.59565130193
 42
1.0
 10
1356030.340339312
 20
-21449.59565130193
 42
1.0
  0
CIRCLE
  5
801
330
2
100
AcDbEntity
  8
CS-RBAR-MAJR
100
AcDbCircle
 10
1356041.590339312
 20
-21449.59565130193
 30
0.0
 40
22.5
  0
LWPOLYLINE
  5
802
330
2
100
AcDbEntity
  8
CS-RBAR-MAJR
100
AcDbPolyline
 90
        2
 70
     1
 43
22.5
 10
1356052.840339311
 20
-21574.59565130193
 42
1.0
 10
1356030.340339312
 20
-21574.59565130193
 42
1.0
  0
CIRCLE
  5
803
330
2
100
AcDbEntity
  8
CS-RBAR-MAJR
100
AcDbCircle
 10
1356041.590339312
 20
-21574.59565130193
 30
0.0
 40
22.5
  0
LWPOLYLINE
  5
804
330
2
100
AcDbEntity
  8
CS-RBAR-MAJR
100
AcDbPolyline
 90
        2
 70
     1
 43
22.5
 10
1356052.840339311
 20
-21699.59565130193
 42
1.0
 10
1356030.340339312
 20
-21699.59565130193
 42
1.0
  0
CIRCLE
  5
805
330
2
100
AcDbEntity
  8
CS-RBAR-MAJR
100
AcDbCircle
 10
1356041.590339312
 20
-21699.59565130193
 30
0.0
 40
22.5
  0
LWPOLYLINE
  5
806
330
2
100
AcDbEntity
  8
CS-RBAR-MAJR
100
AcDbPolyline
 90
        2
 70
     1
 43
22.5
 10
1356052.840339311
 20
-21824.59565130193
 42
1.0
 10
1356030.340339312
 20
-21824.59565130193
 42
1.0
  0
CIRCLE
  5
807
330
2
100
AcDbEntity
  8
CS-RBAR-MAJR
100
AcDbCircle
 10
1356041.590339312
 20
-21824.59565130193
 30
0.0
 40
22.5
  0
LWPOLYLINE
  5
808
330
2
100
AcDbEntity
  8
CS-RBAR-MAJR
100
AcDbPolyline
 90
        2
 70
     1
 43
22.5
 10
1356052.840339311
 20
-21949.59565130193
 42
1.0
 10
1356030.340339312
 20
-21949.59565130193
 42
1.0
  0
CIRCLE
  5
809
330
2
100
AcDbEntity
  8
CS-RBAR-MAJR
100
AcDbCircle
 10
1356041.590339312
 20
-21949.59565130193
 30
0.0
 40
22.5
  0
LWPOLYLINE
  5
80A
330
2
100
AcDbEntity
  8
CS-RBAR-MAJR
100
AcDbPolyline
 90
        2
 70
     1
 43
22.5
 10
1356052.840339311
 20
-22074.59565130193
 42
1.0
 10
1356030.340339312
 20
-22074.59565130193
 42
1.0
  0
CIRCLE
  5
80B
330
2
100
AcDbEntity
  8
CS-RBAR-MAJR
100
AcDbCircle
 10
1356041.590339312
 20
-22074.59565130193
 30
0.0
 40
22.5
  0
LWPOLYLINE
  5
80C
330
2
100
AcDbEntity
  8
CS-RBAR-MAJR
100
AcDbPolyline
 90
        2
 70
     1
 43
22.5
 10
1356052.840339311
 20
-22199.59565130193
 42
1.0
 10
1356030.340339312
 20
-22199.59565130193
 42
1.0
  0
CIRCLE
  5
80D
330
2
100
AcDbEntity
  8
CS-RBAR-MAJR
100
AcDbCircle
 10
1356041.590339312
 20
-22199.59565130193
 30
0.0
 40
22.5
  0
LWPOLYLINE
  5
80E
330
2
100
AcDbEntity
  8
CS-RBAR-MAJR
100
AcDbPolyline
 90
        2
 70
     1
 43
22.5
 10
1355687.840339312
 20
-21449.59565130193
 42
1.0
 10
1355665.340339311
 20
-21449.59565130193
 42
1.0
  0
CIRCLE
  5
80F
330
2
100
AcDbEntity
  8
CS-RBAR-MAJR
100
AcDbCircle
 10
1355676.590339311
 20
-21449.59565130193
 30
0.0
 40
22.5
  0
LWPOLYLINE
  5
810
330
2
100
AcDbEntity
  8
CS-RBAR-MAJR
100
AcDbPolyline
 90
        2
 70
     1
 43
22.5
 10
1355687.840339312
 20
-21699.59565130193
 42
1.0
 10
1355665.340339311
 20
-21699.59565130193
 42
1.0
  0
CIRCLE
  5
811
330
2
100
AcDbEntity
  8
CS-RBAR-MAJR
100
AcDbCircle
 10
1355676.590339311
 20
-21699.59565130193
 30
0.0
 40
22.5
  0
LWPOLYLINE
  5
812
330
2
100
AcDbEntity
  8
CS-RBAR-MAJR
100
AcDbPolyline
 90
        2
 70
     1
 43
22.5
 10
1355687.840339312
 20
-21949.59565130193
 42
1.0
 10
1355665.340339311
 20
-21949.59565130193
 42
1.0
  0
CIRCLE
  5
813
330
2
100
AcDbEntity
  8
CS-RBAR-MAJR
100
AcDbCircle
 10
1355676.590339311
 20
-21949.59565130193
 30
0.0
 40
22.5
  0
LWPOLYLINE
  5
814
330
2
100
AcDbEntity
  8
CS-RBAR-MAJR
100
AcDbPolyline
 90
        2
 70
     1
 43
22.5
 10
1355687.840339312
 20
-22199.59565130193
 42
1.0
 10
1355665.340339311
 20
-22199.59565130193
 42
1.0
  0
CIRCLE
  5
815
330
2
100
AcDbEntity
  8
CS-RBAR-MAJR
100
AcDbCircle
 10
1355676.590339311
 20
-22199.59565130193
 30
0.0
 40
22.5
  0
LWPOLYLINE
  5
816
330
2
100
AcDbEntity
  8
CS-RBAR-MAJR
100
AcDbPolyline
 90
        2
 70
     1
 43
22.5
 10
1348552.840339311
 20
-21449.59565130193
 42
1.0
 10
1348530.340339312
 20
-21449.59565130193
 42
1.0
  0
CIRCLE
  5
817
330
2
100
AcDbEntity
  8
CS-RBAR-MAJR
100
AcDbCircle
 10
1348541.590339312
 20
-21449.59565130193
 30
0.0
 40
22.5
  0
LWPOLYLINE
  5
818
330
2
100
AcDbEntity
  8
CS-RBAR-MAJR
100
AcDbPolyline
 90
        2
 70
     1
 43
22.5
 10
1348552.840339311
 20
-21699.59565130193
 42
1.0
 10
1348530.340339312
 20
-21699.59565130193
 42
1.0
  0
CIRCLE
  5
819
330
2
100
AcDbEntity
  8
CS-RBAR-MAJR
100
AcDbCircle
 10
1348541.590339312
 20
-21699.59565130193
 30
0.0
 40
22.5
  0
LWPOLYLINE
  5
81A
330
2
100
AcDbEntity
  8
CS-RBAR-MAJR
100
AcDbPolyline
 90
        2
 70
     1
 43
22.5
 10
1348552.840339311
 20
-21949.59565130193
 42
1.0
 10
1348530.340339312
 20
-21949.59565130193
 42
1.0
  0
CIRCLE
  5
81B
330
2
100
AcDbEntity
  8
CS-RBAR-MAJR
100
AcDbCircle
 10
1348541.590339312
 20
-21949.59565130193
 30
0.0
 40
22.5
  0
LWPOLYLINE
  5
81C
330
2
100
AcDbEntity
  8
CS-RBAR-MAJR
100
AcDbPolyline
 90
        2
 70
     1
 43
22.5
 10
1348552.840339311
 20
-22199.59565130193
 42
1.0
 10
1348530.340339312
 20
-22199.59565130193
 42
1.0
  0
CIRCLE
  5
81D
330
2
100
AcDbEntity
  8
CS-RBAR-MAJR
100
AcDbCircle
 10
1348541.590339312
 20
-22199.59565130193
 30
0.0
 40
22.5
  0
LWPOLYLINE
  5
81E
330
2
100
AcDbEntity
  8
CS-RBAR-MAJR
100
AcDbPolyline
 90
        2
 70
     1
 43
22.5
 10
1348187.840339311
 20
-21324.59565130193
 42
1.0
 10
1348165.340339311
 20
-21324.59565130193
 42
1.0
  0
CIRCLE
  5
81F
330
2
100
AcDbEntity
  8
CS-RBAR-MAJR
100
AcDbCircle
 10
1348176.590339311
 20
-21324.59565130193
 30
0.0
 40
22.5
  0
LWPOLYLINE
  5
820
330
2
100
AcDbEntity
  8
CS-RBAR-MAJR
100
AcDbPolyline
 90
        2
 70
     1
 43
22.5
 10
1348187.840339311
 20
-21449.59565130193
 42
1.0
 10
1348165.340339311
 20
-21449.59565130193
 42
1.0
  0
CIRCLE
  5
821
330
2
100
AcDbEntity
  8
CS-RBAR-MAJR
100
AcDbCircle
 10
1348176.590339311
 20
-21449.59565130193
 30
0.0
 40
22.5
  0
LWPOLYLINE
  5
822
330
2
100
AcDbEntity
  8
CS-RBAR-MAJR
100
AcDbPolyline
 90
        2
 70
     1
 43
22.5
 10
1348187.840339311
 20
-21574.59565130193
 42
1.0
 10
1348165.340339311
 20
-21574.59565130193
 42
1.0
  0
CIRCLE
  5
823
330
2
100
AcDbEntity
  8
CS-RBAR-MAJR
100
AcDbCircle
 10
1348176.590339311
 20
-21574.59565130193
 30
0.0
 40
22.5
  0
LWPOLYLINE
  5
824
330
2
100
AcDbEntity
  8
CS-RBAR-MAJR
100
AcDbPolyline
 90
        2
 70
     1
 43
22.5
 10
1348187.840339311
 20
-21699.59565130193
 42
1.0
 10
1348165.340339311
 20
-21699.59565130193
 42
1.0
  0
CIRCLE
  5
825
330
2
100
AcDbEntity
  8
CS-RBAR-MAJR
100
AcDbCircle
 10
1348176.590339311
 20
-21699.59565130193
 30
0.0
 40
22.5
  0
LWPOLYLINE
  5
826
330
2
100
AcDbEntity
  8
CS-RBAR-MAJR
100
AcDbPolyline
 90
        2
 70
     1
 43
22.5
 10
1348187.840339311
 20
-21824.59565130193
 42
1.0
 10
1348165.340339311
 20
-21824.59565130193
 42
1.0
  0
CIRCLE
  5
827
330
2
100
AcDbEntity
  8
CS-RBAR-MAJR
100
AcDbCircle
 10
1348176.590339311
 20
-21824.59565130193
 30
0.0
 40
22.5
  0
LWPOLYLINE
  5
828
330
2
100
AcDbEntity
  8
CS-RBAR-MAJR
100
AcDbPolyline
 90
        2
 70
     1
 43
22.5
 10
1348187.840339311
 20
-21949.59565130193
 42
1.0
 10
1348165.340339311
 20
-21949.59565130193
 42
1.0
  0
CIRCLE
  5
829
330
2
100
AcDbEntity
  8
CS-RBAR-MAJR
100
AcDbCircle
 10
1348176.590339311
 20
-21949.59565130193
 30
0.0
 40
22.5
  0
LWPOLYLINE
  5
82A
330
2
100
AcDbEntity
  8
CS-RBAR-MAJR
100
AcDbPolyline
 90
        2
 70
     1
 43
22.5
 10
1348187.840339311
 20
-22074.59565130193
 42
1.0
 10
1348165.340339311
 20
-22074.59565130193
 42
1.0
  0
CIRCLE
  5
82B
330
2
100
AcDbEntity
  8
CS-RBAR-MAJR
100
AcDbCircle
 10
1348176.590339311
 20
-22074.59565130193
 30
0.0
 40
22.5
  0
LWPOLYLINE
  5
82C
330
2
100
AcDbEntity
  8
CS-RBAR-MAJR
100
AcDbPolyline
 90
        2
 70
     1
 43
22.5
 10
1348187.840339311
 20
-22199.59565130193
 42
1.0
 10
1348165.340339311
 20
-22199.59565130193
 42
1.0
  0
CIRCLE
  5
82D
330
2
100
AcDbEntity
  8
CS-RBAR-MAJR
100
AcDbCircle
 10
1348176.590339311
 20
-22199.59565130193
 30
0.0
 40
22.5
  0
LWPOLYLINE
  5
82E
330
2
100
AcDbEntity
  8
CS-MISC
 62
     1
100
AcDbPolyline
 90
        2
 70
     1
 43
27.5
 10
1348335.340339311
 20
-2201.564358940795
 42
1.0
 10
1348335.340339311
 20
-2229.064358940795
 42
1.0
  0
LWPOLYLINE
  5
82F
330
2
100
AcDbEntity
  8
CS-MISC
 62
     1
100
AcDbPolyline
 90
        2
 70
     1
 43
27.5
 10
1348045.340339311
 20
-2201.564358940795
 42
1.0
 10
1348045.340339311
 20
-2229.064358940795
 42
1.0
  0
LWPOLYLINE
  5
830
330
2
100
AcDbEntity
  8
CS-MISC
 62
     1
100
AcDbPolyline
 90
        2
 70
     1
 43
27.5
 10
1348135.340339311
 20
-2201.564358940795
 42
1.0
 10
1348135.340339311
 20
-2229.064358940795
 42
1.0
  0
LWPOLYLINE
  5
831
330
2
100
AcDbEntity
  8
CS-MISC
 62
     1
100
AcDbPolyline
 90
        2
 70
     1
 43
27.5
 10
1348135.340339311
 20
-2201.564358940795
 42
1.0
 10
1348135.340339311
 20
-2229.064358940795
 42
1.0
  0
LWPOLYLINE
  5
832
330
2
100
AcDbEntity
  8
CS-MISC
 62
     1
100
AcDbPolyline
 90
        2
 70
     1
 43
27.5
 10
1348335.340339311
 20
-2201.564358940795
 42
1.0
 10
1348335.340339311
 20
-2229.064358940795
 42
1.0
  0
LWPOLYLINE
  5
833
330
2
100
AcDbEntity
  8
CS-MISC
 62
     1
100
AcDbPolyline
 90
        2
 70
     1
 43
27.5
 10
1350875.340339312
 20
-2201.564358940795
 42
1.0
 10
1350875.340339312
 20
-2229.064358940795
 42
1.0
  0
LWPOLYLINE
  5
834
330
2
100
AcDbEntity
  8
CS-MISC
 62
     1
100
AcDbPolyline
 90
        2
 70
     1
 43
27.5
 10
1350875.340339312
 20
-2201.564358940795
 42
1.0
 10
1350875.340339312
 20
-2229.064358940795
 42
1.0
  0
LWPOLYLINE
  5
835
330
2
100
AcDbEntity
  8
CS-MISC
 62
     1
100
AcDbPolyline
 90
        2
 70
     1
 43
27.5
 10
1353215.340339311
 20
-2201.564358940795
 42
1.0
 10
1353215.340339311
 20
-2229.064358940795
 42
1.0
  0
LWPOLYLINE
  5
836
330
2
100
AcDbEntity
  8
CS-MISC
 62
     1
100
AcDbPolyline
 90
        2
 70
     1
 43
27.5
 10
1348045.340339311
 20
-6201.564358940796
 42
1.0
 10
1348045.340339311
 20
-6229.064358940796
 42
1.0
  0
LWPOLYLINE
  5
837
330
2
100
AcDbEntity
  8
CS-MISC
 62
     1
100
AcDbPolyline
 90
        2
 70
     1
 43
27.5
 10
1353215.340339311
 20
-2201.564358940795
 42
1.0
 10
1353215.340339311
 20
-2229.064358940795
 42
1.0
  0
LWPOLYLINE
  5
838
330
2
100
AcDbEntity
  8
CS-MISC
 62
     1
100
AcDbPolyline
 90
        2
 70
     1
 43
27.5
 10
1355755.340339312
 20
-2201.564358940795
 42
1.0
 10
1355755.340339312
 20
-2229.064358940795
 42
1.0
  0
LWPOLYLINE
  5
839
330
2
100
AcDbEntity
  8
CS-MISC
 62
     1
100
AcDbPolyline
 90
        2
 70
     1
 43
27.5
 10
1355755.340339312
 20
-2201.564358940795
 42
1.0
 10
1355755.340339312
 20
-2229.064358940795
 42
1.0
  0
LWPOLYLINE
  5
83A
330
2
100
AcDbEntity
  8
CS-MISC
 62
     1
100
AcDbPolyline
 90
        2
 70
     1
 43
27.5
 10
1355955.340339311
 20
-2201.564358940795
 42
1.0
 10
1355955.340339311
 20
-2229.064358940795
 42
1.0
  0
LWPOLYLINE
  5
83B
330
2
100
AcDbEntity
  8
CS-MISC
 62
     1
100
AcDbPolyline
 90
        2
 70
     1
 43
27.5
 10
1355955.340339311
 20
-2201.564358940795
 42
1.0
 10
1355955.340339311
 20
-2229.064358940795
 42
1.0
  0
LWPOLYLINE
  5
83C
330
2
100
AcDbEntity
  8
CS-MISC
 62
     1
100
AcDbPolyline
 90
        2
 70
     1
 43
27.5
 10
1356045.340339312
 20
-2201.564358940795
 42
1.0
 10
1356045.340339312
 20
-2229.064358940795
 42
1.0
  0
LWPOLYLINE
  5
83D
330
2
100
AcDbEntity
  8
CS-MISC
 62
     1
100
AcDbPolyline
 90
        2
 70
     1
 43
27.5
 10
1356045.340339312
 20
-2201.564358940795
 42
1.0
 10
1356045.340339312
 20
-2229.064358940795
 42
1.0
  0
LWPOLYLINE
  5
83E
330
2
100
AcDbEntity
  8
CS-MISC
 62
     1
100
AcDbPolyline
 90
        2
 70
     1
 43
27.5
 10
1355495.340339311
 20
-6201.564358940796
 42
1.0
 10
1355495.340339311
 20
-6229.064358940796
 42
1.0
  0
LWPOLYLINE
  5
83F
330
2
100
AcDbEntity
  8
CS-MISC
 62
     1
100
AcDbPolyline
 90
        2
 70
     1
 43
27.5
 10
1348595.340339311
 20
-6201.564358940796
 42
1.0
 10
1348595.340339311
 20
-6229.064358940796
 42
1.0
  0
LWPOLYLINE
  5
840
330
2
100
AcDbEntity
  8
CS-MISC
 62
     1
100
AcDbPolyline
 90
        2
 70
     1
 43
27.5
 10
1348595.340339311
 20
-6201.564358940796
 42
1.0
 10
1348595.340339311
 20
-6229.064358940796
 42
1.0
  0
LWPOLYLINE
  5
841
330
2
100
AcDbEntity
  8
CS-MISC
 62
     1
100
AcDbPolyline
 90
        2
 70
     1
 43
27.5
 10
1348455.340339311
 20
-6201.564358940796
 42
1.0
 10
1348455.340339311
 20
-6229.064358940796
 42
1.0
  0
LWPOLYLINE
  5
842
330
2
100
AcDbEntity
  8
CS-MISC
 62
     1
100
AcDbPolyline
 90
        2
 70
     1
 43
27.5
 10
1348455.340339311
 20
-6201.564358940796
 42
1.0
 10
1348455.340339311
 20
-6229.064358940796
 42
1.0
  0
LWPOLYLINE
  5
843
330
2
100
AcDbEntity
  8
CS-MISC
 62
     1
100
AcDbPolyline
 90
        2
 70
     1
 43
27.5
 10
1348135.340339311
 20
-6201.564358940796
 42
1.0
 10
1348135.340339311
 20
-6229.064358940796
 42
1.0
  0
LWPOLYLINE
  5
844
330
2
100
AcDbEntity
  8
CS-MISC
 62
     1
100
AcDbPolyline
 90
        2
 70
     1
 43
27.5
 10
1348135.340339311
 20
-6201.564358940796
 42
1.0
 10
1348135.340339311
 20
-6229.064358940796
 42
1.0
  0
LWPOLYLINE
  5
845
330
2
100
AcDbEntity
  8
CS-MISC
 62
     1
100
AcDbPolyline
 90
        2
 70
     1
 43
27.5
 10
1356045.340339312
 20
-6201.564358940796
 42
1.0
 10
1356045.340339312
 20
-6229.064358940796
 42
1.0
  0
LWPOLYLINE
  5
846
330
2
100
AcDbEntity
  8
CS-MISC
 62
     1
100
AcDbPolyline
 90
        2
 70
     1
 43
27.5
 10
1356045.340339312
 20
-6201.564358940796
 42
1.0
 10
1356045.340339312
 20
-6229.064358940796
 42
1.0
  0
LWPOLYLINE
  5
847
330
2
100
AcDbEntity
  8
CS-MISC
 62
     1
100
AcDbPolyline
 90
        2
 70
     1
 43
27.5
 10
1355955.340339311
 20
-6201.564358940796
 42
1.0
 10
1355955.340339311
 20
-6229.064358940796
 42
1.0
  0
LWPOLYLINE
  5
848
330
2
100
AcDbEntity
  8
CS-MISC
 62
     1
100
AcDbPolyline
 90
        2
 70
     1
 43
27.5
 10
1355955.340339311
 20
-6201.564358940796
 42
1.0
 10
1355955.340339311
 20
-6229.064358940796
 42
1.0
  0
LWPOLYLINE
  5
849
330
2
100
AcDbEntity
  8
CS-MISC
 62
     1
100
AcDbPolyline
 90
        2
 70
     1
 43
27.5
 10
1355635.340339311
 20
-6201.564358940796
 42
1.0
 10
1355635.340339311
 20
-6229.064358940796
 42
1.0
  0
LWPOLYLINE
  5
84A
330
2
100
AcDbEntity
  8
CS-MISC
 62
     1
100
AcDbPolyline
 90
        2
 70
     1
 43
27.5
 10
1355635.340339311
 20
-6201.564358940796
 42
1.0
 10
1355635.340339311
 20
-6229.064358940796
 42
1.0
  0
LWPOLYLINE
  5
84B
330
2
100
AcDbEntity
  8
CS-MISC
 62
     1
100
AcDbPolyline
 90
        2
 70
     1
 43
27.5
 10
1355495.340339311
 20
-6201.564358940796
 42
1.0
 10
1355495.340339311
 20
-6229.064358940796
 42
1.0
  0
LWPOLYLINE
  5
84C
330
2
100
AcDbEntity
  8
CS-MISC
 62
     1
100
AcDbPolyline
 90
        2
 70
     1
 43
27.5
 10
1346545.340339311
 20
-4201.564358940795
 42
1.0
 10
1346545.340339311
 20
-4229.064358940795
 42
1.0
  0
LWPOLYLINE
  5
84D
330
2
100
AcDbEntity
  8
CS-MISC
 62
     1
100
AcDbPolyline
 90
        2
 70
     1
 43
27.5
 10
1356045.340339312
 20
-6701.564358940796
 42
1.0
 10
1356045.340339312
 20
-6729.064358940795
 42
1.0
  0
LWPOLYLINE
  5
84E
330
2
100
AcDbEntity
  8
CS-MISC
 62
     1
100
AcDbPolyline
 90
        2
 70
     1
 43
27.5
 10
1348045.340339311
 20
-6701.564358940796
 42
1.0
 10
1348045.340339311
 20
-6729.064358940795
 42
1.0
  0
LWPOLYLINE
  5
84F
330
2
100
AcDbEntity
  8
CS-MISC
 62
     1
100
AcDbPolyline
 90
        2
 70
     1
 43
27.5
 10
1346545.340339311
 20
-3201.564358940795
 42
1.0
 10
1346545.340339311
 20
-3229.064358940795
 42
1.0
  0
LWPOLYLINE
  5
850
330
2
100
AcDbEntity
  8
CS-MISC
 62
     1
100
AcDbPolyline
 90
        2
 70
     1
 43
27.5
 10
1346545.340339311
 20
-4201.564358940795
 42
1.0
 10
1346545.340339311
 20
-4229.064358940795
 42
1.0
  0
LWPOLYLINE
  5
851
330
2
100
AcDbEntity
  8
CS-MISC
 62
     1
100
AcDbPolyline
 90
        2
 70
     1
 43
27.5
 10
1346545.340339311
 20
-5201.564358940796
 42
1.0
 10
1346545.340339311
 20
-5229.064358940796
 42
1.0
  0
LINE
  5
852
330
2
100
AcDbEntity
  8
CS-MISC
100
AcDbLine
 10
1355591.146089311
 20
-4608.620258940796
 30
0.0
 11
1355679.534439311
 21
-4697.008458940795
 31
0.0
  0
LINE
  5
853
330
2
100
AcDbEntity
  8
CS-MISC
100
AcDbLine
 10
1355451.146089312
 20
-4608.620258940796
 30
0.0
 11
1355539.534439311
 21
-4697.008458940795
 31
0.0
  0
LINE
  5
854
330
2
100
AcDbEntity
  8
CS-MISC
100
AcDbLine
 10
1355151.146089312
 20
-4608.620258940796
 30
0.0
 11
1355239.534439311
 21
-4697.008458940795
 31
0.0
  0
LINE
  5
855
330
2
100
AcDbEntity
  8
CS-MISC
100
AcDbLine
 10
1354851.146089312
 20
-4608.620258940796
 30
0.0
 11
1354939.534439311
 21
-4697.008458940795
 31
0.0
  0
LINE
  5
856
330
2
100
AcDbEntity
  8
CS-MISC
100
AcDbLine
 10
1354551.146089312
 20
-4608.620258940796
 30
0.0
 11
1354639.534439311
 21
-4697.008458940795
 31
0.0
  0
LINE
  5
857
330
2
100
AcDbEntity
  8
CS-MISC
100
AcDbLine
 10
1354251.146089312
 20
-4608.620258940796
 30
0.0
 11
1354339.534439311
 21
-4697.008458940795
 31
0.0
  0
LINE
  5
858
330
2
100
AcDbEntity
  8
CS-MISC
100
AcDbLine
 10
1353951.146089312
 20
-4608.620258940796
 30
0.0
 11
1354039.534439311
 21
-4697.008458940795
 31
0.0
  0
LINE
  5
859
330
2
100
AcDbEntity
  8
CS-MISC
100
AcDbLine
 10
1353651.146089312
 20
-4608.620258940796
 30
0.0
 11
1353739.534439311
 21
-4697.008458940795
 31
0.0
  0
LINE
  5
85A
330
2
100
AcDbEntity
  8
CS-MISC
100
AcDbLine
 10
1353351.146089311
 20
-4608.620258940796
 30
0.0
 11
1353439.534439311
 21
-4697.008458940795
 31
0.0
  0
LINE
  5
85B
330
2
100
AcDbEntity
  8
CS-MISC
100
AcDbLine
 10
1353051.146089311
 20
-4608.620258940796
 30
0.0
 11
1353139.534439311
 21
-4697.008458940795
 31
0.0
  0
LINE
  5
85C
330
2
100
AcDbEntity
  8
CS-MISC
100
AcDbLine
 10
1352751.146089312
 20
-4608.620258940796
 30
0.0
 11
1352839.534439311
 21
-4697.008458940795
 31
0.0
  0
LINE
  5
85D
330
2
100
AcDbEntity
  8
CS-MISC
100
AcDbLine
 10
1352451.146089312
 20
-4608.620258940796
 30
0.0
 11
1352539.534439311
 21
-4697.008458940795
 31
0.0
  0
LINE
  5
85E
330
2
100
AcDbEntity
  8
CS-MISC
100
AcDbLine
 10
1352151.146089312
 20
-4608.620258940796
 30
0.0
 11
1352239.534439312
 21
-4697.008458940795
 31
0.0
  0
LINE
  5
85F
330
2
100
AcDbEntity
  8
CS-MISC
100
AcDbLine
 10
1351851.146089311
 20
-4608.620258940796
 30
0.0
 11
1351939.534439312
 21
-4697.008458940795
 31
0.0
  0
LINE
  5
860
330
2
100
AcDbEntity
  8
CS-MISC
100
AcDbLine
 10
1351551.146089311
 20
-4608.620258940796
 30
0.0
 11
1351639.534439311
 21
-4697.008458940795
 31
0.0
  0
LINE
  5
861
330
2
100
AcDbEntity
  8
CS-MISC
100
AcDbLine
 10
1351251.146089311
 20
-4608.620258940796
 30
0.0
 11
1351339.534439311
 21
-4697.008458940795
 31
0.0
  0
LINE
  5
862
330
2
100
AcDbEntity
  8
CS-MISC
100
AcDbLine
 10
1350951.146089311
 20
-4608.620258940796
 30
0.0
 11
1351039.534439312
 21
-4697.008458940795
 31
0.0
  0
LINE
  5
863
330
2
100
AcDbEntity
  8
CS-MISC
100
AcDbLine
 10
1350651.146089312
 20
-4608.620258940796
 30
0.0
 11
1350739.534439312
 21
-4697.008458940795
 31
0.0
  0
LINE
  5
864
330
2
100
AcDbEntity
  8
CS-MISC
100
AcDbLine
 10
1350351.146089311
 20
-4608.620258940796
 30
0.0
 11
1350439.534439312
 21
-4697.008458940795
 31
0.0
  0
LINE
  5
865
330
2
100
AcDbEntity
  8
CS-MISC
100
AcDbLine
 10
1350051.146089311
 20
-4608.620258940796
 30
0.0
 11
1350139.534439311
 21
-4697.008458940795
 31
0.0
  0
LINE
  5
866
330
2
100
AcDbEntity
  8
CS-MISC
100
AcDbLine
 10
1349751.146089311
 20
-4608.620258940796
 30
0.0
 11
1349839.534439311
 21
-4697.008458940795
 31
0.0
  0
LINE
  5
867
330
2
100
AcDbEntity
  8
CS-MISC
100
AcDbLine
 10
1349451.146089311
 20
-4608.620258940796
 30
0.0
 11
1349539.534439311
 21
-4697.008458940795
 31
0.0
  0
LINE
  5
868
330
2
100
AcDbEntity
  8
CS-MISC
100
AcDbLine
 10
1349151.146089311
 20
-4608.620258940796
 30
0.0
 11
1349239.534439311
 21
-4697.008458940795
 31
0.0
  0
LINE
  5
869
330
2
100
AcDbEntity
  8
CS-MISC
100
AcDbLine
 10
1348851.146089311
 20
-4608.620258940796
 30
0.0
 11
1348939.534439312
 21
-4697.008458940795
 31
0.0
  0
LINE
  5
86A
330
2
100
AcDbEntity
  8
CS-MISC
100
AcDbLine
 10
1348551.146089312
 20
-4608.620258940796
 30
0.0
 11
1348639.534439311
 21
-4697.008458940795
 31
0.0
  0
LINE
  5
86B
330
2
100
AcDbEntity
  8
CS-MISC
100
AcDbLine
 10
1348411.146089312
 20
-4608.620258940796
 30
0.0
 11
1348499.534439311
 21
-4697.008458940795
 31
0.0
  0
CIRCLE
  5
86C
330
2
100
AcDbEntity
  8
CS-SYMB-LIN3
100
AcDbCircle
 10
1356695.340339312
 20
-4442.814358940796
 30
0.0
 40
200.0
  0
LINE
  5
86D
330
2
100
AcDbEntity
  8
CS-SYMB-LIN3
100
AcDbLine
 10
1356445.340339311
 20
-4652.814358940795
 30
0.0
 11
1357445.340339311
 21
-4652.814358940795
 31
0.0
  0
LINE
  5
86E
330
2
100
AcDbEntity
  8
CS-MISC
100
AcDbLine
 10
1355591.146089311
 20
-3608.620258940795
 30
0.0
 11
1355679.534439311
 21
-3697.008458940795
 31
0.0
  0
LINE
  5
86F
330
2
100
AcDbEntity
  8
CS-MISC
100
AcDbLine
 10
1355451.146089312
 20
-3608.620258940795
 30
0.0
 11
1355539.534439311
 21
-3697.008458940795
 31
0.0
  0
LINE
  5
870
330
2
100
AcDbEntity
  8
CS-MISC
100
AcDbLine
 10
1355151.146089312
 20
-3608.620258940795
 30
0.0
 11
1355239.534439311
 21
-3697.008458940795
 31
0.0
  0
LINE
  5
871
330
2
100
AcDbEntity
  8
CS-MISC
100
AcDbLine
 10
1354851.146089312
 20
-3608.620258940795
 30
0.0
 11
1354939.534439311
 21
-3697.008458940795
 31
0.0
  0
LINE
  5
872
330
2
100
AcDbEntity
  8
CS-MISC
100
AcDbLine
 10
1354551.146089312
 20
-3608.620258940795
 30
0.0
 11
1354639.534439311
 21
-3697.008458940795
 31
0.0
  0
LINE
  5
873
330
2
100
AcDbEntity
  8
CS-MISC
100
AcDbLine
 10
1354251.146089312
 20
-3608.620258940795
 30
0.0
 11
1354339.534439311
 21
-3697.008458940795
 31
0.0
  0
LINE
  5
874
330
2
100
AcDbEntity
  8
CS-MISC
100
AcDbLine
 10
1353951.146089312
 20
-3608.620258940795
 30
0.0
 11
1354039.534439311
 21
-3697.008458940795
 31
0.0
  0
LINE
  5
875
330
2
100
AcDbEntity
  8
CS-MISC
100
AcDbLine
 10
1353651.146089312
 20
-3608.620258940795
 30
0.0
 11
1353739.534439311
 21
-3697.008458940795
 31
0.0
  0
LINE
  5
876
330
2
100
AcDbEntity
  8
CS-MISC
100
AcDbLine
 10
1353351.146089311
 20
-3608.620258940795
 30
0.0
 11
1353439.534439311
 21
-3697.008458940795
 31
0.0
  0
LINE
  5
877
330
2
100
AcDbEntity
  8
CS-MISC
100
AcDbLine
 10
1353051.146089311
 20
-3608.620258940795
 30
0.0
 11
1353139.534439311
 21
-3697.008458940795
 31
0.0
  0
LINE
  5
878
330
2
100
AcDbEntity
  8
CS-MISC
100
AcDbLine
 10
1352751.146089312
 20
-3608.620258940795
 30
0.0
 11
1352839.534439311
 21
-3697.008458940795
 31
0.0
  0
LINE
  5
879
330
2
100
AcDbEntity
  8
CS-MISC
100
AcDbLine
 10
1352451.146089312
 20
-3608.620258940795
 30
0.0
 11
1352539.534439311
 21
-3697.008458940795
 31
0.0
  0
LINE
  5
87A
330
2
100
AcDbEntity
  8
CS-MISC
100
AcDbLine
 10
1352151.146089312
 20
-3608.620258940795
 30
0.0
 11
1352239.534439312
 21
-3697.008458940795
 31
0.0
  0
LINE
  5
87B
330
2
100
AcDbEntity
  8
CS-MISC
100
AcDbLine
 10
1351851.146089311
 20
-3608.620258940795
 30
0.0
 11
1351939.534439312
 21
-3697.008458940795
 31
0.0
  0
LINE
  5
87C
330
2
100
AcDbEntity
  8
CS-MISC
100
AcDbLine
 10
1351551.146089311
 20
-3608.620258940795
 30
0.0
 11
1351639.534439311
 21
-3697.008458940795
 31
0.0
  0
LINE
  5
87D
330
2
100
AcDbEntity
  8
CS-MISC
100
AcDbLine
 10
1351251.146089311
 20
-3608.620258940795
 30
0.0
 11
1351339.534439311
 21
-3697.008458940795
 31
0.0
  0
LINE
  5
87E
330
2
100
AcDbEntity
  8
CS-MISC
100
AcDbLine
 10
1350951.146089311
 20
-3608.620258940795
 30
0.0
 11
1351039.534439312
 21
-3697.008458940795
 31
0.0
  0
LINE
  5
87F
330
2
100
AcDbEntity
  8
CS-MISC
100
AcDbLine
 10
1350651.146089312
 20
-3608.620258940795
 30
0.0
 11
1350739.534439312
 21
-3697.008458940795
 31
0.0
  0
LINE
  5
880
330
2
100
AcDbEntity
  8
CS-MISC
100
AcDbLine
 10
1350351.146089311
 20
-3608.620258940795
 30
0.0
 11
1350439.534439312
 21
-3697.008458940795
 31
0.0
  0
LINE
  5
881
330
2
100
AcDbEntity
  8
CS-MISC
100
AcDbLine
 10
1350051.146089311
 20
-3608.620258940795
 30
0.0
 11
1350139.534439311
 21
-3697.008458940795
 31
0.0
  0
LINE
  5
882
330
2
100
AcDbEntity
  8
CS-MISC
100
AcDbLine
 10
1349751.146089311
 20
-3608.620258940795
 30
0.0
 11
1349839.534439311
 21
-3697.008458940795
 31
0.0
  0
LINE
  5
883
330
2
100
AcDbEntity
  8
CS-MISC
100
AcDbLine
 10
1349451.146089311
 20
-3608.620258940795
 30
0.0
 11
1349539.534439311
 21
-3697.008458940795
 31
0.0
  0
LINE
  5
884
330
2
100
AcDbEntity
  8
CS-MISC
100
AcDbLine
 10
1349151.146089311
 20
-3608.620258940795
 30
0.0
 11
1349239.534439311
 21
-3697.008458940795
 31
0.0
  0
LINE
  5
885
330
2
100
AcDbEntity
  8
CS-MISC
100
AcDbLine
 10
1348851.146089311
 20
-3608.620258940795
 30
0.0
 11
1348939.534439312
 21
-3697.008458940795
 31
0.0
  0
LINE
  5
886
330
2
100
AcDbEntity
  8
CS-MISC
100
AcDbLine
 10
1348551.146089312
 20
-3608.620258940795
 30
0.0
 11
1348639.534439311
 21
-3697.008458940795
 31
0.0
  0
LINE
  5
887
330
2
100
AcDbEntity
  8
CS-MISC
100
AcDbLine
 10
1348411.146089312
 20
-3608.620258940795
 30
0.0
 11
1348499.534439311
 21
-3697.008458940795
 31
0.0
  0
CIRCLE
  5
888
330
2
100
AcDbEntity
  8
CS-SYMB-LIN3
100
AcDbCircle
 10
1356695.340339312
 20
-3442.814358940796
 30
0.0
 40
200.0
  0
LINE
  5
889
330
2
100
AcDbEntity
  8
CS-SYMB-LIN3
100
AcDbLine
 10
1356445.340339311
 20
-3652.814358940795
 30
0.0
 11
1357445.340339311
 21
-3652.814358940795
 31
0.0
  0
CIRCLE
  5
88A
330
2
100
AcDbEntity
  8
CS-SYMB-LIN3
100
AcDbCircle
 10
1353195.340339311
 20
-5405.314358940795
 30
0.0
 40
200.0
  0
LINE
  5
88B
330
2
100
AcDbEntity
  8
CS-SYMB-LIN3
100
AcDbLine
 10
1352945.340339311
 20
-5615.314358940795
 30
0.0
 11
1353945.340339311
 21
-5615.314358940795
 31
0.0
  0
LINE
  5
88C
330
2
100
AcDbEntity
  8
CS-MISC
100
AcDbLine
 10
1352901.146089311
 20
-4921.120258940796
 30
0.0
 11
1352989.534439311
 21
-5009.508458940795
 31
0.0
  0
LINE
  5
88D
330
2
100
AcDbEntity
  8
CS-MISC
100
AcDbLine
 10
1352901.146089311
 20
-4671.120258940796
 30
0.0
 11
1352989.534439311
 21
-4759.508458940795
 31
0.0
  0
LINE
  5
88E
330
2
100
AcDbEntity
  8
CS-MISC
100
AcDbLine
 10
1352901.146089311
 20
-4421.120258940796
 30
0.0
 11
1352989.534439311
 21
-4509.508458940795
 31
0.0
  0
CIRCLE
  5
88F
330
2
100
AcDbEntity
  8
CS-SYMB-LIN3
100
AcDbCircle
 10
1351295.340339311
 20
-5405.314358940795
 30
0.0
 40
200.0
  0
LINE
  5
890
330
2
100
AcDbEntity
  8
CS-SYMB-LIN3
100
AcDbLine
 10
1351045.340339311
 20
-5615.314358940795
 30
0.0
 11
1352045.340339312
 21
-5615.314358940795
 31
0.0
  0
LINE
  5
891
330
2
100
AcDbEntity
  8
CS-MISC
100
AcDbLine
 10
1352001.146089312
 20
-5046.120258940796
 30
0.0
 11
1352089.534439311
 21
-5134.508458940795
 31
0.0
  0
LINE
  5
892
330
2
100
AcDbEntity
  8
CS-MISC
100
AcDbLine
 10
1352001.146089312
 20
-4796.120258940796
 30
0.0
 11
1352089.534439311
 21
-4884.508458940795
 31
0.0
  0
LINE
  5
893
330
2
100
AcDbEntity
  8
CS-MISC
100
AcDbLine
 10
1352001.146089312
 20
-4546.120258940796
 30
0.0
 11
1352089.534439311
 21
-4634.508458940795
 31
0.0
  0
LINE
  5
894
330
2
100
AcDbEntity
  8
CS-MISC
100
AcDbLine
 10
1352001.146089312
 20
-4296.120258940796
 30
0.0
 11
1352089.534439311
 21
-4384.508458940795
 31
0.0
  0
CIRCLE
  5
895
330
2
100
AcDbEntity
  8
CS-SYMB-LIN3
100
AcDbCircle
 10
1350195.340339311
 20
-2605.314358940795
 30
0.0
 40
200.0
  0
LINE
  5
896
330
2
100
AcDbEntity
  8
CS-SYMB-LIN3
100
AcDbLine
 10
1349945.340339311
 20
-2815.314358940795
 30
0.0
 11
1350945.340339312
 21
-2815.314358940795
 31
0.0
  0
LINE
  5
897
330
2
100
AcDbEntity
  8
CS-MISC
100
AcDbLine
 10
1349901.146089311
 20
-3296.120258940795
 30
0.0
 11
1349989.534439311
 21
-3384.508458940795
 31
0.0
  0
LINE
  5
898
330
2
100
AcDbEntity
  8
CS-MISC
100
AcDbLine
 10
1349901.146089311
 20
-3796.120258940795
 30
0.0
 11
1349989.534439311
 21
-3884.508458940795
 31
0.0
  0
CIRCLE
  5
899
330
2
100
AcDbEntity
  8
CS-SYMB-LIN3
100
AcDbCircle
 10
1351295.340339311
 20
-2605.314358940795
 30
0.0
 40
200.0
  0
LINE
  5
89A
330
2
100
AcDbEntity
  8
CS-SYMB-LIN3
100
AcDbLine
 10
1351045.340339311
 20
-2815.314358940795
 30
0.0
 11
1352045.340339312
 21
-2815.314358940795
 31
0.0
  0
LINE
  5
89B
330
2
100
AcDbEntity
  8
CS-MISC
100
AcDbLine
 10
1352001.146089312
 20
-3296.120258940795
 30
0.0
 11
1352089.534439311
 21
-3384.508458940795
 31
0.0
  0
LINE
  5
89C
330
2
100
AcDbEntity
  8
CS-MISC
100
AcDbLine
 10
1352001.146089312
 20
-3796.120258940795
 30
0.0
 11
1352089.534439311
 21
-3884.508458940795
 31
0.0
  0
CIRCLE
  5
89D
330
2
100
AcDbEntity
  8
CS-SYMB-LIN3
100
AcDbCircle
 10
1354995.340339312
 20
-2605.314358940795
 30
0.0
 40
200.0
  0
LINE
  5
89E
330
2
100
AcDbEntity
  8
CS-SYMB-LIN3
100
AcDbLine
 10
1354745.340339311
 20
-2815.314358940795
 30
0.0
 11
1355745.340339312
 21
-2815.314358940795
 31
0.0
  0
LINE
  5
89F
330
2
100
AcDbEntity
  8
CS-MISC
100
AcDbLine
 10
1354701.146089311
 20
-3421.120258940795
 30
0.0
 11
1354789.534439311
 21
-3509.508458940795
 31
0.0
  0
LINE
  5
8A0
330
2
100
AcDbEntity
  8
CS-MISC
100
AcDbLine
 10
1354701.146089311
 20
-3671.120258940795
 30
0.0
 11
1354789.534439311
 21
-3759.508458940795
 31
0.0
  0
LINE
  5
8A1
330
2
100
AcDbEntity
  8
CS-MISC
100
AcDbLine
 10
1354701.146089311
 20
-3921.120258940795
 30
0.0
 11
1354789.534439311
 21
-4009.508458940795
 31
0.0
  0
CIRCLE
  5
8A2
330
2
100
AcDbEntity
  8
CS-SYMB-LIN3
100
AcDbCircle
 10
1348895.340339312
 20
-2605.314358940795
 30
0.0
 40
200.0
  0
LINE
  5
8A3
330
2
100
AcDbEntity
  8
CS-SYMB-LIN3
100
AcDbLine
 10
1348645.340339311
 20
-2815.314358940795
 30
0.0
 11
1349645.340339311
 21
-2815.314358940795
 31
0.0
  0
LINE
  5
8A4
330
2
100
AcDbEntity
  8
CS-MISC
100
AcDbLine
 10
1349601.146089312
 20
-3421.120258940795
 30
0.0
 11
1349689.534439311
 21
-3509.508458940795
 31
0.0
  0
LINE
  5
8A5
330
2
100
AcDbEntity
  8
CS-MISC
100
AcDbLine
 10
1349601.146089312
 20
-3671.120258940795
 30
0.0
 11
1349689.534439311
 21
-3759.508458940795
 31
0.0
  0
LINE
  5
8A6
330
2
100
AcDbEntity
  8
CS-MISC
100
AcDbLine
 10
1349601.146089312
 20
-3921.120258940795
 30
0.0
 11
1349689.534439311
 21
-4009.508458940795
 31
0.0
  0
CIRCLE
  5
8A7
330
2
100
AcDbEntity
  8
CS-SYMB-LIN3
100
AcDbCircle
 10
1353795.340339312
 20
-2605.314358940795
 30
0.0
 40
200.0
  0
LINE
  5
8A8
330
2
100
AcDbEntity
  8
CS-SYMB-LIN3
100
AcDbLine
 10
1353545.340339312
 20
-2815.314358940795
 30
0.0
 11
1354545.340339311
 21
-2815.314358940795
 31
0.0
  0
LINE
  5
8A9
330
2
100
AcDbEntity
  8
CS-MISC
100
AcDbLine
 10
1353501.146089311
 20
-3546.120258940795
 30
0.0
 11
1353589.534439311
 21
-3634.508458940795
 31
0.0
  0
LINE
  5
8AA
330
2
100
AcDbEntity
  8
CS-MISC
100
AcDbLine
 10
1354101.146089311
 20
-3546.120258940795
 30
0.0
 11
1354189.534439312
 21
-3634.508458940795
 31
0.0
  0
LINE
  5
8AB
330
2
100
AcDbEntity
  8
CS-MISC
100
AcDbLine
 10
1353501.146089311
 20
-4046.120258940795
 30
0.0
 11
1353589.534439311
 21
-4134.508458940795
 31
0.0
  0
LINE
  5
8AC
330
2
100
AcDbEntity
  8
CS-MISC
100
AcDbLine
 10
1353501.146089311
 20
-4046.120258940795
 30
0.0
 11
1353589.534439311
 21
-4134.508458940795
 31
0.0
  0
LWPOLYLINE
  5
8AD
330
2
100
AcDbEntity
  8
CS-RBAR-MAJR
100
AcDbPolyline
 90
        2
 70
     1
 43
22.5
 10
1355989.090339311
 20
-5090.314358940795
 42
1.0
 10
1355966.590339311
 20
-5090.314358940795
 42
1.0
  0
CIRCLE
  5
8AE
330
2
100
AcDbEntity
  8
CS-RBAR-MAJR
100
AcDbCircle
 10
1355977.840339311
 20
-5090.314358940795
 30
0.0
 40
22.5
  0
LWPOLYLINE
  5
8AF
330
2
100
AcDbEntity
  8
CS-RBAR-MAJR
100
AcDbPolyline
 90
        2
 70
     1
 43
22.5
 10
1355989.090339311
 20
-4965.314358940795
 42
1.0
 10
1355966.590339311
 20
-4965.314358940795
 42
1.0
  0
CIRCLE
  5
8B0
330
2
100
AcDbEntity
  8
CS-RBAR-MAJR
100
AcDbCircle
 10
1355977.840339311
 20
-4965.314358940795
 30
0.0
 40
22.5
  0
LWPOLYLINE
  5
8B1
330
2
100
AcDbEntity
  8
CS-RBAR-MAJR
100
AcDbPolyline
 90
        2
 70
     1
 43
22.5
 10
1355989.090339311
 20
-4840.314358940795
 42
1.0
 10
1355966.590339311
 20
-4840.314358940795
 42
1.0
  0
CIRCLE
  5
8B2
330
2
100
AcDbEntity
  8
CS-RBAR-MAJR
100
AcDbCircle
 10
1355977.840339311
 20
-4840.314358940795
 30
0.0
 40
22.5
  0
LWPOLYLINE
  5
8B3
330
2
100
AcDbEntity
  8
CS-RBAR-MAJR
100
AcDbPolyline
 90
        2
 70
     1
 43
22.5
 10
1355989.090339311
 20
-4715.314358940795
 42
1.0
 10
1355966.590339311
 20
-4715.314358940795
 42
1.0
  0
CIRCLE
  5
8B4
330
2
100
AcDbEntity
  8
CS-RBAR-MAJR
100
AcDbCircle
 10
1355977.840339311
 20
-4715.314358940795
 30
0.0
 40
22.5
  0
LWPOLYLINE
  5
8B5
330
2
100
AcDbEntity
  8
CS-RBAR-MAJR
100
AcDbPolyline
 90
        2
 70
     1
 43
22.5
 10
1355989.090339311
 20
-4590.314358940795
 42
1.0
 10
1355966.590339311
 20
-4590.314358940795
 42
1.0
  0
CIRCLE
  5
8B6
330
2
100
AcDbEntity
  8
CS-RBAR-MAJR
100
AcDbCircle
 10
1355977.840339311
 20
-4590.314358940795
 30
0.0
 40
22.5
  0
LWPOLYLINE
  5
8B7
330
2
100
AcDbEntity
  8
CS-RBAR-MAJR
100
AcDbPolyline
 90
        2
 70
     1
 43
22.5
 10
1355989.090339311
 20
-4465.314358940795
 42
1.0
 10
1355966.590339311
 20
-4465.314358940795
 42
1.0
  0
CIRCLE
  5
8B8
330
2
100
AcDbEntity
  8
CS-RBAR-MAJR
100
AcDbCircle
 10
1355977.840339311
 20
-4465.314358940795
 30
0.0
 40
22.5
  0
LWPOLYLINE
  5
8B9
330
2
100
AcDbEntity
  8
CS-RBAR-MAJR
100
AcDbPolyline
 90
        2
 70
     1
 43
22.5
 10
1355989.090339311
 20
-4340.314358940795
 42
1.0
 10
1355966.590339311
 20
-4340.314358940795
 42
1.0
  0
CIRCLE
  5
8BA
330
2
100
AcDbEntity
  8
CS-RBAR-MAJR
100
AcDbCircle
 10
1355977.840339311
 20
-4340.314358940795
 30
0.0
 40
22.5
  0
LWPOLYLINE
  5
8BB
330
2
100
AcDbEntity
  8
CS-RBAR-MAJR
100
AcDbPolyline
 90
        2
 70
     1
 43
22.5
 10
1355989.090339311
 20
-4215.314358940795
 42
1.0
 10
1355966.590339311
 20
-4215.314358940795
 42
1.0
  0
CIRCLE
  5
8BC
330
2
100
AcDbEntity
  8
CS-RBAR-MAJR
100
AcDbCircle
 10
1355977.840339311
 20
-4215.314358940795
 30
0.0
 40
22.5
  0
LWPOLYLINE
  5
8BD
330
2
100
AcDbEntity
  8
CS-RBAR-MAJR
100
AcDbPolyline
 90
        2
 70
     1
 43
22.5
 10
1355624.090339311
 20
-4965.314358940795
 42
1.0
 10
1355601.590339311
 20
-4965.314358940795
 42
1.0
  0
CIRCLE
  5
8BE
330
2
100
AcDbEntity
  8
CS-RBAR-MAJR
100
AcDbCircle
 10
1355612.840339311
 20
-4965.314358940795
 30
0.0
 40
22.5
  0
LWPOLYLINE
  5
8BF
330
2
100
AcDbEntity
  8
CS-RBAR-MAJR
100
AcDbPolyline
 90
        2
 70
     1
 43
22.5
 10
1355624.090339311
 20
-4715.314358940795
 42
1.0
 10
1355601.590339311
 20
-4715.314358940795
 42
1.0
  0
CIRCLE
  5
8C0
330
2
100
AcDbEntity
  8
CS-RBAR-MAJR
100
AcDbCircle
 10
1355612.840339311
 20
-4715.314358940795
 30
0.0
 40
22.5
  0
LWPOLYLINE
  5
8C1
330
2
100
AcDbEntity
  8
CS-RBAR-MAJR
100
AcDbPolyline
 90
        2
 70
     1
 43
22.5
 10
1355624.090339311
 20
-4465.314358940795
 42
1.0
 10
1355601.590339311
 20
-4465.314358940795
 42
1.0
  0
CIRCLE
  5
8C2
330
2
100
AcDbEntity
  8
CS-RBAR-MAJR
100
AcDbCircle
 10
1355612.840339311
 20
-4465.314358940795
 30
0.0
 40
22.5
  0
LWPOLYLINE
  5
8C3
330
2
100
AcDbEntity
  8
CS-RBAR-MAJR
100
AcDbPolyline
 90
        2
 70
     1
 43
22.5
 10
1355624.090339311
 20
-4215.314358940795
 42
1.0
 10
1355601.590339311
 20
-4215.314358940795
 42
1.0
  0
CIRCLE
  5
8C4
330
2
100
AcDbEntity
  8
CS-RBAR-MAJR
100
AcDbCircle
 10
1355612.840339311
 20
-4215.314358940795
 30
0.0
 40
22.5
  0
LWPOLYLINE
  5
8C5
330
2
100
AcDbEntity
  8
CS-RBAR-MAJR
100
AcDbPolyline
 90
        2
 70
     1
 43
22.5
 10
1348489.090339311
 20
-4965.314358940795
 42
1.0
 10
1348466.590339311
 20
-4965.314358940795
 42
1.0
  0
CIRCLE
  5
8C6
330
2
100
AcDbEntity
  8
CS-RBAR-MAJR
100
AcDbCircle
 10
1348477.840339311
 20
-4965.314358940795
 30
0.0
 40
22.5
  0
LWPOLYLINE
  5
8C7
330
2
100
AcDbEntity
  8
CS-RBAR-MAJR
100
AcDbPolyline
 90
        2
 70
     1
 43
22.5
 10
1348489.090339311
 20
-4715.314358940795
 42
1.0
 10
1348466.590339311
 20
-4715.314358940795
 42
1.0
  0
CIRCLE
  5
8C8
330
2
100
AcDbEntity
  8
CS-RBAR-MAJR
100
AcDbCircle
 10
1348477.840339311
 20
-4715.314358940795
 30
0.0
 40
22.5
  0
LWPOLYLINE
  5
8C9
330
2
100
AcDbEntity
  8
CS-RBAR-MAJR
100
AcDbPolyline
 90
        2
 70
     1
 43
22.5
 10
1348489.090339311
 20
-4465.314358940795
 42
1.0
 10
1348466.590339311
 20
-4465.314358940795
 42
1.0
  0
CIRCLE
  5
8CA
330
2
100
AcDbEntity
  8
CS-RBAR-MAJR
100
AcDbCircle
 10
1348477.840339311
 20
-4465.314358940795
 30
0.0
 40
22.5
  0
LWPOLYLINE
  5
8CB
330
2
100
AcDbEntity
  8
CS-RBAR-MAJR
100
AcDbPolyline
 90
        2
 70
     1
 43
22.5
 10
1348489.090339311
 20
-4215.314358940795
 42
1.0
 10
1348466.590339311
 20
-4215.314358940795
 42
1.0
  0
CIRCLE
  5
8CC
330
2
100
AcDbEntity
  8
CS-RBAR-MAJR
100
AcDbCircle
 10
1348477.840339311
 20
-4215.314358940795
 30
0.0
 40
22.5
  0
LWPOLYLINE
  5
8CD
330
2
100
AcDbEntity
  8
CS-RBAR-MAJR
100
AcDbPolyline
 90
        2
 70
     1
 43
22.5
 10
1348124.090339311
 20
-5090.314358940795
 42
1.0
 10
1348101.590339311
 20
-5090.314358940795
 42
1.0
  0
CIRCLE
  5
8CE
330
2
100
AcDbEntity
  8
CS-RBAR-MAJR
100
AcDbCircle
 10
1348112.840339311
 20
-5090.314358940795
 30
0.0
 40
22.5
  0
LWPOLYLINE
  5
8CF
330
2
100
AcDbEntity
  8
CS-RBAR-MAJR
100
AcDbPolyline
 90
        2
 70
     1
 43
22.5
 10
1348124.090339311
 20
-4965.314358940795
 42
1.0
 10
1348101.590339311
 20
-4965.314358940795
 42
1.0
  0
CIRCLE
  5
8D0
330
2
100
AcDbEntity
  8
CS-RBAR-MAJR
100
AcDbCircle
 10
1348112.840339311
 20
-4965.314358940795
 30
0.0
 40
22.5
  0
LWPOLYLINE
  5
8D1
330
2
100
AcDbEntity
  8
CS-RBAR-MAJR
100
AcDbPolyline
 90
        2
 70
     1
 43
22.5
 10
1348124.090339311
 20
-4840.314358940795
 42
1.0
 10
1348101.590339311
 20
-4840.314358940795
 42
1.0
  0
CIRCLE
  5
8D2
330
2
100
AcDbEntity
  8
CS-RBAR-MAJR
100
AcDbCircle
 10
1348112.840339311
 20
-4840.314358940795
 30
0.0
 40
22.5
  0
LWPOLYLINE
  5
8D3
330
2
100
AcDbEntity
  8
CS-RBAR-MAJR
100
AcDbPolyline
 90
        2
 70
     1
 43
22.5
 10
1348124.090339311
 20
-4715.314358940795
 42
1.0
 10
1348101.590339311
 20
-4715.314358940795
 42
1.0
  0
CIRCLE
  5
8D4
330
2
100
AcDbEntity
  8
CS-RBAR-MAJR
100
AcDbCircle
 10
1348112.840339311
 20
-4715.314358940795
 30
0.0
 40
22.5
  0
LWPOLYLINE
  5
8D5
330
2
100
AcDbEntity
  8
CS-RBAR-MAJR
100
AcDbPolyline
 90
        2
 70
     1
 43
22.5
 10
1348124.090339311
 20
-4590.314358940795
 42
1.0
 10
1348101.590339311
 20
-4590.314358940795
 42
1.0
  0
CIRCLE
  5
8D6
330
2
100
AcDbEntity
  8
CS-RBAR-MAJR
100
AcDbCircle
 10
1348112.840339311
 20
-4590.314358940795
 30
0.0
 40
22.5
  0
LWPOLYLINE
  5
8D7
330
2
100
AcDbEntity
  8
CS-RBAR-MAJR
100
AcDbPolyline
 90
        2
 70
     1
 43
22.5
 10
1348124.090339311
 20
-4465.314358940795
 42
1.0
 10
1348101.590339311
 20
-4465.314358940795
 42
1.0
  0
CIRCLE
  5
8D8
330
2
100
AcDbEntity
  8
CS-RBAR-MAJR
100
AcDbCircle
 10
1348112.840339311
 20
-4465.314358940795
 30
0.0
 40
22.5
  0
LWPOLYLINE
  5
8D9
330
2
100
AcDbEntity
  8
CS-RBAR-MAJR
100
AcDbPolyline
 90
        2
 70
     1
 43
22.5
 10
1348124.090339311
 20
-4340.314358940795
 42
1.0
 10
1348101.590339311
 20
-4340.314358940795
 42
1.0
  0
CIRCLE
  5
8DA
330
2
100
AcDbEntity
  8
CS-RBAR-MAJR
100
AcDbCircle
 10
1348112.840339311
 20
-4340.314358940795
 30
0.0
 40
22.5
  0
LWPOLYLINE
  5
8DB
330
2
100
AcDbEntity
  8
CS-RBAR-MAJR
100
AcDbPolyline
 90
        2
 70
     1
 43
22.5
 10
1348124.090339311
 20
-4215.314358940795
 42
1.0
 10
1348101.590339311
 20
-4215.314358940795
 42
1.0
  0
CIRCLE
  5
8DC
330
2
100
AcDbEntity
  8
CS-RBAR-MAJR
100
AcDbCircle
 10
1348112.840339311
 20
-4215.314358940795
 30
0.0
 40
22.5
  0
LWPOLYLINE
  5
8DD
330
2
100
AcDbEntity
  8
CS-MISC
 62
     1
100
AcDbPolyline
 90
        2
 70
     1
 43
27.5
 10
1348135.340339311
 20
-8801.115971203261
 42
1.0
 10
1348135.340339311
 20
-8828.615971203261
 42
1.0
  0
LWPOLYLINE
  5
8DE
330
2
100
AcDbEntity
  8
CS-MISC
 62
     1
100
AcDbPolyline
 90
        2
 70
     1
 43
27.5
 10
1355495.340339311
 20
-8801.115971203261
 42
1.0
 10
1355495.340339311
 20
-8828.615971203261
 42
1.0
  0
LWPOLYLINE
  5
8DF
330
2
100
AcDbEntity
  8
CS-MISC
 62
     1
100
AcDbPolyline
 90
        2
 70
     1
 43
27.5
 10
1355495.340339311
 20
-8801.115971203261
 42
1.0
 10
1355495.340339311
 20
-8828.615971203261
 42
1.0
  0
LWPOLYLINE
  5
8E0
330
2
100
AcDbEntity
  8
CS-MISC
 62
     1
100
AcDbPolyline
 90
        2
 70
     1
 43
27.5
 10
1348595.340339311
 20
-8801.115971203261
 42
1.0
 10
1348595.340339311
 20
-8828.615971203261
 42
1.0
  0
LWPOLYLINE
  5
8E1
330
2
100
AcDbEntity
  8
CS-MISC
 62
     1
100
AcDbPolyline
 90
        2
 70
     1
 43
27.5
 10
1348595.340339311
 20
-8801.115971203261
 42
1.0
 10
1348595.340339311
 20
-8828.615971203261
 42
1.0
  0
LWPOLYLINE
  5
8E2
330
2
100
AcDbEntity
  8
CS-MISC
 62
     1
100
AcDbPolyline
 90
        2
 70
     1
 43
27.5
 10
1348455.340339311
 20
-8801.115971203261
 42
1.0
 10
1348455.340339311
 20
-8828.615971203261
 42
1.0
  0
LWPOLYLINE
  5
8E3
330
2
100
AcDbEntity
  8
CS-MISC
 62
     1
100
AcDbPolyline
 90
        2
 70
     1
 43
27.5
 10
1348455.340339311
 20
-8801.115971203261
 42
1.0
 10
1348455.340339311
 20
-8828.615971203261
 42
1.0
  0
LWPOLYLINE
  5
8E4
330
2
100
AcDbEntity
  8
CS-MISC
 62
     1
100
AcDbPolyline
 90
        2
 70
     1
 43
27.5
 10
1348045.340339311
 20
-8801.115971203261
 42
1.0
 10
1348045.340339311
 20
-8828.615971203261
 42
1.0
  0
LWPOLYLINE
  5
8E5
330
2
100
AcDbEntity
  8
CS-MISC
 62
     1
100
AcDbPolyline
 90
        2
 70
     1
 43
27.5
 10
1356045.340339312
 20
-8301.115971203261
 42
1.0
 10
1356045.340339312
 20
-8328.615971203261
 42
1.0
  0
LWPOLYLINE
  5
8E6
330
2
100
AcDbEntity
  8
CS-MISC
 62
     1
100
AcDbPolyline
 90
        2
 70
     1
 43
27.5
 10
1348045.340339311
 20
-8301.115971203261
 42
1.0
 10
1348045.340339311
 20
-8328.615971203261
 42
1.0
  0
LWPOLYLINE
  5
8E7
330
2
100
AcDbEntity
  8
CS-MISC
 62
     1
100
AcDbPolyline
 90
        2
 70
     1
 43
27.5
 10
1356045.340339312
 20
-8801.115971203261
 42
1.0
 10
1356045.340339312
 20
-8828.615971203261
 42
1.0
  0
LWPOLYLINE
  5
8E8
330
2
100
AcDbEntity
  8
CS-MISC
 62
     1
100
AcDbPolyline
 90
        2
 70
     1
 43
27.5
 10
1356045.340339312
 20
-8801.115971203261
 42
1.0
 10
1356045.340339312
 20
-8828.615971203261
 42
1.0
  0
LWPOLYLINE
  5
8E9
330
2
100
AcDbEntity
  8
CS-MISC
 62
     1
100
AcDbPolyline
 90
        2
 70
     1
 43
27.5
 10
1355955.340339311
 20
-8801.115971203261
 42
1.0
 10
1355955.340339311
 20
-8828.615971203261
 42
1.0
  0
LWPOLYLINE
  5
8EA
330
2
100
AcDbEntity
  8
CS-MISC
 62
     1
100
AcDbPolyline
 90
        2
 70
     1
 43
27.5
 10
1355955.340339311
 20
-8801.115971203261
 42
1.0
 10
1355955.340339311
 20
-8828.615971203261
 42
1.0
  0
LWPOLYLINE
  5
8EB
330
2
100
AcDbEntity
  8
CS-MISC
 62
     1
100
AcDbPolyline
 90
        2
 70
     1
 43
27.5
 10
1355635.340339311
 20
-8801.115971203261
 42
1.0
 10
1355635.340339311
 20
-8828.615971203261
 42
1.0
  0
LWPOLYLINE
  5
8EC
330
2
100
AcDbEntity
  8
CS-MISC
 62
     1
100
AcDbPolyline
 90
        2
 70
     1
 43
27.5
 10
1355635.340339311
 20
-8801.115971203261
 42
1.0
 10
1355635.340339311
 20
-8828.615971203261
 42
1.0
  0
LWPOLYLINE
  5
8ED
330
2
100
AcDbEntity
  8
CS-MISC
 62
     1
100
AcDbPolyline
 90
        2
 70
     1
 43
27.5
 10
1348595.340339311
 20
-9301.115971203261
 42
1.0
 10
1348595.340339311
 20
-9328.615971203261
 42
1.0
  0
LWPOLYLINE
  5
8EE
330
2
100
AcDbEntity
  8
CS-MISC
 62
     1
100
AcDbPolyline
 90
        2
 70
     1
 43
27.5
 10
1348595.340339311
 20
-9301.115971203261
 42
1.0
 10
1348595.340339311
 20
-9328.615971203261
 42
1.0
  0
LWPOLYLINE
  5
8EF
330
2
100
AcDbEntity
  8
CS-MISC
 62
     1
100
AcDbPolyline
 90
        2
 70
     1
 43
27.5
 10
1348455.340339311
 20
-9301.115971203261
 42
1.0
 10
1348455.340339311
 20
-9328.615971203261
 42
1.0
  0
LWPOLYLINE
  5
8F0
330
2
100
AcDbEntity
  8
CS-MISC
 62
     1
100
AcDbPolyline
 90
        2
 70
     1
 43
27.5
 10
1348455.340339311
 20
-9301.115971203261
 42
1.0
 10
1348455.340339311
 20
-9328.615971203261
 42
1.0
  0
LWPOLYLINE
  5
8F1
330
2
100
AcDbEntity
  8
CS-MISC
 62
     1
100
AcDbPolyline
 90
        2
 70
     1
 43
27.5
 10
1348135.340339311
 20
-9301.115971203261
 42
1.0
 10
1348135.340339311
 20
-9328.615971203261
 42
1.0
  0
LWPOLYLINE
  5
8F2
330
2
100
AcDbEntity
  8
CS-MISC
 62
     1
100
AcDbPolyline
 90
        2
 70
     1
 43
27.5
 10
1348135.340339311
 20
-9301.115971203261
 42
1.0
 10
1348135.340339311
 20
-9328.615971203261
 42
1.0
  0
LWPOLYLINE
  5
8F3
330
2
100
AcDbEntity
  8
CS-MISC
 62
     1
100
AcDbPolyline
 90
        2
 70
     1
 43
27.5
 10
1348045.340339311
 20
-9301.115971203261
 42
1.0
 10
1348045.340339311
 20
-9328.615971203261
 42
1.0
  0
LWPOLYLINE
  5
8F4
330
2
100
AcDbEntity
  8
CS-MISC
 62
     1
100
AcDbPolyline
 90
        2
 70
     1
 43
27.5
 10
1348135.340339311
 20
-8801.115971203261
 42
1.0
 10
1348135.340339311
 20
-8828.615971203261
 42
1.0
  0
LWPOLYLINE
  5
8F5
330
2
100
AcDbEntity
  8
CS-MISC
 62
     1
100
AcDbPolyline
 90
        2
 70
     1
 43
27.5
 10
1356045.340339312
 20
-9301.115971203261
 42
1.0
 10
1356045.340339312
 20
-9328.615971203261
 42
1.0
  0
LWPOLYLINE
  5
8F6
330
2
100
AcDbEntity
  8
CS-MISC
 62
     1
100
AcDbPolyline
 90
        2
 70
     1
 43
27.5
 10
1355955.340339311
 20
-9301.115971203261
 42
1.0
 10
1355955.340339311
 20
-9328.615971203261
 42
1.0
  0
LWPOLYLINE
  5
8F7
330
2
100
AcDbEntity
  8
CS-MISC
 62
     1
100
AcDbPolyline
 90
        2
 70
     1
 43
27.5
 10
1355955.340339311
 20
-9301.115971203261
 42
1.0
 10
1355955.340339311
 20
-9328.615971203261
 42
1.0
  0
LWPOLYLINE
  5
8F8
330
2
100
AcDbEntity
  8
CS-MISC
 62
     1
100
AcDbPolyline
 90
        2
 70
     1
 43
27.5
 10
1355635.340339311
 20
-9301.115971203261
 42
1.0
 10
1355635.340339311
 20
-9328.615971203261
 42
1.0
  0
LWPOLYLINE
  5
8F9
330
2
100
AcDbEntity
  8
CS-MISC
 62
     1
100
AcDbPolyline
 90
        2
 70
     1
 43
27.5
 10
1355635.340339311
 20
-9301.115971203261
 42
1.0
 10
1355635.340339311
 20
-9328.615971203261
 42
1.0
  0
LWPOLYLINE
  5
8FA
330
2
100
AcDbEntity
  8
CS-MISC
 62
     1
100
AcDbPolyline
 90
        2
 70
     1
 43
27.5
 10
1355495.340339311
 20
-9301.115971203261
 42
1.0
 10
1355495.340339311
 20
-9328.615971203261
 42
1.0
  0
LWPOLYLINE
  5
8FB
330
2
100
AcDbEntity
  8
CS-MISC
 62
     1
100
AcDbPolyline
 90
        2
 70
     1
 43
27.5
 10
1348045.340339311
 20
-17351.11597120326
 42
1.0
 10
1348045.340339311
 20
-17378.61597120326
 42
1.0
  0
LWPOLYLINE
  5
8FC
330
2
100
AcDbEntity
  8
CS-MISC
 62
     1
100
AcDbPolyline
 90
        2
 70
     1
 43
27.5
 10
1356045.340339312
 20
-9301.115971203261
 42
1.0
 10
1356045.340339312
 20
-9328.615971203261
 42
1.0
  0
LWPOLYLINE
  5
8FD
330
2
100
AcDbEntity
  8
CS-MISC
 62
     1
100
AcDbPolyline
 90
        2
 70
     1
 43
27.5
 10
1355495.340339311
 20
-9301.115971203261
 42
1.0
 10
1355495.340339311
 20
-9328.615971203261
 42
1.0
  0
LWPOLYLINE
  5
8FE
330
2
100
AcDbEntity
  8
CS-MISC
 62
     1
100
AcDbPolyline
 90
        2
 70
     1
 43
27.5
 10
1355635.340339311
 20
-17351.11597120326
 42
1.0
 10
1355635.340339311
 20
-17378.61597120326
 42
1.0
  0
LWPOLYLINE
  5
8FF
330
2
100
AcDbEntity
  8
CS-MISC
 62
     1
100
AcDbPolyline
 90
        2
 70
     1
 43
27.5
 10
1355635.340339311
 20
-17351.11597120326
 42
1.0
 10
1355635.340339311
 20
-17378.61597120326
 42
1.0
  0
LWPOLYLINE
  5
900
330
2
100
AcDbEntity
  8
CS-MISC
 62
     1
100
AcDbPolyline
 90
        2
 70
     1
 43
27.5
 10
1355495.340339311
 20
-17351.11597120326
 42
1.0
 10
1355495.340339311
 20
-17378.61597120326
 42
1.0
  0
LWPOLYLINE
  5
901
330
2
100
AcDbEntity
  8
CS-MISC
 62
     1
100
AcDbPolyline
 90
        2
 70
     1
 43
27.5
 10
1355495.340339311
 20
-17351.11597120326
 42
1.0
 10
1355495.340339311
 20
-17378.61597120326
 42
1.0
  0
LWPOLYLINE
  5
902
330
2
100
AcDbEntity
  8
CS-MISC
 62
     1
100
AcDbPolyline
 90
        2
 70
     1
 43
27.5
 10
1348595.340339311
 20
-17351.11597120326
 42
1.0
 10
1348595.340339311
 20
-17378.61597120326
 42
1.0
  0
LWPOLYLINE
  5
903
330
2
100
AcDbEntity
  8
CS-MISC
 62
     1
100
AcDbPolyline
 90
        2
 70
     1
 43
27.5
 10
1348595.340339311
 20
-17351.11597120326
 42
1.0
 10
1348595.340339311
 20
-17378.61597120326
 42
1.0
  0
LWPOLYLINE
  5
904
330
2
100
AcDbEntity
  8
CS-MISC
 62
     1
100
AcDbPolyline
 90
        2
 70
     1
 43
27.5
 10
1348455.340339311
 20
-17351.11597120326
 42
1.0
 10
1348455.340339311
 20
-17378.61597120326
 42
1.0
  0
LWPOLYLINE
  5
905
330
2
100
AcDbEntity
  8
CS-MISC
 62
     1
100
AcDbPolyline
 90
        2
 70
     1
 43
27.5
 10
1348455.340339311
 20
-17351.11597120326
 42
1.0
 10
1348455.340339311
 20
-17378.61597120326
 42
1.0
  0
LWPOLYLINE
  5
906
330
2
100
AcDbEntity
  8
CS-MISC
 62
     1
100
AcDbPolyline
 90
        2
 70
     1
 43
27.5
 10
1348135.340339311
 20
-17351.11597120326
 42
1.0
 10
1348135.340339311
 20
-17378.61597120326
 42
1.0
  0
LWPOLYLINE
  5
907
330
2
100
AcDbEntity
  8
CS-MISC
 62
     1
100
AcDbPolyline
 90
        2
 70
     1
 43
27.5
 10
1348135.340339311
 20
-17351.11597120326
 42
1.0
 10
1348135.340339311
 20
-17378.61597120326
 42
1.0
  0
LWPOLYLINE
  5
908
330
2
100
AcDbEntity
  8
CS-MISC
 62
     1
100
AcDbPolyline
 90
        2
 70
     1
 43
27.5
 10
1356045.340339312
 20
-17351.11597120326
 42
1.0
 10
1356045.340339312
 20
-17378.61597120326
 42
1.0
  0
LWPOLYLINE
  5
909
330
2
100
AcDbEntity
  8
CS-MISC
 62
     1
100
AcDbPolyline
 90
        2
 70
     1
 43
27.5
 10
1356045.340339312
 20
-17351.11597120326
 42
1.0
 10
1356045.340339312
 20
-17378.61597120326
 42
1.0
  0
LWPOLYLINE
  5
90A
330
2
100
AcDbEntity
  8
CS-MISC
 62
     1
100
AcDbPolyline
 90
        2
 70
     1
 43
27.5
 10
1355955.340339311
 20
-17351.11597120326
 42
1.0
 10
1355955.340339311
 20
-17378.61597120326
 42
1.0
  0
LWPOLYLINE
  5
90B
330
2
100
AcDbEntity
  8
CS-MISC
 62
     1
100
AcDbPolyline
 90
        2
 70
     1
 43
27.5
 10
1355955.340339311
 20
-17351.11597120326
 42
1.0
 10
1355955.340339311
 20
-17378.61597120326
 42
1.0
  0
LWPOLYLINE
  5
90C
330
2
100
AcDbEntity
  8
CS-MISC
 62
     1
100
AcDbPolyline
 90
        2
 70
     1
 43
27.5
 10
1348135.340339311
 20
-17851.11597120326
 42
1.0
 10
1348135.340339311
 20
-17878.61597120326
 42
1.0
  0
LWPOLYLINE
  5
90D
330
2
100
AcDbEntity
  8
CS-MISC
 62
     1
100
AcDbPolyline
 90
        2
 70
     1
 43
27.5
 10
1348135.340339311
 20
-17851.11597120326
 42
1.0
 10
1348135.340339311
 20
-17878.61597120326
 42
1.0
  0
LWPOLYLINE
  5
90E
330
2
100
AcDbEntity
  8
CS-MISC
 62
     1
100
AcDbPolyline
 90
        2
 70
     1
 43
27.5
 10
1348045.340339311
 20
-17851.11597120326
 42
1.0
 10
1348045.340339311
 20
-17878.61597120326
 42
1.0
  0
LWPOLYLINE
  5
90F
330
2
100
AcDbEntity
  8
CS-MISC
 62
     1
100
AcDbPolyline
 90
        2
 70
     1
 43
27.5
 10
1346545.340339311
 20
-16261.11597120326
 42
1.0
 10
1346545.340339311
 20
-16288.61597120326
 42
1.0
  0
LWPOLYLINE
  5
910
330
2
100
AcDbEntity
  8
CS-MISC
 62
     1
100
AcDbPolyline
 90
        2
 70
     1
 43
27.5
 10
1346545.340339311
 20
-16261.11597120326
 42
1.0
 10
1346545.340339311
 20
-16288.61597120326
 42
1.0
  0
LWPOLYLINE
  5
911
330
2
100
AcDbEntity
  8
CS-MISC
 62
     1
100
AcDbPolyline
 90
        2
 70
     1
 43
27.5
 10
1346545.340339311
 20
-16351.11597120326
 42
1.0
 10
1346545.340339311
 20
-16378.61597120326
 42
1.0
  0
LWPOLYLINE
  5
912
330
2
100
AcDbEntity
  8
CS-MISC
 62
     1
100
AcDbPolyline
 90
        2
 70
     1
 43
27.5
 10
1356045.340339312
 20
-18351.11597120326
 42
1.0
 10
1356045.340339312
 20
-18378.61597120326
 42
1.0
  0
LWPOLYLINE
  5
913
330
2
100
AcDbEntity
  8
CS-MISC
 62
     1
100
AcDbPolyline
 90
        2
 70
     1
 43
27.5
 10
1348045.340339311
 20
-18351.11597120326
 42
1.0
 10
1348045.340339311
 20
-18378.61597120326
 42
1.0
  0
LWPOLYLINE
  5
914
330
2
100
AcDbEntity
  8
CS-MISC
 62
     1
100
AcDbPolyline
 90
        2
 70
     1
 43
27.5
 10
1356045.340339312
 20
-17851.11597120326
 42
1.0
 10
1356045.340339312
 20
-17878.61597120326
 42
1.0
  0
LWPOLYLINE
  5
915
330
2
100
AcDbEntity
  8
CS-MISC
 62
     1
100
AcDbPolyline
 90
        2
 70
     1
 43
27.5
 10
1348595.340339311
 20
-17851.11597120326
 42
1.0
 10
1348595.340339311
 20
-17878.61597120326
 42
1.0
  0
LWPOLYLINE
  5
916
330
2
100
AcDbEntity
  8
CS-MISC
 62
     1
100
AcDbPolyline
 90
        2
 70
     1
 43
27.5
 10
1348595.340339311
 20
-17851.11597120326
 42
1.0
 10
1348595.340339311
 20
-17878.61597120326
 42
1.0
  0
LWPOLYLINE
  5
917
330
2
100
AcDbEntity
  8
CS-MISC
 62
     1
100
AcDbPolyline
 90
        2
 70
     1
 43
27.5
 10
1348455.340339311
 20
-17851.11597120326
 42
1.0
 10
1348455.340339311
 20
-17878.61597120326
 42
1.0
  0
LWPOLYLINE
  5
918
330
2
100
AcDbEntity
  8
CS-MISC
 62
     1
100
AcDbPolyline
 90
        2
 70
     1
 43
27.5
 10
1348455.340339311
 20
-17851.11597120326
 42
1.0
 10
1348455.340339311
 20
-17878.61597120326
 42
1.0
  0
LWPOLYLINE
  5
919
330
2
100
AcDbEntity
  8
CS-MISC
 62
     1
100
AcDbPolyline
 90
        2
 70
     1
 43
27.5
 10
1346545.340339311
 20
-11101.11597120326
 42
1.0
 10
1346545.340339311
 20
-11128.61597120326
 42
1.0
  0
LWPOLYLINE
  5
91A
330
2
100
AcDbEntity
  8
CS-MISC
 62
     1
100
AcDbPolyline
 90
        2
 70
     1
 43
27.5
 10
1346545.340339311
 20
-15501.11597120326
 42
1.0
 10
1346545.340339311
 20
-15528.61597120326
 42
1.0
  0
LWPOLYLINE
  5
91B
330
2
100
AcDbEntity
  8
CS-MISC
 62
     1
100
AcDbPolyline
 90
        2
 70
     1
 43
27.5
 10
1346545.340339311
 20
-15501.11597120326
 42
1.0
 10
1346545.340339311
 20
-15528.61597120326
 42
1.0
  0
LWPOLYLINE
  5
91C
330
2
100
AcDbEntity
  8
CS-MISC
 62
     1
100
AcDbPolyline
 90
        2
 70
     1
 43
27.5
 10
1346545.340339311
 20
-15651.11597120326
 42
1.0
 10
1346545.340339311
 20
-15678.61597120326
 42
1.0
  0
LWPOLYLINE
  5
91D
330
2
100
AcDbEntity
  8
CS-MISC
 62
     1
100
AcDbPolyline
 90
        2
 70
     1
 43
27.5
 10
1346545.340339311
 20
-15651.11597120326
 42
1.0
 10
1346545.340339311
 20
-15678.61597120326
 42
1.0
  0
LWPOLYLINE
  5
91E
330
2
100
AcDbEntity
  8
CS-MISC
 62
     1
100
AcDbPolyline
 90
        2
 70
     1
 43
27.5
 10
1355495.340339311
 20
-17851.11597120326
 42
1.0
 10
1355495.340339311
 20
-17878.61597120326
 42
1.0
  0
LWPOLYLINE
  5
91F
330
2
100
AcDbEntity
  8
CS-MISC
 62
     1
100
AcDbPolyline
 90
        2
 70
     1
 43
27.5
 10
1346545.340339311
 20
-10301.11597120326
 42
1.0
 10
1346545.340339311
 20
-10328.61597120326
 42
1.0
  0
LWPOLYLINE
  5
920
330
2
100
AcDbEntity
  8
CS-MISC
 62
     1
100
AcDbPolyline
 90
        2
 70
     1
 43
27.5
 10
1346545.340339311
 20
-10301.11597120326
 42
1.0
 10
1346545.340339311
 20
-10328.61597120326
 42
1.0
  0
LWPOLYLINE
  5
921
330
2
100
AcDbEntity
  8
CS-MISC
 62
     1
100
AcDbPolyline
 90
        2
 70
     1
 43
27.5
 10
1346545.340339311
 20
-10391.11597120326
 42
1.0
 10
1346545.340339311
 20
-10418.61597120326
 42
1.0
  0
LWPOLYLINE
  5
922
330
2
100
AcDbEntity
  8
CS-MISC
 62
     1
100
AcDbPolyline
 90
        2
 70
     1
 43
27.5
 10
1346545.340339311
 20
-10391.11597120326
 42
1.0
 10
1346545.340339311
 20
-10418.61597120326
 42
1.0
  0
LWPOLYLINE
  5
923
330
2
100
AcDbEntity
  8
CS-MISC
 62
     1
100
AcDbPolyline
 90
        2
 70
     1
 43
27.5
 10
1346545.340339311
 20
-10951.11597120326
 42
1.0
 10
1346545.340339311
 20
-10978.61597120326
 42
1.0
  0
LWPOLYLINE
  5
924
330
2
100
AcDbEntity
  8
CS-MISC
 62
     1
100
AcDbPolyline
 90
        2
 70
     1
 43
27.5
 10
1346545.340339311
 20
-10951.11597120326
 42
1.0
 10
1346545.340339311
 20
-10978.61597120326
 42
1.0
  0
LWPOLYLINE
  5
925
330
2
100
AcDbEntity
  8
CS-MISC
 62
     1
100
AcDbPolyline
 90
        2
 70
     1
 43
27.5
 10
1346545.340339311
 20
-11101.11597120326
 42
1.0
 10
1346545.340339311
 20
-11128.61597120326
 42
1.0
  0
LWPOLYLINE
  5
926
330
2
100
AcDbEntity
  8
CS-MISC
 62
     1
100
AcDbPolyline
 90
        2
 70
     1
 43
27.5
 10
1346045.340339312
 20
-16351.11597120326
 42
1.0
 10
1346045.340339312
 20
-16378.61597120326
 42
1.0
  0
LWPOLYLINE
  5
927
330
2
100
AcDbEntity
  8
CS-MISC
 62
     1
100
AcDbPolyline
 90
        2
 70
     1
 43
27.5
 10
1355495.340339311
 20
-17851.11597120326
 42
1.0
 10
1355495.340339311
 20
-17878.61597120326
 42
1.0
  0
LWPOLYLINE
  5
928
330
2
100
AcDbEntity
  8
CS-MISC
 62
     1
100
AcDbPolyline
 90
        2
 70
     1
 43
27.5
 10
1346045.340339312
 20
-11101.11597120326
 42
1.0
 10
1346045.340339312
 20
-11128.61597120326
 42
1.0
  0
LWPOLYLINE
  5
929
330
2
100
AcDbEntity
  8
CS-MISC
 62
     1
100
AcDbPolyline
 90
        2
 70
     1
 43
27.5
 10
1346045.340339312
 20
-11101.11597120326
 42
1.0
 10
1346045.340339312
 20
-11128.61597120326
 42
1.0
  0
LWPOLYLINE
  5
92A
330
2
100
AcDbEntity
  8
CS-MISC
 62
     1
100
AcDbPolyline
 90
        2
 70
     1
 43
27.5
 10
1346045.340339312
 20
-15501.11597120326
 42
1.0
 10
1346045.340339312
 20
-15528.61597120326
 42
1.0
  0
LWPOLYLINE
  5
92B
330
2
100
AcDbEntity
  8
CS-MISC
 62
     1
100
AcDbPolyline
 90
        2
 70
     1
 43
27.5
 10
1346045.340339312
 20
-15501.11597120326
 42
1.0
 10
1346045.340339312
 20
-15528.61597120326
 42
1.0
  0
LWPOLYLINE
  5
92C
330
2
100
AcDbEntity
  8
CS-MISC
 62
     1
100
AcDbPolyline
 90
        2
 70
     1
 43
27.5
 10
1346045.340339312
 20
-15651.11597120326
 42
1.0
 10
1346045.340339312
 20
-15678.61597120326
 42
1.0
  0
LWPOLYLINE
  5
92D
330
2
100
AcDbEntity
  8
CS-MISC
 62
     1
100
AcDbPolyline
 90
        2
 70
     1
 43
27.5
 10
1346045.340339312
 20
-15651.11597120326
 42
1.0
 10
1346045.340339312
 20
-15678.61597120326
 42
1.0
  0
LWPOLYLINE
  5
92E
330
2
100
AcDbEntity
  8
CS-MISC
 62
     1
100
AcDbPolyline
 90
        2
 70
     1
 43
27.5
 10
1346045.340339312
 20
-16261.11597120326
 42
1.0
 10
1346045.340339312
 20
-16288.61597120326
 42
1.0
  0
LWPOLYLINE
  5
92F
330
2
100
AcDbEntity
  8
CS-MISC
 62
     1
100
AcDbPolyline
 90
        2
 70
     1
 43
27.5
 10
1346045.340339312
 20
-16261.11597120326
 42
1.0
 10
1346045.340339312
 20
-16288.61597120326
 42
1.0
  0
LWPOLYLINE
  5
930
330
2
100
AcDbEntity
  8
CS-MISC
 62
     1
100
AcDbPolyline
 90
        2
 70
     1
 43
27.5
 10
1355635.340339311
 20
-17851.11597120326
 42
1.0
 10
1355635.340339311
 20
-17878.61597120326
 42
1.0
  0
LWPOLYLINE
  5
931
330
2
100
AcDbEntity
  8
CS-MISC
 62
     1
100
AcDbPolyline
 90
        2
 70
     1
 43
27.5
 10
1345545.340339311
 20
-16351.11597120326
 42
1.0
 10
1345545.340339311
 20
-16378.61597120326
 42
1.0
  0
LWPOLYLINE
  5
932
330
2
100
AcDbEntity
  8
CS-MISC
 62
     1
100
AcDbPolyline
 90
        2
 70
     1
 43
27.5
 10
1346045.340339312
 20
-10301.11597120326
 42
1.0
 10
1346045.340339312
 20
-10328.61597120326
 42
1.0
  0
LWPOLYLINE
  5
933
330
2
100
AcDbEntity
  8
CS-MISC
 62
     1
100
AcDbPolyline
 90
        2
 70
     1
 43
27.5
 10
1346045.340339312
 20
-10301.11597120326
 42
1.0
 10
1346045.340339312
 20
-10328.61597120326
 42
1.0
  0
LWPOLYLINE
  5
934
330
2
100
AcDbEntity
  8
CS-MISC
 62
     1
100
AcDbPolyline
 90
        2
 70
     1
 43
27.5
 10
1346045.340339312
 20
-10391.11597120326
 42
1.0
 10
1346045.340339312
 20
-10418.61597120326
 42
1.0
  0
LWPOLYLINE
  5
935
330
2
100
AcDbEntity
  8
CS-MISC
 62
     1
100
AcDbPolyline
 90
        2
 70
     1
 43
27.5
 10
1346045.340339312
 20
-10391.11597120326
 42
1.0
 10
1346045.340339312
 20
-10418.61597120326
 42
1.0
  0
LWPOLYLINE
  5
936
330
2
100
AcDbEntity
  8
CS-MISC
 62
     1
100
AcDbPolyline
 90
        2
 70
     1
 43
27.5
 10
1346045.340339312
 20
-10951.11597120326
 42
1.0
 10
1346045.340339312
 20
-10978.61597120326
 42
1.0
  0
LWPOLYLINE
  5
937
330
2
100
AcDbEntity
  8
CS-MISC
 62
     1
100
AcDbPolyline
 90
        2
 70
     1
 43
27.5
 10
1346045.340339312
 20
-10951.11597120326
 42
1.0
 10
1346045.340339312
 20
-10978.61597120326
 42
1.0
  0
LWPOLYLINE
  5
938
330
2
100
AcDbEntity
  8
CS-MISC
 62
     1
100
AcDbPolyline
 90
        2
 70
     1
 43
27.5
 10
1355635.340339311
 20
-17851.11597120326
 42
1.0
 10
1355635.340339311
 20
-17878.61597120326
 42
1.0
  0
LWPOLYLINE
  5
939
330
2
100
AcDbEntity
  8
CS-MISC
 62
     1
100
AcDbPolyline
 90
        2
 70
     1
 43
27.5
 10
1357545.340339312
 20
-11101.11597120326
 42
1.0
 10
1357545.340339312
 20
-11128.61597120326
 42
1.0
  0
LWPOLYLINE
  5
93A
330
2
100
AcDbEntity
  8
CS-MISC
 62
     1
100
AcDbPolyline
 90
        2
 70
     1
 43
27.5
 10
1357545.340339312
 20
-15501.11597120326
 42
1.0
 10
1357545.340339312
 20
-15528.61597120326
 42
1.0
  0
LWPOLYLINE
  5
93B
330
2
100
AcDbEntity
  8
CS-MISC
 62
     1
100
AcDbPolyline
 90
        2
 70
     1
 43
27.5
 10
1357545.340339312
 20
-15501.11597120326
 42
1.0
 10
1357545.340339312
 20
-15528.61597120326
 42
1.0
  0
LWPOLYLINE
  5
93C
330
2
100
AcDbEntity
  8
CS-MISC
 62
     1
100
AcDbPolyline
 90
        2
 70
     1
 43
27.5
 10
1357545.340339312
 20
-15651.11597120326
 42
1.0
 10
1357545.340339312
 20
-15678.61597120326
 42
1.0
  0
LWPOLYLINE
  5
93D
330
2
100
AcDbEntity
  8
CS-MISC
 62
     1
100
AcDbPolyline
 90
        2
 70
     1
 43
27.5
 10
1357545.340339312
 20
-15651.11597120326
 42
1.0
 10
1357545.340339312
 20
-15678.61597120326
 42
1.0
  0
LWPOLYLINE
  5
93E
330
2
100
AcDbEntity
  8
CS-MISC
 62
     1
100
AcDbPolyline
 90
        2
 70
     1
 43
27.5
 10
1357545.340339312
 20
-16261.11597120326
 42
1.0
 10
1357545.340339312
 20
-16288.61597120326
 42
1.0
  0
LWPOLYLINE
  5
93F
330
2
100
AcDbEntity
  8
CS-MISC
 62
     1
100
AcDbPolyline
 90
        2
 70
     1
 43
27.5
 10
1357545.340339312
 20
-16261.11597120326
 42
1.0
 10
1357545.340339312
 20
-16288.61597120326
 42
1.0
  0
LWPOLYLINE
  5
940
330
2
100
AcDbEntity
  8
CS-MISC
 62
     1
100
AcDbPolyline
 90
        2
 70
     1
 43
27.5
 10
1357545.340339312
 20
-16351.11597120326
 42
1.0
 10
1357545.340339312
 20
-16378.61597120326
 42
1.0
  0
LWPOLYLINE
  5
941
330
2
100
AcDbEntity
  8
CS-MISC
 62
     1
100
AcDbPolyline
 90
        2
 70
     1
 43
27.5
 10
1345545.340339311
 20
-10301.11597120326
 42
1.0
 10
1345545.340339311
 20
-10328.61597120326
 42
1.0
  0
LWPOLYLINE
  5
942
330
2
100
AcDbEntity
  8
CS-MISC
 62
     1
100
AcDbPolyline
 90
        2
 70
     1
 43
27.5
 10
1357545.340339312
 20
-10301.11597120326
 42
1.0
 10
1357545.340339312
 20
-10328.61597120326
 42
1.0
  0
LWPOLYLINE
  5
943
330
2
100
AcDbEntity
  8
CS-MISC
 62
     1
100
AcDbPolyline
 90
        2
 70
     1
 43
27.5
 10
1357545.340339312
 20
-10301.11597120326
 42
1.0
 10
1357545.340339312
 20
-10328.61597120326
 42
1.0
  0
LWPOLYLINE
  5
944
330
2
100
AcDbEntity
  8
CS-MISC
 62
     1
100
AcDbPolyline
 90
        2
 70
     1
 43
27.5
 10
1357545.340339312
 20
-10391.11597120326
 42
1.0
 10
1357545.340339312
 20
-10418.61597120326
 42
1.0
  0
LWPOLYLINE
  5
945
330
2
100
AcDbEntity
  8
CS-MISC
 62
     1
100
AcDbPolyline
 90
        2
 70
     1
 43
27.5
 10
1357545.340339312
 20
-10391.11597120326
 42
1.0
 10
1357545.340339312
 20
-10418.61597120326
 42
1.0
  0
LWPOLYLINE
  5
946
330
2
100
AcDbEntity
  8
CS-MISC
 62
     1
100
AcDbPolyline
 90
        2
 70
     1
 43
27.5
 10
1357545.340339312
 20
-10951.11597120326
 42
1.0
 10
1357545.340339312
 20
-10978.61597120326
 42
1.0
  0
LWPOLYLINE
  5
947
330
2
100
AcDbEntity
  8
CS-MISC
 62
     1
100
AcDbPolyline
 90
        2
 70
     1
 43
27.5
 10
1357545.340339312
 20
-10951.11597120326
 42
1.0
 10
1357545.340339312
 20
-10978.61597120326
 42
1.0
  0
LWPOLYLINE
  5
948
330
2
100
AcDbEntity
  8
CS-MISC
 62
     1
100
AcDbPolyline
 90
        2
 70
     1
 43
27.5
 10
1357545.340339312
 20
-11101.11597120326
 42
1.0
 10
1357545.340339312
 20
-11128.61597120326
 42
1.0
  0
LWPOLYLINE
  5
949
330
2
100
AcDbEntity
  8
CS-MISC
 62
     1
100
AcDbPolyline
 90
        2
 70
     1
 43
27.5
 10
1355955.340339311
 20
-17851.11597120326
 42
1.0
 10
1355955.340339311
 20
-17878.61597120326
 42
1.0
  0
LWPOLYLINE
  5
94A
330
2
100
AcDbEntity
  8
CS-MISC
 62
     1
100
AcDbPolyline
 90
        2
 70
     1
 43
27.5
 10
1358045.340339311
 20
-10951.11597120326
 42
1.0
 10
1358045.340339311
 20
-10978.61597120326
 42
1.0
  0
LWPOLYLINE
  5
94B
330
2
100
AcDbEntity
  8
CS-MISC
 62
     1
100
AcDbPolyline
 90
        2
 70
     1
 43
27.5
 10
1358045.340339311
 20
-11101.11597120326
 42
1.0
 10
1358045.340339311
 20
-11128.61597120326
 42
1.0
  0
LWPOLYLINE
  5
94C
330
2
100
AcDbEntity
  8
CS-MISC
 62
     1
100
AcDbPolyline
 90
        2
 70
     1
 43
27.5
 10
1358045.340339311
 20
-11101.11597120326
 42
1.0
 10
1358045.340339311
 20
-11128.61597120326
 42
1.0
  0
LWPOLYLINE
  5
94D
330
2
100
AcDbEntity
  8
CS-MISC
 62
     1
100
AcDbPolyline
 90
        2
 70
     1
 43
27.5
 10
1358045.340339311
 20
-15501.11597120326
 42
1.0
 10
1358045.340339311
 20
-15528.61597120326
 42
1.0
  0
LWPOLYLINE
  5
94E
330
2
100
AcDbEntity
  8
CS-MISC
 62
     1
100
AcDbPolyline
 90
        2
 70
     1
 43
27.5
 10
1358045.340339311
 20
-15501.11597120326
 42
1.0
 10
1358045.340339311
 20
-15528.61597120326
 42
1.0
  0
LWPOLYLINE
  5
94F
330
2
100
AcDbEntity
  8
CS-MISC
 62
     1
100
AcDbPolyline
 90
        2
 70
     1
 43
27.5
 10
1358045.340339311
 20
-15651.11597120326
 42
1.0
 10
1358045.340339311
 20
-15678.61597120326
 42
1.0
  0
LWPOLYLINE
  5
950
330
2
100
AcDbEntity
  8
CS-MISC
 62
     1
100
AcDbPolyline
 90
        2
 70
     1
 43
27.5
 10
1358045.340339311
 20
-15651.11597120326
 42
1.0
 10
1358045.340339311
 20
-15678.61597120326
 42
1.0
  0
LWPOLYLINE
  5
951
330
2
100
AcDbEntity
  8
CS-MISC
 62
     1
100
AcDbPolyline
 90
        2
 70
     1
 43
27.5
 10
1358045.340339311
 20
-16261.11597120326
 42
1.0
 10
1358045.340339311
 20
-16288.61597120326
 42
1.0
  0
LWPOLYLINE
  5
952
330
2
100
AcDbEntity
  8
CS-MISC
 62
     1
100
AcDbPolyline
 90
        2
 70
     1
 43
27.5
 10
1358045.340339311
 20
-16261.11597120326
 42
1.0
 10
1358045.340339311
 20
-16288.61597120326
 42
1.0
  0
LWPOLYLINE
  5
953
330
2
100
AcDbEntity
  8
CS-MISC
 62
     1
100
AcDbPolyline
 90
        2
 70
     1
 43
27.5
 10
1358045.340339311
 20
-16351.11597120326
 42
1.0
 10
1358045.340339311
 20
-16378.61597120326
 42
1.0
  0
LWPOLYLINE
  5
954
330
2
100
AcDbEntity
  8
CS-MISC
 62
     1
100
AcDbPolyline
 90
        2
 70
     1
 43
27.5
 10
1358545.340339311
 20
-10301.11597120326
 42
1.0
 10
1358545.340339311
 20
-10328.61597120326
 42
1.0
  0
LWPOLYLINE
  5
955
330
2
100
AcDbEntity
  8
CS-MISC
 62
     1
100
AcDbPolyline
 90
        2
 70
     1
 43
27.5
 10
1358545.340339311
 20
-16351.11597120326
 42
1.0
 10
1358545.340339311
 20
-16378.61597120326
 42
1.0
  0
LWPOLYLINE
  5
956
330
2
100
AcDbEntity
  8
CS-MISC
 62
     1
100
AcDbPolyline
 90
        2
 70
     1
 43
27.5
 10
1358045.340339311
 20
-10301.11597120326
 42
1.0
 10
1358045.340339311
 20
-10328.61597120326
 42
1.0
  0
LWPOLYLINE
  5
957
330
2
100
AcDbEntity
  8
CS-MISC
 62
     1
100
AcDbPolyline
 90
        2
 70
     1
 43
27.5
 10
1358045.340339311
 20
-10301.11597120326
 42
1.0
 10
1358045.340339311
 20
-10328.61597120326
 42
1.0
  0
LWPOLYLINE
  5
958
330
2
100
AcDbEntity
  8
CS-MISC
 62
     1
100
AcDbPolyline
 90
        2
 70
     1
 43
27.5
 10
1358045.340339311
 20
-10391.11597120326
 42
1.0
 10
1358045.340339311
 20
-10418.61597120326
 42
1.0
  0
LWPOLYLINE
  5
959
330
2
100
AcDbEntity
  8
CS-MISC
 62
     1
100
AcDbPolyline
 90
        2
 70
     1
 43
27.5
 10
1358045.340339311
 20
-10391.11597120326
 42
1.0
 10
1358045.340339311
 20
-10418.61597120326
 42
1.0
  0
LWPOLYLINE
  5
95A
330
2
100
AcDbEntity
  8
CS-MISC
 62
     1
100
AcDbPolyline
 90
        2
 70
     1
 43
27.5
 10
1358045.340339311
 20
-10951.11597120326
 42
1.0
 10
1358045.340339311
 20
-10978.61597120326
 42
1.0
  0
LWPOLYLINE
  5
95B
330
2
100
AcDbEntity
  8
CS-MISC
 62
     1
100
AcDbPolyline
 90
        2
 70
     1
 43
27.5
 10
1356045.340339312
 20
-17851.11597120326
 42
1.0
 10
1356045.340339312
 20
-17878.61597120326
 42
1.0
  0
LWPOLYLINE
  5
95C
330
2
100
AcDbEntity
  8
CS-MISC
 62
     1
100
AcDbPolyline
 90
        2
 70
     1
 43
27.5
 10
1355955.340339311
 20
-17851.11597120326
 42
1.0
 10
1355955.340339311
 20
-17878.61597120326
 42
1.0
  0
CIRCLE
  5
95D
330
2
100
AcDbEntity
  8
CS-SYMB-LIN3
100
AcDbCircle
 10
1354395.340339312
 20
-13204.86597120326
 30
0.0
 40
200.0
  0
LINE
  5
95E
330
2
100
AcDbEntity
  8
CS-SYMB-LIN3
100
AcDbLine
 10
1354145.340339311
 20
-13414.86597120326
 30
0.0
 11
1355145.340339311
 21
-13414.86597120326
 31
0.0
  0
LINE
  5
95F
330
2
100
AcDbEntity
  8
CS-MISC
100
AcDbLine
 10
1355751.146239311
 20
-11359.06022120326
 30
0.0
 11
1355839.534439311
 21
-11270.67187120326
 31
0.0
  0
LINE
  5
960
330
2
100
AcDbEntity
  8
CS-MISC
100
AcDbLine
 10
1355751.146239311
 20
-11959.06022120326
 30
0.0
 11
1355839.534439311
 21
-11870.67187120326
 31
0.0
  0
LINE
  5
961
330
2
100
AcDbEntity
  8
CS-MISC
100
AcDbLine
 10
1355751.146239311
 20
-12559.06022120326
 30
0.0
 11
1355839.534439311
 21
-12470.67187120326
 31
0.0
  0
LINE
  5
962
330
2
100
AcDbEntity
  8
CS-MISC
100
AcDbLine
 10
1355751.146239311
 20
-13159.06022120326
 30
0.0
 11
1355839.534439311
 21
-13070.67187120326
 31
0.0
  0
LINE
  5
963
330
2
100
AcDbEntity
  8
CS-MISC
100
AcDbLine
 10
1355751.146239311
 20
-13759.06022120326
 30
0.0
 11
1355839.534439311
 21
-13670.67187120326
 31
0.0
  0
LINE
  5
964
330
2
100
AcDbEntity
  8
CS-MISC
100
AcDbLine
 10
1355751.146239311
 20
-14359.06022120326
 30
0.0
 11
1355839.534439311
 21
-14270.67187120326
 31
0.0
  0
LINE
  5
965
330
2
100
AcDbEntity
  8
CS-MISC
100
AcDbLine
 10
1355751.146239311
 20
-14959.06022120326
 30
0.0
 11
1355839.534439311
 21
-14870.67187120326
 31
0.0
  0
LINE
  5
966
330
2
100
AcDbEntity
  8
CS-MISC
100
AcDbLine
 10
1355751.146239311
 20
-15559.06022120326
 30
0.0
 11
1355839.534439311
 21
-15470.67187120326
 31
0.0
  0
CIRCLE
  5
967
330
2
100
AcDbEntity
  8
CS-SYMB-LIN3
100
AcDbCircle
 10
1349195.340339311
 20
-13204.86597120326
 30
0.0
 40
200.0
  0
LINE
  5
968
330
2
100
AcDbEntity
  8
CS-SYMB-LIN3
100
AcDbLine
 10
1348945.340339311
 20
-13414.86597120326
 30
0.0
 11
1349945.340339311
 21
-13414.86597120326
 31
0.0
  0
LINE
  5
969
330
2
100
AcDbEntity
  8
CS-MISC
100
AcDbLine
 10
1348339.534439311
 20
-11270.67172120326
 30
0.0
 11
1348251.146239311
 21
-11359.06007120326
 31
0.0
  0
LINE
  5
96A
330
2
100
AcDbEntity
  8
CS-MISC
100
AcDbLine
 10
1348339.534439311
 20
-11870.67172120326
 30
0.0
 11
1348251.146239311
 21
-11959.06007120326
 31
0.0
  0
LINE
  5
96B
330
2
100
AcDbEntity
  8
CS-MISC
100
AcDbLine
 10
1348339.534439311
 20
-12470.67172120326
 30
0.0
 11
1348251.146239311
 21
-12559.06007120326
 31
0.0
  0
LINE
  5
96C
330
2
100
AcDbEntity
  8
CS-MISC
100
AcDbLine
 10
1348339.534439311
 20
-13070.67172120326
 30
0.0
 11
1348251.146239311
 21
-13159.06007120326
 31
0.0
  0
LINE
  5
96D
330
2
100
AcDbEntity
  8
CS-MISC
100
AcDbLine
 10
1348339.534439311
 20
-13670.67172120326
 30
0.0
 11
1348251.146239311
 21
-13759.06007120326
 31
0.0
  0
LINE
  5
96E
330
2
100
AcDbEntity
  8
CS-MISC
100
AcDbLine
 10
1348339.534439311
 20
-14270.67172120326
 30
0.0
 11
1348251.146239311
 21
-14359.06007120326
 31
0.0
  0
LINE
  5
96F
330
2
100
AcDbEntity
  8
CS-MISC
100
AcDbLine
 10
1348339.534439311
 20
-14870.67172120326
 30
0.0
 11
1348251.146239311
 21
-14959.06007120326
 31
0.0
  0
LINE
  5
970
330
2
100
AcDbEntity
  8
CS-MISC
100
AcDbLine
 10
1348339.534439311
 20
-15470.67172120326
 30
0.0
 11
1348251.146239311
 21
-15559.06007120326
 31
0.0
  0
CIRCLE
  5
971
330
2
100
AcDbEntity
  8
CS-SYMB-LIN3
100
AcDbCircle
 10
1353682.698552256
 20
-16954.86597120326
 30
0.0
 40
200.0
  0
LINE
  5
972
330
2
100
AcDbEntity
  8
CS-SYMB-LIN3
100
AcDbLine
 10
1353432.698552256
 20
-17164.86597120326
 30
0.0
 11
1354432.698552256
 21
-17164.86597120326
 31
0.0
  0
LINE
  5
973
330
2
100
AcDbEntity
  8
CS-MISC
100
AcDbLine
 10
1355151.146089312
 20
-15920.67187120326
 30
0.0
 11
1355239.534439311
 21
-16009.06007120326
 31
0.0
  0
LINE
  5
974
330
2
100
AcDbEntity
  8
CS-MISC
100
AcDbLine
 10
1354551.146089312
 20
-15920.67187120326
 30
0.0
 11
1354639.534439311
 21
-16009.06007120326
 31
0.0
  0
LINE
  5
975
330
2
100
AcDbEntity
  8
CS-MISC
100
AcDbLine
 10
1353951.146089312
 20
-15920.67187120326
 30
0.0
 11
1354039.534439311
 21
-16009.06007120326
 31
0.0
  0
LINE
  5
976
330
2
100
AcDbEntity
  8
CS-MISC
100
AcDbLine
 10
1353351.146089311
 20
-15920.67187120326
 30
0.0
 11
1353439.534439311
 21
-16009.06007120326
 31
0.0
  0
LINE
  5
977
330
2
100
AcDbEntity
  8
CS-MISC
100
AcDbLine
 10
1352751.146089312
 20
-15920.67187120326
 30
0.0
 11
1352839.534439311
 21
-16009.06007120326
 31
0.0
  0
LINE
  5
978
330
2
100
AcDbEntity
  8
CS-MISC
100
AcDbLine
 10
1352151.146089312
 20
-15920.67187120326
 30
0.0
 11
1352239.534439312
 21
-16009.06007120326
 31
0.0
  0
LINE
  5
979
330
2
100
AcDbEntity
  8
CS-MISC
100
AcDbLine
 10
1351551.146089311
 20
-15920.67187120326
 30
0.0
 11
1351639.534439311
 21
-16009.06007120326
 31
0.0
  0
LINE
  5
97A
330
2
100
AcDbEntity
  8
CS-MISC
100
AcDbLine
 10
1350951.146089311
 20
-15920.67187120326
 30
0.0
 11
1351039.534439312
 21
-16009.06007120326
 31
0.0
  0
LINE
  5
97B
330
2
100
AcDbEntity
  8
CS-MISC
100
AcDbLine
 10
1350351.146089311
 20
-15920.67187120326
 30
0.0
 11
1350439.534439312
 21
-16009.06007120326
 31
0.0
  0
LINE
  5
97C
330
2
100
AcDbEntity
  8
CS-MISC
100
AcDbLine
 10
1349751.146089311
 20
-15920.67187120326
 30
0.0
 11
1349839.534439311
 21
-16009.06007120326
 31
0.0
  0
LINE
  5
97D
330
2
100
AcDbEntity
  8
CS-MISC
100
AcDbLine
 10
1349151.146089311
 20
-15920.67187120326
 30
0.0
 11
1349239.534439311
 21
-16009.06007120326
 31
0.0
  0
LINE
  5
97E
330
2
100
AcDbEntity
  8
CS-MISC
100
AcDbLine
 10
1348551.146089312
 20
-15920.67187120326
 30
0.0
 11
1348639.534439311
 21
-16009.06007120326
 31
0.0
  0
CIRCLE
  5
97F
330
2
100
AcDbEntity
  8
CS-SYMB-LIN3
100
AcDbCircle
 10
1353694.550196362
 20
-9704.865971203261
 30
0.0
 40
200.0
  0
LINE
  5
980
330
2
100
AcDbEntity
  8
CS-SYMB-LIN3
100
AcDbLine
 10
1353444.550196363
 20
-9914.865971203262
 30
0.0
 11
1354444.550196363
 21
-9914.865971203262
 31
0.0
  0
LINE
  5
981
330
2
100
AcDbEntity
  8
CS-MISC
100
AcDbLine
 10
1355151.146089312
 20
-10645.67187120326
 30
0.0
 11
1355239.534439311
 21
-10734.06007120326
 31
0.0
  0
LINE
  5
982
330
2
100
AcDbEntity
  8
CS-MISC
100
AcDbLine
 10
1354551.146089312
 20
-10645.67187120326
 30
0.0
 11
1354639.534439311
 21
-10734.06007120326
 31
0.0
  0
LINE
  5
983
330
2
100
AcDbEntity
  8
CS-MISC
100
AcDbLine
 10
1353951.146089312
 20
-10645.67187120326
 30
0.0
 11
1354039.534439311
 21
-10734.06007120326
 31
0.0
  0
LINE
  5
984
330
2
100
AcDbEntity
  8
CS-MISC
100
AcDbLine
 10
1353351.146089311
 20
-10645.67187120326
 30
0.0
 11
1353439.534439311
 21
-10734.06007120326
 31
0.0
  0
LINE
  5
985
330
2
100
AcDbEntity
  8
CS-MISC
100
AcDbLine
 10
1352751.146089312
 20
-10645.67187120326
 30
0.0
 11
1352839.534439311
 21
-10734.06007120326
 31
0.0
  0
LINE
  5
986
330
2
100
AcDbEntity
  8
CS-MISC
100
AcDbLine
 10
1352151.146089312
 20
-10645.67187120326
 30
0.0
 11
1352239.534439312
 21
-10734.06007120326
 31
0.0
  0
LINE
  5
987
330
2
100
AcDbEntity
  8
CS-MISC
100
AcDbLine
 10
1351551.146089311
 20
-10645.67187120326
 30
0.0
 11
1351639.534439311
 21
-10734.06007120326
 31
0.0
  0
LINE
  5
988
330
2
100
AcDbEntity
  8
CS-MISC
100
AcDbLine
 10
1350951.146089311
 20
-10645.67187120326
 30
0.0
 11
1351039.534439312
 21
-10734.06007120326
 31
0.0
  0
LINE
  5
989
330
2
100
AcDbEntity
  8
CS-MISC
100
AcDbLine
 10
1350351.146089311
 20
-10645.67187120326
 30
0.0
 11
1350439.534439312
 21
-10734.06007120326
 31
0.0
  0
LINE
  5
98A
330
2
100
AcDbEntity
  8
CS-MISC
100
AcDbLine
 10
1349751.146089311
 20
-10645.67187120326
 30
0.0
 11
1349839.534439311
 21
-10734.06007120326
 31
0.0
  0
LINE
  5
98B
330
2
100
AcDbEntity
  8
CS-MISC
100
AcDbLine
 10
1349151.146089311
 20
-10645.67187120326
 30
0.0
 11
1349239.534439311
 21
-10734.06007120326
 31
0.0
  0
LINE
  5
98C
330
2
100
AcDbEntity
  8
CS-MISC
100
AcDbLine
 10
1348551.146089312
 20
-10645.67187120326
 30
0.0
 11
1348639.534439311
 21
-10734.06007120326
 31
0.0
  0
CIRCLE
  5
98D
330
2
100
AcDbEntity
  8
CS-SYMB-LIN3
100
AcDbCircle
 10
1356685.340339311
 20
-13664.86597120326
 30
0.0
 40
200.0
  0
LINE
  5
98E
330
2
100
AcDbEntity
  8
CS-SYMB-LIN3
100
AcDbLine
 10
1356895.340339312
 20
-13914.86597120326
 30
0.0
 11
1356895.340339312
 21
-12914.86597120326
 31
0.0
  0
CIRCLE
  5
98F
330
2
100
AcDbEntity
  8
CS-SYMB-LIN3
100
AcDbCircle
 10
1347435.340339312
 20
-13664.86597120326
 30
0.0
 40
200.0
  0
LINE
  5
990
330
2
100
AcDbEntity
  8
CS-SYMB-LIN3
100
AcDbLine
 10
1347645.340339312
 20
-13914.86597120326
 30
0.0
 11
1347645.340339312
 21
-12914.86597120326
 31
0.0
  0
CIRCLE
  5
991
330
2
100
AcDbEntity
  8
CS-SYMB-LIN3
100
AcDbCircle
 10
1351245.340339312
 20
-16954.86597120326
 30
0.0
 40
200.0
  0
LINE
  5
992
330
2
100
AcDbEntity
  8
CS-SYMB-LIN3
100
AcDbLine
 10
1350995.340339312
 20
-17164.86597120326
 30
0.0
 11
1351995.340339311
 21
-17164.86597120326
 31
0.0
  0
CIRCLE
  5
993
330
2
100
AcDbEntity
  8
CS-SYMB-LIN3
100
AcDbCircle
 10
1351245.340339312
 20
-14954.86597120326
 30
0.0
 40
200.0
  0
LINE
  5
994
330
2
100
AcDbEntity
  8
CS-SYMB-LIN3
100
AcDbLine
 10
1350995.340339312
 20
-15164.86597120326
 30
0.0
 11
1351995.340339311
 21
-15164.86597120326
 31
0.0
  0
CIRCLE
  5
995
330
2
100
AcDbEntity
  8
CS-SYMB-LIN3
100
AcDbCircle
 10
1351245.340339312
 20
-11654.86597120326
 30
0.0
 40
200.0
  0
LINE
  5
996
330
2
100
AcDbEntity
  8
CS-SYMB-LIN3
100
AcDbLine
 10
1350995.340339312
 20
-11864.86597120326
 30
0.0
 11
1351995.340339311
 21
-11864.86597120326
 31
0.0
  0
CIRCLE
  5
997
330
2
100
AcDbEntity
  8
CS-SYMB-LIN3
100
AcDbCircle
 10
1351245.340339312
 20
-9704.865971203261
 30
0.0
 40
200.0
  0
LINE
  5
998
330
2
100
AcDbEntity
  8
CS-SYMB-LIN3
100
AcDbLine
 10
1350995.340339312
 20
-9914.865971203262
 30
0.0
 11
1351995.340339311
 21
-9914.865971203262
 31
0.0
  0
LWPOLYLINE
  5
999
330
2
100
AcDbEntity
  8
CS-RBAR-MAJR
100
AcDbPolyline
 90
        2
 70
     1
 43
22.5
 10
1355646.590339312
 20
-16252.36597120326
 42
1.0
 10
1355624.090339311
 20
-16252.36597120326
 42
1.0
  0
CIRCLE
  5
99A
330
2
100
AcDbEntity
  8
CS-RBAR-MAJR
100
AcDbCircle
 10
1355635.340339311
 20
-16252.36597120326
 30
0.0
 40
22.5
  0
LWPOLYLINE
  5
99B
330
2
100
AcDbEntity
  8
CS-RBAR-MAJR
100
AcDbPolyline
 90
        2
 70
     1
 43
22.5
 10
1355944.090339311
 20
-15664.86597120326
 42
1.0
 10
1355921.590339312
 20
-15664.86597120326
 42
1.0
  0
CIRCLE
  5
99C
330
2
100
AcDbEntity
  8
CS-RBAR-MAJR
100
AcDbCircle
 10
1355932.840339312
 20
-15664.86597120326
 30
0.0
 40
22.5
  0
LWPOLYLINE
  5
99D
330
2
100
AcDbEntity
  8
CS-RBAR-MAJR
100
AcDbPolyline
 90
        2
 70
     1
 43
22.5
 10
1355646.590339312
 20
-15664.86597120326
 42
1.0
 10
1355624.090339311
 20
-15664.86597120326
 42
1.0
  0
CIRCLE
  5
99E
330
2
100
AcDbEntity
  8
CS-RBAR-MAJR
100
AcDbCircle
 10
1355635.340339311
 20
-15664.86597120326
 30
0.0
 40
22.5
  0
LWPOLYLINE
  5
99F
330
2
100
AcDbEntity
  8
CS-RBAR-MAJR
100
AcDbPolyline
 90
        2
 70
     1
 43
22.5
 10
1348466.590339311
 20
-16252.36597120326
 42
1.0
 10
1348444.090339311
 20
-16252.36597120326
 42
1.0
  0
CIRCLE
  5
9A0
330
2
100
AcDbEntity
  8
CS-RBAR-MAJR
100
AcDbCircle
 10
1348455.340339311
 20
-16252.36597120326
 30
0.0
 40
22.5
  0
LWPOLYLINE
  5
9A1
330
2
100
AcDbEntity
  8
CS-RBAR-MAJR
100
AcDbPolyline
 90
        2
 70
     1
 43
22.5
 10
1348169.090339311
 20
-15664.86597120326
 42
1.0
 10
1348146.590339311
 20
-15664.86597120326
 42
1.0
  0
CIRCLE
  5
9A2
330
2
100
AcDbEntity
  8
CS-RBAR-MAJR
100
AcDbCircle
 10
1348157.840339311
 20
-15664.86597120326
 30
0.0
 40
22.5
  0
LWPOLYLINE
  5
9A3
330
2
100
AcDbEntity
  8
CS-RBAR-MAJR
100
AcDbPolyline
 90
        2
 70
     1
 43
22.5
 10
1348466.590339311
 20
-15664.86597120326
 42
1.0
 10
1348444.090339311
 20
-15664.86597120326
 42
1.0
  0
CIRCLE
  5
9A4
330
2
100
AcDbEntity
  8
CS-RBAR-MAJR
100
AcDbCircle
 10
1348455.340339311
 20
-15664.86597120326
 30
0.0
 40
22.5
  0
LWPOLYLINE
  5
9A5
330
2
100
AcDbEntity
  8
CS-RBAR-MAJR
100
AcDbPolyline
 90
        2
 70
     1
 43
22.5
 10
1355646.590339312
 20
-10964.86597120326
 42
1.0
 10
1355624.090339311
 20
-10964.86597120326
 42
1.0
  0
CIRCLE
  5
9A6
330
2
100
AcDbEntity
  8
CS-RBAR-MAJR
100
AcDbCircle
 10
1355635.340339311
 20
-10964.86597120326
 30
0.0
 40
22.5
  0
LWPOLYLINE
  5
9A7
330
2
100
AcDbEntity
  8
CS-RBAR-MAJR
100
AcDbPolyline
 90
        2
 70
     1
 43
22.5
 10
1355646.590339312
 20
-10427.36597120326
 42
1.0
 10
1355624.090339311
 20
-10427.36597120326
 42
1.0
  0
CIRCLE
  5
9A8
330
2
100
AcDbEntity
  8
CS-RBAR-MAJR
100
AcDbCircle
 10
1355635.340339311
 20
-10427.36597120326
 30
0.0
 40
22.5
  0
LWPOLYLINE
  5
9A9
330
2
100
AcDbEntity
  8
CS-RBAR-MAJR
100
AcDbPolyline
 90
        2
 70
     1
 43
22.5
 10
1355944.090339311
 20
-10964.86597120326
 42
1.0
 10
1355921.590339312
 20
-10964.86597120326
 42
1.0
  0
CIRCLE
  5
9AA
330
2
100
AcDbEntity
  8
CS-RBAR-MAJR
100
AcDbCircle
 10
1355932.840339312
 20
-10964.86597120326
 30
0.0
 40
22.5
  0
LWPOLYLINE
  5
9AB
330
2
100
AcDbEntity
  8
CS-RBAR-MAJR
100
AcDbPolyline
 90
        2
 70
     1
 43
22.5
 10
1348466.590339311
 20
-10964.86597120326
 42
1.0
 10
1348444.090339311
 20
-10964.86597120326
 42
1.0
  0
CIRCLE
  5
9AC
330
2
100
AcDbEntity
  8
CS-RBAR-MAJR
100
AcDbCircle
 10
1348455.340339311
 20
-10964.86597120326
 30
0.0
 40
22.5
  0
LWPOLYLINE
  5
9AD
330
2
100
AcDbEntity
  8
CS-RBAR-MAJR
100
AcDbPolyline
 90
        2
 70
     1
 43
22.5
 10
1348466.590339311
 20
-10427.36597120326
 42
1.0
 10
1348444.090339311
 20
-10427.36597120326
 42
1.0
  0
CIRCLE
  5
9AE
330
2
100
AcDbEntity
  8
CS-RBAR-MAJR
100
AcDbCircle
 10
1348455.340339311
 20
-10427.36597120326
 30
0.0
 40
22.5
  0
LWPOLYLINE
  5
9AF
330
2
100
AcDbEntity
  8
CS-RBAR-MAJR
100
AcDbPolyline
 90
        2
 70
     1
 43
22.5
 10
1348169.090339311
 20
-10964.86597120326
 42
1.0
 10
1348146.590339311
 20
-10964.86597120326
 42
1.0
  0
CIRCLE
  5
9B0
330
2
100
AcDbEntity
  8
CS-RBAR-MAJR
100
AcDbCircle
 10
1348157.840339311
 20
-10964.86597120326
 30
0.0
 40
22.5
  0
LWPOLYLINE
  5
9B1
330
2
100
AcDbEntity
  8
CS-RBAR-MAJR
100
AcDbPolyline
 90
        2
 70
     1
 43
22.5
 10
1355669.090339312
 20
-11114.86597120326
 42
1.0
 10
1355646.590339312
 20
-11114.86597120326
 42
1.0
  0
CIRCLE
  5
9B2
330
2
100
AcDbEntity
  8
CS-RBAR-MAJR
100
AcDbCircle
 10
1355657.840339312
 20
-11114.86597120326
 30
0.0
 40
22.5
  0
LWPOLYLINE
  5
9B3
330
2
100
AcDbEntity
  8
CS-RBAR-MAJR
100
AcDbPolyline
 90
        2
 70
     1
 43
22.5
 10
1355669.090339312
 20
-11314.86597120326
 42
1.0
 10
1355646.590339312
 20
-11314.86597120326
 42
1.0
  0
CIRCLE
  5
9B4
330
2
100
AcDbEntity
  8
CS-RBAR-MAJR
100
AcDbCircle
 10
1355657.840339312
 20
-11314.86597120326
 30
0.0
 40
22.5
  0
LWPOLYLINE
  5
9B5
330
2
100
AcDbEntity
  8
CS-RBAR-MAJR
100
AcDbPolyline
 90
        2
 70
     1
 43
22.5
 10
1355669.090339312
 20
-11514.86597120326
 42
1.0
 10
1355646.590339312
 20
-11514.86597120326
 42
1.0
  0
CIRCLE
  5
9B6
330
2
100
AcDbEntity
  8
CS-RBAR-MAJR
100
AcDbCircle
 10
1355657.840339312
 20
-11514.86597120326
 30
0.0
 40
22.5
  0
LWPOLYLINE
  5
9B7
330
2
100
AcDbEntity
  8
CS-RBAR-MAJR
100
AcDbPolyline
 90
        2
 70
     1
 43
22.5
 10
1355669.090339312
 20
-11714.86597120326
 42
1.0
 10
1355646.590339312
 20
-11714.86597120326
 42
1.0
  0
CIRCLE
  5
9B8
330
2
100
AcDbEntity
  8
CS-RBAR-MAJR
100
AcDbCircle
 10
1355657.840339312
 20
-11714.86597120326
 30
0.0
 40
22.5
  0
LWPOLYLINE
  5
9B9
330
2
100
AcDbEntity
  8
CS-RBAR-MAJR
100
AcDbPolyline
 90
        2
 70
     1
 43
22.5
 10
1355669.090339312
 20
-11914.86597120326
 42
1.0
 10
1355646.590339312
 20
-11914.86597120326
 42
1.0
  0
CIRCLE
  5
9BA
330
2
100
AcDbEntity
  8
CS-RBAR-MAJR
100
AcDbCircle
 10
1355657.840339312
 20
-11914.86597120326
 30
0.0
 40
22.5
  0
LWPOLYLINE
  5
9BB
330
2
100
AcDbEntity
  8
CS-RBAR-MAJR
100
AcDbPolyline
 90
        2
 70
     1
 43
22.5
 10
1355669.090339312
 20
-12114.86597120326
 42
1.0
 10
1355646.590339312
 20
-12114.86597120326
 42
1.0
  0
CIRCLE
  5
9BC
330
2
100
AcDbEntity
  8
CS-RBAR-MAJR
100
AcDbCircle
 10
1355657.840339312
 20
-12114.86597120326
 30
0.0
 40
22.5
  0
LWPOLYLINE
  5
9BD
330
2
100
AcDbEntity
  8
CS-RBAR-MAJR
100
AcDbPolyline
 90
        2
 70
     1
 43
22.5
 10
1355669.090339312
 20
-12314.86597120326
 42
1.0
 10
1355646.590339312
 20
-12314.86597120326
 42
1.0
  0
CIRCLE
  5
9BE
330
2
100
AcDbEntity
  8
CS-RBAR-MAJR
100
AcDbCircle
 10
1355657.840339312
 20
-12314.86597120326
 30
0.0
 40
22.5
  0
LWPOLYLINE
  5
9BF
330
2
100
AcDbEntity
  8
CS-RBAR-MAJR
100
AcDbPolyline
 90
        2
 70
     1
 43
22.5
 10
1355669.090339312
 20
-12514.86597120326
 42
1.0
 10
1355646.590339312
 20
-12514.86597120326
 42
1.0
  0
CIRCLE
  5
9C0
330
2
100
AcDbEntity
  8
CS-RBAR-MAJR
100
AcDbCircle
 10
1355657.840339312
 20
-12514.86597120326
 30
0.0
 40
22.5
  0
LWPOLYLINE
  5
9C1
330
2
100
AcDbEntity
  8
CS-RBAR-MAJR
100
AcDbPolyline
 90
        2
 70
     1
 43
22.5
 10
1355669.090339312
 20
-12714.86597120326
 42
1.0
 10
1355646.590339312
 20
-12714.86597120326
 42
1.0
  0
CIRCLE
  5
9C2
330
2
100
AcDbEntity
  8
CS-RBAR-MAJR
100
AcDbCircle
 10
1355657.840339312
 20
-12714.86597120326
 30
0.0
 40
22.5
  0
LWPOLYLINE
  5
9C3
330
2
100
AcDbEntity
  8
CS-RBAR-MAJR
100
AcDbPolyline
 90
        2
 70
     1
 43
22.5
 10
1355669.090339312
 20
-12914.86597120326
 42
1.0
 10
1355646.590339312
 20
-12914.86597120326
 42
1.0
  0
CIRCLE
  5
9C4
330
2
100
AcDbEntity
  8
CS-RBAR-MAJR
100
AcDbCircle
 10
1355657.840339312
 20
-12914.86597120326
 30
0.0
 40
22.5
  0
LWPOLYLINE
  5
9C5
330
2
100
AcDbEntity
  8
CS-RBAR-MAJR
100
AcDbPolyline
 90
        2
 70
     1
 43
22.5
 10
1355669.090339312
 20
-13114.86597120326
 42
1.0
 10
1355646.590339312
 20
-13114.86597120326
 42
1.0
  0
CIRCLE
  5
9C6
330
2
100
AcDbEntity
  8
CS-RBAR-MAJR
100
AcDbCircle
 10
1355657.840339312
 20
-13114.86597120326
 30
0.0
 40
22.5
  0
LWPOLYLINE
  5
9C7
330
2
100
AcDbEntity
  8
CS-RBAR-MAJR
100
AcDbPolyline
 90
        2
 70
     1
 43
22.5
 10
1355669.090339312
 20
-13314.86597120326
 42
1.0
 10
1355646.590339312
 20
-13314.86597120326
 42
1.0
  0
CIRCLE
  5
9C8
330
2
100
AcDbEntity
  8
CS-RBAR-MAJR
100
AcDbCircle
 10
1355657.840339312
 20
-13314.86597120326
 30
0.0
 40
22.5
  0
LWPOLYLINE
  5
9C9
330
2
100
AcDbEntity
  8
CS-RBAR-MAJR
100
AcDbPolyline
 90
        2
 70
     1
 43
22.5
 10
1355669.090339312
 20
-13514.86597120326
 42
1.0
 10
1355646.590339312
 20
-13514.86597120326
 42
1.0
  0
CIRCLE
  5
9CA
330
2
100
AcDbEntity
  8
CS-RBAR-MAJR
100
AcDbCircle
 10
1355657.840339312
 20
-13514.86597120326
 30
0.0
 40
22.5
  0
LWPOLYLINE
  5
9CB
330
2
100
AcDbEntity
  8
CS-RBAR-MAJR
100
AcDbPolyline
 90
        2
 70
     1
 43
22.5
 10
1355669.090339312
 20
-13714.86597120326
 42
1.0
 10
1355646.590339312
 20
-13714.86597120326
 42
1.0
  0
CIRCLE
  5
9CC
330
2
100
AcDbEntity
  8
CS-RBAR-MAJR
100
AcDbCircle
 10
1355657.840339312
 20
-13714.86597120326
 30
0.0
 40
22.5
  0
LWPOLYLINE
  5
9CD
330
2
100
AcDbEntity
  8
CS-RBAR-MAJR
100
AcDbPolyline
 90
        2
 70
     1
 43
22.5
 10
1355669.090339312
 20
-13914.86597120326
 42
1.0
 10
1355646.590339312
 20
-13914.86597120326
 42
1.0
  0
CIRCLE
  5
9CE
330
2
100
AcDbEntity
  8
CS-RBAR-MAJR
100
AcDbCircle
 10
1355657.840339312
 20
-13914.86597120326
 30
0.0
 40
22.5
  0
LWPOLYLINE
  5
9CF
330
2
100
AcDbEntity
  8
CS-RBAR-MAJR
100
AcDbPolyline
 90
        2
 70
     1
 43
22.5
 10
1355669.090339312
 20
-14114.86597120326
 42
1.0
 10
1355646.590339312
 20
-14114.86597120326
 42
1.0
  0
CIRCLE
  5
9D0
330
2
100
AcDbEntity
  8
CS-RBAR-MAJR
100
AcDbCircle
 10
1355657.840339312
 20
-14114.86597120326
 30
0.0
 40
22.5
  0
LWPOLYLINE
  5
9D1
330
2
100
AcDbEntity
  8
CS-RBAR-MAJR
100
AcDbPolyline
 90
        2
 70
     1
 43
22.5
 10
1355669.090339312
 20
-14314.86597120326
 42
1.0
 10
1355646.590339312
 20
-14314.86597120326
 42
1.0
  0
CIRCLE
  5
9D2
330
2
100
AcDbEntity
  8
CS-RBAR-MAJR
100
AcDbCircle
 10
1355657.840339312
 20
-14314.86597120326
 30
0.0
 40
22.5
  0
LWPOLYLINE
  5
9D3
330
2
100
AcDbEntity
  8
CS-RBAR-MAJR
100
AcDbPolyline
 90
        2
 70
     1
 43
22.5
 10
1355669.090339312
 20
-14514.86597120326
 42
1.0
 10
1355646.590339312
 20
-14514.86597120326
 42
1.0
  0
CIRCLE
  5
9D4
330
2
100
AcDbEntity
  8
CS-RBAR-MAJR
100
AcDbCircle
 10
1355657.840339312
 20
-14514.86597120326
 30
0.0
 40
22.5
  0
LWPOLYLINE
  5
9D5
330
2
100
AcDbEntity
  8
CS-RBAR-MAJR
100
AcDbPolyline
 90
        2
 70
     1
 43
22.5
 10
1355669.090339312
 20
-14714.86597120326
 42
1.0
 10
1355646.590339312
 20
-14714.86597120326
 42
1.0
  0
CIRCLE
  5
9D6
330
2
100
AcDbEntity
  8
CS-RBAR-MAJR
100
AcDbCircle
 10
1355657.840339312
 20
-14714.86597120326
 30
0.0
 40
22.5
  0
LWPOLYLINE
  5
9D7
330
2
100
AcDbEntity
  8
CS-RBAR-MAJR
100
AcDbPolyline
 90
        2
 70
     1
 43
22.5
 10
1355669.090339312
 20
-14914.86597120326
 42
1.0
 10
1355646.590339312
 20
-14914.86597120326
 42
1.0
  0
CIRCLE
  5
9D8
330
2
100
AcDbEntity
  8
CS-RBAR-MAJR
100
AcDbCircle
 10
1355657.840339312
 20
-14914.86597120326
 30
0.0
 40
22.5
  0
LWPOLYLINE
  5
9D9
330
2
100
AcDbEntity
  8
CS-RBAR-MAJR
100
AcDbPolyline
 90
        2
 70
     1
 43
22.5
 10
1355669.090339312
 20
-15114.86597120326
 42
1.0
 10
1355646.590339312
 20
-15114.86597120326
 42
1.0
  0
CIRCLE
  5
9DA
330
2
100
AcDbEntity
  8
CS-RBAR-MAJR
100
AcDbCircle
 10
1355657.840339312
 20
-15114.86597120326
 30
0.0
 40
22.5
  0
LWPOLYLINE
  5
9DB
330
2
100
AcDbEntity
  8
CS-RBAR-MAJR
100
AcDbPolyline
 90
        2
 70
     1
 43
22.5
 10
1355669.090339312
 20
-15314.86597120326
 42
1.0
 10
1355646.590339312
 20
-15314.86597120326
 42
1.0
  0
CIRCLE
  5
9DC
330
2
100
AcDbEntity
  8
CS-RBAR-MAJR
100
AcDbCircle
 10
1355657.840339312
 20
-15314.86597120326
 30
0.0
 40
22.5
  0
LWPOLYLINE
  5
9DD
330
2
100
AcDbEntity
  8
CS-RBAR-MAJR
100
AcDbPolyline
 90
        2
 70
     1
 43
22.5
 10
1355669.090339312
 20
-15514.86597120326
 42
1.0
 10
1355646.590339312
 20
-15514.86597120326
 42
1.0
  0
CIRCLE
  5
9DE
330
2
100
AcDbEntity
  8
CS-RBAR-MAJR
100
AcDbCircle
 10
1355657.840339312
 20
-15514.86597120326
 30
0.0
 40
22.5
  0
LWPOLYLINE
  5
9DF
330
2
100
AcDbEntity
  8
CS-RBAR-MAJR
100
AcDbPolyline
 90
        2
 70
     1
 43
22.5
 10
1355944.090339311
 20
-11114.86597120326
 42
1.0
 10
1355921.590339312
 20
-11114.86597120326
 42
1.0
  0
CIRCLE
  5
9E0
330
2
100
AcDbEntity
  8
CS-RBAR-MAJR
100
AcDbCircle
 10
1355932.840339312
 20
-11114.86597120326
 30
0.0
 40
22.5
  0
LWPOLYLINE
  5
9E1
330
2
100
AcDbEntity
  8
CS-RBAR-MAJR
100
AcDbPolyline
 90
        2
 70
     1
 43
22.5
 10
1355944.090339311
 20
-11314.86597120326
 42
1.0
 10
1355921.590339312
 20
-11314.86597120326
 42
1.0
  0
CIRCLE
  5
9E2
330
2
100
AcDbEntity
  8
CS-RBAR-MAJR
100
AcDbCircle
 10
1355932.840339312
 20
-11314.86597120326
 30
0.0
 40
22.5
  0
LWPOLYLINE
  5
9E3
330
2
100
AcDbEntity
  8
CS-RBAR-MAJR
100
AcDbPolyline
 90
        2
 70
     1
 43
22.5
 10
1355944.090339311
 20
-11514.86597120326
 42
1.0
 10
1355921.590339312
 20
-11514.86597120326
 42
1.0
  0
CIRCLE
  5
9E4
330
2
100
AcDbEntity
  8
CS-RBAR-MAJR
100
AcDbCircle
 10
1355932.840339312
 20
-11514.86597120326
 30
0.0
 40
22.5
  0
LWPOLYLINE
  5
9E5
330
2
100
AcDbEntity
  8
CS-RBAR-MAJR
100
AcDbPolyline
 90
        2
 70
     1
 43
22.5
 10
1355944.090339311
 20
-11714.86597120326
 42
1.0
 10
1355921.590339312
 20
-11714.86597120326
 42
1.0
  0
CIRCLE
  5
9E6
330
2
100
AcDbEntity
  8
CS-RBAR-MAJR
100
AcDbCircle
 10
1355932.840339312
 20
-11714.86597120326
 30
0.0
 40
22.5
  0
LWPOLYLINE
  5
9E7
330
2
100
AcDbEntity
  8
CS-RBAR-MAJR
100
AcDbPolyline
 90
        2
 70
     1
 43
22.5
 10
1355944.090339311
 20
-11914.86597120326
 42
1.0
 10
1355921.590339312
 20
-11914.86597120326
 42
1.0
  0
CIRCLE
  5
9E8
330
2
100
AcDbEntity
  8
CS-RBAR-MAJR
100
AcDbCircle
 10
1355932.840339312
 20
-11914.86597120326
 30
0.0
 40
22.5
  0
LWPOLYLINE
  5
9E9
330
2
100
AcDbEntity
  8
CS-RBAR-MAJR
100
AcDbPolyline
 90
        2
 70
     1
 43
22.5
 10
1355944.090339311
 20
-12114.86597120326
 42
1.0
 10
1355921.590339312
 20
-12114.86597120326
 42
1.0
  0
CIRCLE
  5
9EA
330
2
100
AcDbEntity
  8
CS-RBAR-MAJR
100
AcDbCircle
 10
1355932.840339312
 20
-12114.86597120326
 30
0.0
 40
22.5
  0
LWPOLYLINE
  5
9EB
330
2
100
AcDbEntity
  8
CS-RBAR-MAJR
100
AcDbPolyline
 90
        2
 70
     1
 43
22.5
 10
1355944.090339311
 20
-12314.86597120326
 42
1.0
 10
1355921.590339312
 20
-12314.86597120326
 42
1.0
  0
CIRCLE
  5
9EC
330
2
100
AcDbEntity
  8
CS-RBAR-MAJR
100
AcDbCircle
 10
1355932.840339312
 20
-12314.86597120326
 30
0.0
 40
22.5
  0
LWPOLYLINE
  5
9ED
330
2
100
AcDbEntity
  8
CS-RBAR-MAJR
100
AcDbPolyline
 90
        2
 70
     1
 43
22.5
 10
1355944.090339311
 20
-12514.86597120326
 42
1.0
 10
1355921.590339312
 20
-12514.86597120326
 42
1.0
  0
CIRCLE
  5
9EE
330
2
100
AcDbEntity
  8
CS-RBAR-MAJR
100
AcDbCircle
 10
1355932.840339312
 20
-12514.86597120326
 30
0.0
 40
22.5
  0
LWPOLYLINE
  5
9EF
330
2
100
AcDbEntity
  8
CS-RBAR-MAJR
100
AcDbPolyline
 90
        2
 70
     1
 43
22.5
 10
1355944.090339311
 20
-12714.86597120326
 42
1.0
 10
1355921.590339312
 20
-12714.86597120326
 42
1.0
  0
CIRCLE
  5
9F0
330
2
100
AcDbEntity
  8
CS-RBAR-MAJR
100
AcDbCircle
 10
1355932.840339312
 20
-12714.86597120326
 30
0.0
 40
22.5
  0
LWPOLYLINE
  5
9F1
330
2
100
AcDbEntity
  8
CS-RBAR-MAJR
100
AcDbPolyline
 90
        2
 70
     1
 43
22.5
 10
1355944.090339311
 20
-12914.86597120326
 42
1.0
 10
1355921.590339312
 20
-12914.86597120326
 42
1.0
  0
CIRCLE
  5
9F2
330
2
100
AcDbEntity
  8
CS-RBAR-MAJR
100
AcDbCircle
 10
1355932.840339312
 20
-12914.86597120326
 30
0.0
 40
22.5
  0
LWPOLYLINE
  5
9F3
330
2
100
AcDbEntity
  8
CS-RBAR-MAJR
100
AcDbPolyline
 90
        2
 70
     1
 43
22.5
 10
1355944.090339311
 20
-13114.86597120326
 42
1.0
 10
1355921.590339312
 20
-13114.86597120326
 42
1.0
  0
CIRCLE
  5
9F4
330
2
100
AcDbEntity
  8
CS-RBAR-MAJR
100
AcDbCircle
 10
1355932.840339312
 20
-13114.86597120326
 30
0.0
 40
22.5
  0
LWPOLYLINE
  5
9F5
330
2
100
AcDbEntity
  8
CS-RBAR-MAJR
100
AcDbPolyline
 90
        2
 70
     1
 43
22.5
 10
1355944.090339311
 20
-13314.86597120326
 42
1.0
 10
1355921.590339312
 20
-13314.86597120326
 42
1.0
  0
CIRCLE
  5
9F6
330
2
100
AcDbEntity
  8
CS-RBAR-MAJR
100
AcDbCircle
 10
1355932.840339312
 20
-13314.86597120326
 30
0.0
 40
22.5
  0
LWPOLYLINE
  5
9F7
330
2
100
AcDbEntity
  8
CS-RBAR-MAJR
100
AcDbPolyline
 90
        2
 70
     1
 43
22.5
 10
1355944.090339311
 20
-13514.86597120326
 42
1.0
 10
1355921.590339312
 20
-13514.86597120326
 42
1.0
  0
CIRCLE
  5
9F8
330
2
100
AcDbEntity
  8
CS-RBAR-MAJR
100
AcDbCircle
 10
1355932.840339312
 20
-13514.86597120326
 30
0.0
 40
22.5
  0
LWPOLYLINE
  5
9F9
330
2
100
AcDbEntity
  8
CS-RBAR-MAJR
100
AcDbPolyline
 90
        2
 70
     1
 43
22.5
 10
1355944.090339311
 20
-13714.86597120326
 42
1.0
 10
1355921.590339312
 20
-13714.86597120326
 42
1.0
  0
CIRCLE
  5
9FA
330
2
100
AcDbEntity
  8
CS-RBAR-MAJR
100
AcDbCircle
 10
1355932.840339312
 20
-13714.86597120326
 30
0.0
 40
22.5
  0
LWPOLYLINE
  5
9FB
330
2
100
AcDbEntity
  8
CS-RBAR-MAJR
100
AcDbPolyline
 90
        2
 70
     1
 43
22.5
 10
1355944.090339311
 20
-13914.86597120326
 42
1.0
 10
1355921.590339312
 20
-13914.86597120326
 42
1.0
  0
CIRCLE
  5
9FC
330
2
100
AcDbEntity
  8
CS-RBAR-MAJR
100
AcDbCircle
 10
1355932.840339312
 20
-13914.86597120326
 30
0.0
 40
22.5
  0
LWPOLYLINE
  5
9FD
330
2
100
AcDbEntity
  8
CS-RBAR-MAJR
100
AcDbPolyline
 90
        2
 70
     1
 43
22.5
 10
1355944.090339311
 20
-14114.86597120326
 42
1.0
 10
1355921.590339312
 20
-14114.86597120326
 42
1.0
  0
CIRCLE
  5
9FE
330
2
100
AcDbEntity
  8
CS-RBAR-MAJR
100
AcDbCircle
 10
1355932.840339312
 20
-14114.86597120326
 30
0.0
 40
22.5
  0
LWPOLYLINE
  5
9FF
330
2
100
AcDbEntity
  8
CS-RBAR-MAJR
100
AcDbPolyline
 90
        2
 70
     1
 43
22.5
 10
1355944.090339311
 20
-14314.86597120326
 42
1.0
 10
1355921.590339312
 20
-14314.86597120326
 42
1.0
  0
CIRCLE
  5
A00
330
2
100
AcDbEntity
  8
CS-RBAR-MAJR
100
AcDbCircle
 10
1355932.840339312
 20
-14314.86597120326
 30
0.0
 40
22.5
  0
LWPOLYLINE
  5
A01
330
2
100
AcDbEntity
  8
CS-RBAR-MAJR
100
AcDbPolyline
 90
        2
 70
     1
 43
22.5
 10
1355944.090339311
 20
-14514.86597120326
 42
1.0
 10
1355921.590339312
 20
-14514.86597120326
 42
1.0
  0
CIRCLE
  5
A02
330
2
100
AcDbEntity
  8
CS-RBAR-MAJR
100
AcDbCircle
 10
1355932.840339312
 20
-14514.86597120326
 30
0.0
 40
22.5
  0
LWPOLYLINE
  5
A03
330
2
100
AcDbEntity
  8
CS-RBAR-MAJR
100
AcDbPolyline
 90
        2
 70
     1
 43
22.5
 10
1355944.090339311
 20
-14714.86597120326
 42
1.0
 10
1355921.590339312
 20
-14714.86597120326
 42
1.0
  0
CIRCLE
  5
A04
330
2
100
AcDbEntity
  8
CS-RBAR-MAJR
100
AcDbCircle
 10
1355932.840339312
 20
-14714.86597120326
 30
0.0
 40
22.5
  0
LWPOLYLINE
  5
A05
330
2
100
AcDbEntity
  8
CS-RBAR-MAJR
100
AcDbPolyline
 90
        2
 70
     1
 43
22.5
 10
1355944.090339311
 20
-14914.86597120326
 42
1.0
 10
1355921.590339312
 20
-14914.86597120326
 42
1.0
  0
CIRCLE
  5
A06
330
2
100
AcDbEntity
  8
CS-RBAR-MAJR
100
AcDbCircle
 10
1355932.840339312
 20
-14914.86597120326
 30
0.0
 40
22.5
  0
LWPOLYLINE
  5
A07
330
2
100
AcDbEntity
  8
CS-RBAR-MAJR
100
AcDbPolyline
 90
        2
 70
     1
 43
22.5
 10
1355944.090339311
 20
-15114.86597120326
 42
1.0
 10
1355921.590339312
 20
-15114.86597120326
 42
1.0
  0
CIRCLE
  5
A08
330
2
100
AcDbEntity
  8
CS-RBAR-MAJR
100
AcDbCircle
 10
1355932.840339312
 20
-15114.86597120326
 30
0.0
 40
22.5
  0
LWPOLYLINE
  5
A09
330
2
100
AcDbEntity
  8
CS-RBAR-MAJR
100
AcDbPolyline
 90
        2
 70
     1
 43
22.5
 10
1355944.090339311
 20
-15314.86597120326
 42
1.0
 10
1355921.590339312
 20
-15314.86597120326
 42
1.0
  0
CIRCLE
  5
A0A
330
2
100
AcDbEntity
  8
CS-RBAR-MAJR
100
AcDbCircle
 10
1355932.840339312
 20
-15314.86597120326
 30
0.0
 40
22.5
  0
LWPOLYLINE
  5
A0B
330
2
100
AcDbEntity
  8
CS-RBAR-MAJR
100
AcDbPolyline
 90
        2
 70
     1
 43
22.5
 10
1355944.090339311
 20
-15514.86597120326
 42
1.0
 10
1355921.590339312
 20
-15514.86597120326
 42
1.0
  0
CIRCLE
  5
A0C
330
2
100
AcDbEntity
  8
CS-RBAR-MAJR
100
AcDbCircle
 10
1355932.840339312
 20
-15514.86597120326
 30
0.0
 40
22.5
  0
LWPOLYLINE
  5
A0D
330
2
100
AcDbEntity
  8
CS-RBAR-MAJR
100
AcDbPolyline
 90
        2
 70
     1
 43
22.5
 10
1348444.090339311
 20
-11114.86597120326
 42
1.0
 10
1348421.590339311
 20
-11114.86597120326
 42
1.0
  0
CIRCLE
  5
A0E
330
2
100
AcDbEntity
  8
CS-RBAR-MAJR
100
AcDbCircle
 10
1348432.840339311
 20
-11114.86597120326
 30
0.0
 40
22.5
  0
LWPOLYLINE
  5
A0F
330
2
100
AcDbEntity
  8
CS-RBAR-MAJR
100
AcDbPolyline
 90
        2
 70
     1
 43
22.5
 10
1348444.090339311
 20
-11314.86597120326
 42
1.0
 10
1348421.590339311
 20
-11314.86597120326
 42
1.0
  0
CIRCLE
  5
A10
330
2
100
AcDbEntity
  8
CS-RBAR-MAJR
100
AcDbCircle
 10
1348432.840339311
 20
-11314.86597120326
 30
0.0
 40
22.5
  0
LWPOLYLINE
  5
A11
330
2
100
AcDbEntity
  8
CS-RBAR-MAJR
100
AcDbPolyline
 90
        2
 70
     1
 43
22.5
 10
1348444.090339311
 20
-11514.86597120326
 42
1.0
 10
1348421.590339311
 20
-11514.86597120326
 42
1.0
  0
CIRCLE
  5
A12
330
2
100
AcDbEntity
  8
CS-RBAR-MAJR
100
AcDbCircle
 10
1348432.840339311
 20
-11514.86597120326
 30
0.0
 40
22.5
  0
LWPOLYLINE
  5
A13
330
2
100
AcDbEntity
  8
CS-RBAR-MAJR
100
AcDbPolyline
 90
        2
 70
     1
 43
22.5
 10
1348444.090339311
 20
-11714.86597120326
 42
1.0
 10
1348421.590339311
 20
-11714.86597120326
 42
1.0
  0
CIRCLE
  5
A14
330
2
100
AcDbEntity
  8
CS-RBAR-MAJR
100
AcDbCircle
 10
1348432.840339311
 20
-11714.86597120326
 30
0.0
 40
22.5
  0
LWPOLYLINE
  5
A15
330
2
100
AcDbEntity
  8
CS-RBAR-MAJR
100
AcDbPolyline
 90
        2
 70
     1
 43
22.5
 10
1348444.090339311
 20
-11914.86597120326
 42
1.0
 10
1348421.590339311
 20
-11914.86597120326
 42
1.0
  0
CIRCLE
  5
A16
330
2
100
AcDbEntity
  8
CS-RBAR-MAJR
100
AcDbCircle
 10
1348432.840339311
 20
-11914.86597120326
 30
0.0
 40
22.5
  0
LWPOLYLINE
  5
A17
330
2
100
AcDbEntity
  8
CS-RBAR-MAJR
100
AcDbPolyline
 90
        2
 70
     1
 43
22.5
 10
1348444.090339311
 20
-12114.86597120326
 42
1.0
 10
1348421.590339311
 20
-12114.86597120326
 42
1.0
  0
CIRCLE
  5
A18
330
2
100
AcDbEntity
  8
CS-RBAR-MAJR
100
AcDbCircle
 10
1348432.840339311
 20
-12114.86597120326
 30
0.0
 40
22.5
  0
LWPOLYLINE
  5
A19
330
2
100
AcDbEntity
  8
CS-RBAR-MAJR
100
AcDbPolyline
 90
        2
 70
     1
 43
22.5
 10
1348444.090339311
 20
-12314.86597120326
 42
1.0
 10
1348421.590339311
 20
-12314.86597120326
 42
1.0
  0
CIRCLE
  5
A1A
330
2
100
AcDbEntity
  8
CS-RBAR-MAJR
100
AcDbCircle
 10
1348432.840339311
 20
-12314.86597120326
 30
0.0
 40
22.5
  0
LWPOLYLINE
  5
A1B
330
2
100
AcDbEntity
  8
CS-RBAR-MAJR
100
AcDbPolyline
 90
        2
 70
     1
 43
22.5
 10
1348444.090339311
 20
-12514.86597120326
 42
1.0
 10
1348421.590339311
 20
-12514.86597120326
 42
1.0
  0
CIRCLE
  5
A1C
330
2
100
AcDbEntity
  8
CS-RBAR-MAJR
100
AcDbCircle
 10
1348432.840339311
 20
-12514.86597120326
 30
0.0
 40
22.5
  0
LWPOLYLINE
  5
A1D
330
2
100
AcDbEntity
  8
CS-RBAR-MAJR
100
AcDbPolyline
 90
        2
 70
     1
 43
22.5
 10
1348444.090339311
 20
-12714.86597120326
 42
1.0
 10
1348421.590339311
 20
-12714.86597120326
 42
1.0
  0
CIRCLE
  5
A1E
330
2
100
AcDbEntity
  8
CS-RBAR-MAJR
100
AcDbCircle
 10
1348432.840339311
 20
-12714.86597120326
 30
0.0
 40
22.5
  0
LWPOLYLINE
  5
A1F
330
2
100
AcDbEntity
  8
CS-RBAR-MAJR
100
AcDbPolyline
 90
        2
 70
     1
 43
22.5
 10
1348444.090339311
 20
-12914.86597120326
 42
1.0
 10
1348421.590339311
 20
-12914.86597120326
 42
1.0
  0
CIRCLE
  5
A20
330
2
100
AcDbEntity
  8
CS-RBAR-MAJR
100
AcDbCircle
 10
1348432.840339311
 20
-12914.86597120326
 30
0.0
 40
22.5
  0
LWPOLYLINE
  5
A21
330
2
100
AcDbEntity
  8
CS-RBAR-MAJR
100
AcDbPolyline
 90
        2
 70
     1
 43
22.5
 10
1348444.090339311
 20
-13114.86597120326
 42
1.0
 10
1348421.590339311
 20
-13114.86597120326
 42
1.0
  0
CIRCLE
  5
A22
330
2
100
AcDbEntity
  8
CS-RBAR-MAJR
100
AcDbCircle
 10
1348432.840339311
 20
-13114.86597120326
 30
0.0
 40
22.5
  0
LWPOLYLINE
  5
A23
330
2
100
AcDbEntity
  8
CS-RBAR-MAJR
100
AcDbPolyline
 90
        2
 70
     1
 43
22.5
 10
1348444.090339311
 20
-13314.86597120326
 42
1.0
 10
1348421.590339311
 20
-13314.86597120326
 42
1.0
  0
CIRCLE
  5
A24
330
2
100
AcDbEntity
  8
CS-RBAR-MAJR
100
AcDbCircle
 10
1348432.840339311
 20
-13314.86597120326
 30
0.0
 40
22.5
  0
LWPOLYLINE
  5
A25
330
2
100
AcDbEntity
  8
CS-RBAR-MAJR
100
AcDbPolyline
 90
        2
 70
     1
 43
22.5
 10
1348444.090339311
 20
-13514.86597120326
 42
1.0
 10
1348421.590339311
 20
-13514.86597120326
 42
1.0
  0
CIRCLE
  5
A26
330
2
100
AcDbEntity
  8
CS-RBAR-MAJR
100
AcDbCircle
 10
1348432.840339311
 20
-13514.86597120326
 30
0.0
 40
22.5
  0
LWPOLYLINE
  5
A27
330
2
100
AcDbEntity
  8
CS-RBAR-MAJR
100
AcDbPolyline
 90
        2
 70
     1
 43
22.5
 10
1348444.090339311
 20
-13714.86597120326
 42
1.0
 10
1348421.590339311
 20
-13714.86597120326
 42
1.0
  0
CIRCLE
  5
A28
330
2
100
AcDbEntity
  8
CS-RBAR-MAJR
100
AcDbCircle
 10
1348432.840339311
 20
-13714.86597120326
 30
0.0
 40
22.5
  0
LWPOLYLINE
  5
A29
330
2
100
AcDbEntity
  8
CS-RBAR-MAJR
100
AcDbPolyline
 90
        2
 70
     1
 43
22.5
 10
1348444.090339311
 20
-13914.86597120326
 42
1.0
 10
1348421.590339311
 20
-13914.86597120326
 42
1.0
  0
CIRCLE
  5
A2A
330
2
100
AcDbEntity
  8
CS-RBAR-MAJR
100
AcDbCircle
 10
1348432.840339311
 20
-13914.86597120326
 30
0.0
 40
22.5
  0
LWPOLYLINE
  5
A2B
330
2
100
AcDbEntity
  8
CS-RBAR-MAJR
100
AcDbPolyline
 90
        2
 70
     1
 43
22.5
 10
1348444.090339311
 20
-14114.86597120326
 42
1.0
 10
1348421.590339311
 20
-14114.86597120326
 42
1.0
  0
CIRCLE
  5
A2C
330
2
100
AcDbEntity
  8
CS-RBAR-MAJR
100
AcDbCircle
 10
1348432.840339311
 20
-14114.86597120326
 30
0.0
 40
22.5
  0
LWPOLYLINE
  5
A2D
330
2
100
AcDbEntity
  8
CS-RBAR-MAJR
100
AcDbPolyline
 90
        2
 70
     1
 43
22.5
 10
1348444.090339311
 20
-14314.86597120326
 42
1.0
 10
1348421.590339311
 20
-14314.86597120326
 42
1.0
  0
CIRCLE
  5
A2E
330
2
100
AcDbEntity
  8
CS-RBAR-MAJR
100
AcDbCircle
 10
1348432.840339311
 20
-14314.86597120326
 30
0.0
 40
22.5
  0
LWPOLYLINE
  5
A2F
330
2
100
AcDbEntity
  8
CS-RBAR-MAJR
100
AcDbPolyline
 90
        2
 70
     1
 43
22.5
 10
1348444.090339311
 20
-14514.86597120326
 42
1.0
 10
1348421.590339311
 20
-14514.86597120326
 42
1.0
  0
CIRCLE
  5
A30
330
2
100
AcDbEntity
  8
CS-RBAR-MAJR
100
AcDbCircle
 10
1348432.840339311
 20
-14514.86597120326
 30
0.0
 40
22.5
  0
LWPOLYLINE
  5
A31
330
2
100
AcDbEntity
  8
CS-RBAR-MAJR
100
AcDbPolyline
 90
        2
 70
     1
 43
22.5
 10
1348444.090339311
 20
-14714.86597120326
 42
1.0
 10
1348421.590339311
 20
-14714.86597120326
 42
1.0
  0
CIRCLE
  5
A32
330
2
100
AcDbEntity
  8
CS-RBAR-MAJR
100
AcDbCircle
 10
1348432.840339311
 20
-14714.86597120326
 30
0.0
 40
22.5
  0
LWPOLYLINE
  5
A33
330
2
100
AcDbEntity
  8
CS-RBAR-MAJR
100
AcDbPolyline
 90
        2
 70
     1
 43
22.5
 10
1348444.090339311
 20
-14914.86597120326
 42
1.0
 10
1348421.590339311
 20
-14914.86597120326
 42
1.0
  0
CIRCLE
  5
A34
330
2
100
AcDbEntity
  8
CS-RBAR-MAJR
100
AcDbCircle
 10
1348432.840339311
 20
-14914.86597120326
 30
0.0
 40
22.5
  0
LWPOLYLINE
  5
A35
330
2
100
AcDbEntity
  8
CS-RBAR-MAJR
100
AcDbPolyline
 90
        2
 70
     1
 43
22.5
 10
1348444.090339311
 20
-15114.86597120326
 42
1.0
 10
1348421.590339311
 20
-15114.86597120326
 42
1.0
  0
CIRCLE
  5
A36
330
2
100
AcDbEntity
  8
CS-RBAR-MAJR
100
AcDbCircle
 10
1348432.840339311
 20
-15114.86597120326
 30
0.0
 40
22.5
  0
LWPOLYLINE
  5
A37
330
2
100
AcDbEntity
  8
CS-RBAR-MAJR
100
AcDbPolyline
 90
        2
 70
     1
 43
22.5
 10
1348444.090339311
 20
-15314.86597120326
 42
1.0
 10
1348421.590339311
 20
-15314.86597120326
 42
1.0
  0
CIRCLE
  5
A38
330
2
100
AcDbEntity
  8
CS-RBAR-MAJR
100
AcDbCircle
 10
1348432.840339311
 20
-15314.86597120326
 30
0.0
 40
22.5
  0
LWPOLYLINE
  5
A39
330
2
100
AcDbEntity
  8
CS-RBAR-MAJR
100
AcDbPolyline
 90
        2
 70
     1
 43
22.5
 10
1348444.090339311
 20
-15514.86597120326
 42
1.0
 10
1348421.590339311
 20
-15514.86597120326
 42
1.0
  0
CIRCLE
  5
A3A
330
2
100
AcDbEntity
  8
CS-RBAR-MAJR
100
AcDbCircle
 10
1348432.840339311
 20
-15514.86597120326
 30
0.0
 40
22.5
  0
LWPOLYLINE
  5
A3B
330
2
100
AcDbEntity
  8
CS-RBAR-MAJR
100
AcDbPolyline
 90
        2
 70
     1
 43
22.5
 10
1348169.090339311
 20
-11114.86597120326
 42
1.0
 10
1348146.590339311
 20
-11114.86597120326
 42
1.0
  0
CIRCLE
  5
A3C
330
2
100
AcDbEntity
  8
CS-RBAR-MAJR
100
AcDbCircle
 10
1348157.840339311
 20
-11114.86597120326
 30
0.0
 40
22.5
  0
LWPOLYLINE
  5
A3D
330
2
100
AcDbEntity
  8
CS-RBAR-MAJR
100
AcDbPolyline
 90
        2
 70
     1
 43
22.5
 10
1348169.090339311
 20
-11314.86597120326
 42
1.0
 10
1348146.590339311
 20
-11314.86597120326
 42
1.0
  0
CIRCLE
  5
A3E
330
2
100
AcDbEntity
  8
CS-RBAR-MAJR
100
AcDbCircle
 10
1348157.840339311
 20
-11314.86597120326
 30
0.0
 40
22.5
  0
LWPOLYLINE
  5
A3F
330
2
100
AcDbEntity
  8
CS-RBAR-MAJR
100
AcDbPolyline
 90
        2
 70
     1
 43
22.5
 10
1348169.090339311
 20
-11514.86597120326
 42
1.0
 10
1348146.590339311
 20
-11514.86597120326
 42
1.0
  0
CIRCLE
  5
A40
330
2
100
AcDbEntity
  8
CS-RBAR-MAJR
100
AcDbCircle
 10
1348157.840339311
 20
-11514.86597120326
 30
0.0
 40
22.5
  0
LWPOLYLINE
  5
A41
330
2
100
AcDbEntity
  8
CS-RBAR-MAJR
100
AcDbPolyline
 90
        2
 70
     1
 43
22.5
 10
1348169.090339311
 20
-11714.86597120326
 42
1.0
 10
1348146.590339311
 20
-11714.86597120326
 42
1.0
  0
CIRCLE
  5
A42
330
2
100
AcDbEntity
  8
CS-RBAR-MAJR
100
AcDbCircle
 10
1348157.840339311
 20
-11714.86597120326
 30
0.0
 40
22.5
  0
LWPOLYLINE
  5
A43
330
2
100
AcDbEntity
  8
CS-RBAR-MAJR
100
AcDbPolyline
 90
        2
 70
     1
 43
22.5
 10
1348169.090339311
 20
-11914.86597120326
 42
1.0
 10
1348146.590339311
 20
-11914.86597120326
 42
1.0
  0
CIRCLE
  5
A44
330
2
100
AcDbEntity
  8
CS-RBAR-MAJR
100
AcDbCircle
 10
1348157.840339311
 20
-11914.86597120326
 30
0.0
 40
22.5
  0
LWPOLYLINE
  5
A45
330
2
100
AcDbEntity
  8
CS-RBAR-MAJR
100
AcDbPolyline
 90
        2
 70
     1
 43
22.5
 10
1348169.090339311
 20
-12114.86597120326
 42
1.0
 10
1348146.590339311
 20
-12114.86597120326
 42
1.0
  0
CIRCLE
  5
A46
330
2
100
AcDbEntity
  8
CS-RBAR-MAJR
100
AcDbCircle
 10
1348157.840339311
 20
-12114.86597120326
 30
0.0
 40
22.5
  0
LWPOLYLINE
  5
A47
330
2
100
AcDbEntity
  8
CS-RBAR-MAJR
100
AcDbPolyline
 90
        2
 70
     1
 43
22.5
 10
1348169.090339311
 20
-12314.86597120326
 42
1.0
 10
1348146.590339311
 20
-12314.86597120326
 42
1.0
  0
CIRCLE
  5
A48
330
2
100
AcDbEntity
  8
CS-RBAR-MAJR
100
AcDbCircle
 10
1348157.840339311
 20
-12314.86597120326
 30
0.0
 40
22.5
  0
LWPOLYLINE
  5
A49
330
2
100
AcDbEntity
  8
CS-RBAR-MAJR
100
AcDbPolyline
 90
        2
 70
     1
 43
22.5
 10
1348169.090339311
 20
-12514.86597120326
 42
1.0
 10
1348146.590339311
 20
-12514.86597120326
 42
1.0
  0
CIRCLE
  5
A4A
330
2
100
AcDbEntity
  8
CS-RBAR-MAJR
100
AcDbCircle
 10
1348157.840339311
 20
-12514.86597120326
 30
0.0
 40
22.5
  0
LWPOLYLINE
  5
A4B
330
2
100
AcDbEntity
  8
CS-RBAR-MAJR
100
AcDbPolyline
 90
        2
 70
     1
 43
22.5
 10
1348169.090339311
 20
-12714.86597120326
 42
1.0
 10
1348146.590339311
 20
-12714.86597120326
 42
1.0
  0
CIRCLE
  5
A4C
330
2
100
AcDbEntity
  8
CS-RBAR-MAJR
100
AcDbCircle
 10
1348157.840339311
 20
-12714.86597120326
 30
0.0
 40
22.5
  0
LWPOLYLINE
  5
A4D
330
2
100
AcDbEntity
  8
CS-RBAR-MAJR
100
AcDbPolyline
 90
        2
 70
     1
 43
22.5
 10
1348169.090339311
 20
-12914.86597120326
 42
1.0
 10
1348146.590339311
 20
-12914.86597120326
 42
1.0
  0
CIRCLE
  5
A4E
330
2
100
AcDbEntity
  8
CS-RBAR-MAJR
100
AcDbCircle
 10
1348157.840339311
 20
-12914.86597120326
 30
0.0
 40
22.5
  0
LWPOLYLINE
  5
A4F
330
2
100
AcDbEntity
  8
CS-RBAR-MAJR
100
AcDbPolyline
 90
        2
 70
     1
 43
22.5
 10
1348169.090339311
 20
-13114.86597120326
 42
1.0
 10
1348146.590339311
 20
-13114.86597120326
 42
1.0
  0
CIRCLE
  5
A50
330
2
100
AcDbEntity
  8
CS-RBAR-MAJR
100
AcDbCircle
 10
1348157.840339311
 20
-13114.86597120326
 30
0.0
 40
22.5
  0
LWPOLYLINE
  5
A51
330
2
100
AcDbEntity
  8
CS-RBAR-MAJR
100
AcDbPolyline
 90
        2
 70
     1
 43
22.5
 10
1348169.090339311
 20
-13314.86597120326
 42
1.0
 10
1348146.590339311
 20
-13314.86597120326
 42
1.0
  0
CIRCLE
  5
A52
330
2
100
AcDbEntity
  8
CS-RBAR-MAJR
100
AcDbCircle
 10
1348157.840339311
 20
-13314.86597120326
 30
0.0
 40
22.5
  0
LWPOLYLINE
  5
A53
330
2
100
AcDbEntity
  8
CS-RBAR-MAJR
100
AcDbPolyline
 90
        2
 70
     1
 43
22.5
 10
1348169.090339311
 20
-13514.86597120326
 42
1.0
 10
1348146.590339311
 20
-13514.86597120326
 42
1.0
  0
CIRCLE
  5
A54
330
2
100
AcDbEntity
  8
CS-RBAR-MAJR
100
AcDbCircle
 10
1348157.840339311
 20
-13514.86597120326
 30
0.0
 40
22.5
  0
LWPOLYLINE
  5
A55
330
2
100
AcDbEntity
  8
CS-RBAR-MAJR
100
AcDbPolyline
 90
        2
 70
     1
 43
22.5
 10
1348169.090339311
 20
-13714.86597120326
 42
1.0
 10
1348146.590339311
 20
-13714.86597120326
 42
1.0
  0
CIRCLE
  5
A56
330
2
100
AcDbEntity
  8
CS-RBAR-MAJR
100
AcDbCircle
 10
1348157.840339311
 20
-13714.86597120326
 30
0.0
 40
22.5
  0
LWPOLYLINE
  5
A57
330
2
100
AcDbEntity
  8
CS-RBAR-MAJR
100
AcDbPolyline
 90
        2
 70
     1
 43
22.5
 10
1348169.090339311
 20
-13914.86597120326
 42
1.0
 10
1348146.590339311
 20
-13914.86597120326
 42
1.0
  0
CIRCLE
  5
A58
330
2
100
AcDbEntity
  8
CS-RBAR-MAJR
100
AcDbCircle
 10
1348157.840339311
 20
-13914.86597120326
 30
0.0
 40
22.5
  0
LWPOLYLINE
  5
A59
330
2
100
AcDbEntity
  8
CS-RBAR-MAJR
100
AcDbPolyline
 90
        2
 70
     1
 43
22.5
 10
1348169.090339311
 20
-14114.86597120326
 42
1.0
 10
1348146.590339311
 20
-14114.86597120326
 42
1.0
  0
CIRCLE
  5
A5A
330
2
100
AcDbEntity
  8
CS-RBAR-MAJR
100
AcDbCircle
 10
1348157.840339311
 20
-14114.86597120326
 30
0.0
 40
22.5
  0
LWPOLYLINE
  5
A5B
330
2
100
AcDbEntity
  8
CS-RBAR-MAJR
100
AcDbPolyline
 90
        2
 70
     1
 43
22.5
 10
1348169.090339311
 20
-14314.86597120326
 42
1.0
 10
1348146.590339311
 20
-14314.86597120326
 42
1.0
  0
CIRCLE
  5
A5C
330
2
100
AcDbEntity
  8
CS-RBAR-MAJR
100
AcDbCircle
 10
1348157.840339311
 20
-14314.86597120326
 30
0.0
 40
22.5
  0
LWPOLYLINE
  5
A5D
330
2
100
AcDbEntity
  8
CS-RBAR-MAJR
100
AcDbPolyline
 90
        2
 70
     1
 43
22.5
 10
1348169.090339311
 20
-14514.86597120326
 42
1.0
 10
1348146.590339311
 20
-14514.86597120326
 42
1.0
  0
CIRCLE
  5
A5E
330
2
100
AcDbEntity
  8
CS-RBAR-MAJR
100
AcDbCircle
 10
1348157.840339311
 20
-14514.86597120326
 30
0.0
 40
22.5
  0
LWPOLYLINE
  5
A5F
330
2
100
AcDbEntity
  8
CS-RBAR-MAJR
100
AcDbPolyline
 90
        2
 70
     1
 43
22.5
 10
1348169.090339311
 20
-14714.86597120326
 42
1.0
 10
1348146.590339311
 20
-14714.86597120326
 42
1.0
  0
CIRCLE
  5
A60
330
2
100
AcDbEntity
  8
CS-RBAR-MAJR
100
AcDbCircle
 10
1348157.840339311
 20
-14714.86597120326
 30
0.0
 40
22.5
  0
LWPOLYLINE
  5
A61
330
2
100
AcDbEntity
  8
CS-RBAR-MAJR
100
AcDbPolyline
 90
        2
 70
     1
 43
22.5
 10
1348169.090339311
 20
-14914.86597120326
 42
1.0
 10
1348146.590339311
 20
-14914.86597120326
 42
1.0
  0
CIRCLE
  5
A62
330
2
100
AcDbEntity
  8
CS-RBAR-MAJR
100
AcDbCircle
 10
1348157.840339311
 20
-14914.86597120326
 30
0.0
 40
22.5
  0
LWPOLYLINE
  5
A63
330
2
100
AcDbEntity
  8
CS-RBAR-MAJR
100
AcDbPolyline
 90
        2
 70
     1
 43
22.5
 10
1348169.090339311
 20
-15114.86597120326
 42
1.0
 10
1348146.590339311
 20
-15114.86597120326
 42
1.0
  0
CIRCLE
  5
A64
330
2
100
AcDbEntity
  8
CS-RBAR-MAJR
100
AcDbCircle
 10
1348157.840339311
 20
-15114.86597120326
 30
0.0
 40
22.5
  0
LWPOLYLINE
  5
A65
330
2
100
AcDbEntity
  8
CS-RBAR-MAJR
100
AcDbPolyline
 90
        2
 70
     1
 43
22.5
 10
1348169.090339311
 20
-15314.86597120326
 42
1.0
 10
1348146.590339311
 20
-15314.86597120326
 42
1.0
  0
CIRCLE
  5
A66
330
2
100
AcDbEntity
  8
CS-RBAR-MAJR
100
AcDbCircle
 10
1348157.840339311
 20
-15314.86597120326
 30
0.0
 40
22.5
  0
LWPOLYLINE
  5
A67
330
2
100
AcDbEntity
  8
CS-RBAR-MAJR
100
AcDbPolyline
 90
        2
 70
     1
 43
22.5
 10
1348169.090339311
 20
-15514.86597120326
 42
1.0
 10
1348146.590339311
 20
-15514.86597120326
 42
1.0
  0
CIRCLE
  5
A68
330
2
100
AcDbEntity
  8
CS-RBAR-MAJR
100
AcDbCircle
 10
1348157.840339311
 20
-15514.86597120326
 30
0.0
 40
22.5
  0
LWPOLYLINE
  5
A69
330
2
100
AcDbEntity
  8
CS-RBAR-MAJR
100
AcDbPolyline
 90
        2
 70
     1
 43
22.5
 10
1355506.590339311
 20
-16252.36597120326
 42
1.0
 10
1355484.090339311
 20
-16252.36597120326
 42
1.0
  0
CIRCLE
  5
A6A
330
2
100
AcDbEntity
  8
CS-RBAR-MAJR
100
AcDbCircle
 10
1355495.340339311
 20
-16252.36597120326
 30
0.0
 40
22.5
  0
LWPOLYLINE
  5
A6B
330
2
100
AcDbEntity
  8
CS-RBAR-MAJR
100
AcDbPolyline
 90
        2
 70
     1
 43
22.5
 10
1355206.590339312
 20
-16252.36597120326
 42
1.0
 10
1355184.090339311
 20
-16252.36597120326
 42
1.0
  0
CIRCLE
  5
A6C
330
2
100
AcDbEntity
  8
CS-RBAR-MAJR
100
AcDbCircle
 10
1355195.340339311
 20
-16252.36597120326
 30
0.0
 40
22.5
  0
LWPOLYLINE
  5
A6D
330
2
100
AcDbEntity
  8
CS-RBAR-MAJR
100
AcDbPolyline
 90
        2
 70
     1
 43
22.5
 10
1354906.590339311
 20
-16252.36597120326
 42
1.0
 10
1354884.090339311
 20
-16252.36597120326
 42
1.0
  0
CIRCLE
  5
A6E
330
2
100
AcDbEntity
  8
CS-RBAR-MAJR
100
AcDbCircle
 10
1354895.340339311
 20
-16252.36597120326
 30
0.0
 40
22.5
  0
LWPOLYLINE
  5
A6F
330
2
100
AcDbEntity
  8
CS-RBAR-MAJR
100
AcDbPolyline
 90
        2
 70
     1
 43
22.5
 10
1354606.590339311
 20
-16252.36597120326
 42
1.0
 10
1354584.090339311
 20
-16252.36597120326
 42
1.0
  0
CIRCLE
  5
A70
330
2
100
AcDbEntity
  8
CS-RBAR-MAJR
100
AcDbCircle
 10
1354595.340339311
 20
-16252.36597120326
 30
0.0
 40
22.5
  0
LWPOLYLINE
  5
A71
330
2
100
AcDbEntity
  8
CS-RBAR-MAJR
100
AcDbPolyline
 90
        2
 70
     1
 43
22.5
 10
1354306.590339311
 20
-16252.36597120326
 42
1.0
 10
1354284.090339311
 20
-16252.36597120326
 42
1.0
  0
CIRCLE
  5
A72
330
2
100
AcDbEntity
  8
CS-RBAR-MAJR
100
AcDbCircle
 10
1354295.340339311
 20
-16252.36597120326
 30
0.0
 40
22.5
  0
LWPOLYLINE
  5
A73
330
2
100
AcDbEntity
  8
CS-RBAR-MAJR
100
AcDbPolyline
 90
        2
 70
     1
 43
22.5
 10
1354006.590339311
 20
-16252.36597120326
 42
1.0
 10
1353984.090339311
 20
-16252.36597120326
 42
1.0
  0
CIRCLE
  5
A74
330
2
100
AcDbEntity
  8
CS-RBAR-MAJR
100
AcDbCircle
 10
1353995.340339311
 20
-16252.36597120326
 30
0.0
 40
22.5
  0
LWPOLYLINE
  5
A75
330
2
100
AcDbEntity
  8
CS-RBAR-MAJR
100
AcDbPolyline
 90
        2
 70
     1
 43
22.5
 10
1353706.590339311
 20
-16252.36597120326
 42
1.0
 10
1353684.090339311
 20
-16252.36597120326
 42
1.0
  0
CIRCLE
  5
A76
330
2
100
AcDbEntity
  8
CS-RBAR-MAJR
100
AcDbCircle
 10
1353695.340339311
 20
-16252.36597120326
 30
0.0
 40
22.5
  0
LWPOLYLINE
  5
A77
330
2
100
AcDbEntity
  8
CS-RBAR-MAJR
100
AcDbPolyline
 90
        2
 70
     1
 43
22.5
 10
1353406.590339311
 20
-16252.36597120326
 42
1.0
 10
1353384.090339311
 20
-16252.36597120326
 42
1.0
  0
CIRCLE
  5
A78
330
2
100
AcDbEntity
  8
CS-RBAR-MAJR
100
AcDbCircle
 10
1353395.340339311
 20
-16252.36597120326
 30
0.0
 40
22.5
  0
LWPOLYLINE
  5
A79
330
2
100
AcDbEntity
  8
CS-RBAR-MAJR
100
AcDbPolyline
 90
        2
 70
     1
 43
22.5
 10
1353106.590339311
 20
-16252.36597120326
 42
1.0
 10
1353084.090339311
 20
-16252.36597120326
 42
1.0
  0
CIRCLE
  5
A7A
330
2
100
AcDbEntity
  8
CS-RBAR-MAJR
100
AcDbCircle
 10
1353095.340339311
 20
-16252.36597120326
 30
0.0
 40
22.5
  0
LWPOLYLINE
  5
A7B
330
2
100
AcDbEntity
  8
CS-RBAR-MAJR
100
AcDbPolyline
 90
        2
 70
     1
 43
22.5
 10
1352806.590339311
 20
-16252.36597120326
 42
1.0
 10
1352784.090339312
 20
-16252.36597120326
 42
1.0
  0
CIRCLE
  5
A7C
330
2
100
AcDbEntity
  8
CS-RBAR-MAJR
100
AcDbCircle
 10
1352795.340339311
 20
-16252.36597120326
 30
0.0
 40
22.5
  0
LWPOLYLINE
  5
A7D
330
2
100
AcDbEntity
  8
CS-RBAR-MAJR
100
AcDbPolyline
 90
        2
 70
     1
 43
22.5
 10
1352506.590339311
 20
-16252.36597120326
 42
1.0
 10
1352484.090339312
 20
-16252.36597120326
 42
1.0
  0
CIRCLE
  5
A7E
330
2
100
AcDbEntity
  8
CS-RBAR-MAJR
100
AcDbCircle
 10
1352495.340339312
 20
-16252.36597120326
 30
0.0
 40
22.5
  0
LWPOLYLINE
  5
A7F
330
2
100
AcDbEntity
  8
CS-RBAR-MAJR
100
AcDbPolyline
 90
        2
 70
     1
 43
22.5
 10
1352206.590339311
 20
-16252.36597120326
 42
1.0
 10
1352184.090339312
 20
-16252.36597120326
 42
1.0
  0
CIRCLE
  5
A80
330
2
100
AcDbEntity
  8
CS-RBAR-MAJR
100
AcDbCircle
 10
1352195.340339312
 20
-16252.36597120326
 30
0.0
 40
22.5
  0
LWPOLYLINE
  5
A81
330
2
100
AcDbEntity
  8
CS-RBAR-MAJR
100
AcDbPolyline
 90
        2
 70
     1
 43
22.5
 10
1351906.590339312
 20
-16252.36597120326
 42
1.0
 10
1351884.090339312
 20
-16252.36597120326
 42
1.0
  0
CIRCLE
  5
A82
330
2
100
AcDbEntity
  8
CS-RBAR-MAJR
100
AcDbCircle
 10
1351895.340339312
 20
-16252.36597120326
 30
0.0
 40
22.5
  0
LWPOLYLINE
  5
A83
330
2
100
AcDbEntity
  8
CS-RBAR-MAJR
100
AcDbPolyline
 90
        2
 70
     1
 43
22.5
 10
1351606.590339311
 20
-16252.36597120326
 42
1.0
 10
1351584.090339311
 20
-16252.36597120326
 42
1.0
  0
CIRCLE
  5
A84
330
2
100
AcDbEntity
  8
CS-RBAR-MAJR
100
AcDbCircle
 10
1351595.340339311
 20
-16252.36597120326
 30
0.0
 40
22.5
  0
LWPOLYLINE
  5
A85
330
2
100
AcDbEntity
  8
CS-RBAR-MAJR
100
AcDbPolyline
 90
        2
 70
     1
 43
22.5
 10
1351306.590339311
 20
-16252.36597120326
 42
1.0
 10
1351284.090339311
 20
-16252.36597120326
 42
1.0
  0
CIRCLE
  5
A86
330
2
100
AcDbEntity
  8
CS-RBAR-MAJR
100
AcDbCircle
 10
1351295.340339311
 20
-16252.36597120326
 30
0.0
 40
22.5
  0
LWPOLYLINE
  5
A87
330
2
100
AcDbEntity
  8
CS-RBAR-MAJR
100
AcDbPolyline
 90
        2
 70
     1
 43
22.5
 10
1351006.590339312
 20
-16252.36597120326
 42
1.0
 10
1350984.090339311
 20
-16252.36597120326
 42
1.0
  0
CIRCLE
  5
A88
330
2
100
AcDbEntity
  8
CS-RBAR-MAJR
100
AcDbCircle
 10
1350995.340339312
 20
-16252.36597120326
 30
0.0
 40
22.5
  0
LWPOLYLINE
  5
A89
330
2
100
AcDbEntity
  8
CS-RBAR-MAJR
100
AcDbPolyline
 90
        2
 70
     1
 43
22.5
 10
1350706.590339312
 20
-16252.36597120326
 42
1.0
 10
1350684.090339312
 20
-16252.36597120326
 42
1.0
  0
CIRCLE
  5
A8A
330
2
100
AcDbEntity
  8
CS-RBAR-MAJR
100
AcDbCircle
 10
1350695.340339312
 20
-16252.36597120326
 30
0.0
 40
22.5
  0
LWPOLYLINE
  5
A8B
330
2
100
AcDbEntity
  8
CS-RBAR-MAJR
100
AcDbPolyline
 90
        2
 70
     1
 43
22.5
 10
1350406.590339312
 20
-16252.36597120326
 42
1.0
 10
1350384.090339312
 20
-16252.36597120326
 42
1.0
  0
CIRCLE
  5
A8C
330
2
100
AcDbEntity
  8
CS-RBAR-MAJR
100
AcDbCircle
 10
1350395.340339312
 20
-16252.36597120326
 30
0.0
 40
22.5
  0
LWPOLYLINE
  5
A8D
330
2
100
AcDbEntity
  8
CS-RBAR-MAJR
100
AcDbPolyline
 90
        2
 70
     1
 43
22.5
 10
1350106.590339311
 20
-16252.36597120326
 42
1.0
 10
1350084.090339311
 20
-16252.36597120326
 42
1.0
  0
CIRCLE
  5
A8E
330
2
100
AcDbEntity
  8
CS-RBAR-MAJR
100
AcDbCircle
 10
1350095.340339311
 20
-16252.36597120326
 30
0.0
 40
22.5
  0
LWPOLYLINE
  5
A8F
330
2
100
AcDbEntity
  8
CS-RBAR-MAJR
100
AcDbPolyline
 90
        2
 70
     1
 43
22.5
 10
1349806.590339311
 20
-16252.36597120326
 42
1.0
 10
1349784.090339311
 20
-16252.36597120326
 42
1.0
  0
CIRCLE
  5
A90
330
2
100
AcDbEntity
  8
CS-RBAR-MAJR
100
AcDbCircle
 10
1349795.340339311
 20
-16252.36597120326
 30
0.0
 40
22.5
  0
LWPOLYLINE
  5
A91
330
2
100
AcDbEntity
  8
CS-RBAR-MAJR
100
AcDbPolyline
 90
        2
 70
     1
 43
22.5
 10
1349506.590339311
 20
-16252.36597120326
 42
1.0
 10
1349484.090339311
 20
-16252.36597120326
 42
1.0
  0
CIRCLE
  5
A92
330
2
100
AcDbEntity
  8
CS-RBAR-MAJR
100
AcDbCircle
 10
1349495.340339311
 20
-16252.36597120326
 30
0.0
 40
22.5
  0
LWPOLYLINE
  5
A93
330
2
100
AcDbEntity
  8
CS-RBAR-MAJR
100
AcDbPolyline
 90
        2
 70
     1
 43
22.5
 10
1349206.590339312
 20
-16252.36597120326
 42
1.0
 10
1349184.090339311
 20
-16252.36597120326
 42
1.0
  0
CIRCLE
  5
A94
330
2
100
AcDbEntity
  8
CS-RBAR-MAJR
100
AcDbCircle
 10
1349195.340339311
 20
-16252.36597120326
 30
0.0
 40
22.5
  0
LWPOLYLINE
  5
A95
330
2
100
AcDbEntity
  8
CS-RBAR-MAJR
100
AcDbPolyline
 90
        2
 70
     1
 43
22.5
 10
1348906.590339312
 20
-16252.36597120326
 42
1.0
 10
1348884.090339312
 20
-16252.36597120326
 42
1.0
  0
CIRCLE
  5
A96
330
2
100
AcDbEntity
  8
CS-RBAR-MAJR
100
AcDbCircle
 10
1348895.340339312
 20
-16252.36597120326
 30
0.0
 40
22.5
  0
LWPOLYLINE
  5
A97
330
2
100
AcDbEntity
  8
CS-RBAR-MAJR
100
AcDbPolyline
 90
        2
 70
     1
 43
22.5
 10
1348606.590339311
 20
-16252.36597120326
 42
1.0
 10
1348584.090339311
 20
-16252.36597120326
 42
1.0
  0
CIRCLE
  5
A98
330
2
100
AcDbEntity
  8
CS-RBAR-MAJR
100
AcDbCircle
 10
1348595.340339311
 20
-16252.36597120326
 30
0.0
 40
22.5
  0
LWPOLYLINE
  5
A99
330
2
100
AcDbEntity
  8
CS-RBAR-MAJR
100
AcDbPolyline
 90
        2
 70
     1
 43
22.5
 10
1355506.590339311
 20
-15687.36597120326
 42
1.0
 10
1355484.090339311
 20
-15687.36597120326
 42
1.0
  0
CIRCLE
  5
A9A
330
2
100
AcDbEntity
  8
CS-RBAR-MAJR
100
AcDbCircle
 10
1355495.340339311
 20
-15687.36597120326
 30
0.0
 40
22.5
  0
LWPOLYLINE
  5
A9B
330
2
100
AcDbEntity
  8
CS-RBAR-MAJR
100
AcDbPolyline
 90
        2
 70
     1
 43
22.5
 10
1355206.590339312
 20
-15687.36597120326
 42
1.0
 10
1355184.090339311
 20
-15687.36597120326
 42
1.0
  0
CIRCLE
  5
A9C
330
2
100
AcDbEntity
  8
CS-RBAR-MAJR
100
AcDbCircle
 10
1355195.340339311
 20
-15687.36597120326
 30
0.0
 40
22.5
  0
LWPOLYLINE
  5
A9D
330
2
100
AcDbEntity
  8
CS-RBAR-MAJR
100
AcDbPolyline
 90
        2
 70
     1
 43
22.5
 10
1354906.590339311
 20
-15687.36597120326
 42
1.0
 10
1354884.090339311
 20
-15687.36597120326
 42
1.0
  0
CIRCLE
  5
A9E
330
2
100
AcDbEntity
  8
CS-RBAR-MAJR
100
AcDbCircle
 10
1354895.340339311
 20
-15687.36597120326
 30
0.0
 40
22.5
  0
LWPOLYLINE
  5
A9F
330
2
100
AcDbEntity
  8
CS-RBAR-MAJR
100
AcDbPolyline
 90
        2
 70
     1
 43
22.5
 10
1354606.590339311
 20
-15687.36597120326
 42
1.0
 10
1354584.090339311
 20
-15687.36597120326
 42
1.0
  0
CIRCLE
  5
AA0
330
2
100
AcDbEntity
  8
CS-RBAR-MAJR
100
AcDbCircle
 10
1354595.340339311
 20
-15687.36597120326
 30
0.0
 40
22.5
  0
LWPOLYLINE
  5
AA1
330
2
100
AcDbEntity
  8
CS-RBAR-MAJR
100
AcDbPolyline
 90
        2
 70
     1
 43
22.5
 10
1354306.590339311
 20
-15687.36597120326
 42
1.0
 10
1354284.090339311
 20
-15687.36597120326
 42
1.0
  0
CIRCLE
  5
AA2
330
2
100
AcDbEntity
  8
CS-RBAR-MAJR
100
AcDbCircle
 10
1354295.340339311
 20
-15687.36597120326
 30
0.0
 40
22.5
  0
LWPOLYLINE
  5
AA3
330
2
100
AcDbEntity
  8
CS-RBAR-MAJR
100
AcDbPolyline
 90
        2
 70
     1
 43
22.5
 10
1354006.590339311
 20
-15687.36597120326
 42
1.0
 10
1353984.090339311
 20
-15687.36597120326
 42
1.0
  0
CIRCLE
  5
AA4
330
2
100
AcDbEntity
  8
CS-RBAR-MAJR
100
AcDbCircle
 10
1353995.340339311
 20
-15687.36597120326
 30
0.0
 40
22.5
  0
LWPOLYLINE
  5
AA5
330
2
100
AcDbEntity
  8
CS-RBAR-MAJR
100
AcDbPolyline
 90
        2
 70
     1
 43
22.5
 10
1353706.590339311
 20
-15687.36597120326
 42
1.0
 10
1353684.090339311
 20
-15687.36597120326
 42
1.0
  0
CIRCLE
  5
AA6
330
2
100
AcDbEntity
  8
CS-RBAR-MAJR
100
AcDbCircle
 10
1353695.340339311
 20
-15687.36597120326
 30
0.0
 40
22.5
  0
LWPOLYLINE
  5
AA7
330
2
100
AcDbEntity
  8
CS-RBAR-MAJR
100
AcDbPolyline
 90
        2
 70
     1
 43
22.5
 10
1353406.590339311
 20
-15687.36597120326
 42
1.0
 10
1353384.090339311
 20
-15687.36597120326
 42
1.0
  0
CIRCLE
  5
AA8
330
2
100
AcDbEntity
  8
CS-RBAR-MAJR
100
AcDbCircle
 10
1353395.340339311
 20
-15687.36597120326
 30
0.0
 40
22.5
  0
LWPOLYLINE
  5
AA9
330
2
100
AcDbEntity
  8
CS-RBAR-MAJR
100
AcDbPolyline
 90
        2
 70
     1
 43
22.5
 10
1353106.590339311
 20
-15687.36597120326
 42
1.0
 10
1353084.090339311
 20
-15687.36597120326
 42
1.0
  0
CIRCLE
  5
AAA
330
2
100
AcDbEntity
  8
CS-RBAR-MAJR
100
AcDbCircle
 10
1353095.340339311
 20
-15687.36597120326
 30
0.0
 40
22.5
  0
LWPOLYLINE
  5
AAB
330
2
100
AcDbEntity
  8
CS-RBAR-MAJR
100
AcDbPolyline
 90
        2
 70
     1
 43
22.5
 10
1352806.590339311
 20
-15687.36597120326
 42
1.0
 10
1352784.090339312
 20
-15687.36597120326
 42
1.0
  0
CIRCLE
  5
AAC
330
2
100
AcDbEntity
  8
CS-RBAR-MAJR
100
AcDbCircle
 10
1352795.340339311
 20
-15687.36597120326
 30
0.0
 40
22.5
  0
LWPOLYLINE
  5
AAD
330
2
100
AcDbEntity
  8
CS-RBAR-MAJR
100
AcDbPolyline
 90
        2
 70
     1
 43
22.5
 10
1352506.590339311
 20
-15687.36597120326
 42
1.0
 10
1352484.090339312
 20
-15687.36597120326
 42
1.0
  0
CIRCLE
  5
AAE
330
2
100
AcDbEntity
  8
CS-RBAR-MAJR
100
AcDbCircle
 10
1352495.340339312
 20
-15687.36597120326
 30
0.0
 40
22.5
  0
LWPOLYLINE
  5
AAF
330
2
100
AcDbEntity
  8
CS-RBAR-MAJR
100
AcDbPolyline
 90
        2
 70
     1
 43
22.5
 10
1352206.590339311
 20
-15687.36597120326
 42
1.0
 10
1352184.090339312
 20
-15687.36597120326
 42
1.0
  0
CIRCLE
  5
AB0
330
2
100
AcDbEntity
  8
CS-RBAR-MAJR
100
AcDbCircle
 10
1352195.340339312
 20
-15687.36597120326
 30
0.0
 40
22.5
  0
LWPOLYLINE
  5
AB1
330
2
100
AcDbEntity
  8
CS-RBAR-MAJR
100
AcDbPolyline
 90
        2
 70
     1
 43
22.5
 10
1351906.590339312
 20
-15687.36597120326
 42
1.0
 10
1351884.090339312
 20
-15687.36597120326
 42
1.0
  0
CIRCLE
  5
AB2
330
2
100
AcDbEntity
  8
CS-RBAR-MAJR
100
AcDbCircle
 10
1351895.340339312
 20
-15687.36597120326
 30
0.0
 40
22.5
  0
LWPOLYLINE
  5
AB3
330
2
100
AcDbEntity
  8
CS-RBAR-MAJR
100
AcDbPolyline
 90
        2
 70
     1
 43
22.5
 10
1351606.590339311
 20
-15687.36597120326
 42
1.0
 10
1351584.090339311
 20
-15687.36597120326
 42
1.0
  0
CIRCLE
  5
AB4
330
2
100
AcDbEntity
  8
CS-RBAR-MAJR
100
AcDbCircle
 10
1351595.340339311
 20
-15687.36597120326
 30
0.0
 40
22.5
  0
LWPOLYLINE
  5
AB5
330
2
100
AcDbEntity
  8
CS-RBAR-MAJR
100
AcDbPolyline
 90
        2
 70
     1
 43
22.5
 10
1351306.590339311
 20
-15687.36597120326
 42
1.0
 10
1351284.090339311
 20
-15687.36597120326
 42
1.0
  0
CIRCLE
  5
AB6
330
2
100
AcDbEntity
  8
CS-RBAR-MAJR
100
AcDbCircle
 10
1351295.340339311
 20
-15687.36597120326
 30
0.0
 40
22.5
  0
LWPOLYLINE
  5
AB7
330
2
100
AcDbEntity
  8
CS-RBAR-MAJR
100
AcDbPolyline
 90
        2
 70
     1
 43
22.5
 10
1351006.590339312
 20
-15687.36597120326
 42
1.0
 10
1350984.090339311
 20
-15687.36597120326
 42
1.0
  0
CIRCLE
  5
AB8
330
2
100
AcDbEntity
  8
CS-RBAR-MAJR
100
AcDbCircle
 10
1350995.340339312
 20
-15687.36597120326
 30
0.0
 40
22.5
  0
LWPOLYLINE
  5
AB9
330
2
100
AcDbEntity
  8
CS-RBAR-MAJR
100
AcDbPolyline
 90
        2
 70
     1
 43
22.5
 10
1350706.590339312
 20
-15687.36597120326
 42
1.0
 10
1350684.090339312
 20
-15687.36597120326
 42
1.0
  0
CIRCLE
  5
ABA
330
2
100
AcDbEntity
  8
CS-RBAR-MAJR
100
AcDbCircle
 10
1350695.340339312
 20
-15687.36597120326
 30
0.0
 40
22.5
  0
LWPOLYLINE
  5
ABB
330
2
100
AcDbEntity
  8
CS-RBAR-MAJR
100
AcDbPolyline
 90
        2
 70
     1
 43
22.5
 10
1350406.590339312
 20
-15687.36597120326
 42
1.0
 10
1350384.090339312
 20
-15687.36597120326
 42
1.0
  0
CIRCLE
  5
ABC
330
2
100
AcDbEntity
  8
CS-RBAR-MAJR
100
AcDbCircle
 10
1350395.340339312
 20
-15687.36597120326
 30
0.0
 40
22.5
  0
LWPOLYLINE
  5
ABD
330
2
100
AcDbEntity
  8
CS-RBAR-MAJR
100
AcDbPolyline
 90
        2
 70
     1
 43
22.5
 10
1350106.590339311
 20
-15687.36597120326
 42
1.0
 10
1350084.090339311
 20
-15687.36597120326
 42
1.0
  0
CIRCLE
  5
ABE
330
2
100
AcDbEntity
  8
CS-RBAR-MAJR
100
AcDbCircle
 10
1350095.340339311
 20
-15687.36597120326
 30
0.0
 40
22.5
  0
LWPOLYLINE
  5
ABF
330
2
100
AcDbEntity
  8
CS-RBAR-MAJR
100
AcDbPolyline
 90
        2
 70
     1
 43
22.5
 10
1349806.590339311
 20
-15687.36597120326
 42
1.0
 10
1349784.090339311
 20
-15687.36597120326
 42
1.0
  0
CIRCLE
  5
AC0
330
2
100
AcDbEntity
  8
CS-RBAR-MAJR
100
AcDbCircle
 10
1349795.340339311
 20
-15687.36597120326
 30
0.0
 40
22.5
  0
LWPOLYLINE
  5
AC1
330
2
100
AcDbEntity
  8
CS-RBAR-MAJR
100
AcDbPolyline
 90
        2
 70
     1
 43
22.5
 10
1349506.590339311
 20
-15687.36597120326
 42
1.0
 10
1349484.090339311
 20
-15687.36597120326
 42
1.0
  0
CIRCLE
  5
AC2
330
2
100
AcDbEntity
  8
CS-RBAR-MAJR
100
AcDbCircle
 10
1349495.340339311
 20
-15687.36597120326
 30
0.0
 40
22.5
  0
LWPOLYLINE
  5
AC3
330
2
100
AcDbEntity
  8
CS-RBAR-MAJR
100
AcDbPolyline
 90
        2
 70
     1
 43
22.5
 10
1349206.590339312
 20
-15687.36597120326
 42
1.0
 10
1349184.090339311
 20
-15687.36597120326
 42
1.0
  0
CIRCLE
  5
AC4
330
2
100
AcDbEntity
  8
CS-RBAR-MAJR
100
AcDbCircle
 10
1349195.340339311
 20
-15687.36597120326
 30
0.0
 40
22.5
  0
LWPOLYLINE
  5
AC5
330
2
100
AcDbEntity
  8
CS-RBAR-MAJR
100
AcDbPolyline
 90
        2
 70
     1
 43
22.5
 10
1348906.590339312
 20
-15687.36597120326
 42
1.0
 10
1348884.090339312
 20
-15687.36597120326
 42
1.0
  0
CIRCLE
  5
AC6
330
2
100
AcDbEntity
  8
CS-RBAR-MAJR
100
AcDbCircle
 10
1348895.340339312
 20
-15687.36597120326
 30
0.0
 40
22.5
  0
LWPOLYLINE
  5
AC7
330
2
100
AcDbEntity
  8
CS-RBAR-MAJR
100
AcDbPolyline
 90
        2
 70
     1
 43
22.5
 10
1348606.590339311
 20
-15687.36597120326
 42
1.0
 10
1348584.090339311
 20
-15687.36597120326
 42
1.0
  0
CIRCLE
  5
AC8
330
2
100
AcDbEntity
  8
CS-RBAR-MAJR
100
AcDbCircle
 10
1348595.340339311
 20
-15687.36597120326
 30
0.0
 40
22.5
  0
LWPOLYLINE
  5
AC9
330
2
100
AcDbEntity
  8
CS-RBAR-MAJR
100
AcDbPolyline
 90
        2
 70
     1
 43
22.5
 10
1355506.590339311
 20
-10942.36597120326
 42
1.0
 10
1355484.090339311
 20
-10942.36597120326
 42
1.0
  0
CIRCLE
  5
ACA
330
2
100
AcDbEntity
  8
CS-RBAR-MAJR
100
AcDbCircle
 10
1355495.340339311
 20
-10942.36597120326
 30
0.0
 40
22.5
  0
LWPOLYLINE
  5
ACB
330
2
100
AcDbEntity
  8
CS-RBAR-MAJR
100
AcDbPolyline
 90
        2
 70
     1
 43
22.5
 10
1355206.590339312
 20
-10942.36597120326
 42
1.0
 10
1355184.090339311
 20
-10942.36597120326
 42
1.0
  0
CIRCLE
  5
ACC
330
2
100
AcDbEntity
  8
CS-RBAR-MAJR
100
AcDbCircle
 10
1355195.340339311
 20
-10942.36597120326
 30
0.0
 40
22.5
  0
LWPOLYLINE
  5
ACD
330
2
100
AcDbEntity
  8
CS-RBAR-MAJR
100
AcDbPolyline
 90
        2
 70
     1
 43
22.5
 10
1354906.590339311
 20
-10942.36597120326
 42
1.0
 10
1354884.090339311
 20
-10942.36597120326
 42
1.0
  0
CIRCLE
  5
ACE
330
2
100
AcDbEntity
  8
CS-RBAR-MAJR
100
AcDbCircle
 10
1354895.340339311
 20
-10942.36597120326
 30
0.0
 40
22.5
  0
LWPOLYLINE
  5
ACF
330
2
100
AcDbEntity
  8
CS-RBAR-MAJR
100
AcDbPolyline
 90
        2
 70
     1
 43
22.5
 10
1354606.590339311
 20
-10942.36597120326
 42
1.0
 10
1354584.090339311
 20
-10942.36597120326
 42
1.0
  0
CIRCLE
  5
AD0
330
2
100
AcDbEntity
  8
CS-RBAR-MAJR
100
AcDbCircle
 10
1354595.340339311
 20
-10942.36597120326
 30
0.0
 40
22.5
  0
LWPOLYLINE
  5
AD1
330
2
100
AcDbEntity
  8
CS-RBAR-MAJR
100
AcDbPolyline
 90
        2
 70
     1
 43
22.5
 10
1354306.590339311
 20
-10942.36597120326
 42
1.0
 10
1354284.090339311
 20
-10942.36597120326
 42
1.0
  0
CIRCLE
  5
AD2
330
2
100
AcDbEntity
  8
CS-RBAR-MAJR
100
AcDbCircle
 10
1354295.340339311
 20
-10942.36597120326
 30
0.0
 40
22.5
  0
LWPOLYLINE
  5
AD3
330
2
100
AcDbEntity
  8
CS-RBAR-MAJR
100
AcDbPolyline
 90
        2
 70
     1
 43
22.5
 10
1354006.590339311
 20
-10942.36597120326
 42
1.0
 10
1353984.090339311
 20
-10942.36597120326
 42
1.0
  0
CIRCLE
  5
AD4
330
2
100
AcDbEntity
  8
CS-RBAR-MAJR
100
AcDbCircle
 10
1353995.340339311
 20
-10942.36597120326
 30
0.0
 40
22.5
  0
LWPOLYLINE
  5
AD5
330
2
100
AcDbEntity
  8
CS-RBAR-MAJR
100
AcDbPolyline
 90
        2
 70
     1
 43
22.5
 10
1353706.590339311
 20
-10942.36597120326
 42
1.0
 10
1353684.090339311
 20
-10942.36597120326
 42
1.0
  0
CIRCLE
  5
AD6
330
2
100
AcDbEntity
  8
CS-RBAR-MAJR
100
AcDbCircle
 10
1353695.340339311
 20
-10942.36597120326
 30
0.0
 40
22.5
  0
LWPOLYLINE
  5
AD7
330
2
100
AcDbEntity
  8
CS-RBAR-MAJR
100
AcDbPolyline
 90
        2
 70
     1
 43
22.5
 10
1353406.590339311
 20
-10942.36597120326
 42
1.0
 10
1353384.090339311
 20
-10942.36597120326
 42
1.0
  0
CIRCLE
  5
AD8
330
2
100
AcDbEntity
  8
CS-RBAR-MAJR
100
AcDbCircle
 10
1353395.340339311
 20
-10942.36597120326
 30
0.0
 40
22.5
  0
LWPOLYLINE
  5
AD9
330
2
100
AcDbEntity
  8
CS-RBAR-MAJR
100
AcDbPolyline
 90
        2
 70
     1
 43
22.5
 10
1353106.590339311
 20
-10942.36597120326
 42
1.0
 10
1353084.090339311
 20
-10942.36597120326
 42
1.0
  0
CIRCLE
  5
ADA
330
2
100
AcDbEntity
  8
CS-RBAR-MAJR
100
AcDbCircle
 10
1353095.340339311
 20
-10942.36597120326
 30
0.0
 40
22.5
  0
LWPOLYLINE
  5
ADB
330
2
100
AcDbEntity
  8
CS-RBAR-MAJR
100
AcDbPolyline
 90
        2
 70
     1
 43
22.5
 10
1352806.590339311
 20
-10942.36597120326
 42
1.0
 10
1352784.090339312
 20
-10942.36597120326
 42
1.0
  0
CIRCLE
  5
ADC
330
2
100
AcDbEntity
  8
CS-RBAR-MAJR
100
AcDbCircle
 10
1352795.340339311
 20
-10942.36597120326
 30
0.0
 40
22.5
  0
LWPOLYLINE
  5
ADD
330
2
100
AcDbEntity
  8
CS-RBAR-MAJR
100
AcDbPolyline
 90
        2
 70
     1
 43
22.5
 10
1352506.590339311
 20
-10942.36597120326
 42
1.0
 10
1352484.090339312
 20
-10942.36597120326
 42
1.0
  0
CIRCLE
  5
ADE
330
2
100
AcDbEntity
  8
CS-RBAR-MAJR
100
AcDbCircle
 10
1352495.340339312
 20
-10942.36597120326
 30
0.0
 40
22.5
  0
LWPOLYLINE
  5
ADF
330
2
100
AcDbEntity
  8
CS-RBAR-MAJR
100
AcDbPolyline
 90
        2
 70
     1
 43
22.5
 10
1352206.590339311
 20
-10942.36597120326
 42
1.0
 10
1352184.090339312
 20
-10942.36597120326
 42
1.0
  0
CIRCLE
  5
AE0
330
2
100
AcDbEntity
  8
CS-RBAR-MAJR
100
AcDbCircle
 10
1352195.340339312
 20
-10942.36597120326
 30
0.0
 40
22.5
  0
LWPOLYLINE
  5
AE1
330
2
100
AcDbEntity
  8
CS-RBAR-MAJR
100
AcDbPolyline
 90
        2
 70
     1
 43
22.5
 10
1351906.590339312
 20
-10942.36597120326
 42
1.0
 10
1351884.090339312
 20
-10942.36597120326
 42
1.0
  0
CIRCLE
  5
AE2
330
2
100
AcDbEntity
  8
CS-RBAR-MAJR
100
AcDbCircle
 10
1351895.340339312
 20
-10942.36597120326
 30
0.0
 40
22.5
  0
LWPOLYLINE
  5
AE3
330
2
100
AcDbEntity
  8
CS-RBAR-MAJR
100
AcDbPolyline
 90
        2
 70
     1
 43
22.5
 10
1351606.590339311
 20
-10942.36597120326
 42
1.0
 10
1351584.090339311
 20
-10942.36597120326
 42
1.0
  0
CIRCLE
  5
AE4
330
2
100
AcDbEntity
  8
CS-RBAR-MAJR
100
AcDbCircle
 10
1351595.340339311
 20
-10942.36597120326
 30
0.0
 40
22.5
  0
LWPOLYLINE
  5
AE5
330
2
100
AcDbEntity
  8
CS-RBAR-MAJR
100
AcDbPolyline
 90
        2
 70
     1
 43
22.5
 10
1351306.590339311
 20
-10942.36597120326
 42
1.0
 10
1351284.090339311
 20
-10942.36597120326
 42
1.0
  0
CIRCLE
  5
AE6
330
2
100
AcDbEntity
  8
CS-RBAR-MAJR
100
AcDbCircle
 10
1351295.340339311
 20
-10942.36597120326
 30
0.0
 40
22.5
  0
LWPOLYLINE
  5
AE7
330
2
100
AcDbEntity
  8
CS-RBAR-MAJR
100
AcDbPolyline
 90
        2
 70
     1
 43
22.5
 10
1351006.590339312
 20
-10942.36597120326
 42
1.0
 10
1350984.090339311
 20
-10942.36597120326
 42
1.0
  0
CIRCLE
  5
AE8
330
2
100
AcDbEntity
  8
CS-RBAR-MAJR
100
AcDbCircle
 10
1350995.340339312
 20
-10942.36597120326
 30
0.0
 40
22.5
  0
LWPOLYLINE
  5
AE9
330
2
100
AcDbEntity
  8
CS-RBAR-MAJR
100
AcDbPolyline
 90
        2
 70
     1
 43
22.5
 10
1350706.590339312
 20
-10942.36597120326
 42
1.0
 10
1350684.090339312
 20
-10942.36597120326
 42
1.0
  0
CIRCLE
  5
AEA
330
2
100
AcDbEntity
  8
CS-RBAR-MAJR
100
AcDbCircle
 10
1350695.340339312
 20
-10942.36597120326
 30
0.0
 40
22.5
  0
LWPOLYLINE
  5
AEB
330
2
100
AcDbEntity
  8
CS-RBAR-MAJR
100
AcDbPolyline
 90
        2
 70
     1
 43
22.5
 10
1350406.590339312
 20
-10942.36597120326
 42
1.0
 10
1350384.090339312
 20
-10942.36597120326
 42
1.0
  0
CIRCLE
  5
AEC
330
2
100
AcDbEntity
  8
CS-RBAR-MAJR
100
AcDbCircle
 10
1350395.340339312
 20
-10942.36597120326
 30
0.0
 40
22.5
  0
LWPOLYLINE
  5
AED
330
2
100
AcDbEntity
  8
CS-RBAR-MAJR
100
AcDbPolyline
 90
        2
 70
     1
 43
22.5
 10
1350106.590339311
 20
-10942.36597120326
 42
1.0
 10
1350084.090339311
 20
-10942.36597120326
 42
1.0
  0
CIRCLE
  5
AEE
330
2
100
AcDbEntity
  8
CS-RBAR-MAJR
100
AcDbCircle
 10
1350095.340339311
 20
-10942.36597120326
 30
0.0
 40
22.5
  0
LWPOLYLINE
  5
AEF
330
2
100
AcDbEntity
  8
CS-RBAR-MAJR
100
AcDbPolyline
 90
        2
 70
     1
 43
22.5
 10
1349806.590339311
 20
-10942.36597120326
 42
1.0
 10
1349784.090339311
 20
-10942.36597120326
 42
1.0
  0
CIRCLE
  5
AF0
330
2
100
AcDbEntity
  8
CS-RBAR-MAJR
100
AcDbCircle
 10
1349795.340339311
 20
-10942.36597120326
 30
0.0
 40
22.5
  0
LWPOLYLINE
  5
AF1
330
2
100
AcDbEntity
  8
CS-RBAR-MAJR
100
AcDbPolyline
 90
        2
 70
     1
 43
22.5
 10
1349506.590339311
 20
-10942.36597120326
 42
1.0
 10
1349484.090339311
 20
-10942.36597120326
 42
1.0
  0
CIRCLE
  5
AF2
330
2
100
AcDbEntity
  8
CS-RBAR-MAJR
100
AcDbCircle
 10
1349495.340339311
 20
-10942.36597120326
 30
0.0
 40
22.5
  0
LWPOLYLINE
  5
AF3
330
2
100
AcDbEntity
  8
CS-RBAR-MAJR
100
AcDbPolyline
 90
        2
 70
     1
 43
22.5
 10
1349206.590339312
 20
-10942.36597120326
 42
1.0
 10
1349184.090339311
 20
-10942.36597120326
 42
1.0
  0
CIRCLE
  5
AF4
330
2
100
AcDbEntity
  8
CS-RBAR-MAJR
100
AcDbCircle
 10
1349195.340339311
 20
-10942.36597120326
 30
0.0
 40
22.5
  0
LWPOLYLINE
  5
AF5
330
2
100
AcDbEntity
  8
CS-RBAR-MAJR
100
AcDbPolyline
 90
        2
 70
     1
 43
22.5
 10
1348906.590339312
 20
-10942.36597120326
 42
1.0
 10
1348884.090339312
 20
-10942.36597120326
 42
1.0
  0
CIRCLE
  5
AF6
330
2
100
AcDbEntity
  8
CS-RBAR-MAJR
100
AcDbCircle
 10
1348895.340339312
 20
-10942.36597120326
 30
0.0
 40
22.5
  0
LWPOLYLINE
  5
AF7
330
2
100
AcDbEntity
  8
CS-RBAR-MAJR
100
AcDbPolyline
 90
        2
 70
     1
 43
22.5
 10
1348606.590339311
 20
-10942.36597120326
 42
1.0
 10
1348584.090339311
 20
-10942.36597120326
 42
1.0
  0
CIRCLE
  5
AF8
330
2
100
AcDbEntity
  8
CS-RBAR-MAJR
100
AcDbCircle
 10
1348595.340339311
 20
-10942.36597120326
 30
0.0
 40
22.5
  0
LWPOLYLINE
  5
AF9
330
2
100
AcDbEntity
  8
CS-RBAR-MAJR
100
AcDbPolyline
 90
        2
 70
     1
 43
22.5
 10
1355506.590339311
 20
-10427.36597120326
 42
1.0
 10
1355484.090339311
 20
-10427.36597120326
 42
1.0
  0
CIRCLE
  5
AFA
330
2
100
AcDbEntity
  8
CS-RBAR-MAJR
100
AcDbCircle
 10
1355495.340339311
 20
-10427.36597120326
 30
0.0
 40
22.5
  0
LWPOLYLINE
  5
AFB
330
2
100
AcDbEntity
  8
CS-RBAR-MAJR
100
AcDbPolyline
 90
        2
 70
     1
 43
22.5
 10
1355206.590339312
 20
-10427.36597120326
 42
1.0
 10
1355184.090339311
 20
-10427.36597120326
 42
1.0
  0
CIRCLE
  5
AFC
330
2
100
AcDbEntity
  8
CS-RBAR-MAJR
100
AcDbCircle
 10
1355195.340339311
 20
-10427.36597120326
 30
0.0
 40
22.5
  0
LWPOLYLINE
  5
AFD
330
2
100
AcDbEntity
  8
CS-RBAR-MAJR
100
AcDbPolyline
 90
        2
 70
     1
 43
22.5
 10
1354906.590339311
 20
-10427.36597120326
 42
1.0
 10
1354884.090339311
 20
-10427.36597120326
 42
1.0
  0
CIRCLE
  5
AFE
330
2
100
AcDbEntity
  8
CS-RBAR-MAJR
100
AcDbCircle
 10
1354895.340339311
 20
-10427.36597120326
 30
0.0
 40
22.5
  0
LWPOLYLINE
  5
AFF
330
2
100
AcDbEntity
  8
CS-RBAR-MAJR
100
AcDbPolyline
 90
        2
 70
     1
 43
22.5
 10
1354606.590339311
 20
-10427.36597120326
 42
1.0
 10
1354584.090339311
 20
-10427.36597120326
 42
1.0
  0
CIRCLE
  5
B00
330
2
100
AcDbEntity
  8
CS-RBAR-MAJR
100
AcDbCircle
 10
1354595.340339311
 20
-10427.36597120326
 30
0.0
 40
22.5
  0
LWPOLYLINE
  5
B01
330
2
100
AcDbEntity
  8
CS-RBAR-MAJR
100
AcDbPolyline
 90
        2
 70
     1
 43
22.5
 10
1354306.590339311
 20
-10427.36597120326
 42
1.0
 10
1354284.090339311
 20
-10427.36597120326
 42
1.0
  0
CIRCLE
  5
B02
330
2
100
AcDbEntity
  8
CS-RBAR-MAJR
100
AcDbCircle
 10
1354295.340339311
 20
-10427.36597120326
 30
0.0
 40
22.5
  0
LWPOLYLINE
  5
B03
330
2
100
AcDbEntity
  8
CS-RBAR-MAJR
100
AcDbPolyline
 90
        2
 70
     1
 43
22.5
 10
1354006.590339311
 20
-10427.36597120326
 42
1.0
 10
1353984.090339311
 20
-10427.36597120326
 42
1.0
  0
CIRCLE
  5
B04
330
2
100
AcDbEntity
  8
CS-RBAR-MAJR
100
AcDbCircle
 10
1353995.340339311
 20
-10427.36597120326
 30
0.0
 40
22.5
  0
LWPOLYLINE
  5
B05
330
2
100
AcDbEntity
  8
CS-RBAR-MAJR
100
AcDbPolyline
 90
        2
 70
     1
 43
22.5
 10
1353706.590339311
 20
-10427.36597120326
 42
1.0
 10
1353684.090339311
 20
-10427.36597120326
 42
1.0
  0
CIRCLE
  5
B06
330
2
100
AcDbEntity
  8
CS-RBAR-MAJR
100
AcDbCircle
 10
1353695.340339311
 20
-10427.36597120326
 30
0.0
 40
22.5
  0
LWPOLYLINE
  5
B07
330
2
100
AcDbEntity
  8
CS-RBAR-MAJR
100
AcDbPolyline
 90
        2
 70
     1
 43
22.5
 10
1353406.590339311
 20
-10427.36597120326
 42
1.0
 10
1353384.090339311
 20
-10427.36597120326
 42
1.0
  0
CIRCLE
  5
B08
330
2
100
AcDbEntity
  8
CS-RBAR-MAJR
100
AcDbCircle
 10
1353395.340339311
 20
-10427.36597120326
 30
0.0
 40
22.5
  0
LWPOLYLINE
  5
B09
330
2
100
AcDbEntity
  8
CS-RBAR-MAJR
100
AcDbPolyline
 90
        2
 70
     1
 43
22.5
 10
1353106.590339311
 20
-10427.36597120326
 42
1.0
 10
1353084.090339311
 20
-10427.36597120326
 42
1.0
  0
CIRCLE
  5
B0A
330
2
100
AcDbEntity
  8
CS-RBAR-MAJR
100
AcDbCircle
 10
1353095.340339311
 20
-10427.36597120326
 30
0.0
 40
22.5
  0
LWPOLYLINE
  5
B0B
330
2
100
AcDbEntity
  8
CS-RBAR-MAJR
100
AcDbPolyline
 90
        2
 70
     1
 43
22.5
 10
1352806.590339311
 20
-10427.36597120326
 42
1.0
 10
1352784.090339312
 20
-10427.36597120326
 42
1.0
  0
CIRCLE
  5
B0C
330
2
100
AcDbEntity
  8
CS-RBAR-MAJR
100
AcDbCircle
 10
1352795.340339311
 20
-10427.36597120326
 30
0.0
 40
22.5
  0
LWPOLYLINE
  5
B0D
330
2
100
AcDbEntity
  8
CS-RBAR-MAJR
100
AcDbPolyline
 90
        2
 70
     1
 43
22.5
 10
1352506.590339311
 20
-10427.36597120326
 42
1.0
 10
1352484.090339312
 20
-10427.36597120326
 42
1.0
  0
CIRCLE
  5
B0E
330
2
100
AcDbEntity
  8
CS-RBAR-MAJR
100
AcDbCircle
 10
1352495.340339312
 20
-10427.36597120326
 30
0.0
 40
22.5
  0
LWPOLYLINE
  5
B0F
330
2
100
AcDbEntity
  8
CS-RBAR-MAJR
100
AcDbPolyline
 90
        2
 70
     1
 43
22.5
 10
1352206.590339311
 20
-10427.36597120326
 42
1.0
 10
1352184.090339312
 20
-10427.36597120326
 42
1.0
  0
CIRCLE
  5
B10
330
2
100
AcDbEntity
  8
CS-RBAR-MAJR
100
AcDbCircle
 10
1352195.340339312
 20
-10427.36597120326
 30
0.0
 40
22.5
  0
LWPOLYLINE
  5
B11
330
2
100
AcDbEntity
  8
CS-RBAR-MAJR
100
AcDbPolyline
 90
        2
 70
     1
 43
22.5
 10
1351906.590339312
 20
-10427.36597120326
 42
1.0
 10
1351884.090339312
 20
-10427.36597120326
 42
1.0
  0
CIRCLE
  5
B12
330
2
100
AcDbEntity
  8
CS-RBAR-MAJR
100
AcDbCircle
 10
1351895.340339312
 20
-10427.36597120326
 30
0.0
 40
22.5
  0
LWPOLYLINE
  5
B13
330
2
100
AcDbEntity
  8
CS-RBAR-MAJR
100
AcDbPolyline
 90
        2
 70
     1
 43
22.5
 10
1351606.590339311
 20
-10427.36597120326
 42
1.0
 10
1351584.090339311
 20
-10427.36597120326
 42
1.0
  0
CIRCLE
  5
B14
330
2
100
AcDbEntity
  8
CS-RBAR-MAJR
100
AcDbCircle
 10
1351595.340339311
 20
-10427.36597120326
 30
0.0
 40
22.5
  0
LWPOLYLINE
  5
B15
330
2
100
AcDbEntity
  8
CS-RBAR-MAJR
100
AcDbPolyline
 90
        2
 70
     1
 43
22.5
 10
1351306.590339311
 20
-10427.36597120326
 42
1.0
 10
1351284.090339311
 20
-10427.36597120326
 42
1.0
  0
CIRCLE
  5
B16
330
2
100
AcDbEntity
  8
CS-RBAR-MAJR
100
AcDbCircle
 10
1351295.340339311
 20
-10427.36597120326
 30
0.0
 40
22.5
  0
LWPOLYLINE
  5
B17
330
2
100
AcDbEntity
  8
CS-RBAR-MAJR
100
AcDbPolyline
 90
        2
 70
     1
 43
22.5
 10
1351006.590339312
 20
-10427.36597120326
 42
1.0
 10
1350984.090339311
 20
-10427.36597120326
 42
1.0
  0
CIRCLE
  5
B18
330
2
100
AcDbEntity
  8
CS-RBAR-MAJR
100
AcDbCircle
 10
1350995.340339312
 20
-10427.36597120326
 30
0.0
 40
22.5
  0
LWPOLYLINE
  5
B19
330
2
100
AcDbEntity
  8
CS-RBAR-MAJR
100
AcDbPolyline
 90
        2
 70
     1
 43
22.5
 10
1350706.590339312
 20
-10427.36597120326
 42
1.0
 10
1350684.090339312
 20
-10427.36597120326
 42
1.0
  0
CIRCLE
  5
B1A
330
2
100
AcDbEntity
  8
CS-RBAR-MAJR
100
AcDbCircle
 10
1350695.340339312
 20
-10427.36597120326
 30
0.0
 40
22.5
  0
LWPOLYLINE
  5
B1B
330
2
100
AcDbEntity
  8
CS-RBAR-MAJR
100
AcDbPolyline
 90
        2
 70
     1
 43
22.5
 10
1350406.590339312
 20
-10427.36597120326
 42
1.0
 10
1350384.090339312
 20
-10427.36597120326
 42
1.0
  0
CIRCLE
  5
B1C
330
2
100
AcDbEntity
  8
CS-RBAR-MAJR
100
AcDbCircle
 10
1350395.340339312
 20
-10427.36597120326
 30
0.0
 40
22.5
  0
LWPOLYLINE
  5
B1D
330
2
100
AcDbEntity
  8
CS-RBAR-MAJR
100
AcDbPolyline
 90
        2
 70
     1
 43
22.5
 10
1350106.590339311
 20
-10427.36597120326
 42
1.0
 10
1350084.090339311
 20
-10427.36597120326
 42
1.0
  0
CIRCLE
  5
B1E
330
2
100
AcDbEntity
  8
CS-RBAR-MAJR
100
AcDbCircle
 10
1350095.340339311
 20
-10427.36597120326
 30
0.0
 40
22.5
  0
LWPOLYLINE
  5
B1F
330
2
100
AcDbEntity
  8
CS-RBAR-MAJR
100
AcDbPolyline
 90
        2
 70
     1
 43
22.5
 10
1349806.590339311
 20
-10427.36597120326
 42
1.0
 10
1349784.090339311
 20
-10427.36597120326
 42
1.0
  0
CIRCLE
  5
B20
330
2
100
AcDbEntity
  8
CS-RBAR-MAJR
100
AcDbCircle
 10
1349795.340339311
 20
-10427.36597120326
 30
0.0
 40
22.5
  0
LWPOLYLINE
  5
B21
330
2
100
AcDbEntity
  8
CS-RBAR-MAJR
100
AcDbPolyline
 90
        2
 70
     1
 43
22.5
 10
1349506.590339311
 20
-10427.36597120326
 42
1.0
 10
1349484.090339311
 20
-10427.36597120326
 42
1.0
  0
CIRCLE
  5
B22
330
2
100
AcDbEntity
  8
CS-RBAR-MAJR
100
AcDbCircle
 10
1349495.340339311
 20
-10427.36597120326
 30
0.0
 40
22.5
  0
LWPOLYLINE
  5
B23
330
2
100
AcDbEntity
  8
CS-RBAR-MAJR
100
AcDbPolyline
 90
        2
 70
     1
 43
22.5
 10
1349206.590339312
 20
-10427.36597120326
 42
1.0
 10
1349184.090339311
 20
-10427.36597120326
 42
1.0
  0
CIRCLE
  5
B24
330
2
100
AcDbEntity
  8
CS-RBAR-MAJR
100
AcDbCircle
 10
1349195.340339311
 20
-10427.36597120326
 30
0.0
 40
22.5
  0
LWPOLYLINE
  5
B25
330
2
100
AcDbEntity
  8
CS-RBAR-MAJR
100
AcDbPolyline
 90
        2
 70
     1
 43
22.5
 10
1348906.590339312
 20
-10427.36597120326
 42
1.0
 10
1348884.090339312
 20
-10427.36597120326
 42
1.0
  0
CIRCLE
  5
B26
330
2
100
AcDbEntity
  8
CS-RBAR-MAJR
100
AcDbCircle
 10
1348895.340339312
 20
-10427.36597120326
 30
0.0
 40
22.5
  0
LWPOLYLINE
  5
B27
330
2
100
AcDbEntity
  8
CS-RBAR-MAJR
100
AcDbPolyline
 90
        2
 70
     1
 43
22.5
 10
1348606.590339311
 20
-10427.36597120326
 42
1.0
 10
1348584.090339311
 20
-10427.36597120326
 42
1.0
  0
CIRCLE
  5
B28
330
2
100
AcDbEntity
  8
CS-RBAR-MAJR
100
AcDbCircle
 10
1348595.340339311
 20
-10427.36597120326
 30
0.0
 40
22.5
  0
TEXT
  5
B29
330
2
100
AcDbEntity
  8
CS-DIMT
100
AcDbText
 10
1345520.340339311
 20
-13552.9152388464
 30
0.0
 40
125.0
  1
6.050
 50
90.0
  7
A_STANDARD
 72
     1
 11
1345520.340339311
 21
-13339.86597120326
 31
0.0
100
AcDbText
  0
TEXT
  5
B2D
330
2
100
AcDbEntity
  8
CS-DIMT
100
AcDbText
 10
1346005.340339312
 20
-10093.24479943229
 30
0.0
 40
125.0
  1
90(외측)
 50
90.0
  7
A_STANDARD
 72
     1
 11
1346005.340339312
 21
-9752.365971203261
 31
0.0
100
AcDbText
  0
TEXT
  5
B2E
330
2
100
AcDbEntity
  8
CS-DIMT
100
AcDbText
 10
1346020.340339312
 20
-10812.69553178914
 30
0.0
 40
125.0
  1
560
 50
90.0
  7
A_STANDARD
 72
     1
 11
1346020.340339312
 21
-10684.86597120326
 31
0.0
100
AcDbText
  0
TEXT
  5
B2F
330
2
100
AcDbEntity
  8
CS-DIMT
100
AcDbText
 10
1346195.340339311
 20
-11167.69553178914
 30
0.0
 40
125.0
  1
150
 50
90.0
  7
A_STANDARD
 72
     1
 11
1346195.340339311
 21
-11039.86597120326
 31
0.0
100
AcDbText
  0
TEXT
  5
B30
330
2
100
AcDbEntity
  8
CS-DIMT
100
AcDbText
 10
1346020.340339312
 20
-13826.1842135468
 30
0.0
 40
125.0
  1
22@200=4.400
 50
90.0
  7
A_STANDARD
 72
     1
 11
1346020.340339312
 21
-13314.86597120326
 31
0.0
100
AcDbText
  0
TEXT
  5
B31
330
2
100
AcDbEntity
  8
CS-DIMT
100
AcDbText
 10
1346195.340339311
 20
-15717.69553178914
 30
0.0
 40
125.0
  1
150
 50
90.0
  7
A_STANDARD
 72
     1
 11
1346195.340339311
 21
-15589.86597120326
 31
0.0
100
AcDbText
  0
TEXT
  5
B32
330
2
100
AcDbEntity
  8
CS-DIMT
100
AcDbText
 10
1346020.340339312
 20
-16097.69553178914
 30
0.0
 40
125.0
  1
610
 50
90.0
  7
A_STANDARD
 72
     1
 11
1346020.340339312
 21
-15969.86597120326
 31
0.0
100
AcDbText
  0
TEXT
  5
B33
330
2
100
AcDbEntity
  8
CS-DIMT
100
AcDbText
 10
1346505.340339311
 20
-10093.24479943229
 30
0.0
 40
125.0
  1
90(내측)
 50
90.0
  7
A_STANDARD
 72
     1
 11
1346505.340339311
 21
-9752.365971203261
 31
0.0
100
AcDbText
  0
TEXT
  5
B34
330
2
100
AcDbEntity
  8
CS-DIMT
100
AcDbText
 10
1346520.340339311
 20
-10812.69553178914
 30
0.0
 40
125.0
  1
560
 50
90.0
  7
A_STANDARD
 72
     1
 11
1346520.340339311
 21
-10684.86597120326
 31
0.0
100
AcDbText
  0
TEXT
  5
B35
330
2
100
AcDbEntity
  8
CS-DIMT
100
AcDbText
 10
1346695.340339312
 20
-11167.69553178914
 30
0.0
 40
125.0
  1
150
 50
90.0
  7
A_STANDARD
 72
     1
 11
1346695.340339312
 21
-11039.86597120326
 31
0.0
100
AcDbText
  0
TEXT
  5
B36
330
2
100
AcDbEntity
  8
CS-DIMT
100
AcDbText
 10
1346520.340339311
 20
-13826.1842135468
 30
0.0
 40
125.0
  1
22@200=4.400
 50
90.0
  7
A_STANDARD
 72
     1
 11
1346520.340339311
 21
-13314.86597120326
 31
0.0
100
AcDbText
  0
TEXT
  5
B37
330
2
100
AcDbEntity
  8
CS-DIMT
100
AcDbText
 10
1346695.340339312
 20
-15717.69553178914
 30
0.0
 40
125.0
  1
150
 50
90.0
  7
A_STANDARD
 72
     1
 11
1346695.340339312
 21
-15589.86597120326
 31
0.0
100
AcDbText
  0
TEXT
  5
B38
330
2
100
AcDbEntity
  8
CS-DIMT
100
AcDbText
 10
1346520.340339311
 20
-16097.69553178914
 30
0.0
 40
125.0
  1
610
 50
90.0
  7
A_STANDARD
 72
     1
 11
1346520.340339311
 21
-15969.86597120326
 31
0.0
100
AcDbText
  0
TEXT
  5
B39
330
2
100
AcDbEntity
  8
CS-DIMT
100
AcDbText
 10
1358520.340339312
 20
-13552.9152388464
 30
0.0
 40
125.0
  1
6.050
 50
90.0
  7
A_STANDARD
 72
     1
 11
1358520.340339312
 21
-13339.86597120326
 31
0.0
100
AcDbText
  0
TEXT
  5
B3A
330
2
100
AcDbEntity
  8
CS-DIMT
100
AcDbText
 10
1358005.340339311
 20
-10093.24479943229
 30
0.0
 40
125.0
  1
90(외측)
 50
90.0
  7
A_STANDARD
 72
     1
 11
1358005.340339311
 21
-9752.365971203261
 31
0.0
100
AcDbText
  0
TEXT
  5
B3B
330
2
100
AcDbEntity
  8
CS-DIMT
100
AcDbText
 10
1358020.340339311
 20
-10812.69553178914
 30
0.0
 40
125.0
  1
560
 50
90.0
  7
A_STANDARD
 72
     1
 11
1358020.340339311
 21
-10684.86597120326
 31
0.0
100
AcDbText
  0
TEXT
  5
B3C
330
2
100
AcDbEntity
  8
CS-DIMT
100
AcDbText
 10
1358195.340339312
 20
-11167.69553178914
 30
0.0
 40
125.0
  1
150
 50
90.0
  7
A_STANDARD
 72
     1
 11
1358195.340339312
 21
-11039.86597120326
 31
0.0
100
AcDbText
  0
TEXT
  5
B3D
330
2
100
AcDbEntity
  8
CS-DIMT
100
AcDbText
 10
1358020.340339311
 20
-13826.1842135468
 30
0.0
 40
125.0
  1
22@200=4.400
 50
90.0
  7
A_STANDARD
 72
     1
 11
1358020.340339311
 21
-13314.86597120326
 31
0.0
100
AcDbText
  0
TEXT
  5
B3E
330
2
100
AcDbEntity
  8
CS-DIMT
100
AcDbText
 10
1358195.340339312
 20
-15717.69553178914
 30
0.0
 40
125.0
  1
150
 50
90.0
  7
A_STANDARD
 72
     1
 11
1358195.340339312
 21
-15589.86597120326
 31
0.0
100
AcDbText
  0
TEXT
  5
B3F
330
2
100
AcDbEntity
  8
CS-DIMT
100
AcDbText
 10
1358020.340339311
 20
-16097.69553178914
 30
0.0
 40
125.0
  1
610
 50
90.0
  7
A_STANDARD
 72
     1
 11
1358020.340339311
 21
-15969.86597120326
 31
0.0
100
AcDbText
  0
TEXT
  5
B40
330
2
100
AcDbEntity
  8
CS-DIMT
100
AcDbText
 10
1357505.340339311
 20
-10093.24479943229
 30
0.0
 40
125.0
  1
90(내측)
 50
90.0
  7
A_STANDARD
 72
     1
 11
1357505.340339311
 21
-9752.365971203261
 31
0.0
100
AcDbText
  0
TEXT
  5
B41
330
2
100
AcDbEntity
  8
CS-DIMT
100
AcDbText
 10
1357520.340339312
 20
-10812.69553178914
 30
0.0
 40
125.0
  1
560
 50
90.0
  7
A_STANDARD
 72
     1
 11
1357520.340339312
 21
-10684.86597120326
 31
0.0
100
AcDbText
  0
TEXT
  5
B42
330
2
100
AcDbEntity
  8
CS-DIMT
100
AcDbText
 10
1357695.340339311
 20
-11167.69553178914
 30
0.0
 40
125.0
  1
150
 50
90.0
  7
A_STANDARD
 72
     1
 11
1357695.340339311
 21
-11039.86597120326
 31
0.0
100
AcDbText
  0
TEXT
  5
B43
330
2
100
AcDbEntity
  8
CS-DIMT
100
AcDbText
 10
1357520.340339312
 20
-13826.1842135468
 30
0.0
 40
125.0
  1
22@200=4.400
 50
90.0
  7
A_STANDARD
 72
     1
 11
1357520.340339312
 21
-13314.86597120326
 31
0.0
100
AcDbText
  0
TEXT
  5
B44
330
2
100
AcDbEntity
  8
CS-DIMT
100
AcDbText
 10
1357695.340339311
 20
-15717.69553178914
 30
0.0
 40
125.0
  1
150
 50
90.0
  7
A_STANDARD
 72
     1
 11
1357695.340339311
 21
-15589.86597120326
 31
0.0
100
AcDbText
  0
TEXT
  5
B45
330
2
100
AcDbEntity
  8
CS-DIMT
100
AcDbText
 10
1357520.340339312
 20
-16097.69553178914
 30
0.0
 40
125.0
  1
610
 50
90.0
  7
A_STANDARD
 72
     1
 11
1357520.340339312
 21
-15969.86597120326
 31
0.0
100
AcDbText
  0
TEXT
  5
B46
330
2
100
AcDbEntity
  8
CS-DIMT
100
AcDbText
 10
1346520.340339311
 20
-3885.753773055309
 30
0.0
 40
125.0
  1
@125
 50
90.0
  7
A_STANDARD
 72
     1
 11
1346520.340339311
 21
-3715.314358940795
 31
0.0
100
AcDbText
  0
TEXT
  5
B47
330
2
100
AcDbEntity
  8
CS-DIMT
100
AcDbText
 10
1346735.840339311
 20
-3970.973480112566
 30
0.0
 40
125.0
  1
(상면)
 50
90.0
  7
A_STANDARD
 72
     1
 11
1346735.840339311
 21
-3715.314358940795
 31
0.0
100
AcDbText
  0
TEXT
  5
B48
330
2
100
AcDbEntity
  8
CS-DIMT
100
AcDbText
 10
1346520.340339311
 20
-4885.753773055309
 30
0.0
 40
125.0
  1
@125
 50
90.0
  7
A_STANDARD
 72
     1
 11
1346520.340339311
 21
-4715.314358940795
 31
0.0
100
AcDbText
  0
TEXT
  5
B49
330
2
100
AcDbEntity
  8
CS-DIMT
100
AcDbText
 10
1346735.840339311
 20
-4970.973480112567
 30
0.0
 40
125.0
  1
(하면)
 50
90.0
  7
A_STANDARD
 72
     1
 11
1346735.840339311
 21
-4715.314358940795
 31
0.0
100
AcDbText
  0
TEXT
  5
B4A
330
2
100
AcDbEntity
  8
CS-DIMT
100
AcDbText
 10
1346584.090339312
 20
-21870.03506541644
 30
0.0
 40
125.0
  1
@125
 50
90.0
  7
A_STANDARD
 72
     1
 11
1346584.090339312
 21
-21699.59565130193
 31
0.0
100
AcDbText
  0
TEXT
  5
B4B
330
2
100
AcDbEntity
  8
CS-DIMT
100
AcDbText
 10
1346799.590339311
 20
-21955.2547724737
 30
0.0
 40
125.0
  1
(상면)
 50
90.0
  7
A_STANDARD
 72
     1
 11
1346799.590339311
 21
-21699.59565130193
 31
0.0
100
AcDbText
  0
TEXT
  5
B4C
330
2
100
AcDbEntity
  8
CS-DIMT
100
AcDbText
 10
1346584.090339312
 20
-22870.03506541644
 30
0.0
 40
125.0
  1
@125
 50
90.0
  7
A_STANDARD
 72
     1
 11
1346584.090339312
 21
-22699.59565130193
 31
0.0
100
AcDbText
  0
TEXT
  5
B4D
330
2
100
AcDbEntity
  8
CS-DIMT
100
AcDbText
 10
1346799.590339311
 20
-22955.2547724737
 30
0.0
 40
125.0
  1
(하면)
 50
90.0
  7
A_STANDARD
 72
     1
 11
1346799.590339311
 21
-22699.59565130193
 31
0.0
100
AcDbText
  0
TEXT
  5
B4E
330
2
100
AcDbEntity
  8
CS-DIMT
100
AcDbText
 10
1338225.394882311
 20
-16121.92023517503
 30
0.0
 40
125.0
  1
610
 50
90.0
  7
A_STANDARD
 72
     1
 11
1338225.394882311
 21
-15994.09067458915
 31
0.0
100
AcDbText
  0
TEXT
  5
B4F
330
2
100
AcDbEntity
  8
CS-DIMT
100
AcDbText
 10
1338400.394882311
 20
-15741.92023517503
 30
0.0
 40
125.0
  1
150
 50
90.0
  7
A_STANDARD
 72
     1
 11
1338400.394882311
 21
-15614.09067458915
 31
0.0
100
AcDbText
  0
TEXT
  5
B50
330
2
100
AcDbEntity
  8
CS-DIMT
100
AcDbText
 10
1338225.394882311
 20
-13850.40891693269
 30
0.0
 40
125.0
  1
22@200=4.400
 50
90.0
  7
A_STANDARD
 72
     1
 11
1338225.394882311
 21
-13339.09067458915
 31
0.0
100
AcDbText
  0
TEXT
  5
B51
330
2
100
AcDbEntity
  8
CS-DIMT
100
AcDbText
 10
1338400.394882311
 20
-11191.92023517503
 30
0.0
 40
125.0
  1
150
 50
90.0
  7
A_STANDARD
 72
     1
 11
1338400.394882311
 21
-11064.09067458915
 31
0.0
100
AcDbText
  0
TEXT
  5
B52
330
2
100
AcDbEntity
  8
CS-DIMT
100
AcDbText
 10
1338225.394882311
 20
-10836.92023517504
 30
0.0
 40
125.0
  1
560
 50
90.0
  7
A_STANDARD
 72
     1
 11
1338225.394882311
 21
-10709.09067458915
 31
0.0
100
AcDbText
  0
TEXT
  5
B53
330
2
100
AcDbEntity
  8
CS-DIMT
100
AcDbText
 10
1338225.394882311
 20
-10236.81038164641
 30
0.0
 40
125.0
  1
90
 50
90.0
  7
A_STANDARD
 72
     1
 11
1338225.394882311
 21
-10151.59067458915
 31
0.0
100
AcDbText
  0
TEXT
  5
B54
330
2
100
AcDbEntity
  8
CS-DIMT
100
AcDbText
 10
1337725.394882311
 20
-13577.13994223229
 30
0.0
 40
125.0
  1
6.050
 50
90.0
  7
A_STANDARD
 72
     1
 11
1337725.394882311
 21
-13364.09067458915
 31
0.0
100
AcDbText
  0
TEXT
  5
B55
330
2
100
AcDbEntity
  8
CS-DIMT
100
AcDbText
 10
1343225.394882312
 20
-16121.92023517503
 30
0.0
 40
125.0
  1
610
 50
90.0
  7
A_STANDARD
 72
     1
 11
1343225.394882312
 21
-15994.09067458915
 31
0.0
100
AcDbText
  0
TEXT
  5
B56
330
2
100
AcDbEntity
  8
CS-DIMT
100
AcDbText
 10
1343400.394882311
 20
-15741.92023517503
 30
0.0
 40
125.0
  1
150
 50
90.0
  7
A_STANDARD
 72
     1
 11
1343400.394882311
 21
-15614.09067458915
 31
0.0
100
AcDbText
  0
TEXT
  5
B57
330
2
100
AcDbEntity
  8
CS-DIMT
100
AcDbText
 10
1343225.394882312
 20
-13850.40891693269
 30
0.0
 40
125.0
  1
22@200=4.400
 50
90.0
  7
A_STANDARD
 72
     1
 11
1343225.394882312
 21
-13339.09067458915
 31
0.0
100
AcDbText
  0
TEXT
  5
B58
330
2
100
AcDbEntity
  8
CS-DIMT
100
AcDbText
 10
1343400.394882311
 20
-11191.92023517503
 30
0.0
 40
125.0
  1
150
 50
90.0
  7
A_STANDARD
 72
     1
 11
1343400.394882311
 21
-11064.09067458915
 31
0.0
100
AcDbText
  0
TEXT
  5
B59
330
2
100
AcDbEntity
  8
CS-DIMT
100
AcDbText
 10
1343225.394882312
 20
-10836.92023517504
 30
0.0
 40
125.0
  1
560
 50
90.0
  7
A_STANDARD
 72
     1
 11
1343225.394882312
 21
-10709.09067458915
 31
0.0
100
AcDbText
  0
TEXT
  5
B5A
330
2
100
AcDbEntity
  8
CS-DIMT
100
AcDbText
 10
1343225.394882312
 20
-10236.81038164641
 30
0.0
 40
125.0
  1
90
 50
90.0
  7
A_STANDARD
 72
     1
 11
1343225.394882312
 21
-10151.59067458915
 31
0.0
100
AcDbText
  0
TEXT
  5
B5B
330
2
100
AcDbEntity
  8
CS-DIMT
100
AcDbText
 10
1365772.785796311
 20
-16097.69553178914
 30
0.0
 40
125.0
  1
610
 50
90.0
  7
A_STANDARD
 72
     1
 11
1365772.785796311
 21
-15969.86597120326
 31
0.0
100
AcDbText
  0
TEXT
  5
B5C
330
2
100
AcDbEntity
  8
CS-DIMT
100
AcDbText
 10
1365947.785796311
 20
-15717.69553178914
 30
0.0
 40
125.0
  1
150
 50
90.0
  7
A_STANDARD
 72
     1
 11
1365947.785796311
 21
-15589.86597120326
 31
0.0
100
AcDbText
  0
TEXT
  5
B5D
330
2
100
AcDbEntity
  8
CS-DIMT
100
AcDbText
 10
1365772.785796311
 20
-13826.1842135468
 30
0.0
 40
125.0
  1
22@200=4.400
 50
90.0
  7
A_STANDARD
 72
     1
 11
1365772.785796311
 21
-13314.86597120326
 31
0.0
100
AcDbText
  0
TEXT
  5
B5E
330
2
100
AcDbEntity
  8
CS-DIMT
100
AcDbText
 10
1365947.785796311
 20
-11167.69553178914
 30
0.0
 40
125.0
  1
150
 50
90.0
  7
A_STANDARD
 72
     1
 11
1365947.785796311
 21
-11039.86597120326
 31
0.0
100
AcDbText
  0
TEXT
  5
B5F
330
2
100
AcDbEntity
  8
CS-DIMT
100
AcDbText
 10
1365772.785796311
 20
-10812.69553178914
 30
0.0
 40
125.0
  1
560
 50
90.0
  7
A_STANDARD
 72
     1
 11
1365772.785796311
 21
-10684.86597120326
 31
0.0
100
AcDbText
  0
TEXT
  5
B60
330
2
100
AcDbEntity
  8
CS-DIMT
100
AcDbText
 10
1365772.785796311
 20
-10212.58567826051
 30
0.0
 40
125.0
  1
90
 50
90.0
  7
A_STANDARD
 72
     1
 11
1365772.785796311
 21
-10127.36597120326
 31
0.0
100
AcDbText
  0
TEXT
  5
B61
330
2
100
AcDbEntity
  8
CS-DIMT
100
AcDbText
 10
1360772.785796311
 20
-16097.69553178914
 30
0.0
 40
125.0
  1
610
 50
90.0
  7
A_STANDARD
 72
     1
 11
1360772.785796311
 21
-15969.86597120326
 31
0.0
100
AcDbText
  0
TEXT
  5
B62
330
2
100
AcDbEntity
  8
CS-DIMT
100
AcDbText
 10
1360947.785796311
 20
-15717.69553178914
 30
0.0
 40
125.0
  1
150
 50
90.0
  7
A_STANDARD
 72
     1
 11
1360947.785796311
 21
-15589.86597120326
 31
0.0
100
AcDbText
  0
TEXT
  5
B63
330
2
100
AcDbEntity
  8
CS-DIMT
100
AcDbText
 10
1360772.785796311
 20
-13826.1842135468
 30
0.0
 40
125.0
  1
22@200=4.400
 50
90.0
  7
A_STANDARD
 72
     1
 11
1360772.785796311
 21
-13314.86597120326
 31
0.0
100
AcDbText
  0
TEXT
  5
B64
330
2
100
AcDbEntity
  8
CS-DIMT
100
AcDbText
 10
1360947.785796311
 20
-11167.69553178914
 30
0.0
 40
125.0
  1
150
 50
90.0
  7
A_STANDARD
 72
     1
 11
1360947.785796311
 21
-11039.86597120326
 31
0.0
100
AcDbText
  0
TEXT
  5
B65
330
2
100
AcDbEntity
  8
CS-DIMT
100
AcDbText
 10
1360772.785796311
 20
-10812.69553178914
 30
0.0
 40
125.0
  1
560
 50
90.0
  7
A_STANDARD
 72
     1
 11
1360772.785796311
 21
-10684.86597120326
 31
0.0
100
AcDbText
  0
TEXT
  5
B66
330
2
100
AcDbEntity
  8
CS-DIMT
100
AcDbText
 10
1360772.785796311
 20
-10212.58567826051
 30
0.0
 40
125.0
  1
90
 50
90.0
  7
A_STANDARD
 72
     1
 11
1360772.785796311
 21
-10127.36597120326
 31
0.0
100
AcDbText
  0
TEXT
  5
B67
330
2
100
AcDbEntity
  8
CS-DIMT
100
AcDbText
 10
1360272.785796311
 20
-13552.9152388464
 30
0.0
 40
125.0
  1
6.050
 50
90.0
  7
A_STANDARD
 72
     1
 11
1360272.785796311
 21
-13339.86597120326
 31
0.0
100
AcDbText
  0
TEXT
  5
B68
330
2
100
AcDbEntity
  8
CS-DIMT
100
AcDbText
 10
1363627.346382197
 20
-8789.86597120326
 30
0.0
 40
125.0
  1
@125
  7
A_STANDARD
 72
     1
 11
1363797.785796311
 21
-8789.86597120326
 31
0.0
100
AcDbText
  0
TEXT
  5
B69
330
2
100
AcDbEntity
  8
CS-DIMT
100
AcDbText
 10
1363542.126675139
 20
-9005.365971203261
 30
0.0
 40
125.0
  1
(외측)
  7
A_STANDARD
 72
     1
 11
1363797.785796311
 21
-9005.365971203261
 31
0.0
100
AcDbText
  0
TEXT
  5
B6A
330
2
100
AcDbEntity
  8
CS-DIMT
100
AcDbText
 10
1362627.346382197
 20
-8789.86597120326
 30
0.0
 40
125.0
  1
@125
  7
A_STANDARD
 72
     1
 11
1362797.785796311
 21
-8789.86597120326
 31
0.0
100
AcDbText
  0
TEXT
  5
B6B
330
2
100
AcDbEntity
  8
CS-DIMT
100
AcDbText
 10
1362542.126675139
 20
-9005.365971203261
 30
0.0
 40
125.0
  1
(내측)
  7
A_STANDARD
 72
     1
 11
1362797.785796311
 21
-9005.365971203261
 31
0.0
100
AcDbText
  0
TEXT
  5
B6C
330
2
100
AcDbEntity
  8
CS-DIMT
100
AcDbText
 10
1365772.785796311
 20
-16627.36597120326
 30
0.0
 40
125.0
  1
90
 50
90.0
  7
A_STANDARD
100
AcDbText
  0
TEXT
  5
B6D
330
2
100
AcDbEntity
  8
CS-DIMT
100
AcDbText
 10
1360772.785796311
 20
-16627.36597120326
 30
0.0
 40
125.0
  1
90
 50
90.0
  7
A_STANDARD
100
AcDbText
  0
TEXT
  5
B6E
330
2
100
AcDbEntity
  8
CS-DIMT
100
AcDbText
 10
1340079.955468197
 20
-8814.09067458915
 30
0.0
 40
125.0
  1
@125
  7
A_STANDARD
 72
     1
 11
1340250.394882311
 21
-8814.09067458915
 31
0.0
100
AcDbText
  0
TEXT
  5
B6F
330
2
100
AcDbEntity
  8
CS-DIMT
100
AcDbText
 10
1339994.73576114
 20
-9029.590674589151
 30
0.0
 40
125.0
  1
(외측)
  7
A_STANDARD
 72
     1
 11
1340250.394882311
 21
-9029.590674589151
 31
0.0
100
AcDbText
  0
TEXT
  5
B70
330
2
100
AcDbEntity
  8
CS-DIMT
100
AcDbText
 10
1341079.955468197
 20
-8814.09067458915
 30
0.0
 40
125.0
  1
@125
  7
A_STANDARD
 72
     1
 11
1341250.394882311
 21
-8814.09067458915
 31
0.0
100
AcDbText
  0
TEXT
  5
B71
330
2
100
AcDbEntity
  8
CS-DIMT
100
AcDbText
 10
1340994.73576114
 20
-9029.590674589151
 30
0.0
 40
125.0
  1
(내측)
  7
A_STANDARD
 72
     1
 11
1341250.394882311
 21
-9029.590674589151
 31
0.0
100
AcDbText
  0
TEXT
  5
B72
330
2
100
AcDbEntity
  8
CS-DIMT
100
AcDbText
 10
1338225.394882311
 20
-16651.59067458915
 30
0.0
 40
125.0
  1
90
 50
90.0
  7
A_STANDARD
100
AcDbText
  0
TEXT
  5
B73
330
2
100
AcDbEntity
  8
CS-DIMT
100
AcDbText
 10
1343225.394882312
 20
-16651.59067458915
 30
0.0
 40
125.0
  1
90
 50
90.0
  7
A_STANDARD
100
AcDbText
  0
TEXT
  5
B74
330
2
100
AcDbEntity
  8
CS-DIMT
100
AcDbText
 10
1351896.041071668
 20
-19674.59565130193
 30
0.0
 40
125.0
  1
8.000
  7
A_STANDARD
 72
     1
 11
1352109.090339311
 21
-19674.59565130193
 31
0.0
100
AcDbText
  0
TEXT
  5
B75
330
2
100
AcDbEntity
  8
CS-DIMT
100
AcDbText
 10
1356310.821364611
 20
-20159.59565130193
 30
0.0
 40
125.0
  1
90(1단)
  7
A_STANDARD
 72
     1
 11
1356609.090339311
 21
-20159.59565130193
 31
0.0
100
AcDbText
  0
TEXT
  5
B76
330
2
100
AcDbEntity
  8
CS-DIMT
100
AcDbText
 10
1355731.260778726
 20
-20174.59565130193
 30
0.0
 40
125.0
  1
320
  7
A_STANDARD
 72
     1
 11
1355859.090339311
 21
-20174.59565130193
 31
0.0
100
AcDbText
  0
TEXT
  5
B77
330
2
100
AcDbEntity
  8
CS-DIMT
100
AcDbText
 10
1355501.260778726
 20
-20349.59565130193
 30
0.0
 40
125.0
  1
140
  7
A_STANDARD
 72
     1
 11
1355629.090339311
 21
-20349.59565130193
 31
0.0
100
AcDbText
  0
TEXT
  5
B78
330
2
100
AcDbEntity
  8
CS-DIMT
100
AcDbText
 10
1351597.772096968
 20
-20174.59565130193
 30
0.0
 40
125.0
  1
23@300=6.900
  7
A_STANDARD
 72
     1
 11
1352109.090339311
 21
-20174.59565130193
 31
0.0
100
AcDbText
  0
TEXT
  5
B79
330
2
100
AcDbEntity
  8
CS-DIMT
100
AcDbText
 10
1348461.260778726
 20
-20349.59565130193
 30
0.0
 40
125.0
  1
140
  7
A_STANDARD
 72
     1
 11
1348589.090339312
 21
-20349.59565130193
 31
0.0
100
AcDbText
  0
TEXT
  5
B7A
330
2
100
AcDbEntity
  8
CS-DIMT
100
AcDbText
 10
1348231.260778726
 20
-20174.59565130193
 30
0.0
 40
125.0
  1
320
  7
A_STANDARD
 72
     1
 11
1348359.090339311
 21
-20174.59565130193
 31
0.0
100
AcDbText
  0
TEXT
  5
B7B
330
2
100
AcDbEntity
  8
CS-DIMT
100
AcDbText
 10
1356211.370632254
 20
-24174.59565130193
 30
0.0
 40
125.0
  1
90
  7
A_STANDARD
 72
     1
 11
1356296.590339312
 21
-24174.59565130193
 31
0.0
100
AcDbText
  0
TEXT
  5
B7C
330
2
100
AcDbEntity
  8
CS-DIMT
100
AcDbText
 10
1355791.260778726
 20
-24349.59565130193
 30
0.0
 40
125.0
  1
200
  7
A_STANDARD
 72
     1
 11
1355919.090339311
 21
-24349.59565130193
 31
0.0
100
AcDbText
  0
TEXT
  5
B7D
330
2
100
AcDbEntity
  8
CS-DIMT
100
AcDbText
 10
1354336.041071668
 20
-24174.59565130193
 30
0.0
 40
125.0
  1
2.540
  7
A_STANDARD
 72
     1
 11
1354549.090339311
 21
-24174.59565130193
 31
0.0
100
AcDbText
  0
TEXT
  5
B7E
330
2
100
AcDbEntity
  8
CS-DIMT
100
AcDbText
 10
1351896.041071668
 20
-24174.59565130193
 30
0.0
 40
125.0
  1
2.340
  7
A_STANDARD
 72
     1
 11
1352109.090339311
 21
-24174.59565130193
 31
0.0
100
AcDbText
  0
TEXT
  5
B7F
330
2
100
AcDbEntity
  8
CS-DIMT
100
AcDbText
 10
1349456.041071668
 20
-24174.59565130193
 30
0.0
 40
125.0
  1
2.540
  7
A_STANDARD
 72
     1
 11
1349669.090339311
 21
-24174.59565130193
 31
0.0
100
AcDbText
  0
TEXT
  5
B80
330
2
100
AcDbEntity
  8
CS-DIMT
100
AcDbText
 10
1348171.260778726
 20
-24349.59565130193
 30
0.0
 40
125.0
  1
200
  7
A_STANDARD
 72
     1
 11
1348299.090339311
 21
-24349.59565130193
 31
0.0
100
AcDbText
  0
TEXT
  5
B81
330
2
100
AcDbEntity
  8
CS-DIMT
100
AcDbText
 10
1347846.590339311
 20
-20174.59565130193
 30
0.0
 40
125.0
  1
90
  7
A_STANDARD
100
AcDbText
  0
TEXT
  5
B82
330
2
100
AcDbEntity
  8
CS-DIMT
100
AcDbText
 10
1347846.590339311
 20
-24174.59565130193
 30
0.0
 40
125.0
  1
90
  7
A_STANDARD
100
AcDbText
  0
TEXT
  5
B83
330
2
100
AcDbEntity
  8
CS-DIMT
100
AcDbText
 10
1347782.840339311
 20
-2190.314358940795
 30
0.0
 40
125.0
  1
90
  7
A_STANDARD
100
AcDbText
  0
TEXT
  5
B84
330
2
100
AcDbEntity
  8
CS-DIMT
100
AcDbText
 10
1347782.840339311
 20
-6190.314358940796
 30
0.0
 40
125.0
  1
90
  7
A_STANDARD
100
AcDbText
  0
TEXT
  5
B85
330
2
100
AcDbEntity
  8
CS-DIMT
100
AcDbText
 10
1356147.620632254
 20
-2190.314358940795
 30
0.0
 40
125.0
  1
90
  7
A_STANDARD
 72
     1
 11
1356232.840339311
 21
-2190.314358940795
 31
0.0
100
AcDbText
  0
TEXT
  5
B86
330
2
100
AcDbEntity
  8
CS-DIMT
100
AcDbText
 10
1355727.510778726
 20
-2365.314358940795
 30
0.0
 40
125.0
  1
200
  7
A_STANDARD
 72
     1
 11
1355855.340339311
 21
-2365.314358940795
 31
0.0
100
AcDbText
  0
TEXT
  5
B87
330
2
100
AcDbEntity
  8
CS-DIMT
100
AcDbText
 10
1354272.291071668
 20
-2190.314358940795
 30
0.0
 40
125.0
  1
2.540
  7
A_STANDARD
 72
     1
 11
1354485.340339312
 21
-2190.314358940795
 31
0.0
100
AcDbText
  0
TEXT
  5
B88
330
2
100
AcDbEntity
  8
CS-DIMT
100
AcDbText
 10
1351832.291071668
 20
-2190.314358940795
 30
0.0
 40
125.0
  1
2.340
  7
A_STANDARD
 72
     1
 11
1352045.340339312
 21
-2190.314358940795
 31
0.0
100
AcDbText
  0
TEXT
  5
B89
330
2
100
AcDbEntity
  8
CS-DIMT
100
AcDbText
 10
1349392.291071668
 20
-2190.314358940795
 30
0.0
 40
125.0
  1
2.540
  7
A_STANDARD
 72
     1
 11
1349605.340339312
 21
-2190.314358940795
 31
0.0
100
AcDbText
  0
TEXT
  5
B8A
330
2
100
AcDbEntity
  8
CS-DIMT
100
AcDbText
 10
1348107.510778726
 20
-2365.314358940795
 30
0.0
 40
125.0
  1
200
  7
A_STANDARD
 72
     1
 11
1348235.340339311
 21
-2365.314358940795
 31
0.0
100
AcDbText
  0
TEXT
  5
B8B
330
2
100
AcDbEntity
  8
CS-DIMT
100
AcDbText
 10
1351832.291071668
 20
-6690.314358940796
 30
0.0
 40
125.0
  1
8.000
  7
A_STANDARD
 72
     1
 11
1352045.340339312
 21
-6690.314358940796
 31
0.0
100
AcDbText
  0
TEXT
  5
B8C
330
2
100
AcDbEntity
  8
CS-DIMT
100
AcDbText
 10
1356247.071364611
 20
-6175.314358940795
 30
0.0
 40
125.0
  1
90(1단)
  7
A_STANDARD
 72
     1
 11
1356545.340339311
 21
-6175.314358940795
 31
0.0
100
AcDbText
  0
TEXT
  5
B8D
330
2
100
AcDbEntity
  8
CS-DIMT
100
AcDbText
 10
1355667.510778726
 20
-6190.314358940796
 30
0.0
 40
125.0
  1
320
  7
A_STANDARD
 72
     1
 11
1355795.340339311
 21
-6190.314358940796
 31
0.0
100
AcDbText
  0
TEXT
  5
B8E
330
2
100
AcDbEntity
  8
CS-DIMT
100
AcDbText
 10
1355437.510778726
 20
-6365.314358940795
 30
0.0
 40
125.0
  1
140
  7
A_STANDARD
 72
     1
 11
1355565.340339311
 21
-6365.314358940795
 31
0.0
100
AcDbText
  0
TEXT
  5
B8F
330
2
100
AcDbEntity
  8
CS-DIMT
100
AcDbText
 10
1351534.022096968
 20
-6190.314358940796
 30
0.0
 40
125.0
  1
23@300=6.900
  7
A_STANDARD
 72
     1
 11
1352045.340339312
 21
-6190.314358940796
 31
0.0
100
AcDbText
  0
TEXT
  5
B90
330
2
100
AcDbEntity
  8
CS-DIMT
100
AcDbText
 10
1348397.510778726
 20
-6365.314358940795
 30
0.0
 40
125.0
  1
140
  7
A_STANDARD
 72
     1
 11
1348525.340339311
 21
-6365.314358940795
 31
0.0
100
AcDbText
  0
TEXT
  5
B91
330
2
100
AcDbEntity
  8
CS-DIMT
100
AcDbText
 10
1348167.510778726
 20
-6190.314358940796
 30
0.0
 40
125.0
  1
320
  7
A_STANDARD
 72
     1
 11
1348295.340339311
 21
-6190.314358940796
 31
0.0
100
AcDbText
  0
TEXT
  5
B92
330
2
100
AcDbEntity
  8
CS-DIMT
100
AcDbText
 10
1346520.340339311
 20
-16627.36597120326
 30
0.0
 40
125.0
  1
90
 50
90.0
  7
A_STANDARD
100
AcDbText
  0
TEXT
  5
B93
330
2
100
AcDbEntity
  8
CS-DIMT
100
AcDbText
 10
1346020.340339312
 20
-16627.36597120326
 30
0.0
 40
125.0
  1
90
 50
90.0
  7
A_STANDARD
100
AcDbText
  0
TEXT
  5
B94
330
2
100
AcDbEntity
  8
CS-DIMT
100
AcDbText
 10
1357520.340339312
 20
-16627.36597120326
 30
0.0
 40
125.0
  1
90
 50
90.0
  7
A_STANDARD
100
AcDbText
  0
TEXT
  5
B95
330
2
100
AcDbEntity
  8
CS-DIMT
100
AcDbText
 10
1358020.340339311
 20
-16627.36597120326
 30
0.0
 40
125.0
  1
90
 50
90.0
  7
A_STANDARD
100
AcDbText
  0
TEXT
  5
B96
330
2
100
AcDbEntity
  8
CS-DIMT
100
AcDbText
 10
1356266.961511083
 20
-9274.86597120326
 30
0.0
 40
125.0
  1
90(하면)
  7
A_STANDARD
 72
     1
 11
1356607.840339312
 21
-9274.86597120326
 31
0.0
100
AcDbText
  0
TEXT
  5
B97
330
2
100
AcDbEntity
  8
CS-DIMT
100
AcDbText
 10
1355667.510778726
 20
-9289.86597120326
 30
0.0
 40
125.0
  1
320
  7
A_STANDARD
 72
     1
 11
1355795.340339311
 21
-9289.86597120326
 31
0.0
100
AcDbText
  0
TEXT
  5
B98
330
2
100
AcDbEntity
  8
CS-DIMT
100
AcDbText
 10
1355437.510778726
 20
-9464.865971203261
 30
0.0
 40
125.0
  1
140
  7
A_STANDARD
 72
     1
 11
1355565.340339311
 21
-9464.865971203261
 31
0.0
100
AcDbText
  0
TEXT
  5
B99
330
2
100
AcDbEntity
  8
CS-DIMT
100
AcDbText
 10
1351534.022096968
 20
-9289.86597120326
 30
0.0
 40
125.0
  1
23@300=6.900
  7
A_STANDARD
 72
     1
 11
1352045.340339312
 21
-9289.86597120326
 31
0.0
100
AcDbText
  0
TEXT
  5
B9A
330
2
100
AcDbEntity
  8
CS-DIMT
100
AcDbText
 10
1348397.510778726
 20
-9464.865971203261
 30
0.0
 40
125.0
  1
140
  7
A_STANDARD
 72
     1
 11
1348525.340339311
 21
-9464.865971203261
 31
0.0
100
AcDbText
  0
TEXT
  5
B9B
330
2
100
AcDbEntity
  8
CS-DIMT
100
AcDbText
 10
1348167.510778726
 20
-9289.86597120326
 30
0.0
 40
125.0
  1
320
  7
A_STANDARD
 72
     1
 11
1348295.340339311
 21
-9289.86597120326
 31
0.0
100
AcDbText
  0
TEXT
  5
B9C
330
2
100
AcDbEntity
  8
CS-DIMT
100
AcDbText
 10
1351832.291071668
 20
-8289.86597120326
 30
0.0
 40
125.0
  1
8.000
  7
A_STANDARD
 72
     1
 11
1352045.340339312
 21
-8289.86597120326
 31
0.0
100
AcDbText
  0
TEXT
  5
B9D
330
2
100
AcDbEntity
  8
CS-DIMT
100
AcDbText
 10
1356266.961511083
 20
-8774.86597120326
 30
0.0
 40
125.0
  1
90(상면)
  7
A_STANDARD
 72
     1
 11
1356607.840339312
 21
-8774.86597120326
 31
0.0
100
AcDbText
  0
TEXT
  5
B9E
330
2
100
AcDbEntity
  8
CS-DIMT
100
AcDbText
 10
1355667.510778726
 20
-8789.86597120326
 30
0.0
 40
125.0
  1
320
  7
A_STANDARD
 72
     1
 11
1355795.340339311
 21
-8789.86597120326
 31
0.0
100
AcDbText
  0
TEXT
  5
B9F
330
2
100
AcDbEntity
  8
CS-DIMT
100
AcDbText
 10
1355437.510778726
 20
-8964.865971203261
 30
0.0
 40
125.0
  1
140
  7
A_STANDARD
 72
     1
 11
1355565.340339311
 21
-8964.865971203261
 31
0.0
100
AcDbText
  0
TEXT
  5
BA0
330
2
100
AcDbEntity
  8
CS-DIMT
100
AcDbText
 10
1351534.022096968
 20
-8789.86597120326
 30
0.0
 40
125.0
  1
23@300=6.900
  7
A_STANDARD
 72
     1
 11
1352045.340339312
 21
-8789.86597120326
 31
0.0
100
AcDbText
  0
TEXT
  5
BA1
330
2
100
AcDbEntity
  8
CS-DIMT
100
AcDbText
 10
1348397.510778726
 20
-8964.865971203261
 30
0.0
 40
125.0
  1
140
  7
A_STANDARD
 72
     1
 11
1348525.340339311
 21
-8964.865971203261
 31
0.0
100
AcDbText
  0
TEXT
  5
BA2
330
2
100
AcDbEntity
  8
CS-DIMT
100
AcDbText
 10
1348167.510778726
 20
-8789.86597120326
 30
0.0
 40
125.0
  1
320
  7
A_STANDARD
 72
     1
 11
1348295.340339311
 21
-8789.86597120326
 31
0.0
100
AcDbText
  0
TEXT
  5
BA3
330
2
100
AcDbEntity
  8
CS-DIMT
100
AcDbText
 10
1351832.291071668
 20
-18339.86597120326
 30
0.0
 40
125.0
  1
8.000
  7
A_STANDARD
 72
     1
 11
1352045.340339312
 21
-18339.86597120326
 31
0.0
100
AcDbText
  0
TEXT
  5
BA4
330
2
100
AcDbEntity
  8
CS-DIMT
100
AcDbText
 10
1356266.961511083
 20
-17824.86597120326
 30
0.0
 40
125.0
  1
90(하면)
  7
A_STANDARD
 72
     1
 11
1356607.840339312
 21
-17824.86597120326
 31
0.0
100
AcDbText
  0
TEXT
  5
BA5
330
2
100
AcDbEntity
  8
CS-DIMT
100
AcDbText
 10
1355667.510778726
 20
-17839.86597120326
 30
0.0
 40
125.0
  1
320
  7
A_STANDARD
 72
     1
 11
1355795.340339311
 21
-17839.86597120326
 31
0.0
100
AcDbText
  0
TEXT
  5
BA6
330
2
100
AcDbEntity
  8
CS-DIMT
100
AcDbText
 10
1355437.510778726
 20
-18014.86597120326
 30
0.0
 40
125.0
  1
140
  7
A_STANDARD
 72
     1
 11
1355565.340339311
 21
-18014.86597120326
 31
0.0
100
AcDbText
  0
TEXT
  5
BA7
330
2
100
AcDbEntity
  8
CS-DIMT
100
AcDbText
 10
1351534.022096968
 20
-17839.86597120326
 30
0.0
 40
125.0
  1
23@300=6.900
  7
A_STANDARD
 72
     1
 11
1352045.340339312
 21
-17839.86597120326
 31
0.0
100
AcDbText
  0
TEXT
  5
BA8
330
2
100
AcDbEntity
  8
CS-DIMT
100
AcDbText
 10
1348397.510778726
 20
-18014.86597120326
 30
0.0
 40
125.0
  1
140
  7
A_STANDARD
 72
     1
 11
1348525.340339311
 21
-18014.86597120326
 31
0.0
100
AcDbText
  0
TEXT
  5
BA9
330
2
100
AcDbEntity
  8
CS-DIMT
100
AcDbText
 10
1348167.510778726
 20
-17839.86597120326
 30
0.0
 40
125.0
  1
320
  7
A_STANDARD
 72
     1
 11
1348295.340339311
 21
-17839.86597120326
 31
0.0
100
AcDbText
  0
TEXT
  5
BAA
330
2
100
AcDbEntity
  8
CS-DIMT
100
AcDbText
 10
1356266.961511083
 20
-17324.86597120326
 30
0.0
 40
125.0
  1
90(상면)
  7
A_STANDARD
 72
     1
 11
1356607.840339312
 21
-17324.86597120326
 31
0.0
100
AcDbText
  0
TEXT
  5
BAB
330
2
100
AcDbEntity
  8
CS-DIMT
100
AcDbText
 10
1355667.510778726
 20
-17339.86597120326
 30
0.0
 40
125.0
  1
320
  7
A_STANDARD
 72
     1
 11
1355795.340339311
 21
-17339.86597120326
 31
0.0
100
AcDbText
  0
TEXT
  5
BAC
330
2
100
AcDbEntity
  8
CS-DIMT
100
AcDbText
 10
1355437.510778726
 20
-17514.86597120326
 30
0.0
 40
125.0
  1
140
  7
A_STANDARD
 72
     1
 11
1355565.340339311
 21
-17514.86597120326
 31
0.0
100
AcDbText
  0
TEXT
  5
BAD
330
2
100
AcDbEntity
  8
CS-DIMT
100
AcDbText
 10
1351534.022096968
 20
-17339.86597120326
 30
0.0
 40
125.0
  1
23@300=6.900
  7
A_STANDARD
 72
     1
 11
1352045.340339312
 21
-17339.86597120326
 31
0.0
100
AcDbText
  0
TEXT
  5
BAE
330
2
100
AcDbEntity
  8
CS-DIMT
100
AcDbText
 10
1348397.510778726
 20
-17514.86597120326
 30
0.0
 40
125.0
  1
140
  7
A_STANDARD
 72
     1
 11
1348525.340339311
 21
-17514.86597120326
 31
0.0
100
AcDbText
  0
TEXT
  5
BAF
330
2
100
AcDbEntity
  8
CS-DIMT
100
AcDbText
 10
1348167.510778726
 20
-17339.86597120326
 30
0.0
 40
125.0
  1
320
  7
A_STANDARD
 72
     1
 11
1348295.340339311
 21
-17339.86597120326
 31
0.0
100
AcDbText
  0
TEXT
  5
BB0
330
2
100
AcDbEntity
  8
CS-DIMT
100
AcDbText
 10
1347782.840339311
 20
-8789.86597120326
 30
0.0
 40
125.0
  1
90
  7
A_STANDARD
100
AcDbText
  0
TEXT
  5
BB1
330
2
100
AcDbEntity
  8
CS-DIMT
100
AcDbText
 10
1347782.840339311
 20
-9289.86597120326
 30
0.0
 40
125.0
  1
90
  7
A_STANDARD
100
AcDbText
  0
TEXT
  5
BB2
330
2
100
AcDbEntity
  8
CS-DIMT
100
AcDbText
 10
1347782.840339311
 20
-17339.86597120326
 30
0.0
 40
125.0
  1
90
  7
A_STANDARD
100
AcDbText
  0
TEXT
  5
BB3
330
2
100
AcDbEntity
  8
CS-DIMT
100
AcDbText
 10
1347782.840339311
 20
-17839.86597120326
 30
0.0
 40
125.0
  1
90
  7
A_STANDARD
100
AcDbText
  0
ARC
  5
BB4
330
2
100
AcDbEntity
  8
CS-RBAR-MAJR
100
AcDbCircle
 10
1355755.340339312
 20
-10604.86597120326
 30
0.0
 40
200.0
100
AcDbArc
 50
0.0
 51
90.0
  0
ARC
  5
BB5
330
2
100
AcDbEntity
  8
CS-RBAR-MAJR
100
AcDbCircle
 10
1348335.340339311
 20
-10604.86597120326
 30
0.0
 40
200.0
100
AcDbArc
 50
90.0
 51
180.0
  0
ARC
  5
BB6
330
2
100
AcDbEntity
  8
CS-RBAR-MAJR
100
AcDbCircle
 10
1355755.340339312
 20
-16074.86597120326
 30
0.0
 40
200.0
100
AcDbArc
 50
270.0
 51
0.0
  0
ARC
  5
BB7
330
2
100
AcDbEntity
  8
CS-RBAR-MAJR
100
AcDbCircle
 10
1348335.340339311
 20
-16074.86597120326
 30
0.0
 40
200.0
100
AcDbArc
 50
180.0
 51
270.0
  0
LINE
  5
BB8
330
2
100
AcDbEntity
  8
CS-RBAR-EREC
100
AcDbLine
 10
1363297.785796311
 20
-10404.86597120326
 30
0.0
 11
1362297.785796311
 21
-10404.86597120326
 31
0.0
  0
LINE
  5
BBC
330
2
100
AcDbEntity
  8
CS-RBAR-EREC
100
AcDbLine
 10
1363297.785796311
 20
-10964.86597120326
 30
0.0
 11
1362297.785796311
 21
-10964.86597120326
 31
0.0
  0
LINE
  5
BBD
330
2
100
AcDbEntity
  8
CS-RBAR-EREC
100
AcDbLine
 10
1363297.785796311
 20
-11114.86597120326
 30
0.0
 11
1362297.785796311
 21
-11114.86597120326
 31
0.0
  0
LINE
  5
BBE
330
2
100
AcDbEntity
  8
CS-RBAR-EREC
100
AcDbLine
 10
1363297.785796311
 20
-11314.86597120326
 30
0.0
 11
1362297.785796311
 21
-11314.86597120326
 31
0.0
  0
LINE
  5
BBF
330
2
100
AcDbEntity
  8
CS-RBAR-EREC
100
AcDbLine
 10
1363297.785796311
 20
-11514.86597120326
 30
0.0
 11
1362297.785796311
 21
-11514.86597120326
 31
0.0
  0
LINE
  5
BC0
330
2
100
AcDbEntity
  8
CS-RBAR-EREC
100
AcDbLine
 10
1363297.785796311
 20
-11714.86597120326
 30
0.0
 11
1362297.785796311
 21
-11714.86597120326
 31
0.0
  0
LINE
  5
BC1
330
2
100
AcDbEntity
  8
CS-RBAR-EREC
100
AcDbLine
 10
1363297.785796311
 20
-11914.86597120326
 30
0.0
 11
1362297.785796311
 21
-11914.86597120326
 31
0.0
  0
LINE
  5
BC2
330
2
100
AcDbEntity
  8
CS-RBAR-EREC
100
AcDbLine
 10
1363297.785796311
 20
-12114.86597120326
 30
0.0
 11
1362297.785796311
 21
-12114.86597120326
 31
0.0
  0
LINE
  5
BC3
330
2
100
AcDbEntity
  8
CS-RBAR-EREC
100
AcDbLine
 10
1363297.785796311
 20
-12314.86597120326
 30
0.0
 11
1362297.785796311
 21
-12314.86597120326
 31
0.0
  0
LINE
  5
BC4
330
2
100
AcDbEntity
  8
CS-RBAR-EREC
100
AcDbLine
 10
1363297.785796311
 20
-12514.86597120326
 30
0.0
 11
1362297.785796311
 21
-12514.86597120326
 31
0.0
  0
LINE
  5
BC5
330
2
100
AcDbEntity
  8
CS-RBAR-EREC
100
AcDbLine
 10
1363297.785796311
 20
-12714.86597120326
 30
0.0
 11
1362297.785796311
 21
-12714.86597120326
 31
0.0
  0
LINE
  5
BC6
330
2
100
AcDbEntity
  8
CS-RBAR-EREC
100
AcDbLine
 10
1363297.785796311
 20
-12914.86597120326
 30
0.0
 11
1362297.785796311
 21
-12914.86597120326
 31
0.0
  0
LINE
  5
BC7
330
2
100
AcDbEntity
  8
CS-RBAR-EREC
100
AcDbLine
 10
1363297.785796311
 20
-13114.86597120326
 30
0.0
 11
1362297.785796311
 21
-13114.86597120326
 31
0.0
  0
LINE
  5
BC8
330
2
100
AcDbEntity
  8
CS-RBAR-EREC
100
AcDbLine
 10
1363297.785796311
 20
-13314.86597120326
 30
0.0
 11
1362297.785796311
 21
-13314.86597120326
 31
0.0
  0
LINE
  5
BC9
330
2
100
AcDbEntity
  8
CS-RBAR-EREC
100
AcDbLine
 10
1363297.785796311
 20
-13514.86597120326
 30
0.0
 11
1362297.785796311
 21
-13514.86597120326
 31
0.0
  0
LINE
  5
BCA
330
2
100
AcDbEntity
  8
CS-RBAR-EREC
100
AcDbLine
 10
1363297.785796311
 20
-13714.86597120326
 30
0.0
 11
1362297.785796311
 21
-13714.86597120326
 31
0.0
  0
LINE
  5
BCB
330
2
100
AcDbEntity
  8
CS-RBAR-EREC
100
AcDbLine
 10
1363297.785796311
 20
-13914.86597120326
 30
0.0
 11
1362297.785796311
 21
-13914.86597120326
 31
0.0
  0
LINE
  5
BCC
330
2
100
AcDbEntity
  8
CS-RBAR-EREC
100
AcDbLine
 10
1363297.785796311
 20
-14114.86597120326
 30
0.0
 11
1362297.785796311
 21
-14114.86597120326
 31
0.0
  0
LINE
  5
BCD
330
2
100
AcDbEntity
  8
CS-RBAR-EREC
100
AcDbLine
 10
1363297.785796311
 20
-14314.86597120326
 30
0.0
 11
1362297.785796311
 21
-14314.86597120326
 31
0.0
  0
LINE
  5
BCE
330
2
100
AcDbEntity
  8
CS-RBAR-EREC
100
AcDbLine
 10
1363297.785796311
 20
-14514.86597120326
 30
0.0
 11
1362297.785796311
 21
-14514.86597120326
 31
0.0
  0
LINE
  5
BCF
330
2
100
AcDbEntity
  8
CS-RBAR-EREC
100
AcDbLine
 10
1363297.785796311
 20
-14714.86597120326
 30
0.0
 11
1362297.785796311
 21
-14714.86597120326
 31
0.0
  0
LINE
  5
BD0
330
2
100
AcDbEntity
  8
CS-RBAR-EREC
100
AcDbLine
 10
1363297.785796311
 20
-14914.86597120326
 30
0.0
 11
1362297.785796311
 21
-14914.86597120326
 31
0.0
  0
LINE
  5
BD1
330
2
100
AcDbEntity
  8
CS-RBAR-EREC
100
AcDbLine
 10
1363297.785796311
 20
-15114.86597120326
 30
0.0
 11
1362297.785796311
 21
-15114.86597120326
 31
0.0
  0
LINE
  5
BD2
330
2
100
AcDbEntity
  8
CS-RBAR-EREC
100
AcDbLine
 10
1363297.785796311
 20
-15314.86597120326
 30
0.0
 11
1362297.785796311
 21
-15314.86597120326
 31
0.0
  0
LINE
  5
BD3
330
2
100
AcDbEntity
  8
CS-RBAR-EREC
100
AcDbLine
 10
1363297.785796311
 20
-15514.86597120326
 30
0.0
 11
1362297.785796311
 21
-15514.86597120326
 31
0.0
  0
LINE
  5
BD4
330
2
100
AcDbEntity
  8
CS-RBAR-EREC
100
AcDbLine
 10
1363297.785796311
 20
-15664.86597120326
 30
0.0
 11
1362297.785796311
 21
-15664.86597120326
 31
0.0
  0
LINE
  5
BD5
330
2
100
AcDbEntity
  8
CS-RBAR-EREC
100
AcDbLine
 10
1363297.785796311
 20
-16274.86597120326
 30
0.0
 11
1362297.785796311
 21
-16274.86597120326
 31
0.0
  0
LINE
  5
BD6
330
2
100
AcDbEntity
  8
CS-RBAR-EREC
100
AcDbLine
 10
1363297.785796311
 20
-10404.86597120326
 30
0.0
 11
1364297.785796311
 21
-10404.86597120326
 31
0.0
  0
LINE
  5
BD7
330
2
100
AcDbEntity
  8
CS-RBAR-EREC
100
AcDbLine
 10
1363297.785796311
 20
-10964.86597120326
 30
0.0
 11
1364297.785796311
 21
-10964.86597120326
 31
0.0
  0
LINE
  5
BD8
330
2
100
AcDbEntity
  8
CS-RBAR-EREC
100
AcDbLine
 10
1363297.785796311
 20
-11114.86597120326
 30
0.0
 11
1364297.785796311
 21
-11114.86597120326
 31
0.0
  0
LINE
  5
BD9
330
2
100
AcDbEntity
  8
CS-RBAR-EREC
100
AcDbLine
 10
1363297.785796311
 20
-11314.86597120326
 30
0.0
 11
1364297.785796311
 21
-11314.86597120326
 31
0.0
  0
LINE
  5
BDA
330
2
100
AcDbEntity
  8
CS-RBAR-EREC
100
AcDbLine
 10
1363297.785796311
 20
-11514.86597120326
 30
0.0
 11
1364297.785796311
 21
-11514.86597120326
 31
0.0
  0
LINE
  5
BDB
330
2
100
AcDbEntity
  8
CS-RBAR-EREC
100
AcDbLine
 10
1363297.785796311
 20
-11714.86597120326
 30
0.0
 11
1364297.785796311
 21
-11714.86597120326
 31
0.0
  0
LINE
  5
BDC
330
2
100
AcDbEntity
  8
CS-RBAR-EREC
100
AcDbLine
 10
1363297.785796311
 20
-11914.86597120326
 30
0.0
 11
1364297.785796311
 21
-11914.86597120326
 31
0.0
  0
LINE
  5
BDD
330
2
100
AcDbEntity
  8
CS-RBAR-EREC
100
AcDbLine
 10
1363297.785796311
 20
-12114.86597120326
 30
0.0
 11
1364297.785796311
 21
-12114.86597120326
 31
0.0
  0
LINE
  5
BDE
330
2
100
AcDbEntity
  8
CS-RBAR-EREC
100
AcDbLine
 10
1363297.785796311
 20
-12314.86597120326
 30
0.0
 11
1364297.785796311
 21
-12314.86597120326
 31
0.0
  0
LINE
  5
BDF
330
2
100
AcDbEntity
  8
CS-RBAR-EREC
100
AcDbLine
 10
1363297.785796311
 20
-12514.86597120326
 30
0.0
 11
1364297.785796311
 21
-12514.86597120326
 31
0.0
  0
LINE
  5
BE0
330
2
100
AcDbEntity
  8
CS-RBAR-EREC
100
AcDbLine
 10
1363297.785796311
 20
-12714.86597120326
 30
0.0
 11
1364297.785796311
 21
-12714.86597120326
 31
0.0
  0
LINE
  5
BE1
330
2
100
AcDbEntity
  8
CS-RBAR-EREC
100
AcDbLine
 10
1363297.785796311
 20
-12914.86597120326
 30
0.0
 11
1364297.785796311
 21
-12914.86597120326
 31
0.0
  0
LINE
  5
BE2
330
2
100
AcDbEntity
  8
CS-RBAR-EREC
100
AcDbLine
 10
1363297.785796311
 20
-13114.86597120326
 30
0.0
 11
1364297.785796311
 21
-13114.86597120326
 31
0.0
  0
LINE
  5
BE3
330
2
100
AcDbEntity
  8
CS-RBAR-EREC
100
AcDbLine
 10
1363297.785796311
 20
-13314.86597120326
 30
0.0
 11
1364297.785796311
 21
-13314.86597120326
 31
0.0
  0
LINE
  5
BE4
330
2
100
AcDbEntity
  8
CS-RBAR-EREC
100
AcDbLine
 10
1363297.785796311
 20
-13514.86597120326
 30
0.0
 11
1364297.785796311
 21
-13514.86597120326
 31
0.0
  0
LINE
  5
BE5
330
2
100
AcDbEntity
  8
CS-RBAR-EREC
100
AcDbLine
 10
1363297.785796311
 20
-13714.86597120326
 30
0.0
 11
1364297.785796311
 21
-13714.86597120326
 31
0.0
  0
LINE
  5
BE6
330
2
100
AcDbEntity
  8
CS-RBAR-EREC
100
AcDbLine
 10
1363297.785796311
 20
-13914.86597120326
 30
0.0
 11
1364297.785796311
 21
-13914.86597120326
 31
0.0
  0
LINE
  5
BE7
330
2
100
AcDbEntity
  8
CS-RBAR-EREC
100
AcDbLine
 10
1363297.785796311
 20
-14114.86597120326
 30
0.0
 11
1364297.785796311
 21
-14114.86597120326
 31
0.0
  0
LINE
  5
BE8
330
2
100
AcDbEntity
  8
CS-RBAR-EREC
100
AcDbLine
 10
1363297.785796311
 20
-14314.86597120326
 30
0.0
 11
1364297.785796311
 21
-14314.86597120326
 31
0.0
  0
LINE
  5
BE9
330
2
100
AcDbEntity
  8
CS-RBAR-EREC
100
AcDbLine
 10
1363297.785796311
 20
-14514.86597120326
 30
0.0
 11
1364297.785796311
 21
-14514.86597120326
 31
0.0
  0
LINE
  5
BEA
330
2
100
AcDbEntity
  8
CS-RBAR-EREC
100
AcDbLine
 10
1363297.785796311
 20
-14714.86597120326
 30
0.0
 11
1364297.785796311
 21
-14714.86597120326
 31
0.0
  0
LINE
  5
BEB
330
2
100
AcDbEntity
  8
CS-RBAR-EREC
100
AcDbLine
 10
1363297.785796311
 20
-14914.86597120326
 30
0.0
 11
1364297.785796311
 21
-14914.86597120326
 31
0.0
  0
LINE
  5
BEC
330
2
100
AcDbEntity
  8
CS-RBAR-EREC
100
AcDbLine
 10
1363297.785796311
 20
-15114.86597120326
 30
0.0
 11
1364297.785796311
 21
-15114.86597120326
 31
0.0
  0
LINE
  5
BED
330
2
100
AcDbEntity
  8
CS-RBAR-EREC
100
AcDbLine
 10
1363297.785796311
 20
-15314.86597120326
 30
0.0
 11
1364297.785796311
 21
-15314.86597120326
 31
0.0
  0
LINE
  5
BEE
330
2
100
AcDbEntity
  8
CS-RBAR-EREC
100
AcDbLine
 10
1363297.785796311
 20
-15514.86597120326
 30
0.0
 11
1364297.785796311
 21
-15514.86597120326
 31
0.0
  0
LINE
  5
BEF
330
2
100
AcDbEntity
  8
CS-RBAR-EREC
100
AcDbLine
 10
1363297.785796311
 20
-15664.86597120326
 30
0.0
 11
1364297.785796311
 21
-15664.86597120326
 31
0.0
  0
LINE
  5
BF0
330
2
100
AcDbEntity
  8
CS-RBAR-EREC
100
AcDbLine
 10
1363297.785796311
 20
-16274.86597120326
 30
0.0
 11
1364297.785796311
 21
-16274.86597120326
 31
0.0
  0
LINE
  5
BF1
330
2
100
AcDbEntity
  8
CS-RBAR-EREC
100
AcDbLine
 10
1340750.394882311
 20
-10429.09067458915
 30
0.0
 11
1341750.394882311
 21
-10429.09067458915
 31
0.0
  0
LINE
  5
BF2
330
2
100
AcDbEntity
  8
CS-RBAR-EREC
100
AcDbLine
 10
1340750.394882311
 20
-10989.09067458915
 30
0.0
 11
1341750.394882311
 21
-10989.09067458915
 31
0.0
  0
LINE
  5
BF3
330
2
100
AcDbEntity
  8
CS-RBAR-EREC
100
AcDbLine
 10
1340750.394882311
 20
-11139.09067458915
 30
0.0
 11
1341750.394882311
 21
-11139.09067458915
 31
0.0
  0
LINE
  5
BF4
330
2
100
AcDbEntity
  8
CS-RBAR-EREC
100
AcDbLine
 10
1340750.394882311
 20
-11339.09067458915
 30
0.0
 11
1341750.394882311
 21
-11339.09067458915
 31
0.0
  0
LINE
  5
BF5
330
2
100
AcDbEntity
  8
CS-RBAR-EREC
100
AcDbLine
 10
1340750.394882311
 20
-11539.09067458915
 30
0.0
 11
1341750.394882311
 21
-11539.09067458915
 31
0.0
  0
LINE
  5
BF6
330
2
100
AcDbEntity
  8
CS-RBAR-EREC
100
AcDbLine
 10
1340750.394882311
 20
-11739.09067458915
 30
0.0
 11
1341750.394882311
 21
-11739.09067458915
 31
0.0
  0
LINE
  5
BF7
330
2
100
AcDbEntity
  8
CS-RBAR-EREC
100
AcDbLine
 10
1340750.394882311
 20
-11939.09067458915
 30
0.0
 11
1341750.394882311
 21
-11939.09067458915
 31
0.0
  0
LINE
  5
BF8
330
2
100
AcDbEntity
  8
CS-RBAR-EREC
100
AcDbLine
 10
1340750.394882311
 20
-12139.09067458915
 30
0.0
 11
1341750.394882311
 21
-12139.09067458915
 31
0.0
  0
LINE
  5
BF9
330
2
100
AcDbEntity
  8
CS-RBAR-EREC
100
AcDbLine
 10
1340750.394882311
 20
-12339.09067458915
 30
0.0
 11
1341750.394882311
 21
-12339.09067458915
 31
0.0
  0
LINE
  5
BFA
330
2
100
AcDbEntity
  8
CS-RBAR-EREC
100
AcDbLine
 10
1340750.394882311
 20
-12539.09067458915
 30
0.0
 11
1341750.394882311
 21
-12539.09067458915
 31
0.0
  0
LINE
  5
BFB
330
2
100
AcDbEntity
  8
CS-RBAR-EREC
100
AcDbLine
 10
1340750.394882311
 20
-12739.09067458915
 30
0.0
 11
1341750.394882311
 21
-12739.09067458915
 31
0.0
  0
LINE
  5
BFC
330
2
100
AcDbEntity
  8
CS-RBAR-EREC
100
AcDbLine
 10
1340750.394882311
 20
-12939.09067458915
 30
0.0
 11
1341750.394882311
 21
-12939.09067458915
 31
0.0
  0
LINE
  5
BFD
330
2
100
AcDbEntity
  8
CS-RBAR-EREC
100
AcDbLine
 10
1340750.394882311
 20
-13139.09067458915
 30
0.0
 11
1341750.394882311
 21
-13139.09067458915
 31
0.0
  0
LINE
  5
BFE
330
2
100
AcDbEntity
  8
CS-RBAR-EREC
100
AcDbLine
 10
1340750.394882311
 20
-13339.09067458915
 30
0.0
 11
1341750.394882311
 21
-13339.09067458915
 31
0.0
  0
LINE
  5
BFF
330
2
100
AcDbEntity
  8
CS-RBAR-EREC
100
AcDbLine
 10
1340750.394882311
 20
-13539.09067458915
 30
0.0
 11
1341750.394882311
 21
-13539.09067458915
 31
0.0
  0
LINE
  5
C00
330
2
100
AcDbEntity
  8
CS-RBAR-EREC
100
AcDbLine
 10
1340750.394882311
 20
-13739.09067458915
 30
0.0
 11
1341750.394882311
 21
-13739.09067458915
 31
0.0
  0
LINE
  5
C01
330
2
100
AcDbEntity
  8
CS-RBAR-EREC
100
AcDbLine
 10
1340750.394882311
 20
-13939.09067458915
 30
0.0
 11
1341750.394882311
 21
-13939.09067458915
 31
0.0
  0
LINE
  5
C02
330
2
100
AcDbEntity
  8
CS-RBAR-EREC
100
AcDbLine
 10
1340750.394882311
 20
-14139.09067458915
 30
0.0
 11
1341750.394882311
 21
-14139.09067458915
 31
0.0
  0
LINE
  5
C03
330
2
100
AcDbEntity
  8
CS-RBAR-EREC
100
AcDbLine
 10
1340750.394882311
 20
-14339.09067458915
 30
0.0
 11
1341750.394882311
 21
-14339.09067458915
 31
0.0
  0
LINE
  5
C04
330
2
100
AcDbEntity
  8
CS-RBAR-EREC
100
AcDbLine
 10
1340750.394882311
 20
-14539.09067458915
 30
0.0
 11
1341750.394882311
 21
-14539.09067458915
 31
0.0
  0
LINE
  5
C05
330
2
100
AcDbEntity
  8
CS-RBAR-EREC
100
AcDbLine
 10
1340750.394882311
 20
-14739.09067458915
 30
0.0
 11
1341750.394882311
 21
-14739.09067458915
 31
0.0
  0
LINE
  5
C06
330
2
100
AcDbEntity
  8
CS-RBAR-EREC
100
AcDbLine
 10
1340750.394882311
 20
-14939.09067458915
 30
0.0
 11
1341750.394882311
 21
-14939.09067458915
 31
0.0
  0
LINE
  5
C07
330
2
100
AcDbEntity
  8
CS-RBAR-EREC
100
AcDbLine
 10
1340750.394882311
 20
-15139.09067458915
 30
0.0
 11
1341750.394882311
 21
-15139.09067458915
 31
0.0
  0
LINE
  5
C08
330
2
100
AcDbEntity
  8
CS-RBAR-EREC
100
AcDbLine
 10
1340750.394882311
 20
-15339.09067458915
 30
0.0
 11
1341750.394882311
 21
-15339.09067458915
 31
0.0
  0
LINE
  5
C09
330
2
100
AcDbEntity
  8
CS-RBAR-EREC
100
AcDbLine
 10
1340750.394882311
 20
-15539.09067458915
 30
0.0
 11
1341750.394882311
 21
-15539.09067458915
 31
0.0
  0
LINE
  5
C0A
330
2
100
AcDbEntity
  8
CS-RBAR-EREC
100
AcDbLine
 10
1340750.394882311
 20
-15689.09067458915
 30
0.0
 11
1341750.394882311
 21
-15689.09067458915
 31
0.0
  0
LINE
  5
C0B
330
2
100
AcDbEntity
  8
CS-RBAR-EREC
100
AcDbLine
 10
1340750.394882311
 20
-16299.09067458915
 30
0.0
 11
1341750.394882311
 21
-16299.09067458915
 31
0.0
  0
LINE
  5
C0C
330
2
100
AcDbEntity
  8
CS-RBAR-EREC
100
AcDbLine
 10
1340750.394882311
 20
-10429.09067458915
 30
0.0
 11
1339750.394882311
 21
-10429.09067458915
 31
0.0
  0
LINE
  5
C0D
330
2
100
AcDbEntity
  8
CS-RBAR-EREC
100
AcDbLine
 10
1340750.394882311
 20
-10989.09067458915
 30
0.0
 11
1339750.394882311
 21
-10989.09067458915
 31
0.0
  0
LINE
  5
C0E
330
2
100
AcDbEntity
  8
CS-RBAR-EREC
100
AcDbLine
 10
1340750.394882311
 20
-11139.09067458915
 30
0.0
 11
1339750.394882311
 21
-11139.09067458915
 31
0.0
  0
LINE
  5
C0F
330
2
100
AcDbEntity
  8
CS-RBAR-EREC
100
AcDbLine
 10
1340750.394882311
 20
-11339.09067458915
 30
0.0
 11
1339750.394882311
 21
-11339.09067458915
 31
0.0
  0
LINE
  5
C10
330
2
100
AcDbEntity
  8
CS-RBAR-EREC
100
AcDbLine
 10
1340750.394882311
 20
-11539.09067458915
 30
0.0
 11
1339750.394882311
 21
-11539.09067458915
 31
0.0
  0
LINE
  5
C11
330
2
100
AcDbEntity
  8
CS-RBAR-EREC
100
AcDbLine
 10
1340750.394882311
 20
-11739.09067458915
 30
0.0
 11
1339750.394882311
 21
-11739.09067458915
 31
0.0
  0
LINE
  5
C12
330
2
100
AcDbEntity
  8
CS-RBAR-EREC
100
AcDbLine
 10
1340750.394882311
 20
-11939.09067458915
 30
0.0
 11
1339750.394882311
 21
-11939.09067458915
 31
0.0
  0
LINE
  5
C13
330
2
100
AcDbEntity
  8
CS-RBAR-EREC
100
AcDbLine
 10
1340750.394882311
 20
-12139.09067458915
 30
0.0
 11
1339750.394882311
 21
-12139.09067458915
 31
0.0
  0
LINE
  5
C14
330
2
100
AcDbEntity
  8
CS-RBAR-EREC
100
AcDbLine
 10
1340750.394882311
 20
-12339.09067458915
 30
0.0
 11
1339750.394882311
 21
-12339.09067458915
 31
0.0
  0
LINE
  5
C15
330
2
100
AcDbEntity
  8
CS-RBAR-EREC
100
AcDbLine
 10
1340750.394882311
 20
-12539.09067458915
 30
0.0
 11
1339750.394882311
 21
-12539.09067458915
 31
0.0
  0
LINE
  5
C16
330
2
100
AcDbEntity
  8
CS-RBAR-EREC
100
AcDbLine
 10
1340750.394882311
 20
-12739.09067458915
 30
0.0
 11
1339750.394882311
 21
-12739.09067458915
 31
0.0
  0
LINE
  5
C17
330
2
100
AcDbEntity
  8
CS-RBAR-EREC
100
AcDbLine
 10
1340750.394882311
 20
-12939.09067458915
 30
0.0
 11
1339750.394882311
 21
-12939.09067458915
 31
0.0
  0
LINE
  5
C18
330
2
100
AcDbEntity
  8
CS-RBAR-EREC
100
AcDbLine
 10
1340750.394882311
 20
-13139.09067458915
 30
0.0
 11
1339750.394882311
 21
-13139.09067458915
 31
0.0
  0
LINE
  5
C19
330
2
100
AcDbEntity
  8
CS-RBAR-EREC
100
AcDbLine
 10
1340750.394882311
 20
-13339.09067458915
 30
0.0
 11
1339750.394882311
 21
-13339.09067458915
 31
0.0
  0
LINE
  5
C1A
330
2
100
AcDbEntity
  8
CS-RBAR-EREC
100
AcDbLine
 10
1340750.394882311
 20
-13539.09067458915
 30
0.0
 11
1339750.394882311
 21
-13539.09067458915
 31
0.0
  0
LINE
  5
C1B
330
2
100
AcDbEntity
  8
CS-RBAR-EREC
100
AcDbLine
 10
1340750.394882311
 20
-13739.09067458915
 30
0.0
 11
1339750.394882311
 21
-13739.09067458915
 31
0.0
  0
LINE
  5
C1C
330
2
100
AcDbEntity
  8
CS-RBAR-EREC
100
AcDbLine
 10
1340750.394882311
 20
-13939.09067458915
 30
0.0
 11
1339750.394882311
 21
-13939.09067458915
 31
0.0
  0
LINE
  5
C1D
330
2
100
AcDbEntity
  8
CS-RBAR-EREC
100
AcDbLine
 10
1340750.394882311
 20
-14139.09067458915
 30
0.0
 11
1339750.394882311
 21
-14139.09067458915
 31
0.0
  0
LINE
  5
C1E
330
2
100
AcDbEntity
  8
CS-RBAR-EREC
100
AcDbLine
 10
1340750.394882311
 20
-14339.09067458915
 30
0.0
 11
1339750.394882311
 21
-14339.09067458915
 31
0.0
  0
LINE
  5
C1F
330
2
100
AcDbEntity
  8
CS-RBAR-EREC
100
AcDbLine
 10
1340750.394882311
 20
-14539.09067458915
 30
0.0
 11
1339750.394882311
 21
-14539.09067458915
 31
0.0
  0
LINE
  5
C20
330
2
100
AcDbEntity
  8
CS-RBAR-EREC
100
AcDbLine
 10
1340750.394882311
 20
-14739.09067458915
 30
0.0
 11
1339750.394882311
 21
-14739.09067458915
 31
0.0
  0
LINE
  5
C21
330
2
100
AcDbEntity
  8
CS-RBAR-EREC
100
AcDbLine
 10
1340750.394882311
 20
-14939.09067458915
 30
0.0
 11
1339750.394882311
 21
-14939.09067458915
 31
0.0
  0
LINE
  5
C22
330
2
100
AcDbEntity
  8
CS-RBAR-EREC
100
AcDbLine
 10
1340750.394882311
 20
-15139.09067458915
 30
0.0
 11
1339750.394882311
 21
-15139.09067458915
 31
0.0
  0
LINE
  5
C23
330
2
100
AcDbEntity
  8
CS-RBAR-EREC
100
AcDbLine
 10
1340750.394882311
 20
-15339.09067458915
 30
0.0
 11
1339750.394882311
 21
-15339.09067458915
 31
0.0
  0
LINE
  5
C24
330
2
100
AcDbEntity
  8
CS-RBAR-EREC
100
AcDbLine
 10
1340750.394882311
 20
-15539.09067458915
 30
0.0
 11
1339750.394882311
 21
-15539.09067458915
 31
0.0
  0
LINE
  5
C25
330
2
100
AcDbEntity
  8
CS-RBAR-EREC
100
AcDbLine
 10
1340750.394882311
 20
-15689.09067458915
 30
0.0
 11
1339750.394882311
 21
-15689.09067458915
 31
0.0
  0
LINE
  5
C26
330
2
100
AcDbEntity
  8
CS-RBAR-EREC
100
AcDbLine
 10
1340750.394882311
 20
-16299.09067458915
 30
0.0
 11
1339750.394882311
 21
-16299.09067458915
 31
0.0
  0
LINE
  5
C27
330
2
100
AcDbEntity
  8
CS-RBAR-EREC
100
AcDbLine
 10
1355699.090339312
 20
-22199.59565130193
 30
0.0
 11
1355699.090339312
 21
-23199.59565130193
 31
0.0
  0
LINE
  5
C28
330
2
100
AcDbEntity
  8
CS-RBAR-EREC
100
AcDbLine
 10
1355559.090339311
 20
-22199.59565130193
 30
0.0
 11
1355559.090339311
 21
-23199.59565130193
 31
0.0
  0
LINE
  5
C29
330
2
100
AcDbEntity
  8
CS-RBAR-EREC
100
AcDbLine
 10
1355259.090339311
 20
-22199.59565130193
 30
0.0
 11
1355259.090339311
 21
-23199.59565130193
 31
0.0
  0
LINE
  5
C2A
330
2
100
AcDbEntity
  8
CS-RBAR-EREC
100
AcDbLine
 10
1354959.090339311
 20
-22199.59565130193
 30
0.0
 11
1354959.090339311
 21
-23199.59565130193
 31
0.0
  0
LINE
  5
C2B
330
2
100
AcDbEntity
  8
CS-RBAR-EREC
100
AcDbLine
 10
1354659.090339312
 20
-22199.59565130193
 30
0.0
 11
1354659.090339312
 21
-23199.59565130193
 31
0.0
  0
LINE
  5
C2C
330
2
100
AcDbEntity
  8
CS-RBAR-EREC
100
AcDbLine
 10
1354359.090339312
 20
-22199.59565130193
 30
0.0
 11
1354359.090339312
 21
-23199.59565130193
 31
0.0
  0
LINE
  5
C2D
330
2
100
AcDbEntity
  8
CS-RBAR-EREC
100
AcDbLine
 10
1354059.090339312
 20
-22199.59565130193
 30
0.0
 11
1354059.090339312
 21
-23199.59565130193
 31
0.0
  0
LINE
  5
C2E
330
2
100
AcDbEntity
  8
CS-RBAR-EREC
100
AcDbLine
 10
1353759.090339311
 20
-22199.59565130193
 30
0.0
 11
1353759.090339311
 21
-23199.59565130193
 31
0.0
  0
LINE
  5
C2F
330
2
100
AcDbEntity
  8
CS-RBAR-EREC
100
AcDbLine
 10
1353459.090339311
 20
-22199.59565130193
 30
0.0
 11
1353459.090339311
 21
-23199.59565130193
 31
0.0
  0
LINE
  5
C30
330
2
100
AcDbEntity
  8
CS-RBAR-EREC
100
AcDbLine
 10
1353159.090339312
 20
-22199.59565130193
 30
0.0
 11
1353159.090339312
 21
-23199.59565130193
 31
0.0
  0
LINE
  5
C31
330
2
100
AcDbEntity
  8
CS-RBAR-EREC
100
AcDbLine
 10
1352859.090339312
 20
-22199.59565130193
 30
0.0
 11
1352859.090339312
 21
-23199.59565130193
 31
0.0
  0
LINE
  5
C32
330
2
100
AcDbEntity
  8
CS-RBAR-EREC
100
AcDbLine
 10
1352559.090339312
 20
-22199.59565130193
 30
0.0
 11
1352559.090339312
 21
-23199.59565130193
 31
0.0
  0
LINE
  5
C33
330
2
100
AcDbEntity
  8
CS-RBAR-EREC
100
AcDbLine
 10
1352259.090339311
 20
-22199.59565130193
 30
0.0
 11
1352259.090339311
 21
-23199.59565130193
 31
0.0
  0
LINE
  5
C34
330
2
100
AcDbEntity
  8
CS-RBAR-EREC
100
AcDbLine
 10
1351959.090339311
 20
-22199.59565130193
 30
0.0
 11
1351959.090339311
 21
-23199.59565130193
 31
0.0
  0
LINE
  5
C35
330
2
100
AcDbEntity
  8
CS-RBAR-EREC
100
AcDbLine
 10
1351659.090339311
 20
-22199.59565130193
 30
0.0
 11
1351659.090339311
 21
-23199.59565130193
 31
0.0
  0
LINE
  5
C36
330
2
100
AcDbEntity
  8
CS-RBAR-EREC
100
AcDbLine
 10
1351359.090339312
 20
-22199.59565130193
 30
0.0
 11
1351359.090339312
 21
-23199.59565130193
 31
0.0
  0
LINE
  5
C37
330
2
100
AcDbEntity
  8
CS-RBAR-EREC
100
AcDbLine
 10
1351059.090339312
 20
-22199.59565130193
 30
0.0
 11
1351059.090339312
 21
-23199.59565130193
 31
0.0
  0
LINE
  5
C38
330
2
100
AcDbEntity
  8
CS-RBAR-EREC
100
AcDbLine
 10
1350759.090339311
 20
-22199.59565130193
 30
0.0
 11
1350759.090339311
 21
-23199.59565130193
 31
0.0
  0
LINE
  5
C39
330
2
100
AcDbEntity
  8
CS-RBAR-EREC
100
AcDbLine
 10
1350459.090339311
 20
-22199.59565130193
 30
0.0
 11
1350459.090339311
 21
-23199.59565130193
 31
0.0
  0
LINE
  5
C3A
330
2
100
AcDbEntity
  8
CS-RBAR-EREC
100
AcDbLine
 10
1350159.090339311
 20
-22199.59565130193
 30
0.0
 11
1350159.090339311
 21
-23199.59565130193
 31
0.0
  0
LINE
  5
C3B
330
2
100
AcDbEntity
  8
CS-RBAR-EREC
100
AcDbLine
 10
1349859.090339311
 20
-22199.59565130193
 30
0.0
 11
1349859.090339311
 21
-23199.59565130193
 31
0.0
  0
LINE
  5
C3C
330
2
100
AcDbEntity
  8
CS-RBAR-EREC
100
AcDbLine
 10
1349559.090339311
 20
-22199.59565130193
 30
0.0
 11
1349559.090339311
 21
-23199.59565130193
 31
0.0
  0
LINE
  5
C3D
330
2
100
AcDbEntity
  8
CS-RBAR-EREC
100
AcDbLine
 10
1349259.090339311
 20
-22199.59565130193
 30
0.0
 11
1349259.090339311
 21
-23199.59565130193
 31
0.0
  0
LINE
  5
C3E
330
2
100
AcDbEntity
  8
CS-RBAR-EREC
100
AcDbLine
 10
1348959.090339311
 20
-22199.59565130193
 30
0.0
 11
1348959.090339311
 21
-23199.59565130193
 31
0.0
  0
LINE
  5
C3F
330
2
100
AcDbEntity
  8
CS-RBAR-EREC
100
AcDbLine
 10
1348659.090339311
 20
-22199.59565130193
 30
0.0
 11
1348659.090339311
 21
-23199.59565130193
 31
0.0
  0
LINE
  5
C40
330
2
100
AcDbEntity
  8
CS-RBAR-EREC
100
AcDbLine
 10
1348519.090339312
 20
-22199.59565130193
 30
0.0
 11
1348519.090339312
 21
-23199.59565130193
 31
0.0
  0
LINE
  5
C41
330
2
100
AcDbEntity
  8
CS-RBAR-EREC
100
AcDbLine
 10
1356019.090339312
 20
-22199.59565130193
 30
0.0
 11
1356019.090339312
 21
-21199.59565130193
 31
0.0
  0
LINE
  5
C42
330
2
100
AcDbEntity
  8
CS-RBAR-EREC
100
AcDbLine
 10
1355699.090339312
 20
-22199.59565130193
 30
0.0
 11
1355699.090339312
 21
-21199.59565130193
 31
0.0
  0
LINE
  5
C43
330
2
100
AcDbEntity
  8
CS-RBAR-EREC
100
AcDbLine
 10
1355559.090339311
 20
-22199.59565130193
 30
0.0
 11
1355559.090339311
 21
-21199.59565130193
 31
0.0
  0
LINE
  5
C44
330
2
100
AcDbEntity
  8
CS-RBAR-EREC
100
AcDbLine
 10
1355259.090339311
 20
-22199.59565130193
 30
0.0
 11
1355259.090339311
 21
-21199.59565130193
 31
0.0
  0
LINE
  5
C45
330
2
100
AcDbEntity
  8
CS-RBAR-EREC
100
AcDbLine
 10
1354959.090339311
 20
-22199.59565130193
 30
0.0
 11
1354959.090339311
 21
-21199.59565130193
 31
0.0
  0
LINE
  5
C46
330
2
100
AcDbEntity
  8
CS-RBAR-EREC
100
AcDbLine
 10
1354659.090339312
 20
-22199.59565130193
 30
0.0
 11
1354659.090339312
 21
-21199.59565130193
 31
0.0
  0
LINE
  5
C47
330
2
100
AcDbEntity
  8
CS-RBAR-EREC
100
AcDbLine
 10
1354359.090339312
 20
-22199.59565130193
 30
0.0
 11
1354359.090339312
 21
-21199.59565130193
 31
0.0
  0
LINE
  5
C48
330
2
100
AcDbEntity
  8
CS-RBAR-EREC
100
AcDbLine
 10
1354059.090339312
 20
-22199.59565130193
 30
0.0
 11
1354059.090339312
 21
-21199.59565130193
 31
0.0
  0
LINE
  5
C49
330
2
100
AcDbEntity
  8
CS-RBAR-EREC
100
AcDbLine
 10
1353759.090339311
 20
-22199.59565130193
 30
0.0
 11
1353759.090339311
 21
-21199.59565130193
 31
0.0
  0
LINE
  5
C4A
330
2
100
AcDbEntity
  8
CS-RBAR-EREC
100
AcDbLine
 10
1353459.090339311
 20
-22199.59565130193
 30
0.0
 11
1353459.090339311
 21
-21199.59565130193
 31
0.0
  0
LINE
  5
C4B
330
2
100
AcDbEntity
  8
CS-RBAR-EREC
100
AcDbLine
 10
1353159.090339312
 20
-22199.59565130193
 30
0.0
 11
1353159.090339312
 21
-21199.59565130193
 31
0.0
  0
LINE
  5
C4C
330
2
100
AcDbEntity
  8
CS-RBAR-EREC
100
AcDbLine
 10
1352859.090339312
 20
-22199.59565130193
 30
0.0
 11
1352859.090339312
 21
-21199.59565130193
 31
0.0
  0
LINE
  5
C4D
330
2
100
AcDbEntity
  8
CS-RBAR-EREC
100
AcDbLine
 10
1352559.090339312
 20
-22199.59565130193
 30
0.0
 11
1352559.090339312
 21
-21199.59565130193
 31
0.0
  0
LINE
  5
C4E
330
2
100
AcDbEntity
  8
CS-RBAR-EREC
100
AcDbLine
 10
1352259.090339311
 20
-22199.59565130193
 30
0.0
 11
1352259.090339311
 21
-21199.59565130193
 31
0.0
  0
LINE
  5
C4F
330
2
100
AcDbEntity
  8
CS-RBAR-EREC
100
AcDbLine
 10
1351959.090339311
 20
-22199.59565130193
 30
0.0
 11
1351959.090339311
 21
-21199.59565130193
 31
0.0
  0
LINE
  5
C50
330
2
100
AcDbEntity
  8
CS-RBAR-EREC
100
AcDbLine
 10
1351659.090339311
 20
-22199.59565130193
 30
0.0
 11
1351659.090339311
 21
-21199.59565130193
 31
0.0
  0
LINE
  5
C51
330
2
100
AcDbEntity
  8
CS-RBAR-EREC
100
AcDbLine
 10
1351359.090339312
 20
-22199.59565130193
 30
0.0
 11
1351359.090339312
 21
-21199.59565130193
 31
0.0
  0
LINE
  5
C52
330
2
100
AcDbEntity
  8
CS-RBAR-EREC
100
AcDbLine
 10
1351059.090339312
 20
-22199.59565130193
 30
0.0
 11
1351059.090339312
 21
-21199.59565130193
 31
0.0
  0
LINE
  5
C53
330
2
100
AcDbEntity
  8
CS-RBAR-EREC
100
AcDbLine
 10
1350759.090339311
 20
-22199.59565130193
 30
0.0
 11
1350759.090339311
 21
-21199.59565130193
 31
0.0
  0
LINE
  5
C54
330
2
100
AcDbEntity
  8
CS-RBAR-EREC
100
AcDbLine
 10
1350459.090339311
 20
-22199.59565130193
 30
0.0
 11
1350459.090339311
 21
-21199.59565130193
 31
0.0
  0
LINE
  5
C55
330
2
100
AcDbEntity
  8
CS-RBAR-EREC
100
AcDbLine
 10
1350159.090339311
 20
-22199.59565130193
 30
0.0
 11
1350159.090339311
 21
-21199.59565130193
 31
0.0
  0
LINE
  5
C56
330
2
100
AcDbEntity
  8
CS-RBAR-EREC
100
AcDbLine
 10
1349859.090339311
 20
-22199.59565130193
 30
0.0
 11
1349859.090339311
 21
-21199.59565130193
 31
0.0
  0
LINE
  5
C57
330
2
100
AcDbEntity
  8
CS-RBAR-EREC
100
AcDbLine
 10
1349559.090339311
 20
-22199.59565130193
 30
0.0
 11
1349559.090339311
 21
-21199.59565130193
 31
0.0
  0
LINE
  5
C58
330
2
100
AcDbEntity
  8
CS-RBAR-EREC
100
AcDbLine
 10
1349259.090339311
 20
-22199.59565130193
 30
0.0
 11
1349259.090339311
 21
-21199.59565130193
 31
0.0
  0
LINE
  5
C59
330
2
100
AcDbEntity
  8
CS-RBAR-EREC
100
AcDbLine
 10
1348959.090339311
 20
-22199.59565130193
 30
0.0
 11
1348959.090339311
 21
-21199.59565130193
 31
0.0
  0
LINE
  5
C5A
330
2
100
AcDbEntity
  8
CS-RBAR-EREC
100
AcDbLine
 10
1348659.090339311
 20
-22199.59565130193
 30
0.0
 11
1348659.090339311
 21
-21199.59565130193
 31
0.0
  0
LINE
  5
C5B
330
2
100
AcDbEntity
  8
CS-RBAR-EREC
100
AcDbLine
 10
1348519.090339312
 20
-22199.59565130193
 30
0.0
 11
1348519.090339312
 21
-21199.59565130193
 31
0.0
  0
LINE
  5
C5C
330
2
100
AcDbEntity
  8
CS-RBAR-EREC
100
AcDbLine
 10
1348199.090339311
 20
-22199.59565130193
 30
0.0
 11
1348199.090339311
 21
-21199.59565130193
 31
0.0
  0
LINE
  5
C5D
330
2
100
AcDbEntity
  8
CS-RBAR-EREC
100
AcDbLine
 10
1355259.090339311
 20
-23199.59565130193
 30
0.0
 11
1355223.735000311
 21
-23164.24031230193
 31
0.0
  0
LINE
  5
C5E
330
2
100
AcDbEntity
  8
CS-RBAR-EREC
100
AcDbLine
 10
1354694.445678312
 20
-22734.95099030193
 30
0.0
 11
1354623.735000311
 21
-22664.24031230193
 31
0.0
  0
LINE
  5
C5F
330
2
100
AcDbEntity
  8
CS-RBAR-EREC
100
AcDbLine
 10
1354059.090339312
 20
-23199.59565130193
 30
0.0
 11
1354023.735000311
 21
-23164.24031230193
 31
0.0
  0
LINE
  5
C60
330
2
100
AcDbEntity
  8
CS-RBAR-EREC
100
AcDbLine
 10
1353494.445678312
 20
-22734.95099030193
 30
0.0
 11
1353423.735000311
 21
-22664.24031230193
 31
0.0
  0
LINE
  5
C61
330
2
100
AcDbEntity
  8
CS-RBAR-EREC
100
AcDbLine
 10
1352859.090339312
 20
-23199.59565130193
 30
0.0
 11
1352823.735000311
 21
-23164.24031230193
 31
0.0
  0
LINE
  5
C62
330
2
100
AcDbEntity
  8
CS-RBAR-EREC
100
AcDbLine
 10
1352294.445678311
 20
-22734.95099030193
 30
0.0
 11
1352223.735000312
 21
-22664.24031230193
 31
0.0
  0
LINE
  5
C63
330
2
100
AcDbEntity
  8
CS-RBAR-EREC
100
AcDbLine
 10
1351659.090339311
 20
-23199.59565130193
 30
0.0
 11
1351623.735000311
 21
-23164.24031230193
 31
0.0
  0
LINE
  5
C64
330
2
100
AcDbEntity
  8
CS-RBAR-EREC
100
AcDbLine
 10
1351094.445678311
 20
-22734.95099030193
 30
0.0
 11
1351023.735000312
 21
-22664.24031230193
 31
0.0
  0
LINE
  5
C65
330
2
100
AcDbEntity
  8
CS-RBAR-EREC
100
AcDbLine
 10
1350459.090339311
 20
-23199.59565130193
 30
0.0
 11
1350423.735000312
 21
-23164.24031230193
 31
0.0
  0
LINE
  5
C66
330
2
100
AcDbEntity
  8
CS-RBAR-EREC
100
AcDbLine
 10
1349894.445678311
 20
-22734.95099030193
 30
0.0
 11
1349823.735000311
 21
-22664.24031230193
 31
0.0
  0
LINE
  5
C67
330
2
100
AcDbEntity
  8
CS-RBAR-EREC
100
AcDbLine
 10
1349259.090339311
 20
-23199.59565130193
 30
0.0
 11
1349223.735000312
 21
-23164.24031230193
 31
0.0
  0
LINE
  5
C68
330
2
100
AcDbEntity
  8
CS-RBAR-EREC
100
AcDbLine
 10
1348694.445678312
 20
-22734.95099030193
 30
0.0
 11
1348623.735000311
 21
-22664.24031230193
 31
0.0
  0
LINE
  5
C69
330
2
100
AcDbEntity
  8
CS-RBAR-EREC
100
AcDbLine
 10
1355955.340339311
 20
-4215.314358940795
 30
0.0
 11
1355955.340339311
 21
-5215.314358940795
 31
0.0
  0
LINE
  5
C6A
330
2
100
AcDbEntity
  8
CS-RBAR-EREC
100
AcDbLine
 10
1355635.340339311
 20
-4215.314358940795
 30
0.0
 11
1355635.340339311
 21
-5215.314358940795
 31
0.0
  0
LINE
  5
C6B
330
2
100
AcDbEntity
  8
CS-RBAR-EREC
100
AcDbLine
 10
1355495.340339311
 20
-4215.314358940795
 30
0.0
 11
1355495.340339311
 21
-5215.314358940795
 31
0.0
  0
LINE
  5
C6C
330
2
100
AcDbEntity
  8
CS-RBAR-EREC
100
AcDbLine
 10
1355195.340339311
 20
-4215.314358940795
 30
0.0
 11
1355195.340339311
 21
-5215.314358940795
 31
0.0
  0
LINE
  5
C6D
330
2
100
AcDbEntity
  8
CS-RBAR-EREC
100
AcDbLine
 10
1354895.340339311
 20
-4215.314358940795
 30
0.0
 11
1354895.340339311
 21
-5215.314358940795
 31
0.0
  0
LINE
  5
C6E
330
2
100
AcDbEntity
  8
CS-RBAR-EREC
100
AcDbLine
 10
1354595.340339311
 20
-4215.314358940795
 30
0.0
 11
1354595.340339311
 21
-5215.314358940795
 31
0.0
  0
LINE
  5
C6F
330
2
100
AcDbEntity
  8
CS-RBAR-EREC
100
AcDbLine
 10
1354295.340339311
 20
-4215.314358940795
 30
0.0
 11
1354295.340339311
 21
-5215.314358940795
 31
0.0
  0
LINE
  5
C70
330
2
100
AcDbEntity
  8
CS-RBAR-EREC
100
AcDbLine
 10
1353995.340339311
 20
-4215.314358940795
 30
0.0
 11
1353995.340339311
 21
-5215.314358940795
 31
0.0
  0
LINE
  5
C71
330
2
100
AcDbEntity
  8
CS-RBAR-EREC
100
AcDbLine
 10
1353695.340339311
 20
-4215.314358940795
 30
0.0
 11
1353695.340339311
 21
-5215.314358940795
 31
0.0
  0
LINE
  5
C72
330
2
100
AcDbEntity
  8
CS-RBAR-EREC
100
AcDbLine
 10
1353395.340339311
 20
-4215.314358940795
 30
0.0
 11
1353395.340339311
 21
-5215.314358940795
 31
0.0
  0
LINE
  5
C73
330
2
100
AcDbEntity
  8
CS-RBAR-EREC
100
AcDbLine
 10
1353095.340339311
 20
-4215.314358940795
 30
0.0
 11
1353095.340339311
 21
-5215.314358940795
 31
0.0
  0
LINE
  5
C74
330
2
100
AcDbEntity
  8
CS-RBAR-EREC
100
AcDbLine
 10
1352795.340339311
 20
-4215.314358940795
 30
0.0
 11
1352795.340339311
 21
-5215.314358940795
 31
0.0
  0
LINE
  5
C75
330
2
100
AcDbEntity
  8
CS-RBAR-EREC
100
AcDbLine
 10
1352495.340339312
 20
-4215.314358940795
 30
0.0
 11
1352495.340339312
 21
-5215.314358940795
 31
0.0
  0
LINE
  5
C76
330
2
100
AcDbEntity
  8
CS-RBAR-EREC
100
AcDbLine
 10
1352195.340339312
 20
-4215.314358940795
 30
0.0
 11
1352195.340339312
 21
-5215.314358940795
 31
0.0
  0
LINE
  5
C77
330
2
100
AcDbEntity
  8
CS-RBAR-EREC
100
AcDbLine
 10
1351895.340339312
 20
-4215.314358940795
 30
0.0
 11
1351895.340339312
 21
-5215.314358940795
 31
0.0
  0
LINE
  5
C78
330
2
100
AcDbEntity
  8
CS-RBAR-EREC
100
AcDbLine
 10
1351595.340339311
 20
-4215.314358940795
 30
0.0
 11
1351595.340339311
 21
-5215.314358940795
 31
0.0
  0
LINE
  5
C79
330
2
100
AcDbEntity
  8
CS-RBAR-EREC
100
AcDbLine
 10
1351295.340339311
 20
-4215.314358940795
 30
0.0
 11
1351295.340339311
 21
-5215.314358940795
 31
0.0
  0
LINE
  5
C7A
330
2
100
AcDbEntity
  8
CS-RBAR-EREC
100
AcDbLine
 10
1350995.340339312
 20
-4215.314358940795
 30
0.0
 11
1350995.340339312
 21
-5215.314358940795
 31
0.0
  0
LINE
  5
C7B
330
2
100
AcDbEntity
  8
CS-RBAR-EREC
100
AcDbLine
 10
1350695.340339312
 20
-4215.314358940795
 30
0.0
 11
1350695.340339312
 21
-5215.314358940795
 31
0.0
  0
LINE
  5
C7C
330
2
100
AcDbEntity
  8
CS-RBAR-EREC
100
AcDbLine
 10
1350395.340339312
 20
-4215.314358940795
 30
0.0
 11
1350395.340339312
 21
-5215.314358940795
 31
0.0
  0
LINE
  5
C7D
330
2
100
AcDbEntity
  8
CS-RBAR-EREC
100
AcDbLine
 10
1350095.340339311
 20
-4215.314358940795
 30
0.0
 11
1350095.340339311
 21
-5215.314358940795
 31
0.0
  0
LINE
  5
C7E
330
2
100
AcDbEntity
  8
CS-RBAR-EREC
100
AcDbLine
 10
1349795.340339311
 20
-4215.314358940795
 30
0.0
 11
1349795.340339311
 21
-5215.314358940795
 31
0.0
  0
LINE
  5
C7F
330
2
100
AcDbEntity
  8
CS-RBAR-EREC
100
AcDbLine
 10
1349495.340339311
 20
-4215.314358940795
 30
0.0
 11
1349495.340339311
 21
-5215.314358940795
 31
0.0
  0
LINE
  5
C80
330
2
100
AcDbEntity
  8
CS-RBAR-EREC
100
AcDbLine
 10
1349195.340339311
 20
-4215.314358940795
 30
0.0
 11
1349195.340339311
 21
-5215.314358940795
 31
0.0
  0
LINE
  5
C81
330
2
100
AcDbEntity
  8
CS-RBAR-EREC
100
AcDbLine
 10
1348895.340339312
 20
-4215.314358940795
 30
0.0
 11
1348895.340339312
 21
-5215.314358940795
 31
0.0
  0
LINE
  5
C82
330
2
100
AcDbEntity
  8
CS-RBAR-EREC
100
AcDbLine
 10
1348595.340339311
 20
-4215.314358940795
 30
0.0
 11
1348595.340339311
 21
-5215.314358940795
 31
0.0
  0
LINE
  5
C83
330
2
100
AcDbEntity
  8
CS-RBAR-EREC
100
AcDbLine
 10
1348455.340339311
 20
-4215.314358940795
 30
0.0
 11
1348455.340339311
 21
-5215.314358940795
 31
0.0
  0
LINE
  5
C84
330
2
100
AcDbEntity
  8
CS-RBAR-EREC
100
AcDbLine
 10
1348135.340339311
 20
-4215.314358940795
 30
0.0
 11
1348135.340339311
 21
-5215.314358940795
 31
0.0
  0
LINE
  5
C85
330
2
100
AcDbEntity
  8
CS-RBAR-EREC
100
AcDbLine
 10
1355635.340339311
 20
-4215.314358940795
 30
0.0
 11
1355635.340339311
 21
-3215.314358940795
 31
0.0
  0
LINE
  5
C86
330
2
100
AcDbEntity
  8
CS-RBAR-EREC
100
AcDbLine
 10
1355495.340339311
 20
-4215.314358940795
 30
0.0
 11
1355495.340339311
 21
-3215.314358940795
 31
0.0
  0
LINE
  5
C87
330
2
100
AcDbEntity
  8
CS-RBAR-EREC
100
AcDbLine
 10
1355195.340339311
 20
-4215.314358940795
 30
0.0
 11
1355195.340339311
 21
-3215.314358940795
 31
0.0
  0
LINE
  5
C88
330
2
100
AcDbEntity
  8
CS-RBAR-EREC
100
AcDbLine
 10
1354895.340339311
 20
-4215.314358940795
 30
0.0
 11
1354895.340339311
 21
-3215.314358940795
 31
0.0
  0
LINE
  5
C89
330
2
100
AcDbEntity
  8
CS-RBAR-EREC
100
AcDbLine
 10
1354595.340339311
 20
-4215.314358940795
 30
0.0
 11
1354595.340339311
 21
-3215.314358940795
 31
0.0
  0
LINE
  5
C8A
330
2
100
AcDbEntity
  8
CS-RBAR-EREC
100
AcDbLine
 10
1354295.340339311
 20
-4215.314358940795
 30
0.0
 11
1354295.340339311
 21
-3215.314358940795
 31
0.0
  0
LINE
  5
C8B
330
2
100
AcDbEntity
  8
CS-RBAR-EREC
100
AcDbLine
 10
1353995.340339311
 20
-4215.314358940795
 30
0.0
 11
1353995.340339311
 21
-3215.314358940795
 31
0.0
  0
LINE
  5
C8C
330
2
100
AcDbEntity
  8
CS-RBAR-EREC
100
AcDbLine
 10
1353695.340339311
 20
-4215.314358940795
 30
0.0
 11
1353695.340339311
 21
-3215.314358940795
 31
0.0
  0
LINE
  5
C8D
330
2
100
AcDbEntity
  8
CS-RBAR-EREC
100
AcDbLine
 10
1353395.340339311
 20
-4215.314358940795
 30
0.0
 11
1353395.340339311
 21
-3215.314358940795
 31
0.0
  0
LINE
  5
C8E
330
2
100
AcDbEntity
  8
CS-RBAR-EREC
100
AcDbLine
 10
1353095.340339311
 20
-4215.314358940795
 30
0.0
 11
1353095.340339311
 21
-3215.314358940795
 31
0.0
  0
LINE
  5
C8F
330
2
100
AcDbEntity
  8
CS-RBAR-EREC
100
AcDbLine
 10
1352795.340339311
 20
-4215.314358940795
 30
0.0
 11
1352795.340339311
 21
-3215.314358940795
 31
0.0
  0
LINE
  5
C90
330
2
100
AcDbEntity
  8
CS-RBAR-EREC
100
AcDbLine
 10
1352495.340339312
 20
-4215.314358940795
 30
0.0
 11
1352495.340339312
 21
-3215.314358940795
 31
0.0
  0
LINE
  5
C91
330
2
100
AcDbEntity
  8
CS-RBAR-EREC
100
AcDbLine
 10
1352195.340339312
 20
-4215.314358940795
 30
0.0
 11
1352195.340339312
 21
-3215.314358940795
 31
0.0
  0
LINE
  5
C92
330
2
100
AcDbEntity
  8
CS-RBAR-EREC
100
AcDbLine
 10
1351895.340339312
 20
-4215.314358940795
 30
0.0
 11
1351895.340339312
 21
-3215.314358940795
 31
0.0
  0
LINE
  5
C93
330
2
100
AcDbEntity
  8
CS-RBAR-EREC
100
AcDbLine
 10
1351595.340339311
 20
-4215.314358940795
 30
0.0
 11
1351595.340339311
 21
-3215.314358940795
 31
0.0
  0
LINE
  5
C94
330
2
100
AcDbEntity
  8
CS-RBAR-EREC
100
AcDbLine
 10
1351295.340339311
 20
-4215.314358940795
 30
0.0
 11
1351295.340339311
 21
-3215.314358940795
 31
0.0
  0
LINE
  5
C95
330
2
100
AcDbEntity
  8
CS-RBAR-EREC
100
AcDbLine
 10
1350995.340339312
 20
-4215.314358940795
 30
0.0
 11
1350995.340339312
 21
-3215.314358940795
 31
0.0
  0
LINE
  5
C96
330
2
100
AcDbEntity
  8
CS-RBAR-EREC
100
AcDbLine
 10
1350695.340339312
 20
-4215.314358940795
 30
0.0
 11
1350695.340339312
 21
-3215.314358940795
 31
0.0
  0
LINE
  5
C97
330
2
100
AcDbEntity
  8
CS-RBAR-EREC
100
AcDbLine
 10
1350395.340339312
 20
-4215.314358940795
 30
0.0
 11
1350395.340339312
 21
-3215.314358940795
 31
0.0
  0
LINE
  5
C98
330
2
100
AcDbEntity
  8
CS-RBAR-EREC
100
AcDbLine
 10
1350095.340339311
 20
-4215.314358940795
 30
0.0
 11
1350095.340339311
 21
-3215.314358940795
 31
0.0
  0
LINE
  5
C99
330
2
100
AcDbEntity
  8
CS-RBAR-EREC
100
AcDbLine
 10
1349795.340339311
 20
-4215.314358940795
 30
0.0
 11
1349795.340339311
 21
-3215.314358940795
 31
0.0
  0
LINE
  5
C9A
330
2
100
AcDbEntity
  8
CS-RBAR-EREC
100
AcDbLine
 10
1349495.340339311
 20
-4215.314358940795
 30
0.0
 11
1349495.340339311
 21
-3215.314358940795
 31
0.0
  0
LINE
  5
C9B
330
2
100
AcDbEntity
  8
CS-RBAR-EREC
100
AcDbLine
 10
1349195.340339311
 20
-4215.314358940795
 30
0.0
 11
1349195.340339311
 21
-3215.314358940795
 31
0.0
  0
LINE
  5
C9C
330
2
100
AcDbEntity
  8
CS-RBAR-EREC
100
AcDbLine
 10
1348895.340339312
 20
-4215.314358940795
 30
0.0
 11
1348895.340339312
 21
-3215.314358940795
 31
0.0
  0
LINE
  5
C9D
330
2
100
AcDbEntity
  8
CS-RBAR-EREC
100
AcDbLine
 10
1348595.340339311
 20
-4215.314358940795
 30
0.0
 11
1348595.340339311
 21
-3215.314358940795
 31
0.0
  0
LINE
  5
C9E
330
2
100
AcDbEntity
  8
CS-RBAR-EREC
100
AcDbLine
 10
1348455.340339311
 20
-4215.314358940795
 30
0.0
 11
1348455.340339311
 21
-3215.314358940795
 31
0.0
  0
LINE
  5
C9F
330
2
100
AcDbEntity
  8
CS-RBAR-EREC
100
AcDbLine
 10
1355230.695678311
 20
-3750.669697940797
 30
0.0
 11
1355159.985000311
 21
-3679.959019940794
 31
0.0
  0
LINE
  5
CA0
330
2
100
AcDbEntity
  8
CS-RBAR-EREC
100
AcDbLine
 10
1354630.695678312
 20
-4250.669697940796
 30
0.0
 11
1354559.985000312
 21
-4179.959019940794
 31
0.0
  0
LINE
  5
CA1
330
2
100
AcDbEntity
  8
CS-RBAR-EREC
100
AcDbLine
 10
1354030.695678312
 20
-3750.669697940797
 30
0.0
 11
1353959.985000311
 21
-3679.959019940794
 31
0.0
  0
LINE
  5
CA2
330
2
100
AcDbEntity
  8
CS-RBAR-EREC
100
AcDbLine
 10
1353430.695678311
 20
-4250.669697940796
 30
0.0
 11
1353359.985000311
 21
-4179.959019940794
 31
0.0
  0
LINE
  5
CA3
330
2
100
AcDbEntity
  8
CS-RBAR-EREC
100
AcDbLine
 10
1352830.695678312
 20
-3750.669697940797
 30
0.0
 11
1352759.985000311
 21
-3679.959019940794
 31
0.0
  0
LINE
  5
CA4
330
2
100
AcDbEntity
  8
CS-RBAR-EREC
100
AcDbLine
 10
1352230.695678311
 20
-4250.669697940796
 30
0.0
 11
1352159.985000311
 21
-4179.959019940794
 31
0.0
  0
LINE
  5
CA5
330
2
100
AcDbEntity
  8
CS-RBAR-EREC
100
AcDbLine
 10
1351630.695678311
 20
-3750.669697940797
 30
0.0
 11
1351559.985000311
 21
-3679.959019940794
 31
0.0
  0
LINE
  5
CA6
330
2
100
AcDbEntity
  8
CS-RBAR-EREC
100
AcDbLine
 10
1351030.695678312
 20
-4250.669697940796
 30
0.0
 11
1350959.985000311
 21
-4179.959019940794
 31
0.0
  0
LINE
  5
CA7
330
2
100
AcDbEntity
  8
CS-RBAR-EREC
100
AcDbLine
 10
1350430.695678311
 20
-3750.669697940797
 30
0.0
 11
1350359.985000311
 21
-3679.959019940794
 31
0.0
  0
LINE
  5
CA8
330
2
100
AcDbEntity
  8
CS-RBAR-EREC
100
AcDbLine
 10
1349830.695678311
 20
-4250.669697940796
 30
0.0
 11
1349759.985000312
 21
-4179.959019940794
 31
0.0
  0
LINE
  5
CA9
330
2
100
AcDbEntity
  8
CS-RBAR-EREC
100
AcDbLine
 10
1349230.695678311
 20
-3750.669697940797
 30
0.0
 11
1349159.985000311
 21
-3679.959019940794
 31
0.0
  0
LINE
  5
CAA
330
2
100
AcDbEntity
  8
CS-RBAR-EREC
100
AcDbLine
 10
1348630.695678311
 20
-4250.669697940796
 30
0.0
 11
1348559.985000312
 21
-4179.959019940794
 31
0.0
  0
LINE
  5
CAB
330
2
100
AcDbEntity
  8
CS-RBAR-EREC
100
AcDbLine
 10
1348135.340339311
 20
-11049.86597120326
 30
0.0
 11
1348780.340339311
 21
-10404.86597120326
 31
0.0
  0
LINE
  5
CAC
330
2
100
AcDbEntity
  8
CS-RBAR-EREC
100
AcDbLine
 10
1355955.340339311
 20
-11049.86597120326
 30
0.0
 11
1355310.340339312
 21
-10404.86597120326
 31
0.0
  0
LINE
  5
CAD
330
2
100
AcDbEntity
  8
CS-RBAR-EREC
100
AcDbLine
 10
1348135.340339311
 20
-15804.86597120326
 30
0.0
 11
1348605.340339311
 21
-16274.86597120326
 31
0.0
  0
LINE
  5
CAE
330
2
100
AcDbEntity
  8
CS-RBAR-EREC
100
AcDbLine
 10
1355955.340339311
 20
-15804.86597120326
 30
0.0
 11
1355485.340339311
 21
-16274.86597120326
 31
0.0
  0
LINE
  5
CAF
330
2
100
AcDbEntity
  8
CS-RBAR-EREC
  6
Continuous
100
AcDbLine
 10
1355195.340339311
 20
-10404.86597120326
 30
0.0
 11
1355195.340339311
 21
-10964.86597120326
 31
0.0
  0
LINE
  5
CB0
330
2
100
AcDbEntity
  8
CS-RBAR-EREC
  6
A-HIDDN01
100
AcDbLine
 10
1354595.340339311
 20
-10404.86597120326
 30
0.0
 11
1354595.340339311
 21
-10964.86597120326
 31
0.0
  0
LINE
  5
CB2
330
2
100
AcDbEntity
  8
CS-RBAR-EREC
  6
Continuous
100
AcDbLine
 10
1353995.340339311
 20
-10404.86597120326
 30
0.0
 11
1353995.340339311
 21
-10964.86597120326
 31
0.0
  0
LINE
  5
CB3
330
2
100
AcDbEntity
  8
CS-RBAR-EREC
  6
A-HIDDN01
100
AcDbLine
 10
1353395.340339311
 20
-10404.86597120326
 30
0.0
 11
1353395.340339311
 21
-10964.86597120326
 31
0.0
  0
LINE
  5
CB4
330
2
100
AcDbEntity
  8
CS-RBAR-EREC
  6
Continuous
100
AcDbLine
 10
1352795.340339311
 20
-10404.86597120326
 30
0.0
 11
1352795.340339311
 21
-10964.86597120326
 31
0.0
  0
LINE
  5
CB5
330
2
100
AcDbEntity
  8
CS-RBAR-EREC
  6
A-HIDDN01
100
AcDbLine
 10
1352195.340339312
 20
-10404.86597120326
 30
0.0
 11
1352195.340339312
 21
-10964.86597120326
 31
0.0
  0
LINE
  5
CB6
330
2
100
AcDbEntity
  8
CS-RBAR-EREC
  6
Continuous
100
AcDbLine
 10
1351595.340339311
 20
-10404.86597120326
 30
0.0
 11
1351595.340339311
 21
-10964.86597120326
 31
0.0
  0
LINE
  5
CB7
330
2
100
AcDbEntity
  8
CS-RBAR-EREC
  6
A-HIDDN01
100
AcDbLine
 10
1350995.340339312
 20
-10404.86597120326
 30
0.0
 11
1350995.340339312
 21
-10964.86597120326
 31
0.0
  0
LINE
  5
CB8
330
2
100
AcDbEntity
  8
CS-RBAR-EREC
  6
Continuous
100
AcDbLine
 10
1350395.340339312
 20
-10404.86597120326
 30
0.0
 11
1350395.340339312
 21
-10964.86597120326
 31
0.0
  0
LINE
  5
CB9
330
2
100
AcDbEntity
  8
CS-RBAR-EREC
  6
A-HIDDN01
100
AcDbLine
 10
1349795.340339311
 20
-10404.86597120326
 30
0.0
 11
1349795.340339311
 21
-10964.86597120326
 31
0.0
  0
LINE
  5
CBA
330
2
100
AcDbEntity
  8
CS-RBAR-EREC
  6
Continuous
100
AcDbLine
 10
1349195.340339311
 20
-10404.86597120326
 30
0.0
 11
1349195.340339311
 21
-10964.86597120326
 31
0.0
  0
LINE
  5
CBB
330
2
100
AcDbEntity
  8
CS-RBAR-EREC
  6
A-HIDDN01
100
AcDbLine
 10
1348595.340339311
 20
-10404.86597120326
 30
0.0
 11
1348595.340339311
 21
-10964.86597120326
 31
0.0
  0
LINE
  5
CBC
330
2
100
AcDbEntity
  8
CS-RBAR-EREC
  6
Continuous
100
AcDbLine
 10
1355195.340339311
 20
-15664.86597120326
 30
0.0
 11
1355195.340339311
 21
-16274.86597120326
 31
0.0
  0
LINE
  5
CBD
330
2
100
AcDbEntity
  8
CS-RBAR-EREC
  6
A-HIDDN01
100
AcDbLine
 10
1354595.340339311
 20
-15664.86597120326
 30
0.0
 11
1354595.340339311
 21
-16274.86597120326
 31
0.0
  0
LINE
  5
CBE
330
2
100
AcDbEntity
  8
CS-RBAR-EREC
  6
Continuous
100
AcDbLine
 10
1353995.340339311
 20
-15664.86597120326
 30
0.0
 11
1353995.340339311
 21
-16274.86597120326
 31
0.0
  0
LINE
  5
CBF
330
2
100
AcDbEntity
  8
CS-RBAR-EREC
  6
A-HIDDN01
100
AcDbLine
 10
1353395.340339311
 20
-15664.86597120326
 30
0.0
 11
1353395.340339311
 21
-16274.86597120326
 31
0.0
  0
LINE
  5
CC0
330
2
100
AcDbEntity
  8
CS-RBAR-EREC
  6
Continuous
100
AcDbLine
 10
1352795.340339311
 20
-15664.86597120326
 30
0.0
 11
1352795.340339311
 21
-16274.86597120326
 31
0.0
  0
LINE
  5
CC1
330
2
100
AcDbEntity
  8
CS-RBAR-EREC
  6
A-HIDDN01
100
AcDbLine
 10
1352195.340339312
 20
-15664.86597120326
 30
0.0
 11
1352195.340339312
 21
-16274.86597120326
 31
0.0
  0
LINE
  5
CC2
330
2
100
AcDbEntity
  8
CS-RBAR-EREC
  6
Continuous
100
AcDbLine
 10
1351595.340339311
 20
-15664.86597120326
 30
0.0
 11
1351595.340339311
 21
-16274.86597120326
 31
0.0
  0
LINE
  5
CC3
330
2
100
AcDbEntity
  8
CS-RBAR-EREC
  6
A-HIDDN01
100
AcDbLine
 10
1350995.340339312
 20
-15664.86597120326
 30
0.0
 11
1350995.340339312
 21
-16274.86597120326
 31
0.0
  0
LINE
  5
CC4
330
2
100
AcDbEntity
  8
CS-RBAR-EREC
  6
Continuous
100
AcDbLine
 10
1350395.340339312
 20
-15664.86597120326
 30
0.0
 11
1350395.340339312
 21
-16274.86597120326
 31
0.0
  0
LINE
  5
CC5
330
2
100
AcDbEntity
  8
CS-RBAR-EREC
  6
A-HIDDN01
100
AcDbLine
 10
1349795.340339311
 20
-15664.86597120326
 30
0.0
 11
1349795.340339311
 21
-16274.86597120326
 31
0.0
  0
LINE
  5
CC6
330
2
100
AcDbEntity
  8
CS-RBAR-EREC
  6
Continuous
100
AcDbLine
 10
1349195.340339311
 20
-15664.86597120326
 30
0.0
 11
1349195.340339311
 21
-16274.86597120326
 31
0.0
  0
LINE
  5
CC7
330
2
100
AcDbEntity
  8
CS-RBAR-EREC
  6
A-HIDDN01
100
AcDbLine
 10
1348595.340339311
 20
-15664.86597120326
 30
0.0
 11
1348595.340339311
 21
-16274.86597120326
 31
0.0
  0
LINE
  5
CC8
330
2
100
AcDbEntity
  8
CS-RBAR-EREC
  6
Continuous
100
AcDbLine
 10
1348455.340339311
 20
-11314.86597120326
 30
0.0
 11
1348135.340339311
 21
-11314.86597120326
 31
0.0
  0
LINE
  5
CC9
330
2
100
AcDbEntity
  8
CS-RBAR-EREC
  6
A-HIDDN01
100
AcDbLine
 10
1348455.340339311
 20
-11914.86597120326
 30
0.0
 11
1348135.340339311
 21
-11914.86597120326
 31
0.0
  0
LINE
  5
CCA
330
2
100
AcDbEntity
  8
CS-RBAR-EREC
  6
Continuous
100
AcDbLine
 10
1348455.340339311
 20
-12514.86597120326
 30
0.0
 11
1348135.340339311
 21
-12514.86597120326
 31
0.0
  0
LINE
  5
CCB
330
2
100
AcDbEntity
  8
CS-RBAR-EREC
  6
A-HIDDN01
100
AcDbLine
 10
1348455.340339311
 20
-13114.86597120326
 30
0.0
 11
1348135.340339311
 21
-13114.86597120326
 31
0.0
  0
LINE
  5
CCC
330
2
100
AcDbEntity
  8
CS-RBAR-EREC
  6
Continuous
100
AcDbLine
 10
1348455.340339311
 20
-13714.86597120326
 30
0.0
 11
1348135.340339311
 21
-13714.86597120326
 31
0.0
  0
LINE
  5
CCD
330
2
100
AcDbEntity
  8
CS-RBAR-EREC
  6
A-HIDDN01
100
AcDbLine
 10
1348455.340339311
 20
-14314.86597120326
 30
0.0
 11
1348135.340339311
 21
-14314.86597120326
 31
0.0
  0
LINE
  5
CCE
330
2
100
AcDbEntity
  8
CS-RBAR-EREC
  6
Continuous
100
AcDbLine
 10
1348455.340339311
 20
-14914.86597120326
 30
0.0
 11
1348135.340339311
 21
-14914.86597120326
 31
0.0
  0
LINE
  5
CCF
330
2
100
AcDbEntity
  8
CS-RBAR-EREC
  6
A-HIDDN01
100
AcDbLine
 10
1348455.340339311
 20
-15514.86597120326
 30
0.0
 11
1348135.340339311
 21
-15514.86597120326
 31
0.0
  0
LINE
  5
CD0
330
2
100
AcDbEntity
  8
CS-RBAR-EREC
  6
Continuous
100
AcDbLine
 10
1355635.340339311
 20
-11314.86597120326
 30
0.0
 11
1355955.340339311
 21
-11314.86597120326
 31
0.0
  0
LINE
  5
CD1
330
2
100
AcDbEntity
  8
CS-RBAR-EREC
  6
A-HIDDN01
100
AcDbLine
 10
1355635.340339311
 20
-11914.86597120326
 30
0.0
 11
1355955.340339311
 21
-11914.86597120326
 31
0.0
  0
LINE
  5
CD2
330
2
100
AcDbEntity
  8
CS-RBAR-EREC
  6
Continuous
100
AcDbLine
 10
1355635.340339311
 20
-12514.86597120326
 30
0.0
 11
1355955.340339311
 21
-12514.86597120326
 31
0.0
  0
LINE
  5
CD3
330
2
100
AcDbEntity
  8
CS-RBAR-EREC
  6
A-HIDDN01
100
AcDbLine
 10
1355635.340339311
 20
-13114.86597120326
 30
0.0
 11
1355955.340339311
 21
-13114.86597120326
 31
0.0
  0
LINE
  5
CD4
330
2
100
AcDbEntity
  8
CS-RBAR-EREC
  6
Continuous
100
AcDbLine
 10
1355635.340339311
 20
-13714.86597120326
 30
0.0
 11
1355955.340339311
 21
-13714.86597120326
 31
0.0
  0
LINE
  5
CD5
330
2
100
AcDbEntity
  8
CS-RBAR-EREC
  6
A-HIDDN01
100
AcDbLine
 10
1355635.340339311
 20
-14314.86597120326
 30
0.0
 11
1355955.340339311
 21
-14314.86597120326
 31
0.0
  0
LINE
  5
CD6
330
2
100
AcDbEntity
  8
CS-RBAR-EREC
  6
Continuous
100
AcDbLine
 10
1355635.340339311
 20
-14914.86597120326
 30
0.0
 11
1355955.340339311
 21
-14914.86597120326
 31
0.0
  0
LINE
  5
CD7
330
2
100
AcDbEntity
  8
CS-RBAR-EREC
  6
A-HIDDN01
100
AcDbLine
 10
1355635.340339311
 20
-15514.86597120326
 30
0.0
 11
1355955.340339311
 21
-15514.86597120326
 31
0.0
  0
LINE
  5
CD8
330
2
100
AcDbEntity
  8
CS-RBAR-MAJR
  6
Continuous
100
AcDbLine
 10
1364202.785796311
 20
-14259.86597120326
 30
0.0
 11
1364202.785796311
 21
-13569.86597120326
 31
0.0
  0
LINE
  5
CD9
330
2
100
AcDbEntity
  8
CS-RBAR-MAJR
  6
Continuous
100
AcDbLine
 10
1364172.785796311
 20
-16074.86597120326
 30
0.0
 11
1364172.785796311
 21
-13569.86597120326
 31
0.0
  0
LINE
  5
CDA
330
2
100
AcDbEntity
  8
CS-RBAR-MAJR
  6
A-HIDDN01
100
AcDbLine
 10
1364172.785796311
 20
-16274.86597120326
 30
0.0
 11
1364172.785796311
 21
-16074.86597120326
 31
0.0
  0
LINE
  5
CDB
330
2
100
AcDbEntity
  8
CS-RBAR-MAJR
  6
Continuous
100
AcDbLine
 10
1364172.785796311
 20
-10604.86597120326
 30
0.0
 11
1364172.785796311
 21
-14259.86597120326
 31
0.0
  0
LINE
  5
CDC
330
2
100
AcDbEntity
  8
CS-RBAR-MAJR
  6
A-HIDDN01
100
AcDbLine
 10
1364172.785796311
 20
-10404.86597120326
 30
0.0
 11
1364172.785796311
 21
-10604.86597120326
 31
0.0
  0
LINE
  5
CDD
330
2
100
AcDbEntity
  8
CS-RBAR-MAJR
  6
Continuous
100
AcDbLine
 10
1364077.785796311
 20
-13059.86597120326
 30
0.0
 11
1364077.785796311
 21
-12369.86597120326
 31
0.0
  0
LINE
  5
CDE
330
2
100
AcDbEntity
  8
CS-RBAR-MAJR
  6
Continuous
100
AcDbLine
 10
1364047.785796311
 20
-16074.86597120326
 30
0.0
 11
1364047.785796311
 21
-12369.86597120326
 31
0.0
  0
LINE
  5
CDF
330
2
100
AcDbEntity
  8
CS-RBAR-MAJR
  6
Continuous
100
AcDbLine
 10
1364047.785796311
 20
-16274.86597120326
 30
0.0
 11
1364047.785796311
 21
-16074.86597120326
 31
0.0
  0
LINE
  5
CE0
330
2
100
AcDbEntity
  8
CS-RBAR-MAJR
  6
Continuous
100
AcDbLine
 10
1364047.785796311
 20
-10604.86597120326
 30
0.0
 11
1364047.785796311
 21
-13059.86597120326
 31
0.0
  0
LINE
  5
CE1
330
2
100
AcDbEntity
  8
CS-RBAR-MAJR
  6
Continuous
100
AcDbLine
 10
1364047.785796311
 20
-10404.86597120326
 30
0.0
 11
1364047.785796311
 21
-10604.86597120326
 31
0.0
  0
LINE
  5
CE2
330
2
100
AcDbEntity
  8
CS-RBAR-MAJR
  6
Continuous
100
AcDbLine
 10
1363952.785796311
 20
-14259.86597120326
 30
0.0
 11
1363952.785796311
 21
-13569.86597120326
 31
0.0
  0
LINE
  5
CE3
330
2
100
AcDbEntity
  8
CS-RBAR-MAJR
  6
Continuous
100
AcDbLine
 10
1363922.785796311
 20
-16074.86597120326
 30
0.0
 11
1363922.785796311
 21
-13569.86597120326
 31
0.0
  0
LINE
  5
CE4
330
2
100
AcDbEntity
  8
CS-RBAR-MAJR
  6
A-HIDDN01
100
AcDbLine
 10
1363922.785796311
 20
-16274.86597120326
 30
0.0
 11
1363922.785796311
 21
-16074.86597120326
 31
0.0
  0
LINE
  5
CE5
330
2
100
AcDbEntity
  8
CS-RBAR-MAJR
  6
Continuous
100
AcDbLine
 10
1363922.785796311
 20
-10604.86597120326
 30
0.0
 11
1363922.785796311
 21
-14259.86597120326
 31
0.0
  0
LINE
  5
CE6
330
2
100
AcDbEntity
  8
CS-RBAR-MAJR
  6
A-HIDDN01
100
AcDbLine
 10
1363922.785796311
 20
-10404.86597120326
 30
0.0
 11
1363922.785796311
 21
-10604.86597120326
 31
0.0
  0
LINE
  5
CE7
330
2
100
AcDbEntity
  8
CS-RBAR-MAJR
  6
Continuous
100
AcDbLine
 10
1363827.785796311
 20
-13059.86597120326
 30
0.0
 11
1363827.785796311
 21
-12369.86597120326
 31
0.0
  0
LINE
  5
CE8
330
2
100
AcDbEntity
  8
CS-RBAR-MAJR
  6
Continuous
100
AcDbLine
 10
1363797.785796311
 20
-16074.86597120326
 30
0.0
 11
1363797.785796311
 21
-12369.86597120326
 31
0.0
  0
LINE
  5
CE9
330
2
100
AcDbEntity
  8
CS-RBAR-MAJR
  6
Continuous
100
AcDbLine
 10
1363797.785796311
 20
-16274.86597120326
 30
0.0
 11
1363797.785796311
 21
-16074.86597120326
 31
0.0
  0
LINE
  5
CEA
330
2
100
AcDbEntity
  8
CS-RBAR-MAJR
  6
Continuous
100
AcDbLine
 10
1363797.785796311
 20
-10604.86597120326
 30
0.0
 11
1363797.785796311
 21
-13059.86597120326
 31
0.0
  0
LINE
  5
CEB
330
2
100
AcDbEntity
  8
CS-RBAR-MAJR
  6
Continuous
100
AcDbLine
 10
1363797.785796311
 20
-10404.86597120326
 30
0.0
 11
1363797.785796311
 21
-10604.86597120326
 31
0.0
  0
LINE
  5
CEC
330
2
100
AcDbEntity
  8
CS-RBAR-MAJR
  6
Continuous
100
AcDbLine
 10
1363702.785796311
 20
-14259.86597120326
 30
0.0
 11
1363702.785796311
 21
-13569.86597120326
 31
0.0
  0
LINE
  5
CED
330
2
100
AcDbEntity
  8
CS-RBAR-MAJR
  6
Continuous
100
AcDbLine
 10
1363672.785796311
 20
-16074.86597120326
 30
0.0
 11
1363672.785796311
 21
-13569.86597120326
 31
0.0
  0
LINE
  5
CEE
330
2
100
AcDbEntity
  8
CS-RBAR-MAJR
  6
A-HIDDN01
100
AcDbLine
 10
1363672.785796311
 20
-16274.86597120326
 30
0.0
 11
1363672.785796311
 21
-16074.86597120326
 31
0.0
  0
LINE
  5
CEF
330
2
100
AcDbEntity
  8
CS-RBAR-MAJR
  6
Continuous
100
AcDbLine
 10
1363672.785796311
 20
-10604.86597120326
 30
0.0
 11
1363672.785796311
 21
-14259.86597120326
 31
0.0
  0
LINE
  5
CF0
330
2
100
AcDbEntity
  8
CS-RBAR-MAJR
  6
A-HIDDN01
100
AcDbLine
 10
1363672.785796311
 20
-10404.86597120326
 30
0.0
 11
1363672.785796311
 21
-10604.86597120326
 31
0.0
  0
LINE
  5
CF1
330
2
100
AcDbEntity
  8
CS-RBAR-MAJR
  6
Continuous
100
AcDbLine
 10
1363577.785796311
 20
-13059.86597120326
 30
0.0
 11
1363577.785796311
 21
-12369.86597120326
 31
0.0
  0
LINE
  5
CF2
330
2
100
AcDbEntity
  8
CS-RBAR-MAJR
  6
Continuous
100
AcDbLine
 10
1363547.785796311
 20
-16074.86597120326
 30
0.0
 11
1363547.785796311
 21
-12369.86597120326
 31
0.0
  0
LINE
  5
CF3
330
2
100
AcDbEntity
  8
CS-RBAR-MAJR
  6
Continuous
100
AcDbLine
 10
1363547.785796311
 20
-16274.86597120326
 30
0.0
 11
1363547.785796311
 21
-16074.86597120326
 31
0.0
  0
LINE
  5
CF4
330
2
100
AcDbEntity
  8
CS-RBAR-MAJR
  6
Continuous
100
AcDbLine
 10
1363547.785796311
 20
-10604.86597120326
 30
0.0
 11
1363547.785796311
 21
-13059.86597120326
 31
0.0
  0
LINE
  5
CF5
330
2
100
AcDbEntity
  8
CS-RBAR-MAJR
  6
Continuous
100
AcDbLine
 10
1363547.785796311
 20
-10404.86597120326
 30
0.0
 11
1363547.785796311
 21
-10604.86597120326
 31
0.0
  0
LINE
  5
CF6
330
2
100
AcDbEntity
  8
CS-RBAR-MAJR
  6
Continuous
100
AcDbLine
 10
1363452.785796311
 20
-14259.86597120326
 30
0.0
 11
1363452.785796311
 21
-13569.86597120326
 31
0.0
  0
LINE
  5
CF7
330
2
100
AcDbEntity
  8
CS-RBAR-MAJR
  6
Continuous
100
AcDbLine
 10
1363422.785796311
 20
-16074.86597120326
 30
0.0
 11
1363422.785796311
 21
-13569.86597120326
 31
0.0
  0
LINE
  5
CF8
330
2
100
AcDbEntity
  8
CS-RBAR-MAJR
  6
A-HIDDN01
100
AcDbLine
 10
1363422.785796311
 20
-16274.86597120326
 30
0.0
 11
1363422.785796311
 21
-16074.86597120326
 31
0.0
  0
LINE
  5
CF9
330
2
100
AcDbEntity
  8
CS-RBAR-MAJR
  6
Continuous
100
AcDbLine
 10
1363422.785796311
 20
-10604.86597120326
 30
0.0
 11
1363422.785796311
 21
-14259.86597120326
 31
0.0
  0
LINE
  5
CFA
330
2
100
AcDbEntity
  8
CS-RBAR-MAJR
  6
A-HIDDN01
100
AcDbLine
 10
1363422.785796311
 20
-10404.86597120326
 30
0.0
 11
1363422.785796311
 21
-10604.86597120326
 31
0.0
  0
LINE
  5
CFB
330
2
100
AcDbEntity
  8
CS-RBAR-MAJR
  6
Continuous
100
AcDbLine
 10
1362422.785796311
 20
-16274.86597120326
 30
0.0
 11
1362422.785796311
 21
-10404.86597120326
 31
0.0
  0
LINE
  5
CFC
330
2
100
AcDbEntity
  8
CS-RBAR-MAJR
  6
Continuous
100
AcDbLine
 10
1362672.785796311
 20
-16274.86597120326
 30
0.0
 11
1362672.785796311
 21
-10404.86597120326
 31
0.0
  0
LINE
  5
CFD
330
2
100
AcDbEntity
  8
CS-RBAR-MAJR
  6
Continuous
100
AcDbLine
 10
1362922.785796311
 20
-16274.86597120326
 30
0.0
 11
1362922.785796311
 21
-10404.86597120326
 31
0.0
  0
LINE
  5
CFE
330
2
100
AcDbEntity
  8
CS-RBAR-MAJR
  6
Continuous
100
AcDbLine
 10
1363172.785796311
 20
-16274.86597120326
 30
0.0
 11
1363172.785796311
 21
-10404.86597120326
 31
0.0
  0
LINE
  5
CFF
330
2
100
AcDbEntity
  8
CS-RBAR-MAJR
  6
A-HIDDN01
100
AcDbLine
 10
1339845.394882312
 20
-13084.09067458915
 30
0.0
 11
1339845.394882312
 21
-12394.09067458915
 31
0.0
  0
LINE
  5
D00
330
2
100
AcDbEntity
  8
CS-RBAR-MAJR
  6
A-HIDDN01
100
AcDbLine
 10
1339875.394882311
 20
-16099.09067458915
 30
0.0
 11
1339875.394882311
 21
-16299.09067458915
 31
0.0
  0
LINE
  5
D01
330
2
100
AcDbEntity
  8
CS-RBAR-MAJR
  6
Continuous
100
AcDbLine
 10
1339875.394882311
 20
-12394.09067458915
 30
0.0
 11
1339875.394882311
 21
-16099.09067458915
 31
0.0
  0
LINE
  5
D02
330
2
100
AcDbEntity
  8
CS-RBAR-MAJR
  6
A-HIDDN01
100
AcDbLine
 10
1339875.394882311
 20
-10629.09067458915
 30
0.0
 11
1339875.394882311
 21
-10429.09067458915
 31
0.0
  0
LINE
  5
D03
330
2
100
AcDbEntity
  8
CS-RBAR-MAJR
  6
Continuous
100
AcDbLine
 10
1339875.394882311
 20
-13084.09067458915
 30
0.0
 11
1339875.394882311
 21
-10629.09067458915
 31
0.0
  0
LINE
  5
D04
330
2
100
AcDbEntity
  8
CS-RBAR-MAJR
  6
Continuous
100
AcDbLine
 10
1339970.394882311
 20
-14284.09067458915
 30
0.0
 11
1339970.394882311
 21
-13594.09067458915
 31
0.0
  0
LINE
  5
D05
330
2
100
AcDbEntity
  8
CS-RBAR-MAJR
  6
Continuous
100
AcDbLine
 10
1340000.394882311
 20
-16099.09067458915
 30
0.0
 11
1340000.394882311
 21
-16299.09067458915
 31
0.0
  0
LINE
  5
D06
330
2
100
AcDbEntity
  8
CS-RBAR-MAJR
  6
Continuous
100
AcDbLine
 10
1340000.394882311
 20
-13594.09067458915
 30
0.0
 11
1340000.394882311
 21
-16099.09067458915
 31
0.0
  0
LINE
  5
D07
330
2
100
AcDbEntity
  8
CS-RBAR-MAJR
  6
Continuous
100
AcDbLine
 10
1340000.394882311
 20
-10629.09067458915
 30
0.0
 11
1340000.394882311
 21
-10429.09067458915
 31
0.0
  0
LINE
  5
D08
330
2
100
AcDbEntity
  8
CS-RBAR-MAJR
  6
Continuous
100
AcDbLine
 10
1340000.394882311
 20
-14284.09067458915
 30
0.0
 11
1340000.394882311
 21
-10629.09067458915
 31
0.0
  0
LINE
  5
D09
330
2
100
AcDbEntity
  8
CS-RBAR-MAJR
  6
A-HIDDN01
100
AcDbLine
 10
1340095.394882311
 20
-13084.09067458915
 30
0.0
 11
1340095.394882311
 21
-12394.09067458915
 31
0.0
  0
LINE
  5
D0A
330
2
100
AcDbEntity
  8
CS-RBAR-MAJR
  6
A-HIDDN01
100
AcDbLine
 10
1340125.394882311
 20
-16099.09067458915
 30
0.0
 11
1340125.394882311
 21
-16299.09067458915
 31
0.0
  0
LINE
  5
D0B
330
2
100
AcDbEntity
  8
CS-RBAR-MAJR
  6
Continuous
100
AcDbLine
 10
1340125.394882311
 20
-12394.09067458915
 30
0.0
 11
1340125.394882311
 21
-16099.09067458915
 31
0.0
  0
LINE
  5
D0C
330
2
100
AcDbEntity
  8
CS-RBAR-MAJR
  6
A-HIDDN01
100
AcDbLine
 10
1340125.394882311
 20
-10629.09067458915
 30
0.0
 11
1340125.394882311
 21
-10429.09067458915
 31
0.0
  0
LINE
  5
D0D
330
2
100
AcDbEntity
  8
CS-RBAR-MAJR
  6
Continuous
100
AcDbLine
 10
1340125.394882311
 20
-13084.09067458915
 30
0.0
 11
1340125.394882311
 21
-10629.09067458915
 31
0.0
  0
LINE
  5
D0E
330
2
100
AcDbEntity
  8
CS-RBAR-MAJR
  6
Continuous
100
AcDbLine
 10
1340220.394882311
 20
-14284.09067458915
 30
0.0
 11
1340220.394882311
 21
-13594.09067458915
 31
0.0
  0
LINE
  5
D0F
330
2
100
AcDbEntity
  8
CS-RBAR-MAJR
  6
Continuous
100
AcDbLine
 10
1340250.394882311
 20
-16099.09067458915
 30
0.0
 11
1340250.394882311
 21
-16299.09067458915
 31
0.0
  0
LINE
  5
D10
330
2
100
AcDbEntity
  8
CS-RBAR-MAJR
  6
Continuous
100
AcDbLine
 10
1340250.394882311
 20
-13594.09067458915
 30
0.0
 11
1340250.394882311
 21
-16099.09067458915
 31
0.0
  0
LINE
  5
D11
330
2
100
AcDbEntity
  8
CS-RBAR-MAJR
  6
Continuous
100
AcDbLine
 10
1340250.394882311
 20
-10629.09067458915
 30
0.0
 11
1340250.394882311
 21
-10429.09067458915
 31
0.0
  0
LINE
  5
D12
330
2
100
AcDbEntity
  8
CS-RBAR-MAJR
  6
Continuous
100
AcDbLine
 10
1340250.394882311
 20
-14284.09067458915
 30
0.0
 11
1340250.394882311
 21
-10629.09067458915
 31
0.0
  0
LINE
  5
D13
330
2
100
AcDbEntity
  8
CS-RBAR-MAJR
  6
A-HIDDN01
100
AcDbLine
 10
1340345.394882311
 20
-13084.09067458915
 30
0.0
 11
1340345.394882311
 21
-12394.09067458915
 31
0.0
  0
LINE
  5
D14
330
2
100
AcDbEntity
  8
CS-RBAR-MAJR
  6
A-HIDDN01
100
AcDbLine
 10
1340375.394882312
 20
-16099.09067458915
 30
0.0
 11
1340375.394882312
 21
-16299.09067458915
 31
0.0
  0
LINE
  5
D15
330
2
100
AcDbEntity
  8
CS-RBAR-MAJR
  6
Continuous
100
AcDbLine
 10
1340375.394882312
 20
-12394.09067458915
 30
0.0
 11
1340375.394882312
 21
-16099.09067458915
 31
0.0
  0
LINE
  5
D16
330
2
100
AcDbEntity
  8
CS-RBAR-MAJR
  6
A-HIDDN01
100
AcDbLine
 10
1340375.394882312
 20
-10629.09067458915
 30
0.0
 11
1340375.394882312
 21
-10429.09067458915
 31
0.0
  0
LINE
  5
D17
330
2
100
AcDbEntity
  8
CS-RBAR-MAJR
  6
Continuous
100
AcDbLine
 10
1340375.394882312
 20
-13084.09067458915
 30
0.0
 11
1340375.394882312
 21
-10629.09067458915
 31
0.0
  0
LINE
  5
D18
330
2
100
AcDbEntity
  8
CS-RBAR-MAJR
  6
Continuous
100
AcDbLine
 10
1340470.394882312
 20
-14284.09067458915
 30
0.0
 11
1340470.394882312
 21
-13594.09067458915
 31
0.0
  0
LINE
  5
D19
330
2
100
AcDbEntity
  8
CS-RBAR-MAJR
  6
Continuous
100
AcDbLine
 10
1340500.394882311
 20
-16099.09067458915
 30
0.0
 11
1340500.394882311
 21
-16299.09067458915
 31
0.0
  0
LINE
  5
D1A
330
2
100
AcDbEntity
  8
CS-RBAR-MAJR
  6
Continuous
100
AcDbLine
 10
1340500.394882311
 20
-13594.09067458915
 30
0.0
 11
1340500.394882311
 21
-16099.09067458915
 31
0.0
  0
LINE
  5
D1B
330
2
100
AcDbEntity
  8
CS-RBAR-MAJR
  6
Continuous
100
AcDbLine
 10
1340500.394882311
 20
-10629.09067458915
 30
0.0
 11
1340500.394882311
 21
-10429.09067458915
 31
0.0
  0
LINE
  5
D1C
330
2
100
AcDbEntity
  8
CS-RBAR-MAJR
  6
Continuous
100
AcDbLine
 10
1340500.394882311
 20
-14284.09067458915
 30
0.0
 11
1340500.394882311
 21
-10629.09067458915
 31
0.0
  0
LINE
  5
D1D
330
2
100
AcDbEntity
  8
CS-RBAR-MAJR
  6
A-HIDDN01
100
AcDbLine
 10
1340595.394882311
 20
-13084.09067458915
 30
0.0
 11
1340595.394882311
 21
-12394.09067458915
 31
0.0
  0
LINE
  5
D1E
330
2
100
AcDbEntity
  8
CS-RBAR-MAJR
  6
A-HIDDN01
100
AcDbLine
 10
1340625.394882311
 20
-16099.09067458915
 30
0.0
 11
1340625.394882311
 21
-16299.09067458915
 31
0.0
  0
LINE
  5
D1F
330
2
100
AcDbEntity
  8
CS-RBAR-MAJR
  6
Continuous
100
AcDbLine
 10
1340625.394882311
 20
-12394.09067458915
 30
0.0
 11
1340625.394882311
 21
-16099.09067458915
 31
0.0
  0
LINE
  5
D20
330
2
100
AcDbEntity
  8
CS-RBAR-MAJR
  6
A-HIDDN01
100
AcDbLine
 10
1340625.394882311
 20
-10629.09067458915
 30
0.0
 11
1340625.394882311
 21
-10429.09067458915
 31
0.0
  0
LINE
  5
D21
330
2
100
AcDbEntity
  8
CS-RBAR-MAJR
  6
Continuous
100
AcDbLine
 10
1340625.394882311
 20
-13084.09067458915
 30
0.0
 11
1340625.394882311
 21
-10629.09067458915
 31
0.0
  0
LINE
  5
D22
330
2
100
AcDbEntity
  8
CS-RBAR-MAJR
  6
Continuous
100
AcDbLine
 10
1341625.394882312
 20
-16299.09067458915
 30
0.0
 11
1341625.394882312
 21
-10429.09067458915
 31
0.0
  0
LINE
  5
D23
330
2
100
AcDbEntity
  8
CS-RBAR-MAJR
  6
Continuous
100
AcDbLine
 10
1341375.394882311
 20
-16299.09067458915
 30
0.0
 11
1341375.394882311
 21
-10429.09067458915
 31
0.0
  0
LINE
  5
D24
330
2
100
AcDbEntity
  8
CS-RBAR-MAJR
  6
Continuous
100
AcDbLine
 10
1341125.394882311
 20
-16299.09067458915
 30
0.0
 11
1341125.394882311
 21
-10429.09067458915
 31
0.0
  0
LINE
  5
D25
330
2
100
AcDbEntity
  8
CS-RBAR-MAJR
  6
Continuous
100
AcDbLine
 10
1340875.394882311
 20
-16299.09067458915
 30
0.0
 11
1340875.394882311
 21
-10429.09067458915
 31
0.0
  0
LINE
  5
D26
330
2
100
AcDbEntity
  8
CS-RBAR-MAJR
  6
Continuous
100
AcDbLine
 10
1348199.090339311
 20
-21324.59565130193
 30
0.0
 11
1356019.090339312
 21
-21324.59565130193
 31
0.0
  0
LINE
  5
D27
330
2
100
AcDbEntity
  8
CS-RBAR-MAJR
  6
Continuous
100
AcDbLine
 10
1348609.090339311
 20
-21449.59565130193
 30
0.0
 11
1355609.090339312
 21
-21449.59565130193
 31
0.0
  0
LINE
  5
D28
330
2
100
AcDbEntity
  8
CS-RBAR-MAJR
  6
Continuous
100
AcDbLine
 10
1348199.090339311
 20
-21574.59565130193
 30
0.0
 11
1356019.090339312
 21
-21574.59565130193
 31
0.0
  0
LINE
  5
D29
330
2
100
AcDbEntity
  8
CS-RBAR-MAJR
  6
Continuous
100
AcDbLine
 10
1348609.090339311
 20
-21699.59565130193
 30
0.0
 11
1355609.090339312
 21
-21699.59565130193
 31
0.0
  0
LINE
  5
D2A
330
2
100
AcDbEntity
  8
CS-RBAR-MAJR
  6
Continuous
100
AcDbLine
 10
1348199.090339311
 20
-21824.59565130193
 30
0.0
 11
1356019.090339312
 21
-21824.59565130193
 31
0.0
  0
LINE
  5
D2B
330
2
100
AcDbEntity
  8
CS-RBAR-MAJR
  6
Continuous
100
AcDbLine
 10
1348609.090339311
 20
-21949.59565130193
 30
0.0
 11
1355609.090339312
 21
-21949.59565130193
 31
0.0
  0
LINE
  5
D2C
330
2
100
AcDbEntity
  8
CS-RBAR-MAJR
  6
Continuous
100
AcDbLine
 10
1348199.090339311
 20
-22074.59565130193
 30
0.0
 11
1356019.090339312
 21
-22074.59565130193
 31
0.0
  0
LINE
  5
D2D
330
2
100
AcDbEntity
  8
CS-RBAR-MAJR
  6
Continuous
100
AcDbLine
 10
1353054.090339312
 20
-23104.59565130193
 30
0.0
 11
1352364.090339312
 21
-23104.59565130193
 31
0.0
  0
LINE
  5
D2E
330
2
100
AcDbEntity
  8
CS-RBAR-MAJR
  6
A-HIDDN01
100
AcDbLine
 10
1355819.090339311
 20
-23074.59565130193
 30
0.0
 11
1356019.090339312
 21
-23074.59565130193
 31
0.0
  0
LINE
  5
D2F
330
2
100
AcDbEntity
  8
CS-RBAR-MAJR
  6
Continuous
100
AcDbLine
 10
1352364.090339312
 20
-23074.59565130193
 30
0.0
 11
1355819.090339311
 21
-23074.59565130193
 31
0.0
  0
LINE
  5
D30
330
2
100
AcDbEntity
  8
CS-RBAR-MAJR
  6
Continuous
100
AcDbLine
 10
1348399.090339311
 20
-23074.59565130193
 30
0.0
 11
1353054.090339312
 21
-23074.59565130193
 31
0.0
  0
LINE
  5
D31
330
2
100
AcDbEntity
  8
CS-RBAR-MAJR
  6
A-HIDDN01
100
AcDbLine
 10
1348199.090339311
 20
-23074.59565130193
 30
0.0
 11
1348399.090339311
 21
-23074.59565130193
 31
0.0
  0
LINE
  5
D32
330
2
100
AcDbEntity
  8
CS-RBAR-MAJR
  6
Continuous
100
AcDbLine
 10
1355819.090339311
 20
-22949.59565130193
 30
0.0
 11
1356019.090339312
 21
-22949.59565130193
 31
0.0
  0
LINE
  5
D33
330
2
100
AcDbEntity
  8
CS-RBAR-MAJR
  6
Continuous
100
AcDbLine
 10
1353279.090339311
 20
-22949.59565130193
 30
0.0
 11
1355819.090339311
 21
-22949.59565130193
 31
0.0
  0
LINE
  5
D34
330
2
100
AcDbEntity
  8
CS-RBAR-MAJR
  6
Continuous
100
AcDbLine
 10
1348399.090339311
 20
-22949.59565130193
 30
0.0
 11
1350939.090339311
 21
-22949.59565130193
 31
0.0
  0
LINE
  5
D35
330
2
100
AcDbEntity
  8
CS-RBAR-MAJR
  6
Continuous
100
AcDbLine
 10
1348199.090339311
 20
-22949.59565130193
 30
0.0
 11
1348399.090339311
 21
-22949.59565130193
 31
0.0
  0
LINE
  5
D36
330
2
100
AcDbEntity
  8
CS-RBAR-MAJR
  6
Continuous
100
AcDbLine
 10
1351854.090339311
 20
-22854.59565130193
 30
0.0
 11
1351164.090339312
 21
-22854.59565130193
 31
0.0
  0
LINE
  5
D37
330
2
100
AcDbEntity
  8
CS-RBAR-MAJR
  6
A-HIDDN01
100
AcDbLine
 10
1355819.090339311
 20
-22824.59565130193
 30
0.0
 11
1356019.090339312
 21
-22824.59565130193
 31
0.0
  0
LINE
  5
D38
330
2
100
AcDbEntity
  8
CS-RBAR-MAJR
  6
Continuous
100
AcDbLine
 10
1351164.090339312
 20
-22824.59565130193
 30
0.0
 11
1355819.090339311
 21
-22824.59565130193
 31
0.0
  0
LINE
  5
D39
330
2
100
AcDbEntity
  8
CS-RBAR-MAJR
  6
Continuous
100
AcDbLine
 10
1348399.090339311
 20
-22824.59565130193
 30
0.0
 11
1351854.090339311
 21
-22824.59565130193
 31
0.0
  0
LINE
  5
D3A
330
2
100
AcDbEntity
  8
CS-RBAR-MAJR
  6
A-HIDDN01
100
AcDbLine
 10
1348199.090339311
 20
-22824.59565130193
 30
0.0
 11
1348399.090339311
 21
-22824.59565130193
 31
0.0
  0
LINE
  5
D3B
330
2
100
AcDbEntity
  8
CS-RBAR-MAJR
  6
Continuous
100
AcDbLine
 10
1355819.090339311
 20
-22699.59565130193
 30
0.0
 11
1356019.090339312
 21
-22699.59565130193
 31
0.0
  0
LINE
  5
D3C
330
2
100
AcDbEntity
  8
CS-RBAR-MAJR
  6
Continuous
100
AcDbLine
 10
1353279.090339311
 20
-22699.59565130193
 30
0.0
 11
1355819.090339311
 21
-22699.59565130193
 31
0.0
  0
LINE
  5
D3D
330
2
100
AcDbEntity
  8
CS-RBAR-MAJR
  6
Continuous
100
AcDbLine
 10
1348399.090339311
 20
-22699.59565130193
 30
0.0
 11
1350939.090339311
 21
-22699.59565130193
 31
0.0
  0
LINE
  5
D3E
330
2
100
AcDbEntity
  8
CS-RBAR-MAJR
  6
Continuous
100
AcDbLine
 10
1348199.090339311
 20
-22699.59565130193
 30
0.0
 11
1348399.090339311
 21
-22699.59565130193
 31
0.0
  0
LINE
  5
D3F
330
2
100
AcDbEntity
  8
CS-RBAR-MAJR
  6
Continuous
100
AcDbLine
 10
1353054.090339312
 20
-22604.59565130193
 30
0.0
 11
1352364.090339312
 21
-22604.59565130193
 31
0.0
  0
LINE
  5
D40
330
2
100
AcDbEntity
  8
CS-RBAR-MAJR
  6
A-HIDDN01
100
AcDbLine
 10
1355819.090339311
 20
-22574.59565130193
 30
0.0
 11
1356019.090339312
 21
-22574.59565130193
 31
0.0
  0
LINE
  5
D41
330
2
100
AcDbEntity
  8
CS-RBAR-MAJR
  6
Continuous
100
AcDbLine
 10
1352364.090339312
 20
-22574.59565130193
 30
0.0
 11
1355819.090339311
 21
-22574.59565130193
 31
0.0
  0
LINE
  5
D42
330
2
100
AcDbEntity
  8
CS-RBAR-MAJR
  6
Continuous
100
AcDbLine
 10
1348399.090339311
 20
-22574.59565130193
 30
0.0
 11
1353054.090339312
 21
-22574.59565130193
 31
0.0
  0
LINE
  5
D43
330
2
100
AcDbEntity
  8
CS-RBAR-MAJR
  6
A-HIDDN01
100
AcDbLine
 10
1348199.090339311
 20
-22574.59565130193
 30
0.0
 11
1348399.090339311
 21
-22574.59565130193
 31
0.0
  0
LINE
  5
D44
330
2
100
AcDbEntity
  8
CS-RBAR-MAJR
  6
Continuous
100
AcDbLine
 10
1355819.090339311
 20
-22449.59565130193
 30
0.0
 11
1356019.090339312
 21
-22449.59565130193
 31
0.0
  0
LINE
  5
D45
330
2
100
AcDbEntity
  8
CS-RBAR-MAJR
  6
Continuous
100
AcDbLine
 10
1353279.090339311
 20
-22449.59565130193
 30
0.0
 11
1355819.090339311
 21
-22449.59565130193
 31
0.0
  0
LINE
  5
D46
330
2
100
AcDbEntity
  8
CS-RBAR-MAJR
  6
Continuous
100
AcDbLine
 10
1348399.090339311
 20
-22449.59565130193
 30
0.0
 11
1350939.090339311
 21
-22449.59565130193
 31
0.0
  0
LINE
  5
D47
330
2
100
AcDbEntity
  8
CS-RBAR-MAJR
  6
Continuous
100
AcDbLine
 10
1348199.090339311
 20
-22449.59565130193
 30
0.0
 11
1348399.090339311
 21
-22449.59565130193
 31
0.0
  0
LINE
  5
D48
330
2
100
AcDbEntity
  8
CS-RBAR-MAJR
  6
Continuous
100
AcDbLine
 10
1351854.090339311
 20
-22354.59565130193
 30
0.0
 11
1351164.090339312
 21
-22354.59565130193
 31
0.0
  0
LINE
  5
D49
330
2
100
AcDbEntity
  8
CS-RBAR-MAJR
  6
A-HIDDN01
100
AcDbLine
 10
1355819.090339311
 20
-22324.59565130193
 30
0.0
 11
1356019.090339312
 21
-22324.59565130193
 31
0.0
  0
LINE
  5
D4A
330
2
100
AcDbEntity
  8
CS-RBAR-MAJR
  6
Continuous
100
AcDbLine
 10
1351164.090339312
 20
-22324.59565130193
 30
0.0
 11
1355819.090339311
 21
-22324.59565130193
 31
0.0
  0
LINE
  5
D4B
330
2
100
AcDbEntity
  8
CS-RBAR-MAJR
  6
Continuous
100
AcDbLine
 10
1348399.090339311
 20
-22324.59565130193
 30
0.0
 11
1351854.090339311
 21
-22324.59565130193
 31
0.0
  0
LINE
  5
D4C
330
2
100
AcDbEntity
  8
CS-RBAR-MAJR
  6
A-HIDDN01
100
AcDbLine
 10
1348199.090339311
 20
-22324.59565130193
 30
0.0
 11
1348399.090339311
 21
-22324.59565130193
 31
0.0
  0
LINE
  5
D4D
330
2
100
AcDbEntity
  8
CS-RBAR-MAJR
  6
Continuous
100
AcDbLine
 10
1351895.340339312
 20
-3310.314358940795
 30
0.0
 11
1350995.340339312
 21
-3310.314358940795
 31
0.0
  0
LINE
  5
D4E
330
2
100
AcDbEntity
  8
CS-RBAR-MAJR
  6
A-HIDDN01
100
AcDbLine
 10
1355755.340339312
 20
-3340.314358940795
 30
0.0
 11
1355955.340339311
 21
-3340.314358940795
 31
0.0
  0
LINE
  5
D4F
330
2
100
AcDbEntity
  8
CS-RBAR-MAJR
  6
Continuous
100
AcDbLine
 10
1350995.340339312
 20
-3340.314358940795
 30
0.0
 11
1355755.340339312
 21
-3340.314358940795
 31
0.0
  0
LINE
  5
D50
330
2
100
AcDbEntity
  8
CS-RBAR-MAJR
  6
Continuous
100
AcDbLine
 10
1348335.340339311
 20
-3340.314358940795
 30
0.0
 11
1351895.340339312
 21
-3340.314358940795
 31
0.0
  0
LINE
  5
D51
330
2
100
AcDbEntity
  8
CS-RBAR-MAJR
  6
A-HIDDN01
100
AcDbLine
 10
1348135.340339311
 20
-3340.314358940795
 30
0.0
 11
1348335.340339311
 21
-3340.314358940795
 31
0.0
  0
LINE
  5
D52
330
2
100
AcDbEntity
  8
CS-RBAR-MAJR
  6
Continuous
100
AcDbLine
 10
1355755.340339312
 20
-3465.314358940795
 30
0.0
 11
1355955.340339311
 21
-3465.314358940795
 31
0.0
  0
LINE
  5
D53
330
2
100
AcDbEntity
  8
CS-RBAR-MAJR
  6
Continuous
100
AcDbLine
 10
1353215.340339311
 20
-3465.314358940795
 30
0.0
 11
1355755.340339312
 21
-3465.314358940795
 31
0.0
  0
LINE
  5
D54
330
2
100
AcDbEntity
  8
CS-RBAR-MAJR
  6
Continuous
100
AcDbLine
 10
1348335.340339311
 20
-3465.314358940795
 30
0.0
 11
1350875.340339312
 21
-3465.314358940795
 31
0.0
  0
LINE
  5
D55
330
2
100
AcDbEntity
  8
CS-RBAR-MAJR
  6
Continuous
100
AcDbLine
 10
1348135.340339311
 20
-3465.314358940795
 30
0.0
 11
1348335.340339311
 21
-3465.314358940795
 31
0.0
  0
LINE
  5
D56
330
2
100
AcDbEntity
  8
CS-RBAR-MAJR
  6
Continuous
100
AcDbLine
 10
1353095.340339311
 20
-3560.314358940795
 30
0.0
 11
1352195.340339312
 21
-3560.314358940795
 31
0.0
  0
LINE
  5
D57
330
2
100
AcDbEntity
  8
CS-RBAR-MAJR
  6
A-HIDDN01
100
AcDbLine
 10
1355755.340339312
 20
-3590.314358940795
 30
0.0
 11
1355955.340339311
 21
-3590.314358940795
 31
0.0
  0
LINE
  5
D58
330
2
100
AcDbEntity
  8
CS-RBAR-MAJR
  6
Continuous
100
AcDbLine
 10
1352195.340339312
 20
-3590.314358940795
 30
0.0
 11
1355755.340339312
 21
-3590.314358940795
 31
0.0
  0
LINE
  5
D59
330
2
100
AcDbEntity
  8
CS-RBAR-MAJR
  6
Continuous
100
AcDbLine
 10
1348335.340339311
 20
-3590.314358940795
 30
0.0
 11
1353095.340339311
 21
-3590.314358940795
 31
0.0
  0
LINE
  5
D5A
330
2
100
AcDbEntity
  8
CS-RBAR-MAJR
  6
A-HIDDN01
100
AcDbLine
 10
1348135.340339311
 20
-3590.314358940795
 30
0.0
 11
1348335.340339311
 21
-3590.314358940795
 31
0.0
  0
LINE
  5
D5B
330
2
100
AcDbEntity
  8
CS-RBAR-MAJR
  6
Continuous
100
AcDbLine
 10
1355755.340339312
 20
-3715.314358940795
 30
0.0
 11
1355955.340339311
 21
-3715.314358940795
 31
0.0
  0
LINE
  5
D5C
330
2
100
AcDbEntity
  8
CS-RBAR-MAJR
  6
Continuous
100
AcDbLine
 10
1353215.340339311
 20
-3715.314358940795
 30
0.0
 11
1355755.340339312
 21
-3715.314358940795
 31
0.0
  0
LINE
  5
D5D
330
2
100
AcDbEntity
  8
CS-RBAR-MAJR
  6
Continuous
100
AcDbLine
 10
1348335.340339311
 20
-3715.314358940795
 30
0.0
 11
1350875.340339312
 21
-3715.314358940795
 31
0.0
  0
LINE
  5
D5E
330
2
100
AcDbEntity
  8
CS-RBAR-MAJR
  6
Continuous
100
AcDbLine
 10
1348135.340339311
 20
-3715.314358940795
 30
0.0
 11
1348335.340339311
 21
-3715.314358940795
 31
0.0
  0
LINE
  5
D5F
330
2
100
AcDbEntity
  8
CS-RBAR-MAJR
  6
Continuous
100
AcDbLine
 10
1351895.340339312
 20
-3810.314358940795
 30
0.0
 11
1350995.340339312
 21
-3810.314358940795
 31
0.0
  0
LINE
  5
D60
330
2
100
AcDbEntity
  8
CS-RBAR-MAJR
  6
A-HIDDN01
100
AcDbLine
 10
1355755.340339312
 20
-3840.314358940796
 30
0.0
 11
1355955.340339311
 21
-3840.314358940796
 31
0.0
  0
LINE
  5
D61
330
2
100
AcDbEntity
  8
CS-RBAR-MAJR
  6
Continuous
100
AcDbLine
 10
1350995.340339312
 20
-3840.314358940796
 30
0.0
 11
1355755.340339312
 21
-3840.314358940796
 31
0.0
  0
LINE
  5
D62
330
2
100
AcDbEntity
  8
CS-RBAR-MAJR
  6
Continuous
100
AcDbLine
 10
1348335.340339311
 20
-3840.314358940796
 30
0.0
 11
1351895.340339312
 21
-3840.314358940796
 31
0.0
  0
LINE
  5
D63
330
2
100
AcDbEntity
  8
CS-RBAR-MAJR
  6
A-HIDDN01
100
AcDbLine
 10
1348135.340339311
 20
-3840.314358940796
 30
0.0
 11
1348335.340339311
 21
-3840.314358940796
 31
0.0
  0
LINE
  5
D64
330
2
100
AcDbEntity
  8
CS-RBAR-MAJR
  6
Continuous
100
AcDbLine
 10
1355755.340339312
 20
-3965.314358940796
 30
0.0
 11
1355955.340339311
 21
-3965.314358940796
 31
0.0
  0
LINE
  5
D65
330
2
100
AcDbEntity
  8
CS-RBAR-MAJR
  6
Continuous
100
AcDbLine
 10
1353215.340339311
 20
-3965.314358940796
 30
0.0
 11
1355755.340339312
 21
-3965.314358940796
 31
0.0
  0
LINE
  5
D66
330
2
100
AcDbEntity
  8
CS-RBAR-MAJR
  6
Continuous
100
AcDbLine
 10
1348335.340339311
 20
-3965.314358940796
 30
0.0
 11
1350875.340339312
 21
-3965.314358940796
 31
0.0
  0
LINE
  5
D67
330
2
100
AcDbEntity
  8
CS-RBAR-MAJR
  6
Continuous
100
AcDbLine
 10
1348135.340339311
 20
-3965.314358940796
 30
0.0
 11
1348335.340339311
 21
-3965.314358940796
 31
0.0
  0
LINE
  5
D68
330
2
100
AcDbEntity
  8
CS-RBAR-MAJR
  6
Continuous
100
AcDbLine
 10
1353095.340339311
 20
-4060.314358940795
 30
0.0
 11
1352195.340339312
 21
-4060.314358940795
 31
0.0
  0
LINE
  5
D69
330
2
100
AcDbEntity
  8
CS-RBAR-MAJR
  6
A-HIDDN01
100
AcDbLine
 10
1355755.340339312
 20
-4090.314358940795
 30
0.0
 11
1355955.340339311
 21
-4090.314358940795
 31
0.0
  0
LINE
  5
D6A
330
2
100
AcDbEntity
  8
CS-RBAR-MAJR
  6
Continuous
100
AcDbLine
 10
1352195.340339312
 20
-4090.314358940795
 30
0.0
 11
1355755.340339312
 21
-4090.314358940795
 31
0.0
  0
LINE
  5
D6B
330
2
100
AcDbEntity
  8
CS-RBAR-MAJR
  6
Continuous
100
AcDbLine
 10
1348335.340339311
 20
-4090.314358940795
 30
0.0
 11
1353095.340339311
 21
-4090.314358940795
 31
0.0
  0
LINE
  5
D6C
330
2
100
AcDbEntity
  8
CS-RBAR-MAJR
  6
A-HIDDN01
100
AcDbLine
 10
1348135.340339311
 20
-4090.314358940795
 30
0.0
 11
1348335.340339311
 21
-4090.314358940795
 31
0.0
  0
LINE
  5
D6D
330
2
100
AcDbEntity
  8
CS-RBAR-MAJR
  6
Continuous
100
AcDbLine
 10
1348135.340339311
 20
-5090.314358940795
 30
0.0
 11
1355955.340339311
 21
-5090.314358940795
 31
0.0
  0
LINE
  5
D6E
330
2
100
AcDbEntity
  8
CS-RBAR-MAJR
  6
Continuous
100
AcDbLine
 10
1348945.340339311
 20
-4965.314358940795
 30
0.0
 11
1355145.340339311
 21
-4965.314358940795
 31
0.0
  0
LINE
  5
D6F
330
2
100
AcDbEntity
  8
CS-RBAR-MAJR
  6
Continuous
100
AcDbLine
 10
1348135.340339311
 20
-4840.314358940795
 30
0.0
 11
1355955.340339311
 21
-4840.314358940795
 31
0.0
  0
LINE
  5
D70
330
2
100
AcDbEntity
  8
CS-RBAR-MAJR
  6
Continuous
100
AcDbLine
 10
1348945.340339311
 20
-4715.314358940795
 30
0.0
 11
1355145.340339311
 21
-4715.314358940795
 31
0.0
  0
LINE
  5
D71
330
2
100
AcDbEntity
  8
CS-RBAR-MAJR
  6
Continuous
100
AcDbLine
 10
1348135.340339311
 20
-4590.314358940795
 30
0.0
 11
1355955.340339311
 21
-4590.314358940795
 31
0.0
  0
LINE
  5
D72
330
2
100
AcDbEntity
  8
CS-RBAR-MAJR
  6
Continuous
100
AcDbLine
 10
1348945.340339311
 20
-4465.314358940795
 30
0.0
 11
1355145.340339311
 21
-4465.314358940795
 31
0.0
  0
LINE
  5
D73
330
2
100
AcDbEntity
  8
CS-RBAR-MAJR
  6
Continuous
100
AcDbLine
 10
1348135.340339311
 20
-4340.314358940795
 30
0.0
 11
1355955.340339311
 21
-4340.314358940795
 31
0.0
  0
LINE
  5
D74
330
2
100
AcDbEntity
  8
CS-RBAR-MAJR
100
AcDbLine
 10
1349563.918983311
 20
-10404.86597120326
 30
0.0
 11
1349463.918983311
 21
-10404.86597120326
 31
0.0
  0
LINE
  5
D75
330
2
100
AcDbEntity
  8
CS-RBAR-MAJR
100
AcDbLine
 10
1349463.918983311
 20
-10404.86597120326
 30
0.0
 11
1348135.340339311
 21
-11733.44461520325
 31
0.0
  0
LINE
  5
D76
330
2
100
AcDbEntity
  8
CS-RBAR-MAJR
100
AcDbLine
 10
1348135.340339311
 20
-11733.44461520325
 30
0.0
 11
1348135.340339311
 21
-11833.44461520325
 31
0.0
  0
LINE
  5
D77
330
2
100
AcDbEntity
  8
CS-RBAR-MAJR
100
AcDbLine
 10
1349217.540615311
 20
-16274.86597120326
 30
0.0
 11
1349117.540615311
 21
-16274.86597120326
 31
0.0
  0
LINE
  5
D78
330
2
100
AcDbEntity
  8
CS-RBAR-MAJR
100
AcDbLine
 10
1349117.540615311
 20
-16274.86597120326
 30
0.0
 11
1348135.340339311
 21
-15292.66569520325
 31
0.0
  0
LINE
  5
D79
330
2
100
AcDbEntity
  8
CS-RBAR-MAJR
100
AcDbLine
 10
1348135.340339311
 20
-15292.66569520325
 30
0.0
 11
1348135.340339311
 21
-15192.66569520326
 31
0.0
  0
LINE
  5
D7A
330
2
100
AcDbEntity
  8
CS-RBAR-MAJR
100
AcDbLine
 10
1354526.761695312
 20
-10404.86597120326
 30
0.0
 11
1354626.761695311
 21
-10404.86597120326
 31
0.0
  0
LINE
  5
D7B
330
2
100
AcDbEntity
  8
CS-RBAR-MAJR
100
AcDbLine
 10
1354626.761695311
 20
-10404.86597120326
 30
0.0
 11
1355955.340339311
 21
-11733.44461520325
 31
0.0
  0
LINE
  5
D7C
330
2
100
AcDbEntity
  8
CS-RBAR-MAJR
100
AcDbLine
 10
1355955.340339311
 20
-11733.44461520325
 30
0.0
 11
1355955.340339311
 21
-11833.44461520325
 31
0.0
  0
LINE
  5
D7D
330
2
100
AcDbEntity
  8
CS-RBAR-MAJR
100
AcDbLine
 10
1354873.140063311
 20
-16274.86597120326
 30
0.0
 11
1354973.140063311
 21
-16274.86597120326
 31
0.0
  0
LINE
  5
D7E
330
2
100
AcDbEntity
  8
CS-RBAR-MAJR
100
AcDbLine
 10
1354973.140063311
 20
-16274.86597120326
 30
0.0
 11
1355955.340339311
 21
-15292.66569520325
 31
0.0
  0
LINE
  5
D7F
330
2
100
AcDbEntity
  8
CS-RBAR-MAJR
100
AcDbLine
 10
1355955.340339311
 20
-15292.66569520325
 30
0.0
 11
1355955.340339311
 21
-15192.66569520326
 31
0.0
  0
LINE
  5
D80
330
2
100
AcDbEntity
  8
CS-RBAR-MAJR
100
AcDbLine
 10
1353095.340339311
 20
-10374.86597120326
 30
0.0
 11
1352195.340339312
 21
-10374.86597120326
 31
0.0
  0
LINE
  5
D81
330
2
100
AcDbEntity
  8
CS-RBAR-MAJR
100
AcDbLine
 10
1348135.340339311
 20
-10964.86597120326
 30
0.0
 11
1355955.340339311
 21
-10964.86597120326
 31
0.0
  0
LINE
  5
D82
330
2
100
AcDbEntity
  8
CS-RBAR-MAJR
100
AcDbLine
 10
1355955.340339311
 20
-10604.86597120326
 30
0.0
 11
1355955.340339311
 21
-14259.86597120326
 31
0.0
  0
LINE
  5
D83
330
2
100
AcDbEntity
  8
CS-RBAR-MAJR
100
AcDbLine
 10
1352195.340339312
 20
-10404.86597120326
 30
0.0
 11
1355755.340339312
 21
-10404.86597120326
 31
0.0
  0
LINE
  5
D84
330
2
100
AcDbEntity
  8
CS-RBAR-MAJR
100
AcDbLine
 10
1348335.340339311
 20
-10404.86597120326
 30
0.0
 11
1353095.340339311
 21
-10404.86597120326
 31
0.0
  0
LINE
  5
D85
330
2
100
AcDbEntity
  8
CS-RBAR-MAJR
100
AcDbLine
 10
1348135.340339311
 20
-13059.86597120326
 30
0.0
 11
1348135.340339311
 21
-10604.86597120326
 31
0.0
  0
LINE
  5
D86
330
2
100
AcDbEntity
  8
CS-RBAR-MAJR
100
AcDbLine
 10
1351790.340339311
 20
-16304.86597120326
 30
0.0
 11
1351100.340339311
 21
-16304.86597120326
 31
0.0
  0
LINE
  5
D87
330
2
100
AcDbEntity
  8
CS-RBAR-MAJR
100
AcDbLine
 10
1355955.340339311
 20
-16074.86597120326
 30
0.0
 11
1355955.340339311
 21
-13569.86597120326
 31
0.0
  0
LINE
  5
D88
330
2
100
AcDbEntity
  8
CS-RBAR-MAJR
100
AcDbLine
 10
1351100.340339311
 20
-16274.86597120326
 30
0.0
 11
1355755.340339312
 21
-16274.86597120326
 31
0.0
  0
LINE
  5
D89
330
2
100
AcDbEntity
  8
CS-RBAR-MAJR
100
AcDbLine
 10
1348335.340339311
 20
-16274.86597120326
 30
0.0
 11
1351790.340339311
 21
-16274.86597120326
 31
0.0
  0
LINE
  5
D8A
330
2
100
AcDbEntity
  8
CS-RBAR-MAJR
100
AcDbLine
 10
1348135.340339311
 20
-12369.86597120326
 30
0.0
 11
1348135.340339311
 21
-16074.86597120326
 31
0.0
  0
LINE
  5
D8B
330
2
100
AcDbEntity
  8
CS-RBAR-MAJR
100
AcDbLine
 10
1348135.340339311
 20
-15664.86597120326
 30
0.0
 11
1355955.340339311
 21
-15664.86597120326
 31
0.0
  0
LINE
  5
D8C
330
2
100
AcDbEntity
  8
CS-RBAR-MAJR
100
AcDbLine
 10
1348105.340339311
 20
-12369.86597120326
 30
0.0
 11
1348105.340339311
 21
-13059.86597120326
 31
0.0
  0
LINE
  5
D8D
330
2
100
AcDbEntity
  8
CS-RBAR-MAJR
100
AcDbLine
 10
1355985.340339312
 20
-13569.86597120326
 30
0.0
 11
1355985.340339312
 21
-14259.86597120326
 31
0.0
  0
LINE
  5
D8E
330
2
100
AcDbEntity
  8
CS-RBAR-MAJR
100
AcDbLine
 10
1355635.340339311
 20
-16274.86597120326
 30
0.0
 11
1355635.340339311
 21
-10404.86597120326
 31
0.0
  0
LINE
  5
D8F
330
2
100
AcDbEntity
  8
CS-RBAR-MAJR
100
AcDbLine
 10
1348455.340339311
 20
-16274.86597120326
 30
0.0
 11
1348455.340339311
 21
-10404.86597120326
 31
0.0
  0
LINE
  5
D90
330
2
100
AcDbEntity
  8
CS-DIML
100
AcDbLine
 10
1363297.785796311
 20
-8814.865971203261
 30
0.0
 11
1362297.785796311
 21
-8814.865971203261
 31
0.0
  0
LINE
  5
D94
330
2
100
AcDbEntity
  8
CS-DIML
100
AcDbLine
 10
1362297.785796311
 20
-9314.865971203261
 30
0.0
 11
1362297.785796311
 21
-8789.86597120326
 31
0.0
  0
LINE
  5
D95
330
2
100
AcDbEntity
  8
CS-DIML
100
AcDbLine
 10
1363297.785796311
 20
-9314.865971203261
 30
0.0
 11
1363297.785796311
 21
-8789.86597120326
 31
0.0
  0
LINE
  5
D96
330
2
100
AcDbEntity
  8
CS-DIML
100
AcDbLine
 10
1363297.785796311
 20
-8814.865971203261
 30
0.0
 11
1364297.785796311
 21
-8814.865971203261
 31
0.0
  0
LINE
  5
D97
330
2
100
AcDbEntity
  8
CS-DIML
100
AcDbLine
 10
1364297.785796311
 20
-9314.865971203261
 30
0.0
 11
1364297.785796311
 21
-8789.86597120326
 31
0.0
  0
LINE
  5
D98
330
2
100
AcDbEntity
  8
CS-DIML
100
AcDbLine
 10
1363297.785796311
 20
-9314.865971203261
 30
0.0
 11
1363297.785796311
 21
-8789.86597120326
 31
0.0
  0
LINE
  5
D99
330
2
100
AcDbEntity
  8
CS-DIML
100
AcDbLine
 10
1361297.785796311
 20
-16364.86597120326
 30
0.0
 11
1360772.785796311
 21
-16364.86597120326
 31
0.0
  0
LINE
  5
D9A
330
2
100
AcDbEntity
  8
CS-DIML
100
AcDbLine
 10
1360797.785796311
 20
-16677.36597120326
 30
0.0
 11
1360797.785796311
 21
-16364.86597120326
 31
0.0
  0
LINE
  5
D9B
330
2
100
AcDbEntity
  8
CS-DIML
100
AcDbLine
 10
1361297.785796311
 20
-16274.86597120326
 30
0.0
 11
1360772.785796311
 21
-16274.86597120326
 31
0.0
  0
LINE
  5
D9C
330
2
100
AcDbEntity
  8
CS-DIML
100
AcDbLine
 10
1360797.785796311
 20
-16364.86597120326
 30
0.0
 11
1360797.785796311
 21
-16274.86597120326
 31
0.0
  0
LINE
  5
D9D
330
2
100
AcDbEntity
  8
CS-DIML
100
AcDbLine
 10
1361297.785796311
 20
-15664.86597120326
 30
0.0
 11
1360772.785796311
 21
-15664.86597120326
 31
0.0
  0
LINE
  5
D9E
330
2
100
AcDbEntity
  8
CS-DIML
100
AcDbLine
 10
1360797.785796311
 20
-16274.86597120326
 30
0.0
 11
1360797.785796311
 21
-15664.86597120326
 31
0.0
  0
LINE
  5
D9F
330
2
100
AcDbEntity
  8
CS-DIML
100
AcDbLine
 10
1361297.785796311
 20
-15514.86597120326
 30
0.0
 11
1360772.785796311
 21
-15514.86597120326
 31
0.0
  0
LINE
  5
DA0
330
2
100
AcDbEntity
  8
CS-DIML
100
AcDbLine
 10
1360797.785796311
 20
-15664.86597120326
 30
0.0
 11
1360797.785796311
 21
-15514.86597120326
 31
0.0
  0
LINE
  5
DA1
330
2
100
AcDbEntity
  8
CS-DIML
100
AcDbLine
 10
1361297.785796311
 20
-11114.86597120326
 30
0.0
 11
1360772.785796311
 21
-11114.86597120326
 31
0.0
  0
LINE
  5
DA2
330
2
100
AcDbEntity
  8
CS-DIML
100
AcDbLine
 10
1360797.785796311
 20
-15514.86597120326
 30
0.0
 11
1360797.785796311
 21
-11114.86597120326
 31
0.0
  0
LINE
  5
DA3
330
2
100
AcDbEntity
  8
CS-DIML
100
AcDbLine
 10
1361297.785796311
 20
-10964.86597120326
 30
0.0
 11
1360772.785796311
 21
-10964.86597120326
 31
0.0
  0
LINE
  5
DA4
330
2
100
AcDbEntity
  8
CS-DIML
100
AcDbLine
 10
1360797.785796311
 20
-11114.86597120326
 30
0.0
 11
1360797.785796311
 21
-10964.86597120326
 31
0.0
  0
LINE
  5
DA5
330
2
100
AcDbEntity
  8
CS-DIML
100
AcDbLine
 10
1361297.785796311
 20
-10404.86597120326
 30
0.0
 11
1360772.785796311
 21
-10404.86597120326
 31
0.0
  0
LINE
  5
DA6
330
2
100
AcDbEntity
  8
CS-DIML
100
AcDbLine
 10
1360797.785796311
 20
-10964.86597120326
 30
0.0
 11
1360797.785796311
 21
-10404.86597120326
 31
0.0
  0
LINE
  5
DA7
330
2
100
AcDbEntity
  8
CS-DIML
100
AcDbLine
 10
1361297.785796311
 20
-10314.86597120326
 30
0.0
 11
1360772.785796311
 21
-10314.86597120326
 31
0.0
  0
LINE
  5
DA8
330
2
100
AcDbEntity
  8
CS-DIML
100
AcDbLine
 10
1360797.785796311
 20
-10404.86597120326
 30
0.0
 11
1360797.785796311
 21
-10314.86597120326
 31
0.0
  0
LINE
  5
DA9
330
2
100
AcDbEntity
  8
CS-DIML
100
AcDbLine
 10
1360797.785796311
 20
-10314.86597120326
 30
0.0
 11
1360797.785796311
 21
-9939.865971203261
 31
0.0
  0
LINE
  5
DAA
330
2
100
AcDbEntity
  8
CS-DIML
100
AcDbLine
 10
1360797.785796311
 20
-16364.86597120326
 30
0.0
 11
1360272.785796311
 21
-16364.86597120326
 31
0.0
  0
LINE
  5
DAB
330
2
100
AcDbEntity
  8
CS-DIML
100
AcDbLine
 10
1360797.785796311
 20
-10314.86597120326
 30
0.0
 11
1360272.785796311
 21
-10314.86597120326
 31
0.0
  0
LINE
  5
DAC
330
2
100
AcDbEntity
  8
CS-DIML
100
AcDbLine
 10
1360297.785796311
 20
-16364.86597120326
 30
0.0
 11
1360297.785796311
 21
-10314.86597120326
 31
0.0
  0
LINE
  5
DAD
330
2
100
AcDbEntity
  8
CS-DIML
100
AcDbLine
 10
1365297.785796311
 20
-16364.86597120326
 30
0.0
 11
1365822.785796311
 21
-16364.86597120326
 31
0.0
  0
LINE
  5
DAE
330
2
100
AcDbEntity
  8
CS-DIML
100
AcDbLine
 10
1365797.785796311
 20
-16677.36597120326
 30
0.0
 11
1365797.785796311
 21
-16364.86597120326
 31
0.0
  0
LINE
  5
DAF
330
2
100
AcDbEntity
  8
CS-DIML
100
AcDbLine
 10
1365297.785796311
 20
-16274.86597120326
 30
0.0
 11
1365822.785796311
 21
-16274.86597120326
 31
0.0
  0
LINE
  5
DB0
330
2
100
AcDbEntity
  8
CS-DIML
100
AcDbLine
 10
1365797.785796311
 20
-16364.86597120326
 30
0.0
 11
1365797.785796311
 21
-16274.86597120326
 31
0.0
  0
LINE
  5
DB1
330
2
100
AcDbEntity
  8
CS-DIML
100
AcDbLine
 10
1365297.785796311
 20
-15664.86597120326
 30
0.0
 11
1365822.785796311
 21
-15664.86597120326
 31
0.0
  0
LINE
  5
DB2
330
2
100
AcDbEntity
  8
CS-DIML
100
AcDbLine
 10
1365797.785796311
 20
-16274.86597120326
 30
0.0
 11
1365797.785796311
 21
-15664.86597120326
 31
0.0
  0
LINE
  5
DB3
330
2
100
AcDbEntity
  8
CS-DIML
100
AcDbLine
 10
1365297.785796311
 20
-15514.86597120326
 30
0.0
 11
1365822.785796311
 21
-15514.86597120326
 31
0.0
  0
LINE
  5
DB4
330
2
100
AcDbEntity
  8
CS-DIML
100
AcDbLine
 10
1365797.785796311
 20
-15664.86597120326
 30
0.0
 11
1365797.785796311
 21
-15514.86597120326
 31
0.0
  0
LINE
  5
DB5
330
2
100
AcDbEntity
  8
CS-DIML
100
AcDbLine
 10
1365297.785796311
 20
-11114.86597120326
 30
0.0
 11
1365822.785796311
 21
-11114.86597120326
 31
0.0
  0
LINE
  5
DB6
330
2
100
AcDbEntity
  8
CS-DIML
100
AcDbLine
 10
1365797.785796311
 20
-15514.86597120326
 30
0.0
 11
1365797.785796311
 21
-11114.86597120326
 31
0.0
  0
LINE
  5
DB7
330
2
100
AcDbEntity
  8
CS-DIML
100
AcDbLine
 10
1365297.785796311
 20
-10964.86597120326
 30
0.0
 11
1365822.785796311
 21
-10964.86597120326
 31
0.0
  0
LINE
  5
DB8
330
2
100
AcDbEntity
  8
CS-DIML
100
AcDbLine
 10
1365797.785796311
 20
-11114.86597120326
 30
0.0
 11
1365797.785796311
 21
-10964.86597120326
 31
0.0
  0
LINE
  5
DB9
330
2
100
AcDbEntity
  8
CS-DIML
100
AcDbLine
 10
1365297.785796311
 20
-10404.86597120326
 30
0.0
 11
1365822.785796311
 21
-10404.86597120326
 31
0.0
  0
LINE
  5
DBA
330
2
100
AcDbEntity
  8
CS-DIML
100
AcDbLine
 10
1365797.785796311
 20
-10964.86597120326
 30
0.0
 11
1365797.785796311
 21
-10404.86597120326
 31
0.0
  0
LINE
  5
DBB
330
2
100
AcDbEntity
  8
CS-DIML
100
AcDbLine
 10
1365297.785796311
 20
-10314.86597120326
 30
0.0
 11
1365822.785796311
 21
-10314.86597120326
 31
0.0
  0
LINE
  5
DBC
330
2
100
AcDbEntity
  8
CS-DIML
100
AcDbLine
 10
1365797.785796311
 20
-10404.86597120326
 30
0.0
 11
1365797.785796311
 21
-10314.86597120326
 31
0.0
  0
LINE
  5
DBD
330
2
100
AcDbEntity
  8
CS-DIML
100
AcDbLine
 10
1365797.785796311
 20
-10314.86597120326
 30
0.0
 11
1365797.785796311
 21
-9939.865971203261
 31
0.0
  0
LINE
  5
DBE
330
2
100
AcDbEntity
  8
CS-DIML
100
AcDbLine
 10
1363547.785796311
 20
-14014.86597120326
 30
0.0
 11
1365030.785796311
 21
-14014.86597120326
 31
0.0
  0
LINE
  5
DBF
330
2
100
AcDbEntity
  8
CS-DIML
100
AcDbLine
 10
1363422.785796311
 20
-14614.86597120326
 30
0.0
 11
1365030.785796311
 21
-14614.86597120326
 31
0.0
  0
LINE
  5
DC0
330
2
100
AcDbEntity
  8
CS-DIML
100
AcDbLine
 10
1363422.785796311
 20
-11814.86597120326
 30
0.0
 11
1365030.785796311
 21
-11814.86597120326
 31
0.0
  0
LINE
  5
DC1
330
2
100
AcDbEntity
  8
CS-DIML
100
AcDbLine
 10
1363547.785796311
 20
-11214.86597120326
 30
0.0
 11
1365030.785796311
 21
-11214.86597120326
 31
0.0
  0
LINE
  5
DC2
330
2
100
AcDbEntity
  8
CS-DIML
100
AcDbLine
 10
1363672.785796311
 20
-12414.86597120326
 30
0.0
 11
1365030.785796311
 21
-12414.86597120326
 31
0.0
  0
LINE
  5
DC3
330
2
100
AcDbEntity
  8
CS-DIML
100
AcDbLine
 10
1363672.785796311
 20
-15214.86597120326
 30
0.0
 11
1365030.785796311
 21
-15214.86597120326
 31
0.0
  0
LINE
  5
DC4
330
2
100
AcDbEntity
  8
CS-DIML
100
AcDbLine
 10
1363172.785796311
 20
-13414.86597120326
 30
0.0
 11
1361897.785796311
 21
-13414.86597120326
 31
0.0
  0
LINE
  5
DC5
330
2
100
AcDbEntity
  8
CS-DIML
100
AcDbLine
 10
1363860.285796311
 20
-10964.86597120326
 30
0.0
 11
1363860.285796311
 21
-17102.36597120326
 31
0.0
  0
LINE
  5
DC6
330
2
100
AcDbEntity
  8
CS-DIML
100
AcDbLine
 10
1362860.285796311
 20
-10964.86597120326
 30
0.0
 11
1362860.285796311
 21
-17102.36597120326
 31
0.0
  0
LINE
  5
DC7
330
2
100
AcDbEntity
  8
CS-DIML
100
AcDbLine
 10
1340750.394882311
 20
-8839.090674589151
 30
0.0
 11
1341750.394882311
 21
-8839.090674589151
 31
0.0
  0
LINE
  5
DC8
330
2
100
AcDbEntity
  8
CS-DIML
100
AcDbLine
 10
1341750.394882311
 20
-9339.090674589151
 30
0.0
 11
1341750.394882311
 21
-8814.09067458915
 31
0.0
  0
LINE
  5
DC9
330
2
100
AcDbEntity
  8
CS-DIML
100
AcDbLine
 10
1340750.394882311
 20
-9339.090674589151
 30
0.0
 11
1340750.394882311
 21
-8814.09067458915
 31
0.0
  0
LINE
  5
DCA
330
2
100
AcDbEntity
  8
CS-DIML
100
AcDbLine
 10
1340750.394882311
 20
-8839.090674589151
 30
0.0
 11
1339750.394882311
 21
-8839.090674589151
 31
0.0
  0
LINE
  5
DCB
330
2
100
AcDbEntity
  8
CS-DIML
100
AcDbLine
 10
1339750.394882311
 20
-9339.090674589151
 30
0.0
 11
1339750.394882311
 21
-8814.09067458915
 31
0.0
  0
LINE
  5
DCC
330
2
100
AcDbEntity
  8
CS-DIML
100
AcDbLine
 10
1340750.394882311
 20
-9339.090674589151
 30
0.0
 11
1340750.394882311
 21
-8814.09067458915
 31
0.0
  0
LINE
  5
DCD
330
2
100
AcDbEntity
  8
CS-DIML
100
AcDbLine
 10
1342750.394882311
 20
-16389.09067458915
 30
0.0
 11
1343275.394882311
 21
-16389.09067458915
 31
0.0
  0
LINE
  5
DCE
330
2
100
AcDbEntity
  8
CS-DIML
100
AcDbLine
 10
1343250.394882312
 20
-16701.59067458915
 30
0.0
 11
1343250.394882312
 21
-16389.09067458915
 31
0.0
  0
LINE
  5
DCF
330
2
100
AcDbEntity
  8
CS-DIML
100
AcDbLine
 10
1342750.394882311
 20
-16299.09067458915
 30
0.0
 11
1343275.394882311
 21
-16299.09067458915
 31
0.0
  0
LINE
  5
DD0
330
2
100
AcDbEntity
  8
CS-DIML
100
AcDbLine
 10
1343250.394882312
 20
-16389.09067458915
 30
0.0
 11
1343250.394882312
 21
-16299.09067458915
 31
0.0
  0
LINE
  5
DD1
330
2
100
AcDbEntity
  8
CS-DIML
100
AcDbLine
 10
1342750.394882311
 20
-15689.09067458915
 30
0.0
 11
1343275.394882311
 21
-15689.09067458915
 31
0.0
  0
LINE
  5
DD2
330
2
100
AcDbEntity
  8
CS-DIML
100
AcDbLine
 10
1343250.394882312
 20
-16299.09067458915
 30
0.0
 11
1343250.394882312
 21
-15689.09067458915
 31
0.0
  0
LINE
  5
DD3
330
2
100
AcDbEntity
  8
CS-DIML
100
AcDbLine
 10
1342750.394882311
 20
-15539.09067458915
 30
0.0
 11
1343275.394882311
 21
-15539.09067458915
 31
0.0
  0
LINE
  5
DD4
330
2
100
AcDbEntity
  8
CS-DIML
100
AcDbLine
 10
1343250.394882312
 20
-15689.09067458915
 30
0.0
 11
1343250.394882312
 21
-15539.09067458915
 31
0.0
  0
LINE
  5
DD5
330
2
100
AcDbEntity
  8
CS-DIML
100
AcDbLine
 10
1342750.394882311
 20
-11139.09067458915
 30
0.0
 11
1343275.394882311
 21
-11139.09067458915
 31
0.0
  0
LINE
  5
DD6
330
2
100
AcDbEntity
  8
CS-DIML
100
AcDbLine
 10
1343250.394882312
 20
-15539.09067458915
 30
0.0
 11
1343250.394882312
 21
-11139.09067458915
 31
0.0
  0
LINE
  5
DD7
330
2
100
AcDbEntity
  8
CS-DIML
100
AcDbLine
 10
1342750.394882311
 20
-10989.09067458915
 30
0.0
 11
1343275.394882311
 21
-10989.09067458915
 31
0.0
  0
LINE
  5
DD8
330
2
100
AcDbEntity
  8
CS-DIML
100
AcDbLine
 10
1343250.394882312
 20
-11139.09067458915
 30
0.0
 11
1343250.394882312
 21
-10989.09067458915
 31
0.0
  0
LINE
  5
DD9
330
2
100
AcDbEntity
  8
CS-DIML
100
AcDbLine
 10
1342750.394882311
 20
-10429.09067458915
 30
0.0
 11
1343275.394882311
 21
-10429.09067458915
 31
0.0
  0
LINE
  5
DDA
330
2
100
AcDbEntity
  8
CS-DIML
100
AcDbLine
 10
1343250.394882312
 20
-10989.09067458915
 30
0.0
 11
1343250.394882312
 21
-10429.09067458915
 31
0.0
  0
LINE
  5
DDB
330
2
100
AcDbEntity
  8
CS-DIML
100
AcDbLine
 10
1342750.394882311
 20
-10339.09067458915
 30
0.0
 11
1343275.394882311
 21
-10339.09067458915
 31
0.0
  0
LINE
  5
DDC
330
2
100
AcDbEntity
  8
CS-DIML
100
AcDbLine
 10
1343250.394882312
 20
-10429.09067458915
 30
0.0
 11
1343250.394882312
 21
-10339.09067458915
 31
0.0
  0
LINE
  5
DDD
330
2
100
AcDbEntity
  8
CS-DIML
100
AcDbLine
 10
1343250.394882312
 20
-10339.09067458915
 30
0.0
 11
1343250.394882312
 21
-9964.090674589151
 31
0.0
  0
LINE
  5
DDE
330
2
100
AcDbEntity
  8
CS-DIML
100
AcDbLine
 10
1338750.394882311
 20
-16389.09067458915
 30
0.0
 11
1338225.394882311
 21
-16389.09067458915
 31
0.0
  0
LINE
  5
DDF
330
2
100
AcDbEntity
  8
CS-DIML
100
AcDbLine
 10
1338250.394882311
 20
-16701.59067458915
 30
0.0
 11
1338250.394882311
 21
-16389.09067458915
 31
0.0
  0
LINE
  5
DE0
330
2
100
AcDbEntity
  8
CS-DIML
100
AcDbLine
 10
1338750.394882311
 20
-16299.09067458915
 30
0.0
 11
1338225.394882311
 21
-16299.09067458915
 31
0.0
  0
LINE
  5
DE1
330
2
100
AcDbEntity
  8
CS-DIML
100
AcDbLine
 10
1338250.394882311
 20
-16389.09067458915
 30
0.0
 11
1338250.394882311
 21
-16299.09067458915
 31
0.0
  0
LINE
  5
DE2
330
2
100
AcDbEntity
  8
CS-DIML
100
AcDbLine
 10
1338750.394882311
 20
-15689.09067458915
 30
0.0
 11
1338225.394882311
 21
-15689.09067458915
 31
0.0
  0
LINE
  5
DE3
330
2
100
AcDbEntity
  8
CS-DIML
100
AcDbLine
 10
1338250.394882311
 20
-16299.09067458915
 30
0.0
 11
1338250.394882311
 21
-15689.09067458915
 31
0.0
  0
LINE
  5
DE4
330
2
100
AcDbEntity
  8
CS-DIML
100
AcDbLine
 10
1338750.394882311
 20
-15539.09067458915
 30
0.0
 11
1338225.394882311
 21
-15539.09067458915
 31
0.0
  0
LINE
  5
DE5
330
2
100
AcDbEntity
  8
CS-DIML
100
AcDbLine
 10
1338250.394882311
 20
-15689.09067458915
 30
0.0
 11
1338250.394882311
 21
-15539.09067458915
 31
0.0
  0
LINE
  5
DE6
330
2
100
AcDbEntity
  8
CS-DIML
100
AcDbLine
 10
1338750.394882311
 20
-11139.09067458915
 30
0.0
 11
1338225.394882311
 21
-11139.09067458915
 31
0.0
  0
LINE
  5
DE7
330
2
100
AcDbEntity
  8
CS-DIML
100
AcDbLine
 10
1338250.394882311
 20
-15539.09067458915
 30
0.0
 11
1338250.394882311
 21
-11139.09067458915
 31
0.0
  0
LINE
  5
DE8
330
2
100
AcDbEntity
  8
CS-DIML
100
AcDbLine
 10
1338750.394882311
 20
-10989.09067458915
 30
0.0
 11
1338225.394882311
 21
-10989.09067458915
 31
0.0
  0
LINE
  5
DE9
330
2
100
AcDbEntity
  8
CS-DIML
100
AcDbLine
 10
1338250.394882311
 20
-11139.09067458915
 30
0.0
 11
1338250.394882311
 21
-10989.09067458915
 31
0.0
  0
LINE
  5
DEA
330
2
100
AcDbEntity
  8
CS-DIML
100
AcDbLine
 10
1338750.394882311
 20
-10429.09067458915
 30
0.0
 11
1338225.394882311
 21
-10429.09067458915
 31
0.0
  0
LINE
  5
DEB
330
2
100
AcDbEntity
  8
CS-DIML
100
AcDbLine
 10
1338250.394882311
 20
-10989.09067458915
 30
0.0
 11
1338250.394882311
 21
-10429.09067458915
 31
0.0
  0
LINE
  5
DEC
330
2
100
AcDbEntity
  8
CS-DIML
100
AcDbLine
 10
1338750.394882311
 20
-10339.09067458915
 30
0.0
 11
1338225.394882311
 21
-10339.09067458915
 31
0.0
  0
LINE
  5
DED
330
2
100
AcDbEntity
  8
CS-DIML
100
AcDbLine
 10
1338250.394882311
 20
-10429.09067458915
 30
0.0
 11
1338250.394882311
 21
-10339.09067458915
 31
0.0
  0
LINE
  5
DEE
330
2
100
AcDbEntity
  8
CS-DIML
100
AcDbLine
 10
1338250.394882311
 20
-10339.09067458915
 30
0.0
 11
1338250.394882311
 21
-9964.090674589151
 31
0.0
  0
LINE
  5
DEF
330
2
100
AcDbEntity
  8
CS-DIML
100
AcDbLine
 10
1338250.394882311
 20
-16389.09067458915
 30
0.0
 11
1337725.394882311
 21
-16389.09067458915
 31
0.0
  0
LINE
  5
DF0
330
2
100
AcDbEntity
  8
CS-DIML
100
AcDbLine
 10
1338250.394882311
 20
-10339.09067458915
 30
0.0
 11
1337725.394882311
 21
-10339.09067458915
 31
0.0
  0
LINE
  5
DF1
330
2
100
AcDbEntity
  8
CS-DIML
100
AcDbLine
 10
1337750.394882311
 20
-16389.09067458915
 30
0.0
 11
1337750.394882311
 21
-10339.09067458915
 31
0.0
  0
LINE
  5
DF2
330
2
100
AcDbEntity
  8
CS-DIML
100
AcDbLine
 10
1340375.394882312
 20
-13839.09067458915
 30
0.0
 11
1339350.394882311
 21
-13839.09067458915
 31
0.0
  0
LINE
  5
DF3
330
2
100
AcDbEntity
  8
CS-DIML
100
AcDbLine
 10
1340500.394882311
 20
-15039.09067458915
 30
0.0
 11
1339350.394882311
 21
-15039.09067458915
 31
0.0
  0
LINE
  5
DF4
330
2
100
AcDbEntity
  8
CS-DIML
100
AcDbLine
 10
1340625.394882311
 20
-14439.09067458915
 30
0.0
 11
1339350.394882311
 21
-14439.09067458915
 31
0.0
  0
LINE
  5
DF5
330
2
100
AcDbEntity
  8
CS-DIML
100
AcDbLine
 10
1340625.394882311
 20
-11439.09067458915
 30
0.0
 11
1339350.394882311
 21
-11439.09067458915
 31
0.0
  0
LINE
  5
DF6
330
2
100
AcDbEntity
  8
CS-DIML
100
AcDbLine
 10
1340500.394882311
 20
-12439.09067458915
 30
0.0
 11
1339350.394882311
 21
-12439.09067458915
 31
0.0
  0
LINE
  5
DF7
330
2
100
AcDbEntity
  8
CS-DIML
100
AcDbLine
 10
1340375.394882312
 20
-11839.09067458915
 30
0.0
 11
1339350.394882311
 21
-11839.09067458915
 31
0.0
  0
LINE
  5
DF8
330
2
100
AcDbEntity
  8
CS-DIML
100
AcDbLine
 10
1340875.394882311
 20
-13439.09067458915
 30
0.0
 11
1342483.394882311
 21
-13439.09067458915
 31
0.0
  0
LINE
  5
DF9
330
2
100
AcDbEntity
  8
CS-DIML
100
AcDbLine
 10
1340312.894882311
 20
-10989.09067458915
 30
0.0
 11
1340312.894882311
 21
-17126.59067458915
 31
0.0
  0
LINE
  5
DFA
330
2
100
AcDbEntity
  8
CS-DIML
100
AcDbLine
 10
1341312.894882312
 20
-10989.09067458915
 30
0.0
 11
1341312.894882312
 21
-17126.59067458915
 31
0.0
  0
LINE
  5
DFB
330
2
100
AcDbEntity
  8
CS-DIML
100
AcDbLine
 10
1348109.090339312
 20
-20699.59565130193
 30
0.0
 11
1348109.090339312
 21
-20174.59565130193
 31
0.0
  0
LINE
  5
DFC
330
2
100
AcDbEntity
  8
CS-DIML
100
AcDbLine
 10
1347796.590339312
 20
-20199.59565130193
 30
0.0
 11
1348109.090339312
 21
-20199.59565130193
 31
0.0
  0
LINE
  5
DFD
330
2
100
AcDbEntity
  8
CS-DIML
100
AcDbLine
 10
1348199.090339311
 20
-20699.59565130193
 30
0.0
 11
1348199.090339311
 21
-20174.59565130193
 31
0.0
  0
LINE
  5
DFE
330
2
100
AcDbEntity
  8
CS-DIML
100
AcDbLine
 10
1348109.090339312
 20
-20199.59565130193
 30
0.0
 11
1348199.090339311
 21
-20199.59565130193
 31
0.0
  0
LINE
  5
DFF
330
2
100
AcDbEntity
  8
CS-DIML
100
AcDbLine
 10
1348519.090339312
 20
-20699.59565130193
 30
0.0
 11
1348519.090339312
 21
-20174.59565130193
 31
0.0
  0
LINE
  5
E00
330
2
100
AcDbEntity
  8
CS-DIML
100
AcDbLine
 10
1348199.090339311
 20
-20199.59565130193
 30
0.0
 11
1348519.090339312
 21
-20199.59565130193
 31
0.0
  0
LINE
  5
E01
330
2
100
AcDbEntity
  8
CS-DIML
100
AcDbLine
 10
1348659.090339311
 20
-20699.59565130193
 30
0.0
 11
1348659.090339311
 21
-20174.59565130193
 31
0.0
  0
LINE
  5
E02
330
2
100
AcDbEntity
  8
CS-DIML
100
AcDbLine
 10
1348519.090339312
 20
-20199.59565130193
 30
0.0
 11
1348659.090339311
 21
-20199.59565130193
 31
0.0
  0
LINE
  5
E03
330
2
100
AcDbEntity
  8
CS-DIML
100
AcDbLine
 10
1355559.090339311
 20
-20699.59565130193
 30
0.0
 11
1355559.090339311
 21
-20174.59565130193
 31
0.0
  0
LINE
  5
E04
330
2
100
AcDbEntity
  8
CS-DIML
100
AcDbLine
 10
1348659.090339311
 20
-20199.59565130193
 30
0.0
 11
1355559.090339311
 21
-20199.59565130193
 31
0.0
  0
LINE
  5
E05
330
2
100
AcDbEntity
  8
CS-DIML
100
AcDbLine
 10
1355699.090339312
 20
-20699.59565130193
 30
0.0
 11
1355699.090339312
 21
-20174.59565130193
 31
0.0
  0
LINE
  5
E06
330
2
100
AcDbEntity
  8
CS-DIML
100
AcDbLine
 10
1355559.090339311
 20
-20199.59565130193
 30
0.0
 11
1355699.090339312
 21
-20199.59565130193
 31
0.0
  0
LINE
  5
E07
330
2
100
AcDbEntity
  8
CS-DIML
100
AcDbLine
 10
1356019.090339312
 20
-20699.59565130193
 30
0.0
 11
1356019.090339312
 21
-20174.59565130193
 31
0.0
  0
LINE
  5
E08
330
2
100
AcDbEntity
  8
CS-DIML
100
AcDbLine
 10
1355699.090339312
 20
-20199.59565130193
 30
0.0
 11
1356019.090339312
 21
-20199.59565130193
 31
0.0
  0
LINE
  5
E09
330
2
100
AcDbEntity
  8
CS-DIML
100
AcDbLine
 10
1356109.090339311
 20
-20699.59565130193
 30
0.0
 11
1356109.090339311
 21
-20174.59565130193
 31
0.0
  0
LINE
  5
E0A
330
2
100
AcDbEntity
  8
CS-DIML
100
AcDbLine
 10
1356019.090339312
 20
-20199.59565130193
 30
0.0
 11
1356109.090339311
 21
-20199.59565130193
 31
0.0
  0
LINE
  5
E0B
330
2
100
AcDbEntity
  8
CS-DIML
100
AcDbLine
 10
1356109.090339311
 20
-20199.59565130193
 30
0.0
 11
1357109.090339311
 21
-20199.59565130193
 31
0.0
  0
LINE
  5
E0C
330
2
100
AcDbEntity
  8
CS-DIML
100
AcDbLine
 10
1348109.090339312
 20
-20199.59565130193
 30
0.0
 11
1348109.090339312
 21
-19674.59565130193
 31
0.0
  0
LINE
  5
E0D
330
2
100
AcDbEntity
  8
CS-DIML
100
AcDbLine
 10
1356109.090339311
 20
-20199.59565130193
 30
0.0
 11
1356109.090339311
 21
-19674.59565130193
 31
0.0
  0
LINE
  5
E0E
330
2
100
AcDbEntity
  8
CS-DIML
100
AcDbLine
 10
1348109.090339312
 20
-19699.59565130193
 30
0.0
 11
1356109.090339311
 21
-19699.59565130193
 31
0.0
  0
LINE
  5
E0F
330
2
100
AcDbEntity
  8
CS-DIML
100
AcDbLine
 10
1356109.090339311
 20
-24199.59565130193
 30
0.0
 11
1356484.090339311
 21
-24199.59565130193
 31
0.0
  0
LINE
  5
E10
330
2
100
AcDbEntity
  8
CS-DIML
100
AcDbLine
 10
1356019.090339312
 20
-24199.59565130193
 30
0.0
 11
1356109.090339311
 21
-24199.59565130193
 31
0.0
  0
LINE
  5
E11
330
2
100
AcDbEntity
  8
CS-DIML
100
AcDbLine
 10
1356109.090339311
 20
-23699.59565130193
 30
0.0
 11
1356109.090339311
 21
-24224.59565130193
 31
0.0
  0
LINE
  5
E12
330
2
100
AcDbEntity
  8
CS-DIML
100
AcDbLine
 10
1355819.090339311
 20
-24199.59565130193
 30
0.0
 11
1356019.090339312
 21
-24199.59565130193
 31
0.0
  0
LINE
  5
E13
330
2
100
AcDbEntity
  8
CS-DIML
100
AcDbLine
 10
1356019.090339312
 20
-23699.59565130193
 30
0.0
 11
1356019.090339312
 21
-24224.59565130193
 31
0.0
  0
LINE
  5
E14
330
2
100
AcDbEntity
  8
CS-DIML
100
AcDbLine
 10
1353279.090339311
 20
-24199.59565130193
 30
0.0
 11
1355819.090339311
 21
-24199.59565130193
 31
0.0
  0
LINE
  5
E15
330
2
100
AcDbEntity
  8
CS-DIML
100
AcDbLine
 10
1355819.090339311
 20
-23699.59565130193
 30
0.0
 11
1355819.090339311
 21
-24224.59565130193
 31
0.0
  0
LINE
  5
E16
330
2
100
AcDbEntity
  8
CS-DIML
100
AcDbLine
 10
1350939.090339311
 20
-24199.59565130193
 30
0.0
 11
1353279.090339311
 21
-24199.59565130193
 31
0.0
  0
LINE
  5
E17
330
2
100
AcDbEntity
  8
CS-DIML
100
AcDbLine
 10
1353279.090339311
 20
-23699.59565130193
 30
0.0
 11
1353279.090339311
 21
-24224.59565130193
 31
0.0
  0
LINE
  5
E18
330
2
100
AcDbEntity
  8
CS-DIML
100
AcDbLine
 10
1348399.090339311
 20
-24199.59565130193
 30
0.0
 11
1350939.090339311
 21
-24199.59565130193
 31
0.0
  0
LINE
  5
E19
330
2
100
AcDbEntity
  8
CS-DIML
100
AcDbLine
 10
1350939.090339311
 20
-23699.59565130193
 30
0.0
 11
1350939.090339311
 21
-24224.59565130193
 31
0.0
  0
LINE
  5
E1A
330
2
100
AcDbEntity
  8
CS-DIML
100
AcDbLine
 10
1348199.090339311
 20
-24199.59565130193
 30
0.0
 11
1348399.090339311
 21
-24199.59565130193
 31
0.0
  0
LINE
  5
E1B
330
2
100
AcDbEntity
  8
CS-DIML
100
AcDbLine
 10
1348399.090339311
 20
-23699.59565130193
 30
0.0
 11
1348399.090339311
 21
-24224.59565130193
 31
0.0
  0
LINE
  5
E1C
330
2
100
AcDbEntity
  8
CS-DIML
100
AcDbLine
 10
1348109.090339312
 20
-24199.59565130193
 30
0.0
 11
1348199.090339311
 21
-24199.59565130193
 31
0.0
  0
LINE
  5
E1D
330
2
100
AcDbEntity
  8
CS-DIML
100
AcDbLine
 10
1348199.090339311
 20
-23699.59565130193
 30
0.0
 11
1348199.090339311
 21
-24224.59565130193
 31
0.0
  0
LINE
  5
E1E
330
2
100
AcDbEntity
  8
CS-DIML
100
AcDbLine
 10
1347796.590339312
 20
-24199.59565130193
 30
0.0
 11
1348109.090339312
 21
-24199.59565130193
 31
0.0
  0
LINE
  5
E1F
330
2
100
AcDbEntity
  8
CS-DIML
100
AcDbLine
 10
1348109.090339312
 20
-23699.59565130193
 30
0.0
 11
1348109.090339312
 21
-24224.59565130193
 31
0.0
  0
LINE
  5
E20
330
2
100
AcDbEntity
  8
CS-DIML
100
AcDbLine
 10
1346609.090339311
 20
-22199.59565130193
 30
0.0
 11
1346609.090339311
 21
-23199.59565130193
 31
0.0
  0
LINE
  5
E21
330
2
100
AcDbEntity
  8
CS-DIML
100
AcDbLine
 10
1347109.090339311
 20
-23199.59565130193
 30
0.0
 11
1346584.090339312
 21
-23199.59565130193
 31
0.0
  0
LINE
  5
E22
330
2
100
AcDbEntity
  8
CS-DIML
100
AcDbLine
 10
1347109.090339311
 20
-22199.59565130193
 30
0.0
 11
1346584.090339312
 21
-22199.59565130193
 31
0.0
  0
LINE
  5
E23
330
2
100
AcDbEntity
  8
CS-DIML
100
AcDbLine
 10
1346609.090339311
 20
-22199.59565130193
 30
0.0
 11
1346609.090339311
 21
-21199.59565130193
 31
0.0
  0
LINE
  5
E24
330
2
100
AcDbEntity
  8
CS-DIML
100
AcDbLine
 10
1347109.090339311
 20
-21199.59565130193
 30
0.0
 11
1346584.090339312
 21
-21199.59565130193
 31
0.0
  0
LINE
  5
E25
330
2
100
AcDbEntity
  8
CS-DIML
100
AcDbLine
 10
1347109.090339311
 20
-22199.59565130193
 30
0.0
 11
1346584.090339312
 21
-22199.59565130193
 31
0.0
  0
LINE
  5
E26
330
2
100
AcDbEntity
  8
CS-DIML
100
AcDbLine
 10
1353009.090339311
 20
-22074.59565130193
 30
0.0
 11
1353009.090339311
 21
-20799.59565130193
 31
0.0
  0
LINE
  5
E27
330
2
100
AcDbEntity
  8
CS-DIML
100
AcDbLine
 10
1352109.090339311
 20
-21949.59565130193
 30
0.0
 11
1352109.090339311
 21
-20799.59565130193
 31
0.0
  0
LINE
  5
E28
330
2
100
AcDbEntity
  8
CS-DIML
100
AcDbLine
 10
1353609.090339311
 20
-22574.59565130193
 30
0.0
 11
1353609.090339311
 21
-23599.59565130193
 31
0.0
  0
LINE
  5
E29
330
2
100
AcDbEntity
  8
CS-DIML
100
AcDbLine
 10
1353009.090339311
 20
-22324.59565130193
 30
0.0
 11
1353009.090339311
 21
-23599.59565130193
 31
0.0
  0
LINE
  5
E2A
330
2
100
AcDbEntity
  8
CS-DIML
100
AcDbLine
 10
1349709.090339312
 20
-22449.59565130193
 30
0.0
 11
1349709.090339312
 21
-23599.59565130193
 31
0.0
  0
LINE
  5
E2B
330
2
100
AcDbEntity
  8
CS-DIML
100
AcDbLine
 10
1354809.090339311
 20
-22449.59565130193
 30
0.0
 11
1354809.090339311
 21
-23599.59565130193
 31
0.0
  0
LINE
  5
E2C
330
2
100
AcDbEntity
  8
CS-DIML
100
AcDbLine
 10
1350609.090339311
 20
-22574.59565130193
 30
0.0
 11
1350609.090339311
 21
-23599.59565130193
 31
0.0
  0
LINE
  5
E2D
330
2
100
AcDbEntity
  8
CS-DIML
100
AcDbLine
 10
1356509.090339311
 20
-21637.09565130193
 30
0.0
 11
1348519.090339312
 21
-21637.09565130193
 31
0.0
  0
LINE
  5
E2E
330
2
100
AcDbEntity
  8
CS-DIML
100
AcDbLine
 10
1356509.090339311
 20
-22637.09565130193
 30
0.0
 11
1348519.090339312
 21
-22637.09565130193
 31
0.0
  0
LINE
  5
E2F
330
2
100
AcDbEntity
  8
CS-DIML
100
AcDbLine
 10
1356045.340339312
 20
-2215.314358940795
 30
0.0
 11
1356420.340339312
 21
-2215.314358940795
 31
0.0
  0
LINE
  5
E30
330
2
100
AcDbEntity
  8
CS-DIML
100
AcDbLine
 10
1355955.340339311
 20
-2215.314358940795
 30
0.0
 11
1356045.340339312
 21
-2215.314358940795
 31
0.0
  0
LINE
  5
E31
330
2
100
AcDbEntity
  8
CS-DIML
100
AcDbLine
 10
1356045.340339312
 20
-2715.314358940795
 30
0.0
 11
1356045.340339312
 21
-2190.314358940795
 31
0.0
  0
LINE
  5
E32
330
2
100
AcDbEntity
  8
CS-DIML
100
AcDbLine
 10
1355755.340339312
 20
-2215.314358940795
 30
0.0
 11
1355955.340339311
 21
-2215.314358940795
 31
0.0
  0
LINE
  5
E33
330
2
100
AcDbEntity
  8
CS-DIML
100
AcDbLine
 10
1355955.340339311
 20
-2715.314358940795
 30
0.0
 11
1355955.340339311
 21
-2190.314358940795
 31
0.0
  0
LINE
  5
E34
330
2
100
AcDbEntity
  8
CS-DIML
100
AcDbLine
 10
1353215.340339311
 20
-2215.314358940795
 30
0.0
 11
1355755.340339312
 21
-2215.314358940795
 31
0.0
  0
LINE
  5
E35
330
2
100
AcDbEntity
  8
CS-DIML
100
AcDbLine
 10
1355755.340339312
 20
-2715.314358940795
 30
0.0
 11
1355755.340339312
 21
-2190.314358940795
 31
0.0
  0
LINE
  5
E36
330
2
100
AcDbEntity
  8
CS-DIML
100
AcDbLine
 10
1350875.340339312
 20
-2215.314358940795
 30
0.0
 11
1353215.340339311
 21
-2215.314358940795
 31
0.0
  0
LINE
  5
E37
330
2
100
AcDbEntity
  8
CS-DIML
100
AcDbLine
 10
1353215.340339311
 20
-2715.314358940795
 30
0.0
 11
1353215.340339311
 21
-2190.314358940795
 31
0.0
  0
LINE
  5
E38
330
2
100
AcDbEntity
  8
CS-DIML
100
AcDbLine
 10
1348335.340339311
 20
-2215.314358940795
 30
0.0
 11
1350875.340339312
 21
-2215.314358940795
 31
0.0
  0
LINE
  5
E39
330
2
100
AcDbEntity
  8
CS-DIML
100
AcDbLine
 10
1350875.340339312
 20
-2715.314358940795
 30
0.0
 11
1350875.340339312
 21
-2190.314358940795
 31
0.0
  0
LINE
  5
E3A
330
2
100
AcDbEntity
  8
CS-DIML
100
AcDbLine
 10
1348135.340339311
 20
-2215.314358940795
 30
0.0
 11
1348335.340339311
 21
-2215.314358940795
 31
0.0
  0
LINE
  5
E3B
330
2
100
AcDbEntity
  8
CS-DIML
100
AcDbLine
 10
1348335.340339311
 20
-2715.314358940795
 30
0.0
 11
1348335.340339311
 21
-2190.314358940795
 31
0.0
  0
LINE
  5
E3C
330
2
100
AcDbEntity
  8
CS-DIML
100
AcDbLine
 10
1348045.340339311
 20
-2215.314358940795
 30
0.0
 11
1348135.340339311
 21
-2215.314358940795
 31
0.0
  0
LINE
  5
E3D
330
2
100
AcDbEntity
  8
CS-DIML
100
AcDbLine
 10
1348135.340339311
 20
-2715.314358940795
 30
0.0
 11
1348135.340339311
 21
-2190.314358940795
 31
0.0
  0
LINE
  5
E3E
330
2
100
AcDbEntity
  8
CS-DIML
100
AcDbLine
 10
1347732.840339311
 20
-2215.314358940795
 30
0.0
 11
1348045.340339311
 21
-2215.314358940795
 31
0.0
  0
LINE
  5
E3F
330
2
100
AcDbEntity
  8
CS-DIML
100
AcDbLine
 10
1348045.340339311
 20
-2715.314358940795
 30
0.0
 11
1348045.340339311
 21
-2190.314358940795
 31
0.0
  0
LINE
  5
E40
330
2
100
AcDbEntity
  8
CS-DIML
100
AcDbLine
 10
1348045.340339311
 20
-5715.314358940795
 30
0.0
 11
1348045.340339311
 21
-6240.314358940795
 31
0.0
  0
LINE
  5
E41
330
2
100
AcDbEntity
  8
CS-DIML
100
AcDbLine
 10
1347732.840339311
 20
-6215.314358940795
 30
0.0
 11
1348045.340339311
 21
-6215.314358940795
 31
0.0
  0
LINE
  5
E42
330
2
100
AcDbEntity
  8
CS-DIML
100
AcDbLine
 10
1348135.340339311
 20
-5715.314358940795
 30
0.0
 11
1348135.340339311
 21
-6240.314358940795
 31
0.0
  0
LINE
  5
E43
330
2
100
AcDbEntity
  8
CS-DIML
100
AcDbLine
 10
1348045.340339311
 20
-6215.314358940795
 30
0.0
 11
1348135.340339311
 21
-6215.314358940795
 31
0.0
  0
LINE
  5
E44
330
2
100
AcDbEntity
  8
CS-DIML
100
AcDbLine
 10
1348455.340339311
 20
-5715.314358940795
 30
0.0
 11
1348455.340339311
 21
-6240.314358940795
 31
0.0
  0
LINE
  5
E45
330
2
100
AcDbEntity
  8
CS-DIML
100
AcDbLine
 10
1348135.340339311
 20
-6215.314358940795
 30
0.0
 11
1348455.340339311
 21
-6215.314358940795
 31
0.0
  0
LINE
  5
E46
330
2
100
AcDbEntity
  8
CS-DIML
100
AcDbLine
 10
1348595.340339311
 20
-5715.314358940795
 30
0.0
 11
1348595.340339311
 21
-6240.314358940795
 31
0.0
  0
LINE
  5
E47
330
2
100
AcDbEntity
  8
CS-DIML
100
AcDbLine
 10
1348455.340339311
 20
-6215.314358940795
 30
0.0
 11
1348595.340339311
 21
-6215.314358940795
 31
0.0
  0
LINE
  5
E48
330
2
100
AcDbEntity
  8
CS-DIML
100
AcDbLine
 10
1355495.340339311
 20
-5715.314358940795
 30
0.0
 11
1355495.340339311
 21
-6240.314358940795
 31
0.0
  0
LINE
  5
E49
330
2
100
AcDbEntity
  8
CS-DIML
100
AcDbLine
 10
1348595.340339311
 20
-6215.314358940795
 30
0.0
 11
1355495.340339311
 21
-6215.314358940795
 31
0.0
  0
LINE
  5
E4A
330
2
100
AcDbEntity
  8
CS-DIML
100
AcDbLine
 10
1355635.340339311
 20
-5715.314358940795
 30
0.0
 11
1355635.340339311
 21
-6240.314358940795
 31
0.0
  0
LINE
  5
E4B
330
2
100
AcDbEntity
  8
CS-DIML
100
AcDbLine
 10
1355495.340339311
 20
-6215.314358940795
 30
0.0
 11
1355635.340339311
 21
-6215.314358940795
 31
0.0
  0
LINE
  5
E4C
330
2
100
AcDbEntity
  8
CS-DIML
100
AcDbLine
 10
1355955.340339311
 20
-5715.314358940795
 30
0.0
 11
1355955.340339311
 21
-6240.314358940795
 31
0.0
  0
LINE
  5
E4D
330
2
100
AcDbEntity
  8
CS-DIML
100
AcDbLine
 10
1355635.340339311
 20
-6215.314358940795
 30
0.0
 11
1355955.340339311
 21
-6215.314358940795
 31
0.0
  0
LINE
  5
E4E
330
2
100
AcDbEntity
  8
CS-DIML
100
AcDbLine
 10
1356045.340339312
 20
-5715.314358940795
 30
0.0
 11
1356045.340339312
 21
-6240.314358940795
 31
0.0
  0
LINE
  5
E4F
330
2
100
AcDbEntity
  8
CS-DIML
100
AcDbLine
 10
1355955.340339311
 20
-6215.314358940795
 30
0.0
 11
1356045.340339312
 21
-6215.314358940795
 31
0.0
  0
LINE
  5
E50
330
2
100
AcDbEntity
  8
CS-DIML
100
AcDbLine
 10
1356045.340339312
 20
-6215.314358940795
 30
0.0
 11
1357045.340339311
 21
-6215.314358940795
 31
0.0
  0
LINE
  5
E51
330
2
100
AcDbEntity
  8
CS-DIML
100
AcDbLine
 10
1348045.340339311
 20
-6215.314358940795
 30
0.0
 11
1348045.340339311
 21
-6740.314358940796
 31
0.0
  0
LINE
  5
E52
330
2
100
AcDbEntity
  8
CS-DIML
100
AcDbLine
 10
1356045.340339312
 20
-6215.314358940795
 30
0.0
 11
1356045.340339312
 21
-6740.314358940796
 31
0.0
  0
LINE
  5
E53
330
2
100
AcDbEntity
  8
CS-DIML
100
AcDbLine
 10
1348045.340339311
 20
-6715.314358940796
 30
0.0
 11
1356045.340339312
 21
-6715.314358940796
 31
0.0
  0
LINE
  5
E54
330
2
100
AcDbEntity
  8
CS-DIML
100
AcDbLine
 10
1346545.340339311
 20
-4215.314358940795
 30
0.0
 11
1346545.340339311
 21
-5215.314358940795
 31
0.0
  0
LINE
  5
E55
330
2
100
AcDbEntity
  8
CS-DIML
100
AcDbLine
 10
1347045.340339311
 20
-5215.314358940795
 30
0.0
 11
1346520.340339311
 21
-5215.314358940795
 31
0.0
  0
LINE
  5
E56
330
2
100
AcDbEntity
  8
CS-DIML
100
AcDbLine
 10
1347045.340339311
 20
-4215.314358940795
 30
0.0
 11
1346520.340339311
 21
-4215.314358940795
 31
0.0
  0
LINE
  5
E57
330
2
100
AcDbEntity
  8
CS-DIML
100
AcDbLine
 10
1346545.340339311
 20
-4215.314358940795
 30
0.0
 11
1346545.340339311
 21
-3215.314358940795
 31
0.0
  0
LINE
  5
E58
330
2
100
AcDbEntity
  8
CS-DIML
100
AcDbLine
 10
1347045.340339311
 20
-3215.314358940795
 30
0.0
 11
1346520.340339311
 21
-3215.314358940795
 31
0.0
  0
LINE
  5
E59
330
2
100
AcDbEntity
  8
CS-DIML
100
AcDbLine
 10
1347045.340339311
 20
-4215.314358940795
 30
0.0
 11
1346520.340339311
 21
-4215.314358940795
 31
0.0
  0
LINE
  5
E5A
330
2
100
AcDbEntity
  8
CS-DIML
100
AcDbLine
 10
1349945.340339311
 20
-3840.314358940796
 30
0.0
 11
1349945.340339311
 21
-2815.314358940795
 31
0.0
  0
LINE
  5
E5B
330
2
100
AcDbEntity
  8
CS-DIML
100
AcDbLine
 10
1352045.340339312
 20
-3840.314358940796
 30
0.0
 11
1352045.340339312
 21
-2815.314358940795
 31
0.0
  0
LINE
  5
E5C
330
2
100
AcDbEntity
  8
CS-DIML
100
AcDbLine
 10
1354745.340339311
 20
-3965.314358940796
 30
0.0
 11
1354745.340339311
 21
-2815.314358940795
 31
0.0
  0
LINE
  5
E5D
330
2
100
AcDbEntity
  8
CS-DIML
100
AcDbLine
 10
1349645.340339311
 20
-3965.314358940796
 30
0.0
 11
1349645.340339311
 21
-2815.314358940795
 31
0.0
  0
LINE
  5
E5E
330
2
100
AcDbEntity
  8
CS-DIML
100
AcDbLine
 10
1353545.340339312
 20
-4090.314358940795
 30
0.0
 11
1353545.340339312
 21
-2815.314358940795
 31
0.0
  0
LINE
  5
E5F
330
2
100
AcDbEntity
  8
CS-DIML
100
AcDbLine
 10
1352945.340339311
 20
-4465.314358940795
 30
0.0
 11
1352945.340339311
 21
-5615.314358940795
 31
0.0
  0
LINE
  5
E60
330
2
100
AcDbEntity
  8
CS-DIML
100
AcDbLine
 10
1352045.340339312
 20
-4340.314358940795
 30
0.0
 11
1352045.340339312
 21
-5615.314358940795
 31
0.0
  0
LINE
  5
E61
330
2
100
AcDbEntity
  8
CS-DIML
100
AcDbLine
 10
1356445.340339311
 20
-3652.814358940795
 30
0.0
 11
1348455.340339311
 21
-3652.814358940795
 31
0.0
  0
LINE
  5
E62
330
2
100
AcDbEntity
  8
CS-DIML
100
AcDbLine
 10
1356445.340339311
 20
-4652.814358940795
 30
0.0
 11
1348455.340339311
 21
-4652.814358940795
 31
0.0
  0
LINE
  5
E63
330
2
100
AcDbEntity
  8
CS-DIML
100
AcDbLine
 10
1348045.340339311
 20
-9814.865971203261
 30
0.0
 11
1348045.340339311
 21
-9289.86597120326
 31
0.0
  0
LINE
  5
E64
330
2
100
AcDbEntity
  8
CS-DIML
100
AcDbLine
 10
1347732.840339311
 20
-9314.865971203261
 30
0.0
 11
1348045.340339311
 21
-9314.865971203261
 31
0.0
  0
LINE
  5
E65
330
2
100
AcDbEntity
  8
CS-DIML
100
AcDbLine
 10
1348135.340339311
 20
-9814.865971203261
 30
0.0
 11
1348135.340339311
 21
-9289.86597120326
 31
0.0
  0
LINE
  5
E66
330
2
100
AcDbEntity
  8
CS-DIML
100
AcDbLine
 10
1348045.340339311
 20
-9314.865971203261
 30
0.0
 11
1348135.340339311
 21
-9314.865971203261
 31
0.0
  0
LINE
  5
E67
330
2
100
AcDbEntity
  8
CS-DIML
100
AcDbLine
 10
1348455.340339311
 20
-9814.865971203261
 30
0.0
 11
1348455.340339311
 21
-9289.86597120326
 31
0.0
  0
LINE
  5
E68
330
2
100
AcDbEntity
  8
CS-DIML
100
AcDbLine
 10
1348135.340339311
 20
-9314.865971203261
 30
0.0
 11
1348455.340339311
 21
-9314.865971203261
 31
0.0
  0
LINE
  5
E69
330
2
100
AcDbEntity
  8
CS-DIML
100
AcDbLine
 10
1348595.340339311
 20
-9814.865971203261
 30
0.0
 11
1348595.340339311
 21
-9289.86597120326
 31
0.0
  0
LINE
  5
E6A
330
2
100
AcDbEntity
  8
CS-DIML
100
AcDbLine
 10
1348455.340339311
 20
-9314.865971203261
 30
0.0
 11
1348595.340339311
 21
-9314.865971203261
 31
0.0
  0
LINE
  5
E6B
330
2
100
AcDbEntity
  8
CS-DIML
100
AcDbLine
 10
1355495.340339311
 20
-9814.865971203261
 30
0.0
 11
1355495.340339311
 21
-9289.86597120326
 31
0.0
  0
LINE
  5
E6C
330
2
100
AcDbEntity
  8
CS-DIML
100
AcDbLine
 10
1348595.340339311
 20
-9314.865971203261
 30
0.0
 11
1355495.340339311
 21
-9314.865971203261
 31
0.0
  0
LINE
  5
E6D
330
2
100
AcDbEntity
  8
CS-DIML
100
AcDbLine
 10
1355635.340339311
 20
-9814.865971203261
 30
0.0
 11
1355635.340339311
 21
-9289.86597120326
 31
0.0
  0
LINE
  5
E6E
330
2
100
AcDbEntity
  8
CS-DIML
100
AcDbLine
 10
1355495.340339311
 20
-9314.865971203261
 30
0.0
 11
1355635.340339311
 21
-9314.865971203261
 31
0.0
  0
LINE
  5
E6F
330
2
100
AcDbEntity
  8
CS-DIML
100
AcDbLine
 10
1355955.340339311
 20
-9814.865971203261
 30
0.0
 11
1355955.340339311
 21
-9289.86597120326
 31
0.0
  0
LINE
  5
E70
330
2
100
AcDbEntity
  8
CS-DIML
100
AcDbLine
 10
1355635.340339311
 20
-9314.865971203261
 30
0.0
 11
1355955.340339311
 21
-9314.865971203261
 31
0.0
  0
LINE
  5
E71
330
2
100
AcDbEntity
  8
CS-DIML
100
AcDbLine
 10
1356045.340339312
 20
-9814.865971203261
 30
0.0
 11
1356045.340339312
 21
-9289.86597120326
 31
0.0
  0
LINE
  5
E72
330
2
100
AcDbEntity
  8
CS-DIML
100
AcDbLine
 10
1355955.340339311
 20
-9314.865971203261
 30
0.0
 11
1356045.340339312
 21
-9314.865971203261
 31
0.0
  0
LINE
  5
E73
330
2
100
AcDbEntity
  8
CS-DIML
100
AcDbLine
 10
1356045.340339312
 20
-9314.865971203261
 30
0.0
 11
1357170.340339311
 21
-9314.865971203261
 31
0.0
  0
LINE
  5
E74
330
2
100
AcDbEntity
  8
CS-DIML
100
AcDbLine
 10
1348045.340339311
 20
-9314.865971203261
 30
0.0
 11
1348045.340339311
 21
-8789.86597120326
 31
0.0
  0
LINE
  5
E75
330
2
100
AcDbEntity
  8
CS-DIML
100
AcDbLine
 10
1347732.840339311
 20
-8814.865971203261
 30
0.0
 11
1348045.340339311
 21
-8814.865971203261
 31
0.0
  0
LINE
  5
E76
330
2
100
AcDbEntity
  8
CS-DIML
100
AcDbLine
 10
1348135.340339311
 20
-9314.865971203261
 30
0.0
 11
1348135.340339311
 21
-8789.86597120326
 31
0.0
  0
LINE
  5
E77
330
2
100
AcDbEntity
  8
CS-DIML
100
AcDbLine
 10
1348045.340339311
 20
-8814.865971203261
 30
0.0
 11
1348135.340339311
 21
-8814.865971203261
 31
0.0
  0
LINE
  5
E78
330
2
100
AcDbEntity
  8
CS-DIML
100
AcDbLine
 10
1348455.340339311
 20
-9314.865971203261
 30
0.0
 11
1348455.340339311
 21
-8789.86597120326
 31
0.0
  0
LINE
  5
E79
330
2
100
AcDbEntity
  8
CS-DIML
100
AcDbLine
 10
1348135.340339311
 20
-8814.865971203261
 30
0.0
 11
1348455.340339311
 21
-8814.865971203261
 31
0.0
  0
LINE
  5
E7A
330
2
100
AcDbEntity
  8
CS-DIML
100
AcDbLine
 10
1348595.340339311
 20
-9314.865971203261
 30
0.0
 11
1348595.340339311
 21
-8789.86597120326
 31
0.0
  0
LINE
  5
E7B
330
2
100
AcDbEntity
  8
CS-DIML
100
AcDbLine
 10
1348455.340339311
 20
-8814.865971203261
 30
0.0
 11
1348595.340339311
 21
-8814.865971203261
 31
0.0
  0
LINE
  5
E7C
330
2
100
AcDbEntity
  8
CS-DIML
100
AcDbLine
 10
1355495.340339311
 20
-9314.865971203261
 30
0.0
 11
1355495.340339311
 21
-8789.86597120326
 31
0.0
  0
LINE
  5
E7D
330
2
100
AcDbEntity
  8
CS-DIML
100
AcDbLine
 10
1348595.340339311
 20
-8814.865971203261
 30
0.0
 11
1355495.340339311
 21
-8814.865971203261
 31
0.0
  0
LINE
  5
E7E
330
2
100
AcDbEntity
  8
CS-DIML
100
AcDbLine
 10
1355635.340339311
 20
-9314.865971203261
 30
0.0
 11
1355635.340339311
 21
-8789.86597120326
 31
0.0
  0
LINE
  5
E7F
330
2
100
AcDbEntity
  8
CS-DIML
100
AcDbLine
 10
1355495.340339311
 20
-8814.865971203261
 30
0.0
 11
1355635.340339311
 21
-8814.865971203261
 31
0.0
  0
LINE
  5
E80
330
2
100
AcDbEntity
  8
CS-DIML
100
AcDbLine
 10
1355955.340339311
 20
-9314.865971203261
 30
0.0
 11
1355955.340339311
 21
-8789.86597120326
 31
0.0
  0
LINE
  5
E81
330
2
100
AcDbEntity
  8
CS-DIML
100
AcDbLine
 10
1355635.340339311
 20
-8814.865971203261
 30
0.0
 11
1355955.340339311
 21
-8814.865971203261
 31
0.0
  0
LINE
  5
E82
330
2
100
AcDbEntity
  8
CS-DIML
100
AcDbLine
 10
1356045.340339312
 20
-9314.865971203261
 30
0.0
 11
1356045.340339312
 21
-8789.86597120326
 31
0.0
  0
LINE
  5
E83
330
2
100
AcDbEntity
  8
CS-DIML
100
AcDbLine
 10
1355955.340339311
 20
-8814.865971203261
 30
0.0
 11
1356045.340339312
 21
-8814.865971203261
 31
0.0
  0
LINE
  5
E84
330
2
100
AcDbEntity
  8
CS-DIML
100
AcDbLine
 10
1356045.340339312
 20
-8814.865971203261
 30
0.0
 11
1357170.340339311
 21
-8814.865971203261
 31
0.0
  0
LINE
  5
E85
330
2
100
AcDbEntity
  8
CS-DIML
100
AcDbLine
 10
1348045.340339311
 20
-8814.865971203261
 30
0.0
 11
1348045.340339311
 21
-8289.86597120326
 31
0.0
  0
LINE
  5
E86
330
2
100
AcDbEntity
  8
CS-DIML
100
AcDbLine
 10
1356045.340339312
 20
-8814.865971203261
 30
0.0
 11
1356045.340339312
 21
-8289.86597120326
 31
0.0
  0
LINE
  5
E87
330
2
100
AcDbEntity
  8
CS-DIML
100
AcDbLine
 10
1348045.340339311
 20
-8314.865971203261
 30
0.0
 11
1356045.340339312
 21
-8314.865971203261
 31
0.0
  0
LINE
  5
E88
330
2
100
AcDbEntity
  8
CS-DIML
100
AcDbLine
 10
1348045.340339311
 20
-17364.86597120326
 30
0.0
 11
1348045.340339311
 21
-17889.86597120326
 31
0.0
  0
LINE
  5
E89
330
2
100
AcDbEntity
  8
CS-DIML
100
AcDbLine
 10
1347732.840339311
 20
-17864.86597120326
 30
0.0
 11
1348045.340339311
 21
-17864.86597120326
 31
0.0
  0
LINE
  5
E8A
330
2
100
AcDbEntity
  8
CS-DIML
100
AcDbLine
 10
1348135.340339311
 20
-17364.86597120326
 30
0.0
 11
1348135.340339311
 21
-17889.86597120326
 31
0.0
  0
LINE
  5
E8B
330
2
100
AcDbEntity
  8
CS-DIML
100
AcDbLine
 10
1348045.340339311
 20
-17864.86597120326
 30
0.0
 11
1348135.340339311
 21
-17864.86597120326
 31
0.0
  0
LINE
  5
E8C
330
2
100
AcDbEntity
  8
CS-DIML
100
AcDbLine
 10
1348455.340339311
 20
-17364.86597120326
 30
0.0
 11
1348455.340339311
 21
-17889.86597120326
 31
0.0
  0
LINE
  5
E8D
330
2
100
AcDbEntity
  8
CS-DIML
100
AcDbLine
 10
1348135.340339311
 20
-17864.86597120326
 30
0.0
 11
1348455.340339311
 21
-17864.86597120326
 31
0.0
  0
LINE
  5
E8E
330
2
100
AcDbEntity
  8
CS-DIML
100
AcDbLine
 10
1348595.340339311
 20
-17364.86597120326
 30
0.0
 11
1348595.340339311
 21
-17889.86597120326
 31
0.0
  0
LINE
  5
E8F
330
2
100
AcDbEntity
  8
CS-DIML
100
AcDbLine
 10
1348455.340339311
 20
-17864.86597120326
 30
0.0
 11
1348595.340339311
 21
-17864.86597120326
 31
0.0
  0
LINE
  5
E90
330
2
100
AcDbEntity
  8
CS-DIML
100
AcDbLine
 10
1355495.340339311
 20
-17364.86597120326
 30
0.0
 11
1355495.340339311
 21
-17889.86597120326
 31
0.0
  0
LINE
  5
E91
330
2
100
AcDbEntity
  8
CS-DIML
100
AcDbLine
 10
1348595.340339311
 20
-17864.86597120326
 30
0.0
 11
1355495.340339311
 21
-17864.86597120326
 31
0.0
  0
LINE
  5
E92
330
2
100
AcDbEntity
  8
CS-DIML
100
AcDbLine
 10
1355635.340339311
 20
-17364.86597120326
 30
0.0
 11
1355635.340339311
 21
-17889.86597120326
 31
0.0
  0
LINE
  5
E93
330
2
100
AcDbEntity
  8
CS-DIML
100
AcDbLine
 10
1355495.340339311
 20
-17864.86597120326
 30
0.0
 11
1355635.340339311
 21
-17864.86597120326
 31
0.0
  0
LINE
  5
E94
330
2
100
AcDbEntity
  8
CS-DIML
100
AcDbLine
 10
1355955.340339311
 20
-17364.86597120326
 30
0.0
 11
1355955.340339311
 21
-17889.86597120326
 31
0.0
  0
LINE
  5
E95
330
2
100
AcDbEntity
  8
CS-DIML
100
AcDbLine
 10
1355635.340339311
 20
-17864.86597120326
 30
0.0
 11
1355955.340339311
 21
-17864.86597120326
 31
0.0
  0
LINE
  5
E96
330
2
100
AcDbEntity
  8
CS-DIML
100
AcDbLine
 10
1356045.340339312
 20
-17364.86597120326
 30
0.0
 11
1356045.340339312
 21
-17889.86597120326
 31
0.0
  0
LINE
  5
E97
330
2
100
AcDbEntity
  8
CS-DIML
100
AcDbLine
 10
1355955.340339311
 20
-17864.86597120326
 30
0.0
 11
1356045.340339312
 21
-17864.86597120326
 31
0.0
  0
LINE
  5
E98
330
2
100
AcDbEntity
  8
CS-DIML
100
AcDbLine
 10
1356045.340339312
 20
-17864.86597120326
 30
0.0
 11
1357170.340339311
 21
-17864.86597120326
 31
0.0
  0
LINE
  5
E99
330
2
100
AcDbEntity
  8
CS-DIML
100
AcDbLine
 10
1348045.340339311
 20
-17864.86597120326
 30
0.0
 11
1348045.340339311
 21
-18389.86597120326
 31
0.0
  0
LINE
  5
E9A
330
2
100
AcDbEntity
  8
CS-DIML
100
AcDbLine
 10
1356045.340339312
 20
-17864.86597120326
 30
0.0
 11
1356045.340339312
 21
-18389.86597120326
 31
0.0
  0
LINE
  5
E9B
330
2
100
AcDbEntity
  8
CS-DIML
100
AcDbLine
 10
1348045.340339311
 20
-18364.86597120326
 30
0.0
 11
1356045.340339312
 21
-18364.86597120326
 31
0.0
  0
LINE
  5
E9C
330
2
100
AcDbEntity
  8
CS-DIML
100
AcDbLine
 10
1348045.340339311
 20
-16864.86597120326
 30
0.0
 11
1348045.340339311
 21
-17389.86597120326
 31
0.0
  0
LINE
  5
E9D
330
2
100
AcDbEntity
  8
CS-DIML
100
AcDbLine
 10
1347732.840339311
 20
-17364.86597120326
 30
0.0
 11
1348045.340339311
 21
-17364.86597120326
 31
0.0
  0
LINE
  5
E9E
330
2
100
AcDbEntity
  8
CS-DIML
100
AcDbLine
 10
1348135.340339311
 20
-16864.86597120326
 30
0.0
 11
1348135.340339311
 21
-17389.86597120326
 31
0.0
  0
LINE
  5
E9F
330
2
100
AcDbEntity
  8
CS-DIML
100
AcDbLine
 10
1348045.340339311
 20
-17364.86597120326
 30
0.0
 11
1348135.340339311
 21
-17364.86597120326
 31
0.0
  0
LINE
  5
EA0
330
2
100
AcDbEntity
  8
CS-DIML
100
AcDbLine
 10
1348455.340339311
 20
-16864.86597120326
 30
0.0
 11
1348455.340339311
 21
-17389.86597120326
 31
0.0
  0
LINE
  5
EA1
330
2
100
AcDbEntity
  8
CS-DIML
100
AcDbLine
 10
1348135.340339311
 20
-17364.86597120326
 30
0.0
 11
1348455.340339311
 21
-17364.86597120326
 31
0.0
  0
LINE
  5
EA2
330
2
100
AcDbEntity
  8
CS-DIML
100
AcDbLine
 10
1348595.340339311
 20
-16864.86597120326
 30
0.0
 11
1348595.340339311
 21
-17389.86597120326
 31
0.0
  0
LINE
  5
EA3
330
2
100
AcDbEntity
  8
CS-DIML
100
AcDbLine
 10
1348455.340339311
 20
-17364.86597120326
 30
0.0
 11
1348595.340339311
 21
-17364.86597120326
 31
0.0
  0
LINE
  5
EA4
330
2
100
AcDbEntity
  8
CS-DIML
100
AcDbLine
 10
1355495.340339311
 20
-16864.86597120326
 30
0.0
 11
1355495.340339311
 21
-17389.86597120326
 31
0.0
  0
LINE
  5
EA5
330
2
100
AcDbEntity
  8
CS-DIML
100
AcDbLine
 10
1348595.340339311
 20
-17364.86597120326
 30
0.0
 11
1355495.340339311
 21
-17364.86597120326
 31
0.0
  0
LINE
  5
EA6
330
2
100
AcDbEntity
  8
CS-DIML
100
AcDbLine
 10
1355635.340339311
 20
-16864.86597120326
 30
0.0
 11
1355635.340339311
 21
-17389.86597120326
 31
0.0
  0
LINE
  5
EA7
330
2
100
AcDbEntity
  8
CS-DIML
100
AcDbLine
 10
1355495.340339311
 20
-17364.86597120326
 30
0.0
 11
1355635.340339311
 21
-17364.86597120326
 31
0.0
  0
LINE
  5
EA8
330
2
100
AcDbEntity
  8
CS-DIML
100
AcDbLine
 10
1355955.340339311
 20
-16864.86597120326
 30
0.0
 11
1355955.340339311
 21
-17389.86597120326
 31
0.0
  0
LINE
  5
EA9
330
2
100
AcDbEntity
  8
CS-DIML
100
AcDbLine
 10
1355635.340339311
 20
-17364.86597120326
 30
0.0
 11
1355955.340339311
 21
-17364.86597120326
 31
0.0
  0
LINE
  5
EAA
330
2
100
AcDbEntity
  8
CS-DIML
100
AcDbLine
 10
1356045.340339312
 20
-16864.86597120326
 30
0.0
 11
1356045.340339312
 21
-17389.86597120326
 31
0.0
  0
LINE
  5
EAB
330
2
100
AcDbEntity
  8
CS-DIML
100
AcDbLine
 10
1355955.340339311
 20
-17364.86597120326
 30
0.0
 11
1356045.340339312
 21
-17364.86597120326
 31
0.0
  0
LINE
  5
EAC
330
2
100
AcDbEntity
  8
CS-DIML
100
AcDbLine
 10
1356045.340339312
 20
-17364.86597120326
 30
0.0
 11
1357170.340339311
 21
-17364.86597120326
 31
0.0
  0
LINE
  5
EAD
330
2
100
AcDbEntity
  8
CS-DIML
100
AcDbLine
 10
1346545.340339311
 20
-16364.86597120326
 30
0.0
 11
1346020.340339312
 21
-16364.86597120326
 31
0.0
  0
LINE
  5
EAE
330
2
100
AcDbEntity
  8
CS-DIML
100
AcDbLine
 10
1346045.340339312
 20
-16677.36597120326
 30
0.0
 11
1346045.340339312
 21
-16364.86597120326
 31
0.0
  0
LINE
  5
EAF
330
2
100
AcDbEntity
  8
CS-DIML
100
AcDbLine
 10
1346545.340339311
 20
-16274.86597120326
 30
0.0
 11
1346020.340339312
 21
-16274.86597120326
 31
0.0
  0
LINE
  5
EB0
330
2
100
AcDbEntity
  8
CS-DIML
100
AcDbLine
 10
1346045.340339312
 20
-16364.86597120326
 30
0.0
 11
1346045.340339312
 21
-16274.86597120326
 31
0.0
  0
LINE
  5
EB1
330
2
100
AcDbEntity
  8
CS-DIML
100
AcDbLine
 10
1346545.340339311
 20
-15664.86597120326
 30
0.0
 11
1346020.340339312
 21
-15664.86597120326
 31
0.0
  0
LINE
  5
EB2
330
2
100
AcDbEntity
  8
CS-DIML
100
AcDbLine
 10
1346045.340339312
 20
-16274.86597120326
 30
0.0
 11
1346045.340339312
 21
-15664.86597120326
 31
0.0
  0
LINE
  5
EB3
330
2
100
AcDbEntity
  8
CS-DIML
100
AcDbLine
 10
1346545.340339311
 20
-15514.86597120326
 30
0.0
 11
1346020.340339312
 21
-15514.86597120326
 31
0.0
  0
LINE
  5
EB4
330
2
100
AcDbEntity
  8
CS-DIML
100
AcDbLine
 10
1346045.340339312
 20
-15664.86597120326
 30
0.0
 11
1346045.340339312
 21
-15514.86597120326
 31
0.0
  0
LINE
  5
EB5
330
2
100
AcDbEntity
  8
CS-DIML
100
AcDbLine
 10
1346545.340339311
 20
-11114.86597120326
 30
0.0
 11
1346020.340339312
 21
-11114.86597120326
 31
0.0
  0
LINE
  5
EB6
330
2
100
AcDbEntity
  8
CS-DIML
100
AcDbLine
 10
1346045.340339312
 20
-15514.86597120326
 30
0.0
 11
1346045.340339312
 21
-11114.86597120326
 31
0.0
  0
LINE
  5
EB7
330
2
100
AcDbEntity
  8
CS-DIML
100
AcDbLine
 10
1346545.340339311
 20
-10964.86597120326
 30
0.0
 11
1346020.340339312
 21
-10964.86597120326
 31
0.0
  0
LINE
  5
EB8
330
2
100
AcDbEntity
  8
CS-DIML
100
AcDbLine
 10
1346045.340339312
 20
-11114.86597120326
 30
0.0
 11
1346045.340339312
 21
-10964.86597120326
 31
0.0
  0
LINE
  5
EB9
330
2
100
AcDbEntity
  8
CS-DIML
100
AcDbLine
 10
1346545.340339311
 20
-10404.86597120326
 30
0.0
 11
1346020.340339312
 21
-10404.86597120326
 31
0.0
  0
LINE
  5
EBA
330
2
100
AcDbEntity
  8
CS-DIML
100
AcDbLine
 10
1346045.340339312
 20
-10964.86597120326
 30
0.0
 11
1346045.340339312
 21
-10404.86597120326
 31
0.0
  0
LINE
  5
EBB
330
2
100
AcDbEntity
  8
CS-DIML
100
AcDbLine
 10
1346545.340339311
 20
-10314.86597120326
 30
0.0
 11
1346020.340339312
 21
-10314.86597120326
 31
0.0
  0
LINE
  5
EBC
330
2
100
AcDbEntity
  8
CS-DIML
100
AcDbLine
 10
1346045.340339312
 20
-10404.86597120326
 30
0.0
 11
1346045.340339312
 21
-10314.86597120326
 31
0.0
  0
LINE
  5
EBD
330
2
100
AcDbEntity
  8
CS-DIML
100
AcDbLine
 10
1346045.340339312
 20
-10314.86597120326
 30
0.0
 11
1346045.340339312
 21
-9189.865971203261
 31
0.0
  0
LINE
  5
EBE
330
2
100
AcDbEntity
  8
CS-DIML
100
AcDbLine
 10
1346045.340339312
 20
-16364.86597120326
 30
0.0
 11
1345520.340339311
 21
-16364.86597120326
 31
0.0
  0
LINE
  5
EBF
330
2
100
AcDbEntity
  8
CS-DIML
100
AcDbLine
 10
1346045.340339312
 20
-10314.86597120326
 30
0.0
 11
1345520.340339311
 21
-10314.86597120326
 31
0.0
  0
LINE
  5
EC0
330
2
100
AcDbEntity
  8
CS-DIML
100
AcDbLine
 10
1345545.340339311
 20
-16364.86597120326
 30
0.0
 11
1345545.340339311
 21
-10314.86597120326
 31
0.0
  0
LINE
  5
EC1
330
2
100
AcDbEntity
  8
CS-DIML
100
AcDbLine
 10
1347045.340339311
 20
-16364.86597120326
 30
0.0
 11
1346520.340339311
 21
-16364.86597120326
 31
0.0
  0
LINE
  5
EC2
330
2
100
AcDbEntity
  8
CS-DIML
100
AcDbLine
 10
1346545.340339311
 20
-16677.36597120326
 30
0.0
 11
1346545.340339311
 21
-16364.86597120326
 31
0.0
  0
LINE
  5
EC3
330
2
100
AcDbEntity
  8
CS-DIML
100
AcDbLine
 10
1347045.340339311
 20
-16274.86597120326
 30
0.0
 11
1346520.340339311
 21
-16274.86597120326
 31
0.0
  0
LINE
  5
EC4
330
2
100
AcDbEntity
  8
CS-DIML
100
AcDbLine
 10
1346545.340339311
 20
-16364.86597120326
 30
0.0
 11
1346545.340339311
 21
-16274.86597120326
 31
0.0
  0
LINE
  5
EC5
330
2
100
AcDbEntity
  8
CS-DIML
100
AcDbLine
 10
1347045.340339311
 20
-15664.86597120326
 30
0.0
 11
1346520.340339311
 21
-15664.86597120326
 31
0.0
  0
LINE
  5
EC6
330
2
100
AcDbEntity
  8
CS-DIML
100
AcDbLine
 10
1346545.340339311
 20
-16274.86597120326
 30
0.0
 11
1346545.340339311
 21
-15664.86597120326
 31
0.0
  0
LINE
  5
EC7
330
2
100
AcDbEntity
  8
CS-DIML
100
AcDbLine
 10
1347045.340339311
 20
-15514.86597120326
 30
0.0
 11
1346520.340339311
 21
-15514.86597120326
 31
0.0
  0
LINE
  5
EC8
330
2
100
AcDbEntity
  8
CS-DIML
100
AcDbLine
 10
1346545.340339311
 20
-15664.86597120326
 30
0.0
 11
1346545.340339311
 21
-15514.86597120326
 31
0.0
  0
LINE
  5
EC9
330
2
100
AcDbEntity
  8
CS-DIML
100
AcDbLine
 10
1347045.340339311
 20
-11114.86597120326
 30
0.0
 11
1346520.340339311
 21
-11114.86597120326
 31
0.0
  0
LINE
  5
ECA
330
2
100
AcDbEntity
  8
CS-DIML
100
AcDbLine
 10
1346545.340339311
 20
-15514.86597120326
 30
0.0
 11
1346545.340339311
 21
-11114.86597120326
 31
0.0
  0
LINE
  5
ECB
330
2
100
AcDbEntity
  8
CS-DIML
100
AcDbLine
 10
1347045.340339311
 20
-10964.86597120326
 30
0.0
 11
1346520.340339311
 21
-10964.86597120326
 31
0.0
  0
LINE
  5
ECC
330
2
100
AcDbEntity
  8
CS-DIML
100
AcDbLine
 10
1346545.340339311
 20
-11114.86597120326
 30
0.0
 11
1346545.340339311
 21
-10964.86597120326
 31
0.0
  0
LINE
  5
ECD
330
2
100
AcDbEntity
  8
CS-DIML
100
AcDbLine
 10
1347045.340339311
 20
-10404.86597120326
 30
0.0
 11
1346520.340339311
 21
-10404.86597120326
 31
0.0
  0
LINE
  5
ECE
330
2
100
AcDbEntity
  8
CS-DIML
100
AcDbLine
 10
1346545.340339311
 20
-10964.86597120326
 30
0.0
 11
1346545.340339311
 21
-10404.86597120326
 31
0.0
  0
LINE
  5
ECF
330
2
100
AcDbEntity
  8
CS-DIML
100
AcDbLine
 10
1347045.340339311
 20
-10314.86597120326
 30
0.0
 11
1346520.340339311
 21
-10314.86597120326
 31
0.0
  0
LINE
  5
ED0
330
2
100
AcDbEntity
  8
CS-DIML
100
AcDbLine
 10
1346545.340339311
 20
-10404.86597120326
 30
0.0
 11
1346545.340339311
 21
-10314.86597120326
 31
0.0
  0
LINE
  5
ED1
330
2
100
AcDbEntity
  8
CS-DIML
100
AcDbLine
 10
1346545.340339311
 20
-10314.86597120326
 30
0.0
 11
1346545.340339311
 21
-9189.865971203261
 31
0.0
  0
LINE
  5
ED2
330
2
100
AcDbEntity
  8
CS-DIML
100
AcDbLine
 10
1357545.340339312
 20
-16364.86597120326
 30
0.0
 11
1358070.340339311
 21
-16364.86597120326
 31
0.0
  0
LINE
  5
ED3
330
2
100
AcDbEntity
  8
CS-DIML
100
AcDbLine
 10
1358045.340339311
 20
-16677.36597120326
 30
0.0
 11
1358045.340339311
 21
-16364.86597120326
 31
0.0
  0
LINE
  5
ED4
330
2
100
AcDbEntity
  8
CS-DIML
100
AcDbLine
 10
1357545.340339312
 20
-16274.86597120326
 30
0.0
 11
1358070.340339311
 21
-16274.86597120326
 31
0.0
  0
LINE
  5
ED5
330
2
100
AcDbEntity
  8
CS-DIML
100
AcDbLine
 10
1358045.340339311
 20
-16364.86597120326
 30
0.0
 11
1358045.340339311
 21
-16274.86597120326
 31
0.0
  0
LINE
  5
ED6
330
2
100
AcDbEntity
  8
CS-DIML
100
AcDbLine
 10
1357545.340339312
 20
-15664.86597120326
 30
0.0
 11
1358070.340339311
 21
-15664.86597120326
 31
0.0
  0
LINE
  5
ED7
330
2
100
AcDbEntity
  8
CS-DIML
100
AcDbLine
 10
1358045.340339311
 20
-16274.86597120326
 30
0.0
 11
1358045.340339311
 21
-15664.86597120326
 31
0.0
  0
LINE
  5
ED8
330
2
100
AcDbEntity
  8
CS-DIML
100
AcDbLine
 10
1357545.340339312
 20
-15514.86597120326
 30
0.0
 11
1358070.340339311
 21
-15514.86597120326
 31
0.0
  0
LINE
  5
ED9
330
2
100
AcDbEntity
  8
CS-DIML
100
AcDbLine
 10
1358045.340339311
 20
-15664.86597120326
 30
0.0
 11
1358045.340339311
 21
-15514.86597120326
 31
0.0
  0
LINE
  5
EDA
330
2
100
AcDbEntity
  8
CS-DIML
100
AcDbLine
 10
1357545.340339312
 20
-11114.86597120326
 30
0.0
 11
1358070.340339311
 21
-11114.86597120326
 31
0.0
  0
LINE
  5
EDB
330
2
100
AcDbEntity
  8
CS-DIML
100
AcDbLine
 10
1358045.340339311
 20
-15514.86597120326
 30
0.0
 11
1358045.340339311
 21
-11114.86597120326
 31
0.0
  0
LINE
  5
EDC
330
2
100
AcDbEntity
  8
CS-DIML
100
AcDbLine
 10
1357545.340339312
 20
-10964.86597120326
 30
0.0
 11
1358070.340339311
 21
-10964.86597120326
 31
0.0
  0
LINE
  5
EDD
330
2
100
AcDbEntity
  8
CS-DIML
100
AcDbLine
 10
1358045.340339311
 20
-11114.86597120326
 30
0.0
 11
1358045.340339311
 21
-10964.86597120326
 31
0.0
  0
LINE
  5
EDE
330
2
100
AcDbEntity
  8
CS-DIML
100
AcDbLine
 10
1357545.340339312
 20
-10404.86597120326
 30
0.0
 11
1358070.340339311
 21
-10404.86597120326
 31
0.0
  0
LINE
  5
EDF
330
2
100
AcDbEntity
  8
CS-DIML
100
AcDbLine
 10
1358045.340339311
 20
-10964.86597120326
 30
0.0
 11
1358045.340339311
 21
-10404.86597120326
 31
0.0
  0
LINE
  5
EE0
330
2
100
AcDbEntity
  8
CS-DIML
100
AcDbLine
 10
1357545.340339312
 20
-10314.86597120326
 30
0.0
 11
1358070.340339311
 21
-10314.86597120326
 31
0.0
  0
LINE
  5
EE1
330
2
100
AcDbEntity
  8
CS-DIML
100
AcDbLine
 10
1358045.340339311
 20
-10404.86597120326
 30
0.0
 11
1358045.340339311
 21
-10314.86597120326
 31
0.0
  0
LINE
  5
EE2
330
2
100
AcDbEntity
  8
CS-DIML
100
AcDbLine
 10
1358045.340339311
 20
-10314.86597120326
 30
0.0
 11
1358045.340339311
 21
-9189.865971203261
 31
0.0
  0
LINE
  5
EE3
330
2
100
AcDbEntity
  8
CS-DIML
100
AcDbLine
 10
1358045.340339311
 20
-16364.86597120326
 30
0.0
 11
1358570.340339311
 21
-16364.86597120326
 31
0.0
  0
LINE
  5
EE4
330
2
100
AcDbEntity
  8
CS-DIML
100
AcDbLine
 10
1358045.340339311
 20
-10314.86597120326
 30
0.0
 11
1358570.340339311
 21
-10314.86597120326
 31
0.0
  0
LINE
  5
EE5
330
2
100
AcDbEntity
  8
CS-DIML
100
AcDbLine
 10
1358545.340339311
 20
-16364.86597120326
 30
0.0
 11
1358545.340339311
 21
-10314.86597120326
 31
0.0
  0
LINE
  5
EE6
330
2
100
AcDbEntity
  8
CS-DIML
100
AcDbLine
 10
1357045.340339311
 20
-16364.86597120326
 30
0.0
 11
1357570.340339312
 21
-16364.86597120326
 31
0.0
  0
LINE
  5
EE7
330
2
100
AcDbEntity
  8
CS-DIML
100
AcDbLine
 10
1357545.340339312
 20
-16677.36597120326
 30
0.0
 11
1357545.340339312
 21
-16364.86597120326
 31
0.0
  0
LINE
  5
EE8
330
2
100
AcDbEntity
  8
CS-DIML
100
AcDbLine
 10
1357045.340339311
 20
-16274.86597120326
 30
0.0
 11
1357570.340339312
 21
-16274.86597120326
 31
0.0
  0
LINE
  5
EE9
330
2
100
AcDbEntity
  8
CS-DIML
100
AcDbLine
 10
1357545.340339312
 20
-16364.86597120326
 30
0.0
 11
1357545.340339312
 21
-16274.86597120326
 31
0.0
  0
LINE
  5
EEA
330
2
100
AcDbEntity
  8
CS-DIML
100
AcDbLine
 10
1357045.340339311
 20
-15664.86597120326
 30
0.0
 11
1357570.340339312
 21
-15664.86597120326
 31
0.0
  0
LINE
  5
EEB
330
2
100
AcDbEntity
  8
CS-DIML
100
AcDbLine
 10
1357545.340339312
 20
-16274.86597120326
 30
0.0
 11
1357545.340339312
 21
-15664.86597120326
 31
0.0
  0
LINE
  5
EEC
330
2
100
AcDbEntity
  8
CS-DIML
100
AcDbLine
 10
1357045.340339311
 20
-15514.86597120326
 30
0.0
 11
1357570.340339312
 21
-15514.86597120326
 31
0.0
  0
LINE
  5
EED
330
2
100
AcDbEntity
  8
CS-DIML
100
AcDbLine
 10
1357545.340339312
 20
-15664.86597120326
 30
0.0
 11
1357545.340339312
 21
-15514.86597120326
 31
0.0
  0
LINE
  5
EEE
330
2
100
AcDbEntity
  8
CS-DIML
100
AcDbLine
 10
1357045.340339311
 20
-11114.86597120326
 30
0.0
 11
1357570.340339312
 21
-11114.86597120326
 31
0.0
  0
LINE
  5
EEF
330
2
100
AcDbEntity
  8
CS-DIML
100
AcDbLine
 10
1357545.340339312
 20
-15514.86597120326
 30
0.0
 11
1357545.340339312
 21
-11114.86597120326
 31
0.0
  0
LINE
  5
EF0
330
2
100
AcDbEntity
  8
CS-DIML
100
AcDbLine
 10
1357045.340339311
 20
-10964.86597120326
 30
0.0
 11
1357570.340339312
 21
-10964.86597120326
 31
0.0
  0
LINE
  5
EF1
330
2
100
AcDbEntity
  8
CS-DIML
100
AcDbLine
 10
1357545.340339312
 20
-11114.86597120326
 30
0.0
 11
1357545.340339312
 21
-10964.86597120326
 31
0.0
  0
LINE
  5
EF2
330
2
100
AcDbEntity
  8
CS-DIML
100
AcDbLine
 10
1357045.340339311
 20
-10404.86597120326
 30
0.0
 11
1357570.340339312
 21
-10404.86597120326
 31
0.0
  0
LINE
  5
EF3
330
2
100
AcDbEntity
  8
CS-DIML
100
AcDbLine
 10
1357545.340339312
 20
-10964.86597120326
 30
0.0
 11
1357545.340339312
 21
-10404.86597120326
 31
0.0
  0
LINE
  5
EF4
330
2
100
AcDbEntity
  8
CS-DIML
100
AcDbLine
 10
1357045.340339311
 20
-10314.86597120326
 30
0.0
 11
1357570.340339312
 21
-10314.86597120326
 31
0.0
  0
LINE
  5
EF5
330
2
100
AcDbEntity
  8
CS-DIML
100
AcDbLine
 10
1357545.340339312
 20
-10404.86597120326
 30
0.0
 11
1357545.340339312
 21
-10314.86597120326
 31
0.0
  0
LINE
  5
EF6
330
2
100
AcDbEntity
  8
CS-DIML
100
AcDbLine
 10
1357545.340339312
 20
-10314.86597120326
 30
0.0
 11
1357545.340339312
 21
-9189.865971203261
 31
0.0
  0
LINE
  5
EF7
330
2
100
AcDbEntity
  8
CS-DIML
100
AcDbLine
 10
1355795.340339311
 20
-13414.86597120326
 30
0.0
 11
1355145.340339311
 21
-13414.86597120326
 31
0.0
  0
LINE
  5
EF8
330
2
100
AcDbEntity
  8
CS-DIML
100
AcDbLine
 10
1355795.340339311
 20
-15514.86597120326
 30
0.0
 11
1355795.340339311
 21
-11314.86597120326
 31
0.0
  0
LINE
  5
EF9
330
2
100
AcDbEntity
  8
CS-DIML
100
AcDbLine
 10
1348295.340339311
 20
-13414.86597120326
 30
0.0
 11
1348945.340339311
 21
-13414.86597120326
 31
0.0
  0
LINE
  5
EFA
330
2
100
AcDbEntity
  8
CS-DIML
100
AcDbLine
 10
1348295.340339311
 20
-15514.86597120326
 30
0.0
 11
1348295.340339311
 21
-11314.86597120326
 31
0.0
  0
LINE
  5
EFB
330
2
100
AcDbEntity
  8
CS-DIML
100
AcDbLine
 10
1354432.698552256
 20
-15964.86597120326
 30
0.0
 11
1354432.698552256
 21
-17164.86597120326
 31
0.0
  0
LINE
  5
EFC
330
2
100
AcDbEntity
  8
CS-DIML
100
AcDbLine
 10
1348595.340339311
 20
-15964.86597120326
 30
0.0
 11
1355195.340339311
 21
-15964.86597120326
 31
0.0
  0
LINE
  5
EFD
330
2
100
AcDbEntity
  8
CS-DIML
100
AcDbLine
 10
1354444.550196363
 20
-10689.86597120326
 30
0.0
 11
1354444.550196363
 21
-9914.865971203262
 31
0.0
  0
LINE
  5
EFE
330
2
100
AcDbEntity
  8
CS-DIML
100
AcDbLine
 10
1348595.340339311
 20
-10689.86597120326
 30
0.0
 11
1355195.340339311
 21
-10689.86597120326
 31
0.0
  0
LINE
  5
EFF
330
2
100
AcDbEntity
  8
CS-DIML
100
AcDbLine
 10
1350695.340339312
 20
-10942.36597120326
 30
0.0
 11
1350995.340339312
 21
-11414.86597120326
 31
0.0
  0
LINE
  5
F00
330
2
100
AcDbEntity
  8
CS-DIML
100
AcDbLine
 10
1350995.340339312
 20
-10942.36597120326
 30
0.0
 11
1350995.340339312
 21
-11414.86597120326
 31
0.0
  0
LINE
  5
F01
330
2
100
AcDbEntity
  8
CS-DIML
100
AcDbLine
 10
1351295.340339311
 20
-10942.36597120326
 30
0.0
 11
1350995.340339312
 21
-11414.86597120326
 31
0.0
  0
LINE
  5
F02
330
2
100
AcDbEntity
  8
CS-DIML
100
AcDbLine
 10
1350995.340339312
 20
-11414.86597120326
 30
0.0
 11
1350995.340339312
 21
-11864.86597120326
 31
0.0
  0
LINE
  5
F03
330
2
100
AcDbEntity
  8
CS-DIML
100
AcDbLine
 10
1350695.340339312
 20
-10427.36597120326
 30
0.0
 11
1350995.340339312
 21
-9914.865971203262
 31
0.0
  0
LINE
  5
F04
330
2
100
AcDbEntity
  8
CS-DIML
100
AcDbLine
 10
1350995.340339312
 20
-10427.36597120326
 30
0.0
 11
1350995.340339312
 21
-9914.865971203262
 31
0.0
  0
LINE
  5
F05
330
2
100
AcDbEntity
  8
CS-DIML
100
AcDbLine
 10
1351295.340339311
 20
-10427.36597120326
 30
0.0
 11
1350995.340339312
 21
-9914.865971203262
 31
0.0
  0
LINE
  5
F06
330
2
100
AcDbEntity
  8
CS-DIML
100
AcDbLine
 10
1350695.340339312
 20
-16252.36597120326
 30
0.0
 11
1350995.340339312
 21
-16714.86597120326
 31
0.0
  0
LINE
  5
F07
330
2
100
AcDbEntity
  8
CS-DIML
100
AcDbLine
 10
1350995.340339312
 20
-16252.36597120326
 30
0.0
 11
1350995.340339312
 21
-16714.86597120326
 31
0.0
  0
LINE
  5
F08
330
2
100
AcDbEntity
  8
CS-DIML
100
AcDbLine
 10
1351295.340339311
 20
-16252.36597120326
 30
0.0
 11
1350995.340339312
 21
-16714.86597120326
 31
0.0
  0
LINE
  5
F09
330
2
100
AcDbEntity
  8
CS-DIML
100
AcDbLine
 10
1350995.340339312
 20
-16714.86597120326
 30
0.0
 11
1350995.340339312
 21
-17164.86597120326
 31
0.0
  0
LINE
  5
F0A
330
2
100
AcDbEntity
  8
CS-DIML
100
AcDbLine
 10
1350695.340339312
 20
-15687.36597120326
 30
0.0
 11
1350995.340339312
 21
-15164.86597120326
 31
0.0
  0
LINE
  5
F0B
330
2
100
AcDbEntity
  8
CS-DIML
100
AcDbLine
 10
1350995.340339312
 20
-15687.36597120326
 30
0.0
 11
1350995.340339312
 21
-15164.86597120326
 31
0.0
  0
LINE
  5
F0C
330
2
100
AcDbEntity
  8
CS-DIML
100
AcDbLine
 10
1351295.340339311
 20
-15687.36597120326
 30
0.0
 11
1350995.340339312
 21
-15164.86597120326
 31
0.0
  0
LINE
  5
F0D
330
2
100
AcDbEntity
  8
CS-DIML
100
AcDbLine
 10
1348157.840339311
 20
-14114.86597120326
 30
0.0
 11
1347645.340339312
 21
-13914.86597120326
 31
0.0
  0
LINE
  5
F0E
330
2
100
AcDbEntity
  8
CS-DIML
100
AcDbLine
 10
1348157.840339311
 20
-13914.86597120326
 30
0.0
 11
1347645.340339312
 21
-13914.86597120326
 31
0.0
  0
LINE
  5
F0F
330
2
100
AcDbEntity
  8
CS-DIML
100
AcDbLine
 10
1348157.840339311
 20
-13714.86597120326
 30
0.0
 11
1347645.340339312
 21
-13914.86597120326
 31
0.0
  0
LINE
  5
F10
330
2
100
AcDbEntity
  8
CS-DIML
100
AcDbLine
 10
1355932.840339312
 20
-14114.86597120326
 30
0.0
 11
1356445.340339311
 21
-13914.86597120326
 31
0.0
  0
LINE
  5
F11
330
2
100
AcDbEntity
  8
CS-DIML
100
AcDbLine
 10
1355932.840339312
 20
-13914.86597120326
 30
0.0
 11
1356445.340339311
 21
-13914.86597120326
 31
0.0
  0
LINE
  5
F12
330
2
100
AcDbEntity
  8
CS-DIML
100
AcDbLine
 10
1355932.840339312
 20
-13714.86597120326
 30
0.0
 11
1356445.340339311
 21
-13914.86597120326
 31
0.0
  0
LINE
  5
F13
330
2
100
AcDbEntity
  8
CS-DIML
100
AcDbLine
 10
1356445.340339311
 20
-13914.86597120326
 30
0.0
 11
1356895.340339312
 21
-13914.86597120326
 31
0.0
  0
LINE
  5
F14
330
2
100
AcDbEntity
  8
CS-CONC-MAJR
  6
A-HIDDN01
100
AcDbLine
 10
1364297.785796311
 20
-11064.86597120326
 30
0.0
 11
1362297.785796311
 21
-11064.86597120326
 31
0.0
  0
LINE
  5
F18
330
2
100
AcDbEntity
  8
CS-CONC-MAJR
  6
A-HIDDN01
100
AcDbLine
 10
1364297.785796311
 20
-15564.86597120326
 30
0.0
 11
1362297.785796311
 21
-15564.86597120326
 31
0.0
  0
LINE
  5
F19
330
2
100
AcDbEntity
  8
CS-CONC-MAJR
100
AcDbLine
 10
1364297.785796311
 20
-10314.86597120326
 30
0.0
 11
1362297.785796311
 21
-10314.86597120326
 31
0.0
  0
LINE
  5
F1A
330
2
100
AcDbEntity
  8
CS-CONC-MAJR
100
AcDbLine
 10
1364297.785796311
 20
-16364.86597120326
 30
0.0
 11
1362297.785796311
 21
-16364.86597120326
 31
0.0
  0
LINE
  5
F1B
330
2
100
AcDbEntity
  8
CS-CONC-MAJR
  6
A-HIDDN01
100
AcDbLine
 10
1339750.394882311
 20
-11089.09067458915
 30
0.0
 11
1341750.394882311
 21
-11089.09067458915
 31
0.0
  0
LINE
  5
F1C
330
2
100
AcDbEntity
  8
CS-CONC-MAJR
  6
A-HIDDN01
100
AcDbLine
 10
1339750.394882311
 20
-15589.09067458915
 30
0.0
 11
1341750.394882311
 21
-15589.09067458915
 31
0.0
  0
LINE
  5
F1D
330
2
100
AcDbEntity
  8
CS-CONC-MAJR
100
AcDbLine
 10
1339750.394882311
 20
-10339.09067458915
 30
0.0
 11
1341750.394882311
 21
-10339.09067458915
 31
0.0
  0
LINE
  5
F1E
330
2
100
AcDbEntity
  8
CS-CONC-MAJR
100
AcDbLine
 10
1339750.394882311
 20
-16389.09067458915
 30
0.0
 11
1341750.394882311
 21
-16389.09067458915
 31
0.0
  0
LINE
  5
F1F
330
2
100
AcDbEntity
  8
CS-CONC-MAJR
  6
A-HIDDN01
100
AcDbLine
 10
1355609.090339312
 20
-21199.59565130193
 30
0.0
 11
1355609.090339312
 21
-23199.59565130193
 31
0.0
  0
LINE
  5
F20
330
2
100
AcDbEntity
  8
CS-CONC-MAJR
  6
A-HIDDN01
100
AcDbLine
 10
1348609.090339311
 20
-21199.59565130193
 30
0.0
 11
1348609.090339311
 21
-23199.59565130193
 31
0.0
  0
LINE
  5
F21
330
2
100
AcDbEntity
  8
CS-CONC-MAJR
100
AcDbLine
 10
1356109.090339311
 20
-21199.59565130193
 30
0.0
 11
1356109.090339311
 21
-23199.59565130193
 31
0.0
  0
LINE
  5
F22
330
2
100
AcDbEntity
  8
CS-CONC-MAJR
100
AcDbLine
 10
1348109.090339312
 20
-21199.59565130193
 30
0.0
 11
1348109.090339312
 21
-23199.59565130193
 31
0.0
  0
LINE
  5
F23
330
2
100
AcDbEntity
  8
CS-CONC-MAJR
  6
A-HIDDN01
100
AcDbLine
 10
1355545.340339311
 20
-3215.314358940795
 30
0.0
 11
1355545.340339311
 21
-5215.314358940795
 31
0.0
  0
LINE
  5
F24
330
2
100
AcDbEntity
  8
CS-CONC-MAJR
  6
A-HIDDN01
100
AcDbLine
 10
1348545.340339311
 20
-3215.314358940795
 30
0.0
 11
1348545.340339311
 21
-5215.314358940795
 31
0.0
  0
LINE
  5
F25
330
2
100
AcDbEntity
  8
CS-CONC-MAJR
100
AcDbLine
 10
1356045.340339312
 20
-3215.314358940795
 30
0.0
 11
1356045.340339312
 21
-5215.314358940795
 31
0.0
  0
LINE
  5
F26
330
2
100
AcDbEntity
  8
CS-CONC-MAJR
100
AcDbLine
 10
1348045.340339311
 20
-3215.314358940795
 30
0.0
 11
1348045.340339311
 21
-5215.314358940795
 31
0.0
  0
LINE
  5
F27
330
2
100
AcDbEntity
  8
CS-CONC-MAJR
100
AcDbLine
 10
1348045.340339311
 20
-10314.86597120326
 30
0.0
 11
1348545.340339311
 21
-10314.86597120326
 31
0.0
  0
LINE
  5
F28
330
2
100
AcDbEntity
  8
CS-CONC-MAJR
100
AcDbLine
 10
1348545.340339311
 20
-10314.86597120326
 30
0.0
 11
1355545.340339311
 21
-10314.86597120326
 31
0.0
  0
LINE
  5
F29
330
2
100
AcDbEntity
  8
CS-CONC-MAJR
100
AcDbLine
 10
1355545.340339311
 20
-10314.86597120326
 30
0.0
 11
1356045.340339312
 21
-10314.86597120326
 31
0.0
  0
LINE
  5
F2A
330
2
100
AcDbEntity
  8
CS-CONC-MAJR
100
AcDbLine
 10
1348945.340339311
 20
-11064.86597120326
 30
0.0
 11
1355145.340339311
 21
-11064.86597120326
 31
0.0
  0
LINE
  5
F2B
330
2
100
AcDbEntity
  8
CS-CONC-MAJR
100
AcDbLine
 10
1348045.340339311
 20
-16364.86597120326
 30
0.0
 11
1348545.340339311
 21
-16364.86597120326
 31
0.0
  0
LINE
  5
F2C
330
2
100
AcDbEntity
  8
CS-CONC-MAJR
100
AcDbLine
 10
1348545.340339311
 20
-16364.86597120326
 30
0.0
 11
1355545.340339311
 21
-16364.86597120326
 31
0.0
  0
LINE
  5
F2D
330
2
100
AcDbEntity
  8
CS-CONC-MAJR
100
AcDbLine
 10
1355545.340339311
 20
-16364.86597120326
 30
0.0
 11
1356045.340339312
 21
-16364.86597120326
 31
0.0
  0
LINE
  5
F2E
330
2
100
AcDbEntity
  8
CS-CONC-MAJR
100
AcDbLine
 10
1348545.340339311
 20
-15564.86597120326
 30
0.0
 11
1355545.340339311
 21
-15564.86597120326
 31
0.0
  0
LINE
  5
F2F
330
2
100
AcDbEntity
  8
CS-CONC-MAJR
100
AcDbLine
 10
1348045.340339311
 20
-10314.86597120326
 30
0.0
 11
1348045.340339311
 21
-16364.86597120326
 31
0.0
  0
LINE
  5
F30
330
2
100
AcDbEntity
  8
CS-CONC-MAJR
100
AcDbLine
 10
1348545.340339311
 20
-11464.86597120326
 30
0.0
 11
1348545.340339311
 21
-15564.86597120326
 31
0.0
  0
LINE
  5
F31
330
2
100
AcDbEntity
  8
CS-CONC-MAJR
100
AcDbLine
 10
1356045.340339312
 20
-10314.86597120326
 30
0.0
 11
1356045.340339312
 21
-16364.86597120326
 31
0.0
  0
LINE
  5
F32
330
2
100
AcDbEntity
  8
CS-CONC-MAJR
100
AcDbLine
 10
1355545.340339311
 20
-11464.86597120326
 30
0.0
 11
1355545.340339311
 21
-15564.86597120326
 31
0.0
  0
LINE
  5
F33
330
2
100
AcDbEntity
  8
CS-CONC-MAJR
100
AcDbLine
 10
1348545.340339311
 20
-11464.86597120326
 30
0.0
 11
1348945.340339311
 21
-11064.86597120326
 31
0.0
  0
LINE
  5
F34
330
2
100
AcDbEntity
  8
CS-CONC-MAJR
100
AcDbLine
 10
1355545.340339311
 20
-11464.86597120326
 30
0.0
 11
1355145.340339311
 21
-11064.86597120326
 31
0.0
  0
LINE
  5
F35
330
2
100
AcDbEntity
  8
CS-CNTL
  6
A-DASHD01
100
AcDbLine
 10
1362297.785796311
 20
-16864.86597120326
 30
0.0
 11
1362297.785796311
 21
-9814.865971203261
 31
0.0
  0
LINE
  5
F3B
330
2
100
AcDbEntity
  8
CS-CNTL
  6
A-DASHD01
100
AcDbLine
 10
1364297.785796311
 20
-16864.86597120326
 30
0.0
 11
1364297.785796311
 21
-9814.865971203261
 31
0.0
  0
LINE
  5
F3C
330
2
100
AcDbEntity
  8
CS-CNTL
  6
A-DASHD01
100
AcDbLine
 10
1363297.785796311
 20
-16864.86597120326
 30
0.0
 11
1363297.785796311
 21
-9814.865971203261
 31
0.0
  0
LINE
  5
F3D
330
2
100
AcDbEntity
  8
CS-CNTL
  6
A-DASHD01
100
AcDbLine
 10
1341750.394882311
 20
-16889.09067458915
 30
0.0
 11
1341750.394882311
 21
-9839.090674589151
 31
0.0
  0
LINE
  5
F3E
330
2
100
AcDbEntity
  8
CS-CNTL
  6
A-DASHD01
100
AcDbLine
 10
1339750.394882311
 20
-16889.09067458915
 30
0.0
 11
1339750.394882311
 21
-9839.090674589151
 31
0.0
  0
LINE
  5
F3F
330
2
100
AcDbEntity
  8
CS-CNTL
  6
A-DASHD01
100
AcDbLine
 10
1340750.394882311
 20
-16889.09067458915
 30
0.0
 11
1340750.394882311
 21
-9839.090674589151
 31
0.0
  0
LINE
  5
F40
330
2
100
AcDbEntity
  8
CS-CNTL
  6
A-DASHD01
100
AcDbLine
 10
1347609.090339311
 20
-23199.59565130193
 30
0.0
 11
1356609.090339311
 21
-23199.59565130193
 31
0.0
  0
LINE
  5
F41
330
2
100
AcDbEntity
  8
CS-CNTL
  6
A-DASHD01
100
AcDbLine
 10
1347609.090339311
 20
-21199.59565130193
 30
0.0
 11
1356609.090339311
 21
-21199.59565130193
 31
0.0
  0
LINE
  5
F42
330
2
100
AcDbEntity
  8
CS-CNTL
  6
A-DASHD01
100
AcDbLine
 10
1347609.090339311
 20
-22199.59565130193
 30
0.0
 11
1356609.090339311
 21
-22199.59565130193
 31
0.0
  0
LINE
  5
F43
330
2
100
AcDbEntity
  8
CS-CNTL
  6
A-DASHD01
100
AcDbLine
 10
1347545.340339312
 20
-5215.314358940795
 30
0.0
 11
1356545.340339311
 21
-5215.314358940795
 31
0.0
  0
LINE
  5
F44
330
2
100
AcDbEntity
  8
CS-CNTL
  6
A-DASHD01
100
AcDbLine
 10
1347545.340339312
 20
-3215.314358940795
 30
0.0
 11
1356545.340339311
 21
-3215.314358940795
 31
0.0
  0
LINE
  5
F45
330
2
100
AcDbEntity
  8
CS-CNTL
  6
A-DASHD01
100
AcDbLine
 10
1347545.340339312
 20
-4215.314358940795
 30
0.0
 11
1356545.340339311
 21
-4215.314358940795
 31
0.0
  0
CIRCLE
  5
F46
330
2
100
AcDbEntity
  8
CS-SYMB-LIN3
100
AcDbCircle
 10
1363125.757006311
 20
-23364.59565130192
 30
0.0
 40
200.0
  0
LINE
  5
F47
330
2
100
AcDbEntity
  8
CS-SYMB-LIN3
100
AcDbLine
 10
1362875.757006311
 20
-23574.59565130192
 30
0.0
 11
1363875.757006312
 21
-23574.59565130192
 31
0.0
  0
TEXT
  5
F48
330
2
100
AcDbEntity
  8
CS-TEXT
100
AcDbText
 10
1363450.757006311
 20
-23499.59565130192
 30
0.0
 40
125.0
  1
H16
  7
A_STANDARD
100
AcDbText
  0
TEXT
  5
F49
330
2
100
AcDbEntity
  8
CS-TEXT
100
AcDbText
 10
1362997.927445726
 20
-23427.01242893175
 30
0.0
 40
125.0
  1
NA1
  7
A_STANDARD
 72
     4
 11
1363125.757006311
 21
-23364.59565130192
 31
0.0
100
AcDbText
  0
CIRCLE
  5
F4A
330
2
100
AcDbEntity
  8
CS-SYMB-LIN3
100
AcDbCircle
 10
1363459.090339311
 20
-20520.42898430193
 30
0.0
 40
200.0
  0
LINE
  5
F4B
330
2
100
AcDbEntity
  8
CS-SYMB-LIN3
100
AcDbLine
 10
1363209.090339311
 20
-20730.42898430192
 30
0.0
 11
1364209.090339311
 21
-20730.42898430192
 31
0.0
  0
TEXT
  5
F4C
330
2
100
AcDbEntity
  8
CS-TEXT
100
AcDbText
 10
1363784.090339311
 20
-20655.42898430193
 30
0.0
 40
125.0
  1
H13
  7
A_STANDARD
100
AcDbText
  0
TEXT
  5
F4D
330
2
100
AcDbEntity
  8
CS-TEXT
100
AcDbText
 10
1363289.298989311
 20
-20584.57813430192
 30
0.0
 40
125.0
  1
NA2
 41
1.3176635296873
  7
A_STANDARD
 72
     5
 11
1363626.171689311
 21
-20584.57813430192
 31
0.0
100
AcDbText
  0
CIRCLE
  5
F4E
330
2
100
AcDbEntity
  8
CS-SYMB-LIN3
100
AcDbCircle
 10
1362251.635162104
 20
-5129.453223099041
 30
0.0
 40
200.0
  0
LINE
  5
F4F
330
2
100
AcDbEntity
  8
CS-SYMB-LIN3
100
AcDbLine
 10
1362001.635162104
 20
-5339.453223099041
 30
0.0
 11
1363001.635162104
 21
-5339.453223099041
 31
0.0
  0
TEXT
  5
F50
330
2
100
AcDbEntity
  8
CS-TEXT
100
AcDbText
 10
1362576.635162104
 20
-5264.453223099041
 30
0.0
 40
125.0
  1
H16
  7
A_STANDARD
100
AcDbText
  0
TEXT
  5
F51
330
2
100
AcDbEntity
  8
CS-TEXT
100
AcDbText
 10
1362123.805601519
 20
-5190.455220435925
 30
0.0
 40
125.0
  1
CH1
  7
A_STANDARD
 72
     4
 11
1362251.635162104
 21
-5129.453223099041
 31
0.0
100
AcDbText
  0
CIRCLE
  5
F52
330
2
100
AcDbEntity
  8
CS-SYMB-LIN3
100
AcDbCircle
 10
1363901.635162104
 20
-5734.735417345317
 30
0.0
 40
200.0
  0
LINE
  5
F53
330
2
100
AcDbEntity
  8
CS-SYMB-LIN3
100
AcDbLine
 10
1363651.635162104
 20
-5944.735417345317
 30
0.0
 11
1364651.635162104
 21
-5944.735417345317
 31
0.0
  0
TEXT
  5
F54
330
2
100
AcDbEntity
  8
CS-TEXT
100
AcDbText
 10
1364226.635162104
 20
-5869.735417345317
 30
0.0
 40
125.0
  1
H13
  7
A_STANDARD
100
AcDbText
  0
TEXT
  5
F55
330
2
100
AcDbEntity
  8
CS-TEXT
100
AcDbText
 10
1363773.805601518
 20
-5795.737414682201
 30
0.0
 40
125.0
  1
CH2
  7
A_STANDARD
 72
     4
 11
1363901.635162104
 21
-5734.735417345317
 31
0.0
100
AcDbText
  0
LINE
  5
F56
330
2
100
AcDbEntity
  8
CS-CUTL
100
AcDbLine
 10
1362229.567984318
 20
-4875.026498283067
 30
0.0
 11
1362229.567984318
 21
-4283.359831283084
 31
0.0
  0
LINE
  5
F5A
330
2
100
AcDbEntity
  8
CS-CUTL
100
AcDbLine
 10
1362229.567984318
 20
-4133.359831283083
 30
0.0
 11
1362229.567984318
 21
-3302.764557849677
 31
0.0
  0
LINE
  5
F5B
330
2
100
AcDbEntity
  8
CS-CUTL
100
AcDbLine
 10
1362229.567984318
 20
-4283.359831283084
 30
0.0
 11
1362179.567984318
 21
-4358.359831283084
 31
0.0
  0
LINE
  5
F5C
330
2
100
AcDbEntity
  8
CS-CUTL
100
AcDbLine
 10
1362179.567984318
 20
-4358.359831283084
 30
0.0
 11
1362279.567984318
 21
-4058.359831283083
 31
0.0
  0
LINE
  5
F5D
330
2
100
AcDbEntity
  8
CS-CUTL
100
AcDbLine
 10
1362279.567984318
 20
-4058.359831283083
 30
0.0
 11
1362229.567984318
 21
-4133.359831283083
 31
0.0
  0
LINE
  5
F5E
330
2
100
AcDbEntity
  8
CS-DIML
100
AcDbLine
 10
1363001.635162104
 20
-4969.735417345317
 30
0.0
 11
1363001.635162104
 21
-5339.453223099041
 31
0.0
  0
TEXT
  5
F5F
330
2
100
AcDbEntity
  8
CZ-TEX2
100
AcDbText
 10
1364499.642432079
 20
-1924.064358940795
 30
0.0
 40
250.0
  1
S=1:30
  7
A_STANDARD
100
AcDbText
  0
TEXT
  5
F63
330
2
100
AcDbEntity
  8
CZ-TEX1
100
AcDbText
 10
1361746.787127869
 20
-1424.064358940795
 30
0.0
 40
350.0
  1
차수벽 상세도
  7
A_STANDARD
 72
     1
 11
1363297.785796311
 21
-1424.064358940795
 31
0.0
100
AcDbText
  0
TEXT
  5
F67
330
2
100
AcDbEntity
  8
CZ-TEX2
100
AcDbText
 10
1365450.090339311
 20
-19108.34565130193
 30
0.0
 40
250.0
  1
S=1:30
  7
A_STANDARD
100
AcDbText
  0
TEXT
  5
F68
330
2
100
AcDbEntity
  8
CZ-TEX1
100
AcDbText
 10
1362396.84167087
 20
-18608.34565130193
 30
0.0
 40
350.0
  1
난간벽 상세도
  7
A_STANDARD
 72
     1
 11
1363947.840339311
 21
-18608.34565130193
 31
0.0
100
AcDbText
  0
TEXT
  5
F69
330
2
100
AcDbEntity
  8
CZ-TEX2
100
AcDbText
 10
1341804.144882311
 20
-1524.064358940795
 30
0.0
 40
250.0
  1
S=1:100
  7
A_STANDARD
100
AcDbText
  0
TEXT
  5
F6A
330
2
100
AcDbEntity
  8
CZ-TEX2
100
AcDbText
 10
1353385.840339311
 20
-8143.867092433081
 30
0.0
 40
250.0
  1
S=1:50
  7
A_STANDARD
100
AcDbText
  0
TEXT
  5
F6B
330
2
100
AcDbEntity
  8
CZ-TEX2
100
AcDbText
 10
1353322.090339311
 20
-1924.064358940795
 30
0.0
 40
250.0
  1
S=1:50
  7
A_STANDARD
100
AcDbText
  0
TEXT
  5
F6C
330
2
100
AcDbEntity
  8
CZ-TEX2
100
AcDbText
 10
1353322.090339311
 20
-19408.34565130193
 30
0.0
 40
250.0
  1
S=1:50
  7
A_STANDARD
100
AcDbText
  0
TEXT
  5
F6D
330
2
100
AcDbEntity
  8
CZ-TEX2
100
AcDbText
 10
1341802.394882311
 20
-8143.867092433081
 30
0.0
 40
250.0
  1
S=1:50
  7
A_STANDARD
100
AcDbText
  0
TEXT
  5
F6E
330
2
100
AcDbEntity
  8
CZ-TEX2
100
AcDbText
 10
1364349.785796311
 20
-8143.867092433081
 30
0.0
 40
250.0
  1
S=1:50
  7
A_STANDARD
100
AcDbText
  0
TEXT
  5
F6F
330
2
100
AcDbEntity
  8
CZ-TEX1
100
AcDbText
 10
1339557.31898351
 20
-1024.064358940795
 30
0.0
 40
350.0
  1
일  반  도
  7
A_STANDARD
 72
     1
 11
1340750.394882311
 21
-1024.064358940795
 31
0.0
100
AcDbText
  0
TEXT
  5
F70
330
2
100
AcDbEntity
  8
CZ-TEX1
100
AcDbText
 10
1350290.034080989
 20
-7643.86709243308
 30
0.0
 40
350.0
  1
표 준 단 면 도
  7
A_STANDARD
 72
     1
 11
1351960.340339311
 21
-7643.86709243308
 31
0.0
100
AcDbText
  0
TEXT
  5
F71
330
2
100
AcDbEntity
  8
CZ-TEX1
100
AcDbText
 10
1350290.034080989
 20
-1424.064358940795
 30
0.0
 40
350.0
  1
상 부 슬 래 브
  7
A_STANDARD
 72
     1
 11
1351960.340339311
 21
-1424.064358940795
 31
0.0
100
AcDbText
  0
TEXT
  5
F72
330
2
100
AcDbEntity
  8
CZ-TEX1
100
AcDbText
 10
1350290.034080989
 20
-18908.34565130193
 30
0.0
 40
350.0
  1
하 부 슬 래 브
  7
A_STANDARD
 72
     1
 11
1351960.340339311
 21
-18908.34565130193
 31
0.0
100
AcDbText
  0
TEXT
  5
F73
330
2
100
AcDbEntity
  8
CZ-TEX1
100
AcDbText
 10
1339438.01139363
 20
-7643.86709243308
 30
0.0
 40
350.0
  1
좌 측 벽 체
  7
A_STANDARD
 72
     1
 11
1340750.394882311
 21
-7643.86709243308
 31
0.0
100
AcDbText
  0
TEXT
  5
F74
330
2
100
AcDbEntity
  8
CZ-TEX1
100
AcDbText
 10
1361985.402307629
 20
-7643.86709243308
 30
0.0
 40
350.0
  1
우 측 벽 체
  7
A_STANDARD
 72
     1
 11
1363297.785796311
 21
-7643.86709243308
 31
0.0
100
AcDbText
  0
LWPOLYLINE
  5
F75
330
2
100
AcDbEntity
  8
CS-MISC
 62
     1
100
AcDbPolyline
 90
        2
 70
     1
 43
16.5
 10
1363484.968495104
 20
-6621.485417345318
 42
1.0
 10
1363484.968495104
 20
-6637.985417345316
 42
1.0
  0
LWPOLYLINE
  5
F76
330
2
100
AcDbEntity
  8
CS-MISC
 62
     1
100
AcDbPolyline
 90
        2
 70
     1
 43
16.5
 10
1363401.635162104
 20
-6621.485417345318
 42
1.0
 10
1363401.635162104
 20
-6637.985417345316
 42
1.0
  0
LWPOLYLINE
  5
F77
330
2
100
AcDbEntity
  8
CS-MISC
 62
     1
100
AcDbPolyline
 90
        2
 70
     1
 43
16.5
 10
1363484.968495104
 20
-6621.485417345318
 42
1.0
 10
1363484.968495104
 20
-6637.985417345316
 42
1.0
  0
LWPOLYLINE
  5
F78
330
2
100
AcDbEntity
  8
CS-MISC
 62
     1
100
AcDbPolyline
 90
        2
 70
     1
 43
16.5
 10
1363901.635162104
 20
-6621.485417345318
 42
1.0
 10
1363901.635162104
 20
-6637.985417345316
 42
1.0
  0
LWPOLYLINE
  5
F79
330
2
100
AcDbEntity
  8
CS-MISC
 62
     1
100
AcDbPolyline
 90
        2
 70
     1
 43
16.5
 10
1362984.968495104
 20
-2454.818751345312
 42
1.0
 10
1362984.968495104
 20
-2471.318751345312
 42
1.0
  0
LWPOLYLINE
  5
F7A
330
2
100
AcDbEntity
  8
CS-MISC
 62
     1
100
AcDbPolyline
 90
        2
 70
     1
 43
16.5
 10
1363901.635162104
 20
-6621.485417345318
 42
1.0
 10
1363901.635162104
 20
-6637.985417345316
 42
1.0
  0
LWPOLYLINE
  5
F7B
330
2
100
AcDbEntity
  8
CS-MISC
 62
     1
100
AcDbPolyline
 90
        2
 70
     1
 43
16.5
 10
1363901.635162104
 20
-2454.818751345312
 42
1.0
 10
1363901.635162104
 20
-2471.318751345312
 42
1.0
  0
LWPOLYLINE
  5
F7C
330
2
100
AcDbEntity
  8
CS-MISC
 62
     1
100
AcDbPolyline
 90
        2
 70
     1
 43
16.5
 10
1363901.635162104
 20
-2454.818751345312
 42
1.0
 10
1363901.635162104
 20
-2471.318751345312
 42
1.0
  0
LWPOLYLINE
  5
F7D
330
2
100
AcDbEntity
  8
CS-MISC
 62
     1
100
AcDbPolyline
 90
        2
 70
     1
 43
16.5
 10
1363818.301829104
 20
-2454.818751345312
 42
1.0
 10
1363818.301829104
 20
-2471.318751345312
 42
1.0
  0
LWPOLYLINE
  5
F7E
330
2
100
AcDbEntity
  8
CS-MISC
 62
     1
100
AcDbPolyline
 90
        2
 70
     1
 43
16.5
 10
1363818.301829104
 20
-2454.818751345312
 42
1.0
 10
1363818.301829104
 20
-2471.318751345312
 42
1.0
  0
LWPOLYLINE
  5
F7F
330
2
100
AcDbEntity
  8
CS-MISC
 62
     1
100
AcDbPolyline
 90
        2
 70
     1
 43
16.5
 10
1364901.635162104
 20
-4871.485417345317
 42
1.0
 10
1364901.635162104
 20
-4887.985417345316
 42
1.0
  0
LWPOLYLINE
  5
F80
330
2
100
AcDbEntity
  8
CS-MISC
 62
     1
100
AcDbPolyline
 90
        2
 70
     1
 43
16.5
 10
1364901.635162104
 20
-4871.485417345317
 42
1.0
 10
1364901.635162104
 20
-4887.985417345316
 42
1.0
  0
LWPOLYLINE
  5
F81
330
2
100
AcDbEntity
  8
CS-MISC
 62
     1
100
AcDbPolyline
 90
        2
 70
     1
 43
16.5
 10
1364901.635162104
 20
-5038.152084345314
 42
1.0
 10
1364901.635162104
 20
-5054.652084345314
 42
1.0
  0
LWPOLYLINE
  5
F82
330
2
100
AcDbEntity
  8
CS-MISC
 62
     1
100
AcDbPolyline
 90
        2
 70
     1
 43
16.5
 10
1364901.635162104
 20
-5038.152084345314
 42
1.0
 10
1364901.635162104
 20
-5054.652084345314
 42
1.0
  0
LWPOLYLINE
  5
F83
330
2
100
AcDbEntity
  8
CS-MISC
 62
     1
100
AcDbPolyline
 90
        2
 70
     1
 43
16.5
 10
1364901.635162104
 20
-5121.485417345317
 42
1.0
 10
1364901.635162104
 20
-5137.985417345316
 42
1.0
  0
LWPOLYLINE
  5
F84
330
2
100
AcDbEntity
  8
CS-MISC
 62
     1
100
AcDbPolyline
 90
        2
 70
     1
 43
16.5
 10
1365401.635162104
 20
-5121.485417345317
 42
1.0
 10
1365401.635162104
 20
-5137.985417345316
 42
1.0
  0
LWPOLYLINE
  5
F85
330
2
100
AcDbEntity
  8
CS-MISC
 62
     1
100
AcDbPolyline
 90
        2
 70
     1
 43
16.5
 10
1364901.635162104
 20
-3454.818751345312
 42
1.0
 10
1364901.635162104
 20
-3471.318751345312
 42
1.0
  0
LWPOLYLINE
  5
F86
330
2
100
AcDbEntity
  8
CS-MISC
 62
     1
100
AcDbPolyline
 90
        2
 70
     1
 43
16.5
 10
1364901.635162104
 20
-3454.818751345312
 42
1.0
 10
1364901.635162104
 20
-3471.318751345312
 42
1.0
  0
LWPOLYLINE
  5
F87
330
2
100
AcDbEntity
  8
CS-MISC
 62
     1
100
AcDbPolyline
 90
        2
 70
     1
 43
16.5
 10
1364901.635162104
 20
-3588.152084345314
 42
1.0
 10
1364901.635162104
 20
-3604.652084345314
 42
1.0
  0
LWPOLYLINE
  5
F88
330
2
100
AcDbEntity
  8
CS-MISC
 62
     1
100
AcDbPolyline
 90
        2
 70
     1
 43
16.5
 10
1364901.635162104
 20
-3588.152084345314
 42
1.0
 10
1364901.635162104
 20
-3604.652084345314
 42
1.0
  0
LWPOLYLINE
  5
F89
330
2
100
AcDbEntity
  8
CS-MISC
 62
     1
100
AcDbPolyline
 90
        2
 70
     1
 43
16.5
 10
1364901.635162104
 20
-4654.818751345312
 42
1.0
 10
1364901.635162104
 20
-4671.318751345312
 42
1.0
  0
LWPOLYLINE
  5
F8A
330
2
100
AcDbEntity
  8
CS-MISC
 62
     1
100
AcDbPolyline
 90
        2
 70
     1
 43
16.5
 10
1364901.635162104
 20
-4654.818751345312
 42
1.0
 10
1364901.635162104
 20
-4671.318751345312
 42
1.0
  0
LWPOLYLINE
  5
F8B
330
2
100
AcDbEntity
  8
CS-MISC
 62
     1
100
AcDbPolyline
 90
        2
 70
     1
 43
16.5
 10
1362401.635162104
 20
-4654.818751345312
 42
1.0
 10
1362401.635162104
 20
-4671.318751345312
 42
1.0
  0
LWPOLYLINE
  5
F8C
330
2
100
AcDbEntity
  8
CS-MISC
 62
     1
100
AcDbPolyline
 90
        2
 70
     1
 43
16.5
 10
1362401.635162104
 20
-4788.152084345314
 42
1.0
 10
1362401.635162104
 20
-4804.652084345314
 42
1.0
  0
LWPOLYLINE
  5
F8D
330
2
100
AcDbEntity
  8
CS-MISC
 62
     1
100
AcDbPolyline
 90
        2
 70
     1
 43
16.5
 10
1365401.635162104
 20
-3454.818751345312
 42
1.0
 10
1365401.635162104
 20
-3471.318751345312
 42
1.0
  0
LWPOLYLINE
  5
F8E
330
2
100
AcDbEntity
  8
CS-MISC
 62
     1
100
AcDbPolyline
 90
        2
 70
     1
 43
16.5
 10
1363818.301829104
 20
-6621.485417345318
 42
1.0
 10
1363818.301829104
 20
-6637.985417345316
 42
1.0
  0
LWPOLYLINE
  5
F8F
330
2
100
AcDbEntity
  8
CS-MISC
 62
     1
100
AcDbPolyline
 90
        2
 70
     1
 43
16.5
 10
1363818.301829104
 20
-6621.485417345318
 42
1.0
 10
1363818.301829104
 20
-6637.985417345316
 42
1.0
  0
LINE
  5
F90
330
2
100
AcDbEntity
  8
CS-MISC
100
AcDbLine
 10
1363440.774245104
 20
-4925.541317345317
 30
0.0
 11
1363529.162595104
 21
-5013.929517345316
 31
0.0
  0
LWPOLYLINE
  5
F91
330
2
100
AcDbEntity
  8
CS-RBAR-MAJR
100
AcDbPolyline
 90
        2
 70
     1
 43
22.5
 10
1363518.718495104
 20
-4663.068751345313
 42
1.0
 10
1363496.218495104
 20
-4663.068751345313
 42
1.0
  0
CIRCLE
  5
F92
330
2
100
AcDbEntity
  8
CS-RBAR-MAJR
100
AcDbCircle
 10
1363507.468495104
 20
-4663.068751345313
 30
0.0
 40
22.5
  0
LWPOLYLINE
  5
F93
330
2
100
AcDbEntity
  8
CS-RBAR-MAJR
100
AcDbPolyline
 90
        2
 70
     1
 43
22.5
 10
1363518.718495104
 20
-4879.735417345317
 42
1.0
 10
1363496.218495104
 20
-4879.735417345317
 42
1.0
  0
CIRCLE
  5
F94
330
2
100
AcDbEntity
  8
CS-RBAR-MAJR
100
AcDbCircle
 10
1363507.468495104
 20
-4879.735417345317
 30
0.0
 40
22.5
  0
LWPOLYLINE
  5
F95
330
2
100
AcDbEntity
  8
CS-RBAR-MAJR
100
AcDbPolyline
 90
        2
 70
     1
 43
22.5
 10
1363518.718495104
 20
-5023.902084345315
 42
1.0
 10
1363496.218495104
 20
-5023.902084345315
 42
1.0
  0
CIRCLE
  5
F96
330
2
100
AcDbEntity
  8
CS-RBAR-MAJR
100
AcDbCircle
 10
1363507.468495104
 20
-5023.902084345315
 30
0.0
 40
22.5
  0
LWPOLYLINE
  5
F97
330
2
100
AcDbEntity
  8
CS-RBAR-MAJR
100
AcDbPolyline
 90
        2
 70
     1
 43
22.5
 10
1363807.051829104
 20
-4663.068751345313
 42
1.0
 10
1363784.551829104
 20
-4663.068751345313
 42
1.0
  0
CIRCLE
  5
F98
330
2
100
AcDbEntity
  8
CS-RBAR-MAJR
100
AcDbCircle
 10
1363795.801829104
 20
-4663.068751345313
 30
0.0
 40
22.5
  0
LWPOLYLINE
  5
F99
330
2
100
AcDbEntity
  8
CS-RBAR-MAJR
100
AcDbPolyline
 90
        2
 70
     1
 43
22.5
 10
1363807.051829104
 20
-4879.735417345317
 42
1.0
 10
1363784.551829104
 20
-4879.735417345317
 42
1.0
  0
CIRCLE
  5
F9A
330
2
100
AcDbEntity
  8
CS-RBAR-MAJR
100
AcDbCircle
 10
1363795.801829104
 20
-4879.735417345317
 30
0.0
 40
22.5
  0
LWPOLYLINE
  5
F9B
330
2
100
AcDbEntity
  8
CS-RBAR-MAJR
100
AcDbPolyline
 90
        2
 70
     1
 43
22.5
 10
1363807.051829104
 20
-5023.902084345315
 42
1.0
 10
1363784.551829104
 20
-5023.902084345315
 42
1.0
  0
CIRCLE
  5
F9C
330
2
100
AcDbEntity
  8
CS-RBAR-MAJR
100
AcDbCircle
 10
1363795.801829104
 20
-5023.902084345315
 30
0.0
 40
22.5
  0
LWPOLYLINE
  5
F9D
330
2
100
AcDbEntity
  8
CS-MISC
 62
     1
100
AcDbPolyline
 90
        2
 70
     1
 43
16.5
 10
1364042.423672311
 20
-19516.34565130192
 42
1.0
 10
1364042.423672311
 20
-19532.84565130192
 42
1.0
  0
LWPOLYLINE
  5
F9E
330
2
100
AcDbEntity
  8
CS-MISC
 62
     1
100
AcDbPolyline
 90
        2
 70
     1
 43
16.5
 10
1364125.757006311
 20
-19516.34565130192
 42
1.0
 10
1364125.757006311
 20
-19532.84565130192
 42
1.0
  0
LWPOLYLINE
  5
F9F
330
2
100
AcDbEntity
  8
CS-MISC
 62
     1
100
AcDbPolyline
 90
        2
 70
     1
 43
16.5
 10
1364125.757006311
 20
-19516.34565130192
 42
1.0
 10
1364125.757006311
 20
-19532.84565130192
 42
1.0
  0
LWPOLYLINE
  5
FA0
330
2
100
AcDbEntity
  8
CS-MISC
 62
     1
100
AcDbPolyline
 90
        2
 70
     1
 43
16.5
 10
1364292.423672311
 20
-19516.34565130192
 42
1.0
 10
1364292.423672311
 20
-19532.84565130192
 42
1.0
  0
LWPOLYLINE
  5
FA1
330
2
100
AcDbEntity
  8
CS-MISC
 62
     1
100
AcDbPolyline
 90
        2
 70
     1
 43
16.5
 10
1364292.423672311
 20
-19516.34565130192
 42
1.0
 10
1364292.423672311
 20
-19532.84565130192
 42
1.0
  0
LWPOLYLINE
  5
FA2
330
2
100
AcDbEntity
  8
CS-MISC
 62
     1
100
AcDbPolyline
 90
        2
 70
     1
 43
16.5
 10
1364375.757006311
 20
-19516.34565130192
 42
1.0
 10
1364375.757006311
 20
-19532.84565130192
 42
1.0
  0
LWPOLYLINE
  5
FA3
330
2
100
AcDbEntity
  8
CS-MISC
 62
     1
100
AcDbPolyline
 90
        2
 70
     1
 43
16.5
 10
1364292.423672311
 20
-24266.34565130192
 42
1.0
 10
1364292.423672311
 20
-24282.84565130192
 42
1.0
  0
LWPOLYLINE
  5
FA4
330
2
100
AcDbEntity
  8
CS-MISC
 62
     1
100
AcDbPolyline
 90
        2
 70
     1
 43
16.5
 10
1364375.757006311
 20
-19516.34565130192
 42
1.0
 10
1364375.757006311
 20
-19532.84565130192
 42
1.0
  0
LWPOLYLINE
  5
FA5
330
2
100
AcDbEntity
  8
CS-MISC
 62
     1
100
AcDbPolyline
 90
        2
 70
     1
 43
16.5
 10
1365375.757006311
 20
-22766.34565130192
 42
1.0
 10
1365375.757006311
 20
-22782.84565130192
 42
1.0
  0
LWPOLYLINE
  5
FA6
330
2
100
AcDbEntity
  8
CS-MISC
 62
     1
100
AcDbPolyline
 90
        2
 70
     1
 43
16.5
 10
1363459.090339311
 20
-24266.34565130192
 42
1.0
 10
1363459.090339311
 20
-24282.84565130192
 42
1.0
  0
LWPOLYLINE
  5
FA7
330
2
100
AcDbEntity
  8
CS-MISC
 62
     1
100
AcDbPolyline
 90
        2
 70
     1
 43
16.5
 10
1364375.757006311
 20
-24266.34565130192
 42
1.0
 10
1364375.757006311
 20
-24282.84565130192
 42
1.0
  0
LWPOLYLINE
  5
FA8
330
2
100
AcDbEntity
  8
CS-MISC
 62
     1
100
AcDbPolyline
 90
        2
 70
     1
 43
16.5
 10
1364375.757006311
 20
-24266.34565130192
 42
1.0
 10
1364375.757006311
 20
-24282.84565130192
 42
1.0
  0
LWPOLYLINE
  5
FA9
330
2
100
AcDbEntity
  8
CS-MISC
 62
     1
100
AcDbPolyline
 90
        2
 70
     1
 43
16.5
 10
1365375.757006311
 20
-21299.67898430193
 42
1.0
 10
1365375.757006311
 20
-21316.17898430193
 42
1.0
  0
LWPOLYLINE
  5
FAA
330
2
100
AcDbEntity
  8
CS-MISC
 62
     1
100
AcDbPolyline
 90
        2
 70
     1
 43
16.5
 10
1365375.757006311
 20
-21549.67898430192
 42
1.0
 10
1365375.757006311
 20
-21566.17898430193
 42
1.0
  0
LWPOLYLINE
  5
FAB
330
2
100
AcDbEntity
  8
CS-MISC
 62
     1
100
AcDbPolyline
 90
        2
 70
     1
 43
16.5
 10
1365375.757006311
 20
-21549.67898430192
 42
1.0
 10
1365375.757006311
 20
-21566.17898430193
 42
1.0
  0
LWPOLYLINE
  5
FAC
330
2
100
AcDbEntity
  8
CS-MISC
 62
     1
100
AcDbPolyline
 90
        2
 70
     1
 43
16.5
 10
1365375.757006311
 20
-22633.01231830192
 42
1.0
 10
1365375.757006311
 20
-22649.51231830192
 42
1.0
  0
LWPOLYLINE
  5
FAD
330
2
100
AcDbEntity
  8
CS-MISC
 62
     1
100
AcDbPolyline
 90
        2
 70
     1
 43
16.5
 10
1365375.757006311
 20
-22633.01231830192
 42
1.0
 10
1365375.757006311
 20
-22649.51231830192
 42
1.0
  0
LWPOLYLINE
  5
FAE
330
2
100
AcDbEntity
  8
CS-MISC
 62
     1
100
AcDbPolyline
 90
        2
 70
     1
 43
16.5
 10
1365875.757006311
 20
-21016.34565130192
 42
1.0
 10
1365875.757006311
 20
-21032.84565130192
 42
1.0
  0
LWPOLYLINE
  5
FAF
330
2
100
AcDbEntity
  8
CS-MISC
 62
     1
100
AcDbPolyline
 90
        2
 70
     1
 43
16.5
 10
1365875.757006311
 20
-22766.34565130192
 42
1.0
 10
1365875.757006311
 20
-22782.84565130192
 42
1.0
  0
LWPOLYLINE
  5
FB0
330
2
100
AcDbEntity
  8
CS-MISC
 62
     1
100
AcDbPolyline
 90
        2
 70
     1
 43
16.5
 10
1365375.757006311
 20
-21016.34565130192
 42
1.0
 10
1365375.757006311
 20
-21032.84565130192
 42
1.0
  0
LWPOLYLINE
  5
FB1
330
2
100
AcDbEntity
  8
CS-MISC
 62
     1
100
AcDbPolyline
 90
        2
 70
     1
 43
16.5
 10
1365375.757006311
 20
-21016.34565130192
 42
1.0
 10
1365375.757006311
 20
-21032.84565130192
 42
1.0
  0
LWPOLYLINE
  5
FB2
330
2
100
AcDbEntity
  8
CS-MISC
 62
     1
100
AcDbPolyline
 90
        2
 70
     1
 43
16.5
 10
1365375.757006311
 20
-21099.67898430193
 42
1.0
 10
1365375.757006311
 20
-21116.17898430193
 42
1.0
  0
LWPOLYLINE
  5
FB3
330
2
100
AcDbEntity
  8
CS-MISC
 62
     1
100
AcDbPolyline
 90
        2
 70
     1
 43
16.5
 10
1365375.757006311
 20
-21099.67898430193
 42
1.0
 10
1365375.757006311
 20
-21116.17898430193
 42
1.0
  0
LWPOLYLINE
  5
FB4
330
2
100
AcDbEntity
  8
CS-MISC
 62
     1
100
AcDbPolyline
 90
        2
 70
     1
 43
16.5
 10
1365375.757006311
 20
-21299.67898430193
 42
1.0
 10
1365375.757006311
 20
-21316.17898430193
 42
1.0
  0
LINE
  5
FB5
330
2
100
AcDbEntity
  8
CS-MISC
100
AcDbLine
 10
1363831.562756312
 20
-22597.06821830192
 30
0.0
 11
1363919.951106312
 21
-22685.45641830192
 31
0.0
  0
LWPOLYLINE
  5
FB6
330
2
100
AcDbEntity
  8
CS-RBAR-MAJR
100
AcDbPolyline
 90
        2
 70
     1
 43
22.5
 10
1364281.173672311
 20
-21557.92898430192
 42
1.0
 10
1364258.673672311
 20
-21557.92898430192
 42
1.0
  0
CIRCLE
  5
FB7
330
2
100
AcDbEntity
  8
CS-RBAR-MAJR
100
AcDbCircle
 10
1364269.923672311
 20
-21557.92898430192
 30
0.0
 40
22.5
  0
LWPOLYLINE
  5
FB8
330
2
100
AcDbEntity
  8
CS-RBAR-MAJR
100
AcDbPolyline
 90
        2
 70
     1
 43
22.5
 10
1364281.173672311
 20
-21307.92898430192
 42
1.0
 10
1364258.673672311
 20
-21307.92898430192
 42
1.0
  0
CIRCLE
  5
FB9
330
2
100
AcDbEntity
  8
CS-RBAR-MAJR
100
AcDbCircle
 10
1364269.923672311
 20
-21307.92898430192
 30
0.0
 40
22.5
  0
LWPOLYLINE
  5
FBA
330
2
100
AcDbEntity
  8
CS-RBAR-MAJR
100
AcDbPolyline
 90
        2
 70
     1
 43
22.5
 10
1364281.173672311
 20
-21130.42898430192
 42
1.0
 10
1364258.673672311
 20
-21130.42898430192
 42
1.0
  0
CIRCLE
  5
FBB
330
2
100
AcDbEntity
  8
CS-RBAR-MAJR
100
AcDbCircle
 10
1364269.923672311
 20
-21130.42898430192
 30
0.0
 40
22.5
  0
LWPOLYLINE
  5
FBC
330
2
100
AcDbEntity
  8
CS-RBAR-MAJR
100
AcDbPolyline
 90
        2
 70
     1
 43
22.5
 10
1364159.507006311
 20
-21557.92898430192
 42
1.0
 10
1364137.007006311
 20
-21557.92898430192
 42
1.0
  0
CIRCLE
  5
FBD
330
2
100
AcDbEntity
  8
CS-RBAR-MAJR
100
AcDbCircle
 10
1364148.257006311
 20
-21557.92898430192
 30
0.0
 40
22.5
  0
LWPOLYLINE
  5
FBE
330
2
100
AcDbEntity
  8
CS-RBAR-MAJR
100
AcDbPolyline
 90
        2
 70
     1
 43
22.5
 10
1364159.507006311
 20
-21307.92898430192
 42
1.0
 10
1364137.007006311
 20
-21307.92898430192
 42
1.0
  0
CIRCLE
  5
FBF
330
2
100
AcDbEntity
  8
CS-RBAR-MAJR
100
AcDbCircle
 10
1364148.257006311
 20
-21307.92898430192
 30
0.0
 40
22.5
  0
LWPOLYLINE
  5
FC0
330
2
100
AcDbEntity
  8
CS-RBAR-MAJR
100
AcDbPolyline
 90
        2
 70
     1
 43
22.5
 10
1364159.507006311
 20
-21130.42898430192
 42
1.0
 10
1364137.007006311
 20
-21130.42898430192
 42
1.0
  0
CIRCLE
  5
FC1
330
2
100
AcDbEntity
  8
CS-RBAR-MAJR
100
AcDbCircle
 10
1364148.257006311
 20
-21130.42898430192
 30
0.0
 40
22.5
  0
LWPOLYLINE
  5
FC2
330
2
100
AcDbEntity
  8
CS-MISC
 62
     1
100
AcDbPolyline
 90
        2
 70
     1
 43
27.5
 10
1338621.945678312
 20
-6631.060343374814
 42
1.0
 10
1338621.945678312
 20
-6658.560343374815
 42
1.0
  0
LWPOLYLINE
  5
FC3
330
2
100
AcDbEntity
  8
CS-MISC
 62
     1
100
AcDbPolyline
 90
        2
 70
     1
 43
27.5
 10
1338871.945678311
 20
-6631.060343374814
 42
1.0
 10
1338871.945678311
 20
-6658.560343374815
 42
1.0
  0
LWPOLYLINE
  5
FC4
330
2
100
AcDbEntity
  8
CS-MISC
 62
     1
100
AcDbPolyline
 90
        2
 70
     1
 43
27.5
 10
1343621.945678312
 20
-3212.814358940795
 42
1.0
 10
1343621.945678312
 20
-3240.314358940795
 42
1.0
  0
LWPOLYLINE
  5
FC5
330
2
100
AcDbEntity
  8
CS-MISC
 62
     1
100
AcDbPolyline
 90
        2
 70
     1
 43
27.5
 10
1342371.945678312
 20
-6631.060343374814
 42
1.0
 10
1342371.945678312
 20
-6658.560343374815
 42
1.0
  0
LWPOLYLINE
  5
FC6
330
2
100
AcDbEntity
  8
CS-MISC
 62
     1
100
AcDbPolyline
 90
        2
 70
     1
 43
27.5
 10
1342371.945678312
 20
-6631.060343374814
 42
1.0
 10
1342371.945678312
 20
-6658.560343374815
 42
1.0
  0
LWPOLYLINE
  5
FC7
330
2
100
AcDbEntity
  8
CS-MISC
 62
     1
100
AcDbPolyline
 90
        2
 70
     1
 43
27.5
 10
1342621.945678311
 20
-6631.060343374814
 42
1.0
 10
1342621.945678311
 20
-6658.560343374815
 42
1.0
  0
LWPOLYLINE
  5
FC8
330
2
100
AcDbEntity
  8
CS-MISC
 62
     1
100
AcDbPolyline
 90
        2
 70
     1
 43
27.5
 10
1338621.945678312
 20
-7131.060343374814
 42
1.0
 10
1338621.945678312
 20
-7158.560343374815
 42
1.0
  0
LWPOLYLINE
  5
FC9
330
2
100
AcDbEntity
  8
CS-MISC
 62
     1
100
AcDbPolyline
 90
        2
 70
     1
 43
27.5
 10
1343621.945678312
 20
-2837.814358940795
 42
1.0
 10
1343621.945678312
 20
-2865.314358940795
 42
1.0
  0
LWPOLYLINE
  5
FCA
330
2
100
AcDbEntity
  8
CS-MISC
 62
     1
100
AcDbPolyline
 90
        2
 70
     1
 43
27.5
 10
1344121.945678312
 20
-2837.814358940795
 42
1.0
 10
1344121.945678312
 20
-2865.314358940795
 42
1.0
  0
LWPOLYLINE
  5
FCB
330
2
100
AcDbEntity
  8
CS-MISC
 62
     1
100
AcDbPolyline
 90
        2
 70
     1
 43
27.5
 10
1338571.945678311
 20
-6631.060343374814
 42
1.0
 10
1338571.945678311
 20
-6658.560343374815
 42
1.0
  0
LWPOLYLINE
  5
FCC
330
2
100
AcDbEntity
  8
CS-MISC
 62
     1
100
AcDbPolyline
 90
        2
 70
     1
 43
27.5
 10
1342621.945678311
 20
-7131.060343374814
 42
1.0
 10
1342621.945678311
 20
-7158.560343374815
 42
1.0
  0
LWPOLYLINE
  5
FCD
330
2
100
AcDbEntity
  8
CS-MISC
 62
     1
100
AcDbPolyline
 90
        2
 70
     1
 43
27.5
 10
1343621.945678312
 20
-5862.814358940795
 42
1.0
 10
1343621.945678312
 20
-5890.314358940795
 42
1.0
  0
LWPOLYLINE
  5
FCE
330
2
100
AcDbEntity
  8
CS-MISC
 62
     1
100
AcDbPolyline
 90
        2
 70
     1
 43
27.5
 10
1344121.945678312
 20
-5862.814358940795
 42
1.0
 10
1344121.945678312
 20
-5890.314358940795
 42
1.0
  0
LWPOLYLINE
  5
FCF
330
2
100
AcDbEntity
  8
CS-MISC
 62
     1
100
AcDbPolyline
 90
        2
 70
     1
 43
27.5
 10
1343621.945678312
 20
-2837.814358940795
 42
1.0
 10
1343621.945678312
 20
-2865.314358940795
 42
1.0
  0
LWPOLYLINE
  5
FD0
330
2
100
AcDbEntity
  8
CS-MISC
 62
     1
100
AcDbPolyline
 90
        2
 70
     1
 43
27.5
 10
1338621.945678312
 20
-6631.060343374814
 42
1.0
 10
1338621.945678312
 20
-6658.560343374815
 42
1.0
  0
LWPOLYLINE
  5
FD1
330
2
100
AcDbEntity
  8
CS-MISC
 62
     1
100
AcDbPolyline
 90
        2
 70
     1
 43
27.5
 10
1343621.945678312
 20
-1837.814358940795
 42
1.0
 10
1343621.945678312
 20
-1865.314358940795
 42
1.0
  0
LWPOLYLINE
  5
FD2
330
2
100
AcDbEntity
  8
CS-MISC
 62
     1
100
AcDbPolyline
 90
        2
 70
     1
 43
27.5
 10
1342671.945678312
 20
-6631.060343374814
 42
1.0
 10
1342671.945678312
 20
-6658.560343374815
 42
1.0
  0
LWPOLYLINE
  5
FD3
330
2
100
AcDbEntity
  8
CS-MISC
 62
     1
100
AcDbPolyline
 90
        2
 70
     1
 43
27.5
 10
1342621.945678311
 20
-6631.060343374814
 42
1.0
 10
1342621.945678311
 20
-6658.560343374815
 42
1.0
  0
LWPOLYLINE
  5
FD4
330
2
100
AcDbEntity
  8
CS-MISC
 62
     1
100
AcDbPolyline
 90
        2
 70
     1
 43
27.5
 10
1342671.945678312
 20
-6631.060343374814
 42
1.0
 10
1342671.945678312
 20
-6658.560343374815
 42
1.0
  0
LWPOLYLINE
  5
FD5
330
2
100
AcDbEntity
  8
CS-MISC
 62
     1
100
AcDbPolyline
 90
        2
 70
     1
 43
27.5
 10
1343621.945678312
 20
-5912.814358940796
 42
1.0
 10
1343621.945678312
 20
-5940.314358940796
 42
1.0
  0
LWPOLYLINE
  5
FD6
330
2
100
AcDbEntity
  8
CS-MISC
 62
     1
100
AcDbPolyline
 90
        2
 70
     1
 43
27.5
 10
1343621.945678312
 20
-5862.814358940795
 42
1.0
 10
1343621.945678312
 20
-5890.314358940795
 42
1.0
  0
LWPOLYLINE
  5
FD7
330
2
100
AcDbEntity
  8
CS-MISC
 62
     1
100
AcDbPolyline
 90
        2
 70
     1
 43
27.5
 10
1343621.945678312
 20
-5462.814358940796
 42
1.0
 10
1343621.945678312
 20
-5490.314358940795
 42
1.0
  0
LWPOLYLINE
  5
FD8
330
2
100
AcDbEntity
  8
CS-MISC
 62
     1
100
AcDbPolyline
 90
        2
 70
     1
 43
27.5
 10
1343621.945678312
 20
-3212.814358940795
 42
1.0
 10
1343621.945678312
 20
-3240.314358940795
 42
1.0
  0
LWPOLYLINE
  5
FD9
330
2
100
AcDbEntity
  8
CS-MISC
 62
     1
100
AcDbPolyline
 90
        2
 70
     1
 43
27.5
 10
1338871.945678311
 20
-6631.060343374814
 42
1.0
 10
1338871.945678311
 20
-6658.560343374815
 42
1.0
  0
LWPOLYLINE
  5
FDA
330
2
100
AcDbEntity
  8
CS-MISC
 62
     1
100
AcDbPolyline
 90
        2
 70
     1
 43
27.5
 10
1343621.945678312
 20
-5462.814358940796
 42
1.0
 10
1343621.945678312
 20
-5490.314358940795
 42
1.0
  0
LINE
  5
FDB
330
2
100
AcDbEntity
  8
CS-SYMB
100
AcDbLine
 10
1340777.907578311
 20
-1990.828958940795
 30
0.0
 11
1340914.631678311
 21
-1854.104858940795
 31
0.0
  0
LINE
  5
FDF
330
2
100
AcDbEntity
  8
CS-SYMB
100
AcDbLine
 10
1340938.015528311
 20
-1987.550258940795
 30
0.0
 11
1340859.600928312
 21
-1909.135608940795
 31
0.0
  0
LINE
  5
FE0
330
2
100
AcDbEntity
  8
CS-SYMB
100
AcDbLine
 10
1340538.089728312
 20
-1998.550908940795
 30
0.0
 11
1340405.579628312
 21
-1866.040808940795
 31
0.0
  0
LINE
  5
FE1
330
2
100
AcDbEntity
  8
CS-SYMB
100
AcDbLine
 10
1340453.936578311
 20
-1998.550908940795
 30
0.0
 11
1340363.503028311
 21
-1908.117408940795
 31
0.0
  0
LINE
  5
FE2
330
2
100
AcDbEntity
  8
CS-SYMB
100
AcDbLine
 10
1340442.588978312
 20
-1903.050158940795
 30
0.0
 11
1340494.074728312
 21
-1851.564358940795
 31
0.0
  0
LINE
  5
FE3
330
2
100
AcDbEntity
  8
CS-SYMB
100
AcDbLine
 10
1340294.664428311
 20
-1976.956008940795
 30
0.0
 11
1340418.533828311
 21
-1853.086608940795
 31
0.0
  0
LINE
  5
FE4
330
2
100
AcDbEntity
  8
CS-SYMB
100
AcDbLine
 10
1340365.317728311
 20
-1998.550908940795
 30
0.0
 11
1340319.193628311
 21
-1952.426808940795
 31
0.0
  0
LINE
  5
FE5
330
2
100
AcDbEntity
  8
CS-SYMB
100
AcDbLine
 10
1340294.664428311
 20
-1893.747908940795
 30
0.0
 11
1340335.325728311
 21
-1853.086608940795
 31
0.0
  0
LINE
  5
FE6
330
2
100
AcDbEntity
  8
CS-SYMB
100
AcDbLine
 10
1340527.827278311
 20
-1988.288458940795
 30
0.0
 11
1340664.551378311
 21
-1851.564358940795
 31
0.0
  0
LINE
  5
FE7
330
2
100
AcDbEntity
  8
CS-SYMB
100
AcDbLine
 10
1340861.415578311
 20
-1999.569158940795
 30
0.0
 11
1340815.291478311
 21
-1953.445058940795
 31
0.0
  0
LINE
  5
FE8
330
2
100
AcDbEntity
  8
CS-SYMB
100
AcDbLine
 10
1340699.954128312
 20
-1997.028658940795
 30
0.0
 11
1340609.520578311
 21
-1906.595108940795
 31
0.0
  0
LINE
  5
FE9
330
2
100
AcDbEntity
  8
CS-SYMB
100
AcDbLine
 10
1340611.335278311
 20
-1997.028658940795
 30
0.0
 11
1340565.211178311
 21
-1950.904558940795
 31
0.0
  0
LINE
  5
FEA
330
2
100
AcDbEntity
  8
CS-SYMB
100
AcDbLine
 10
1340784.107278311
 20
-1997.028658940795
 30
0.0
 11
1340651.597178311
 21
-1864.518558940795
 31
0.0
  0
LINE
  5
FEB
330
2
100
AcDbEntity
  8
CS-SYMB
100
AcDbLine
 10
1340486.223228311
 20
-1946.684408940795
 30
0.0
 11
1340581.343278312
 21
-1851.564358940795
 31
0.0
  0
LINE
  5
FEC
330
2
100
AcDbEntity
  8
CS-SYMB
100
AcDbLine
 10
1340692.669278311
 20
-1905.590658940795
 30
0.0
 11
1340744.155078311
 21
-1854.104858940795
 31
0.0
  0
LINE
  5
FED
330
2
100
AcDbEntity
  8
CS-SYMB
100
AcDbLine
 10
1340736.303528311
 20
-1949.224908940795
 30
0.0
 11
1340831.423628311
 21
-1854.104858940795
 31
0.0
  0
LINE
  5
FEE
330
2
100
AcDbEntity
  8
CS-SYMB
100
AcDbLine
 10
1340938.015528311
 20
-1903.397058940795
 30
0.0
 11
1340901.677478312
 21
-1867.059058940795
 31
0.0
  0
TEXT
  5
FEF
330
2
100
AcDbEntity
  8
CS-DIMT
100
AcDbText
 10
1364876.635162104
 20
-5392.235417345317
 30
0.0
 40
125.0
  1
50
 50
90.0
  7
A_STANDARD
100
AcDbText
  0
TEXT
  5
FF0
330
2
100
AcDbEntity
  8
CS-DIMT
100
AcDbText
 10
1363139.135162104
 20
-6604.735417345317
 30
0.0
 40
125.0
  1
50
  7
A_STANDARD
100
AcDbText
  0
TEXT
  5
FF1
330
2
100
AcDbEntity
  8
CS-DIMT
100
AcDbText
 10
1363523.805601518
 20
-6604.735417345317
 30
0.0
 40
125.0
  1
200
  7
A_STANDARD
 72
     1
 11
1363651.635162104
 21
-6604.735417345317
 31
0.0
100
AcDbText
  0
TEXT
  5
FF2
330
2
100
AcDbEntity
  8
CS-DIMT
100
AcDbText
 10
1364003.915455047
 20
-6604.735417345317
 30
0.0
 40
125.0
  1
50
  7
A_STANDARD
 72
     1
 11
1364089.135162104
 21
-6604.735417345317
 31
0.0
100
AcDbText
  0
TEXT
  5
FF3
330
2
100
AcDbEntity
  8
CS-DIMT
100
AcDbText
 10
1363273.805601519
 20
-2438.068751345312
 30
0.0
 40
125.0
  1
500
  7
A_STANDARD
 72
     1
 11
1363401.635162104
 21
-2438.068751345312
 31
0.0
100
AcDbText
  0
TEXT
  5
FF4
330
2
100
AcDbEntity
  8
CS-DIMT
100
AcDbText
 10
1364003.915455047
 20
-2438.068751345312
 30
0.0
 40
125.0
  1
50
  7
A_STANDARD
 72
     1
 11
1364089.135162104
 21
-2438.068751345312
 31
0.0
100
AcDbText
  0
TEXT
  5
FF5
330
2
100
AcDbEntity
  8
CS-DIMT
100
AcDbText
 10
1362376.635162104
 20
-4814.955124402574
 30
0.0
 40
125.0
  1
80
 50
90.0
  7
A_STANDARD
 72
     1
 11
1362376.635162104
 21
-4729.735417345317
 31
0.0
100
AcDbText
  0
TEXT
  5
FF6
330
2
100
AcDbEntity
  8
CS-DIMT
100
AcDbText
 10
1365376.635162104
 20
-4509.451351988456
 30
0.0
 40
125.0
  1
1.000
 50
90.0
  7
A_STANDARD
 72
     1
 11
1365376.635162104
 21
-4296.402084345315
 31
0.0
100
AcDbText
  0
TEXT
  5
FF7
330
2
100
AcDbEntity
  8
CS-DIMT
100
AcDbText
 10
1364876.635162104
 20
-3360.788458402569
 30
0.0
 40
125.0
  1
80
 50
90.0
  7
A_STANDARD
 72
     1
 11
1364876.635162104
 21
-3275.568751345312
 31
0.0
100
AcDbText
  0
TEXT
  5
FF8
330
2
100
AcDbEntity
  8
CS-DIMT
100
AcDbText
 10
1364876.635162104
 20
-4257.564977931202
 30
0.0
 40
125.0
  1
640
 50
90.0
  7
A_STANDARD
 72
     1
 11
1364876.635162104
 21
-4129.735417345317
 31
0.0
100
AcDbText
  0
TEXT
  5
FF9
330
2
100
AcDbEntity
  8
CS-DIMT
100
AcDbText
 10
1365051.635162104
 20
-4899.2316449312
 30
0.0
 40
125.0
  1
130
 50
90.0
  7
A_STANDARD
 72
     1
 11
1365051.635162104
 21
-4771.402084345314
 31
0.0
100
AcDbText
  0
TEXT
  5
FFA
330
2
100
AcDbEntity
  8
CS-DIMT
100
AcDbText
 10
1364876.635162104
 20
-5090.898311931198
 30
0.0
 40
125.0
  1
100
 50
90.0
  7
A_STANDARD
 72
     1
 11
1364876.635162104
 21
-4963.068751345312
 31
0.0
100
AcDbText
  0
TEXT
  5
FFB
330
2
100
AcDbEntity
  8
CS-DIMT
100
AcDbText
 10
1365350.757006311
 20
-23037.09565130192
 30
0.0
 40
125.0
  1
80
 50
90.0
  7
A_STANDARD
100
AcDbText
  0
TEXT
  5
FFC
330
2
100
AcDbEntity
  8
CS-DIMT
100
AcDbText
 10
1363779.923672311
 20
-19499.59565130192
 30
0.0
 40
125.0
  1
50
  7
A_STANDARD
100
AcDbText
  0
TEXT
  5
FFD
330
2
100
AcDbEntity
  8
CS-DIMT
100
AcDbText
 10
1364081.260778725
 20
-19674.59565130192
 30
0.0
 40
125.0
  1
100
  7
A_STANDARD
 72
     1
 11
1364209.090339311
 21
-19674.59565130192
 31
0.0
100
AcDbText
  0
TEXT
  5
FFE
330
2
100
AcDbEntity
  8
CS-DIMT
100
AcDbText
 10
1364478.037299254
 20
-19499.59565130192
 30
0.0
 40
125.0
  1
50
  7
A_STANDARD
 72
     1
 11
1364563.257006311
 21
-19499.59565130192
 31
0.0
100
AcDbText
  0
TEXT
  5
FFF
330
2
100
AcDbEntity
  8
CS-DIMT
100
AcDbText
 10
1364248.870632254
 20
-24249.59565130192
 30
0.0
 40
125.0
  1
50
  7
A_STANDARD
 72
     1
 11
1364334.090339311
 21
-24249.59565130192
 31
0.0
100
AcDbText
  0
TEXT
  5
1000
330
2
100
AcDbEntity
  8
CS-DIMT
100
AcDbText
 10
1363789.594111726
 20
-24249.59565130192
 30
0.0
 40
125.0
  1
500
  7
A_STANDARD
 72
     1
 11
1363917.423672311
 21
-24249.59565130192
 31
0.0
100
AcDbText
  0
TEXT
  5
1001
330
2
100
AcDbEntity
  8
CS-DIMT
100
AcDbText
 10
1365850.757006311
 20
-22112.64491894507
 30
0.0
 40
125.0
  1
1.050
 50
90.0
  7
A_STANDARD
 72
     1
 11
1365850.757006311
 21
-21899.59565130192
 31
0.0
100
AcDbText
  0
TEXT
  5
1002
330
2
100
AcDbEntity
  8
CS-DIMT
100
AcDbText
 10
1365350.757006311
 20
-20922.31535835918
 30
0.0
 40
125.0
  1
50
 50
90.0
  7
A_STANDARD
 72
     1
 11
1365350.757006311
 21
-20837.09565130192
 31
0.0
100
AcDbText
  0
TEXT
  5
1003
330
2
100
AcDbEntity
  8
CS-DIMT
100
AcDbText
 10
1365350.757006311
 20
-21335.75854488781
 30
0.0
 40
125.0
  1
120
 50
90.0
  7
A_STANDARD
 72
     1
 11
1365350.757006311
 21
-21207.92898430193
 31
0.0
100
AcDbText
  0
TEXT
  5
1004
330
2
100
AcDbEntity
  8
CS-DIMT
100
AcDbText
 10
1365525.757006311
 20
-21560.75854488781
 30
0.0
 40
125.0
  1
150
 50
90.0
  7
A_STANDARD
 72
     1
 11
1365525.757006311
 21
-21432.92898430193
 31
0.0
100
AcDbText
  0
TEXT
  5
1005
330
2
100
AcDbEntity
  8
CS-DIMT
100
AcDbText
 10
1365350.757006311
 20
-22227.42521188781
 30
0.0
 40
125.0
  1
650
 50
90.0
  7
A_STANDARD
 72
     1
 11
1365350.757006311
 21
-22099.59565130192
 31
0.0
100
AcDbText
  0
TEXT
  5
1006
330
2
100
AcDbEntity
  8
CS-DIMT
100
AcDbText
 10
1344096.945678311
 20
-4577.113626583938
 30
0.0
 40
125.0
  1
6.050
 50
90.0
  7
A_STANDARD
 72
     1
 11
1344096.945678311
 21
-4364.064358940796
 31
0.0
100
AcDbText
  0
TEXT
  5
1007
330
2
100
AcDbEntity
  8
CS-DIMT
100
AcDbText
 10
1343596.945678311
 20
-3166.893919526681
 30
0.0
 40
125.0
  1
750
 50
90.0
  7
A_STANDARD
 72
     1
 11
1343596.945678311
 21
-3039.064358940795
 31
0.0
100
AcDbText
  0
TEXT
  5
1008
330
2
100
AcDbEntity
  8
CS-DIMT
100
AcDbText
 10
1343596.945678311
 20
-4564.613626583938
 30
0.0
 40
125.0
  1
4.500
 50
90.0
  7
A_STANDARD
 72
     1
 11
1343596.945678311
 21
-4351.564358940795
 31
0.0
100
AcDbText
  0
TEXT
  5
1009
330
2
100
AcDbEntity
  8
CS-DIMT
100
AcDbText
 10
1343596.945678311
 20
-5804.393919526681
 30
0.0
 40
125.0
  1
800
 50
90.0
  7
A_STANDARD
 72
     1
 11
1343596.945678311
 21
-5676.564358940796
 31
0.0
100
AcDbText
  0
TEXT
  5
100A
330
2
100
AcDbEntity
  8
CS-DIMT
100
AcDbText
 10
1343596.945678311
 20
-2564.613626583938
 30
0.0
 40
125.0
  1
3.000
 50
90.0
  7
A_STANDARD
 72
     1
 11
1343596.945678311
 21
-2351.564358940795
 31
0.0
100
AcDbText
  0
TEXT
  5
100B
330
2
100
AcDbEntity
  8
CS-DIMT
100
AcDbText
 10
1343596.945678311
 20
-6314.064358940796
 30
0.0
 40
125.0
  1
100
 50
90.0
  7
A_STANDARD
100
AcDbText
  0
TEXT
  5
100C
330
2
100
AcDbEntity
  8
CS-DIMT
100
AcDbText
 10
1342794.116117726
 20
-6619.810343374814
 30
0.0
 40
125.0
  1
100
  7
A_STANDARD
 72
     1
 11
1342921.945678311
 21
-6619.810343374814
 31
0.0
100
AcDbText
  0
TEXT
  5
100D
330
2
100
AcDbEntity
  8
CS-DIMT
100
AcDbText
 10
1338619.116117726
 20
-6619.810343374814
 30
0.0
 40
125.0
  1
500
  7
A_STANDARD
 72
     1
 11
1338746.945678311
 21
-6619.810343374814
 31
0.0
100
AcDbText
  0
TEXT
  5
100E
330
2
100
AcDbEntity
  8
CS-DIMT
100
AcDbText
 10
1340408.896410668
 20
-6619.810343374814
 30
0.0
 40
125.0
  1
7.000
  7
A_STANDARD
 72
     1
 11
1340621.945678311
 21
-6619.810343374814
 31
0.0
100
AcDbText
  0
TEXT
  5
100F
330
2
100
AcDbEntity
  8
CS-DIMT
100
AcDbText
 10
1342369.116117726
 20
-6619.810343374814
 30
0.0
 40
125.0
  1
500
  7
A_STANDARD
 72
     1
 11
1342496.945678312
 21
-6619.810343374814
 31
0.0
100
AcDbText
  0
TEXT
  5
1010
330
2
100
AcDbEntity
  8
CS-DIMT
100
AcDbText
 10
1340408.896410668
 20
-7119.810343374814
 30
0.0
 40
125.0
  1
8.000
  7
A_STANDARD
 72
     1
 11
1340621.945678311
 21
-7119.810343374814
 31
0.0
100
AcDbText
  0
TEXT
  5
1011
330
2
100
AcDbEntity
  8
CS-DIMT
100
AcDbText
 10
1339266.176703611
 20
-3551.564358940795
 30
0.0
 40
125.0
  1
400X400
  7
A_STANDARD
 72
     1
 11
1339564.445678312
 21
-3551.564358940795
 31
0.0
100
AcDbText
  0
TEXT
  5
1012
330
2
100
AcDbEntity
  8
CS-DIMT
100
AcDbText
 10
1338184.445678311
 20
-6619.810343374814
 30
0.0
 40
125.0
  1
100
  7
A_STANDARD
100
AcDbText
  0
SOLID
  5
1013
330
2
100
AcDbEntity
  8
CS-DIML
100
AcDbTrace
 10
1338971.945678312
 20
-3326.564358940795
 30
0.0
 11
1339036.763800311
 21
-3417.309729440796
 31
0.0
 12
1338971.945678312
 22
-3326.564358940795
 32
0.0
 13
1339062.691048811
 23
-3391.382480440795
 33
0.0
  0
LINE
  5
1014
330
2
100
AcDbEntity
  8
CS-RBAR-MAJR
100
AcDbLine
 10
1363818.301829104
 20
-3596.402084345314
 30
0.0
 11
1362984.968495104
 21
-3596.402084345314
 31
0.0
  0
LINE
  5
1015
330
2
100
AcDbEntity
  8
CS-RBAR-MAJR
100
AcDbLine
 10
1363818.301829104
 20
-3596.402084345314
 30
0.0
 11
1363818.301829104
 21
-5046.402084345315
 31
0.0
  0
LINE
  5
1016
330
2
100
AcDbEntity
  8
CS-RBAR-MAJR
100
AcDbLine
 10
1363818.301829104
 20
-5046.402084345315
 30
0.0
 11
1363484.968495104
 21
-5046.402084345315
 31
0.0
  0
LINE
  5
1017
330
2
100
AcDbEntity
  8
CS-RBAR-MAJR
100
AcDbLine
 10
1363484.968495104
 20
-5046.402084345315
 30
0.0
 11
1363484.968495104
 21
-4663.068751345313
 31
0.0
  0
LINE
  5
1018
330
2
100
AcDbEntity
  8
CS-RBAR-MAJR
100
AcDbLine
 10
1362984.968495104
 20
-4663.068751345313
 30
0.0
 11
1363484.968495104
 21
-4663.068751345313
 31
0.0
  0
LINE
  5
1019
330
2
100
AcDbEntity
  8
CS-RBAR-MAJR
100
AcDbLine
 10
1363484.968495104
 20
-5046.402084345315
 30
0.0
 11
1363484.968495104
 21
-5046.402084345315
 31
0.0
  0
LINE
  5
101A
330
2
100
AcDbEntity
  8
CS-RBAR-MAJR
100
AcDbLine
 10
1363818.301829104
 20
-5046.402084345315
 30
0.0
 11
1363818.301829104
 21
-5046.402084345315
 31
0.0
  0
LINE
  5
101B
330
2
100
AcDbEntity
  8
CS-RBAR-MAJR
100
AcDbLine
 10
1363818.301829104
 20
-3596.402084345314
 30
0.0
 11
1363818.301829104
 21
-3596.402084345314
 31
0.0
  0
LINE
  5
101C
330
2
100
AcDbEntity
  8
CS-RBAR-MAJR
100
AcDbLine
 10
1362984.968495104
 20
-3596.402084345314
 30
0.0
 11
1362984.968495104
 21
-3596.402084345314
 31
0.0
  0
LINE
  5
101D
330
2
100
AcDbEntity
  8
CS-RBAR-MAJR
100
AcDbLine
 10
1363818.301829104
 20
-3596.402084345314
 30
0.0
 11
1363818.301829104
 21
-3596.402084345314
 31
0.0
  0
LINE
  5
101E
330
2
100
AcDbEntity
  8
CS-RBAR-MAJR
100
AcDbLine
 10
1363818.301829104
 20
-5046.402084345315
 30
0.0
 11
1363818.301829104
 21
-5046.402084345315
 31
0.0
  0
LINE
  5
101F
330
2
100
AcDbEntity
  8
CS-RBAR-MAJR
100
AcDbLine
 10
1363818.301829104
 20
-5046.402084345315
 30
0.0
 11
1363818.301829104
 21
-5046.402084345315
 31
0.0
  0
LINE
  5
1020
330
2
100
AcDbEntity
  8
CS-RBAR-MAJR
100
AcDbLine
 10
1363818.301829104
 20
-3596.402084345314
 30
0.0
 11
1363818.301829104
 21
-3596.402084345314
 31
0.0
  0
LINE
  5
1021
330
2
100
AcDbEntity
  8
CS-RBAR-MAJR
100
AcDbLine
 10
1363459.090339311
 20
-22641.26231830192
 30
0.0
 11
1364292.423672311
 21
-22641.26231830192
 31
0.0
  0
LINE
  5
1022
330
2
100
AcDbEntity
  8
CS-RBAR-MAJR
100
AcDbLine
 10
1364292.423672311
 20
-21107.92898430192
 30
0.0
 11
1364125.757006311
 21
-21107.92898430192
 31
0.0
  0
LINE
  5
1023
330
2
100
AcDbEntity
  8
CS-RBAR-MAJR
100
AcDbLine
 10
1364292.423672311
 20
-22641.26231830192
 30
0.0
 11
1364292.423672311
 21
-21107.92898430192
 31
0.0
  0
LINE
  5
1024
330
2
100
AcDbEntity
  8
CS-RBAR-MAJR
100
AcDbLine
 10
1364125.757006311
 20
-21107.92898430192
 30
0.0
 11
1364125.757006311
 21
-22641.26231830192
 31
0.0
  0
LINE
  5
1025
330
2
100
AcDbEntity
  8
CS-RBAR-MAJR
100
AcDbLine
 10
1364125.757006311
 20
-22641.26231830192
 30
0.0
 11
1364125.757006311
 21
-22641.26231830192
 31
0.0
  0
LINE
  5
1026
330
2
100
AcDbEntity
  8
CS-RBAR-MAJR
100
AcDbLine
 10
1364292.423672311
 20
-22641.26231830192
 30
0.0
 11
1364292.423672311
 21
-22641.26231830192
 31
0.0
  0
LINE
  5
1027
330
2
100
AcDbEntity
  8
CS-RBAR-MAJR
100
AcDbLine
 10
1364125.757006311
 20
-21107.92898430192
 30
0.0
 11
1364125.757006311
 21
-21107.92898430192
 31
0.0
  0
LINE
  5
1028
330
2
100
AcDbEntity
  8
CS-RBAR-MAJR
100
AcDbLine
 10
1364292.423672311
 20
-21107.92898430192
 30
0.0
 11
1364292.423672311
 21
-21107.92898430192
 31
0.0
  0
LINE
  5
1029
330
2
100
AcDbEntity
  8
CS-RBAR-MAJR
100
AcDbLine
 10
1364292.423672311
 20
-21107.92898430192
 30
0.0
 11
1364292.423672311
 21
-21107.92898430192
 31
0.0
  0
LINE
  5
102A
330
2
100
AcDbEntity
  8
CS-RBAR-MAJR
100
AcDbLine
 10
1364292.423672311
 20
-22641.26231830192
 30
0.0
 11
1364292.423672311
 21
-22641.26231830192
 31
0.0
  0
LINE
  5
102B
330
2
100
AcDbEntity
  8
CS-RBAR-MAJR
100
AcDbLine
 10
1364292.423672311
 20
-22641.26231830192
 30
0.0
 11
1364292.423672311
 21
-22641.26231830192
 31
0.0
  0
LINE
  5
102C
330
2
100
AcDbEntity
  8
CS-RBAR-MAJR
100
AcDbLine
 10
1364292.423672311
 20
-21107.92898430192
 30
0.0
 11
1364292.423672311
 21
-21107.92898430192
 31
0.0
  0
LINE
  5
102D
330
2
100
AcDbEntity
  8
CS-RBAR-MAJR
100
AcDbLine
 10
1364292.423672311
 20
-22641.26231830192
 30
0.0
 11
1364292.423672311
 21
-22641.26231830192
 31
0.0
  0
LINE
  5
102E
330
2
100
AcDbEntity
  8
CS-CUTL
100
AcDbLine
 10
1362042.423672311
 20
-22941.26231830192
 30
0.0
 11
1362042.423672311
 21
-22141.26231830192
 31
0.0
  0
LINE
  5
102F
330
2
100
AcDbEntity
  8
CS-CUTL
100
AcDbLine
 10
1362042.423672311
 20
-21991.26231830192
 30
0.0
 11
1362042.423672311
 21
-21191.26231830192
 31
0.0
  0
LINE
  5
1030
330
2
100
AcDbEntity
  8
CS-CUTL
100
AcDbLine
 10
1362042.423672311
 20
-22141.26231830192
 30
0.0
 11
1361992.423672311
 21
-22216.26231830192
 31
0.0
  0
LINE
  5
1031
330
2
100
AcDbEntity
  8
CS-CUTL
100
AcDbLine
 10
1361992.423672311
 20
-22216.26231830192
 30
0.0
 11
1362092.423672311
 21
-21916.26231830192
 31
0.0
  0
LINE
  5
1032
330
2
100
AcDbEntity
  8
CS-CUTL
100
AcDbLine
 10
1362092.423672311
 20
-21916.26231830192
 30
0.0
 11
1362042.423672311
 21
-21991.26231830192
 31
0.0
  0
LINE
  5
1033
330
2
100
AcDbEntity
  8
CS-SYMB
100
AcDbLine
 10
1338121.945678311
 20
-1851.564358940795
 30
0.0
 11
1343121.945678311
 21
-1851.564358940795
 31
0.0
  0
LINE
  5
1034
330
2
100
AcDbEntity
  8
CS-DIML
100
AcDbLine
 10
1342671.945678312
 20
-6644.810343374814
 30
0.0
 11
1343171.945678311
 21
-6644.810343374814
 31
0.0
  0
LINE
  5
1035
330
2
100
AcDbEntity
  8
CS-DIML
100
AcDbLine
 10
1342621.945678311
 20
-6644.810343374814
 30
0.0
 11
1342671.945678312
 21
-6644.810343374814
 31
0.0
  0
LINE
  5
1036
330
2
100
AcDbEntity
  8
CS-DIML
100
AcDbLine
 10
1342671.945678312
 20
-6144.810343374815
 30
0.0
 11
1342671.945678312
 21
-6669.810343374814
 31
0.0
  0
LINE
  5
1037
330
2
100
AcDbEntity
  8
CS-DIML
100
AcDbLine
 10
1342621.945678311
 20
-6144.810343374815
 30
0.0
 11
1342621.945678311
 21
-6669.810343374814
 31
0.0
  0
LINE
  5
1038
330
2
100
AcDbEntity
  8
CS-DIML
100
AcDbLine
 10
1338571.945678311
 20
-6644.810343374814
 30
0.0
 11
1338621.945678312
 21
-6644.810343374814
 31
0.0
  0
LINE
  5
1039
330
2
100
AcDbEntity
  8
CS-DIML
100
AcDbLine
 10
1338621.945678312
 20
-6144.810343374815
 30
0.0
 11
1338621.945678312
 21
-6669.810343374814
 31
0.0
  0
LINE
  5
103A
330
2
100
AcDbEntity
  8
CS-DIML
100
AcDbLine
 10
1338134.445678311
 20
-6644.810343374814
 30
0.0
 11
1338571.945678311
 21
-6644.810343374814
 31
0.0
  0
LINE
  5
103B
330
2
100
AcDbEntity
  8
CS-DIML
100
AcDbLine
 10
1338571.945678311
 20
-6144.810343374815
 30
0.0
 11
1338571.945678311
 21
-6669.810343374814
 31
0.0
  0
LINE
  5
103C
330
2
100
AcDbEntity
  8
CS-DIML
100
AcDbLine
 10
1338621.945678312
 20
-6144.810343374815
 30
0.0
 11
1338621.945678312
 21
-6669.810343374814
 31
0.0
  0
LINE
  5
103D
330
2
100
AcDbEntity
  8
CS-DIML
100
AcDbLine
 10
1338871.945678311
 20
-6144.810343374815
 30
0.0
 11
1338871.945678311
 21
-6669.810343374814
 31
0.0
  0
LINE
  5
103E
330
2
100
AcDbEntity
  8
CS-DIML
100
AcDbLine
 10
1338621.945678312
 20
-6644.810343374814
 30
0.0
 11
1338871.945678311
 21
-6644.810343374814
 31
0.0
  0
LINE
  5
103F
330
2
100
AcDbEntity
  8
CS-DIML
100
AcDbLine
 10
1342371.945678312
 20
-6144.810343374815
 30
0.0
 11
1342371.945678312
 21
-6669.810343374814
 31
0.0
  0
LINE
  5
1040
330
2
100
AcDbEntity
  8
CS-DIML
100
AcDbLine
 10
1338871.945678311
 20
-6644.810343374814
 30
0.0
 11
1342371.945678312
 21
-6644.810343374814
 31
0.0
  0
LINE
  5
1041
330
2
100
AcDbEntity
  8
CS-DIML
100
AcDbLine
 10
1342621.945678311
 20
-6144.810343374815
 30
0.0
 11
1342621.945678311
 21
-6669.810343374814
 31
0.0
  0
LINE
  5
1042
330
2
100
AcDbEntity
  8
CS-DIML
100
AcDbLine
 10
1342371.945678312
 20
-6644.810343374814
 30
0.0
 11
1342621.945678311
 21
-6644.810343374814
 31
0.0
  0
LINE
  5
1043
330
2
100
AcDbEntity
  8
CS-DIML
100
AcDbLine
 10
1338621.945678312
 20
-6644.810343374814
 30
0.0
 11
1338621.945678312
 21
-7169.810343374814
 31
0.0
  0
LINE
  5
1044
330
2
100
AcDbEntity
  8
CS-DIML
100
AcDbLine
 10
1342621.945678311
 20
-6644.810343374814
 30
0.0
 11
1342621.945678311
 21
-7169.810343374814
 31
0.0
  0
LINE
  5
1045
330
2
100
AcDbEntity
  8
CS-DIML
100
AcDbLine
 10
1338621.945678312
 20
-7144.810343374814
 30
0.0
 11
1342621.945678311
 21
-7144.810343374814
 31
0.0
  0
LINE
  5
1046
330
2
100
AcDbEntity
  8
CS-DIML
100
AcDbLine
 10
1343621.945678312
 20
-5926.564358940796
 30
0.0
 11
1343621.945678312
 21
-5876.564358940796
 31
0.0
  0
LINE
  5
1047
330
2
100
AcDbEntity
  8
CS-DIML
100
AcDbLine
 10
1343121.945678311
 20
-5876.564358940796
 30
0.0
 11
1343646.945678311
 21
-5876.564358940796
 31
0.0
  0
LINE
  5
1048
330
2
100
AcDbEntity
  8
CS-DIML
100
AcDbLine
 10
1343621.945678312
 20
-6364.064358940796
 30
0.0
 11
1343621.945678312
 21
-5926.564358940796
 31
0.0
  0
LINE
  5
1049
330
2
100
AcDbEntity
  8
CS-DIML
100
AcDbLine
 10
1343121.945678311
 20
-5926.564358940796
 30
0.0
 11
1343646.945678311
 21
-5926.564358940796
 31
0.0
  0
LINE
  5
104A
330
2
100
AcDbEntity
  8
CS-DIML
100
AcDbLine
 10
1343121.945678311
 20
-5876.564358940796
 30
0.0
 11
1343646.945678311
 21
-5876.564358940796
 31
0.0
  0
LINE
  5
104B
330
2
100
AcDbEntity
  8
CS-DIML
100
AcDbLine
 10
1343121.945678311
 20
-5476.564358940795
 30
0.0
 11
1343646.945678311
 21
-5476.564358940795
 31
0.0
  0
LINE
  5
104C
330
2
100
AcDbEntity
  8
CS-DIML
100
AcDbLine
 10
1343621.945678312
 20
-5876.564358940796
 30
0.0
 11
1343621.945678312
 21
-5476.564358940795
 31
0.0
  0
LINE
  5
104D
330
2
100
AcDbEntity
  8
CS-DIML
100
AcDbLine
 10
1343121.945678311
 20
-3226.564358940795
 30
0.0
 11
1343646.945678311
 21
-3226.564358940795
 31
0.0
  0
LINE
  5
104E
330
2
100
AcDbEntity
  8
CS-DIML
100
AcDbLine
 10
1343621.945678312
 20
-5476.564358940795
 30
0.0
 11
1343621.945678312
 21
-3226.564358940795
 31
0.0
  0
LINE
  5
104F
330
2
100
AcDbEntity
  8
CS-DIML
100
AcDbLine
 10
1343121.945678311
 20
-2851.564358940795
 30
0.0
 11
1343646.945678311
 21
-2851.564358940795
 31
0.0
  0
LINE
  5
1050
330
2
100
AcDbEntity
  8
CS-DIML
100
AcDbLine
 10
1343621.945678312
 20
-3226.564358940795
 30
0.0
 11
1343621.945678312
 21
-2851.564358940795
 31
0.0
  0
LINE
  5
1051
330
2
100
AcDbEntity
  8
CS-DIML
100
AcDbLine
 10
1343621.945678312
 20
-2851.564358940795
 30
0.0
 11
1344146.945678311
 21
-2851.564358940795
 31
0.0
  0
LINE
  5
1052
330
2
100
AcDbEntity
  8
CS-DIML
100
AcDbLine
 10
1343621.945678312
 20
-5876.564358940796
 30
0.0
 11
1344146.945678311
 21
-5876.564358940796
 31
0.0
  0
LINE
  5
1053
330
2
100
AcDbEntity
  8
CS-DIML
100
AcDbLine
 10
1344121.945678312
 20
-2851.564358940795
 30
0.0
 11
1344121.945678312
 21
-5876.564358940796
 31
0.0
  0
LINE
  5
1054
330
2
100
AcDbEntity
  8
CS-DIML
100
AcDbLine
 10
1339221.945678311
 20
-3576.564358940795
 30
0.0
 11
1339906.945678311
 21
-3576.564358940795
 31
0.0
  0
LINE
  5
1055
330
2
100
AcDbEntity
  8
CS-DIML
100
AcDbLine
 10
1338971.945678312
 20
-3326.564358940795
 30
0.0
 11
1339221.945678311
 21
-3576.564358940795
 31
0.0
  0
LINE
  5
1056
330
2
100
AcDbEntity
  8
CS-DIML
100
AcDbLine
 10
1343121.945678311
 20
-2851.564358940795
 30
0.0
 11
1343646.945678311
 21
-2851.564358940795
 31
0.0
  0
LINE
  5
1057
330
2
100
AcDbEntity
  8
CS-DIML
100
AcDbLine
 10
1343121.945678311
 20
-1851.564358940795
 30
0.0
 11
1343646.945678311
 21
-1851.564358940795
 31
0.0
  0
LINE
  5
1058
330
2
100
AcDbEntity
  8
CS-DIML
100
AcDbLine
 10
1343621.945678312
 20
-2851.564358940795
 30
0.0
 11
1343621.945678312
 21
-1851.564358940795
 31
0.0
  0
LINE
  5
1059
330
2
100
AcDbEntity
  8
CS-DIML
100
AcDbLine
 10
1363001.635162104
 20
-4969.735417345317
 30
0.0
 11
1363484.968495104
 21
-4969.735417345317
 31
0.0
  0
LINE
  5
105A
330
2
100
AcDbEntity
  8
CS-DIML
100
AcDbLine
 10
1363507.468495104
 20
-5023.902084345315
 30
0.0
 11
1363651.635162104
 21
-5273.902084345315
 31
0.0
  0
LINE
  5
105B
330
2
100
AcDbEntity
  8
CS-DIML
100
AcDbLine
 10
1363795.801829104
 20
-5023.902084345315
 30
0.0
 11
1363651.635162104
 21
-5273.902084345315
 31
0.0
  0
LINE
  5
105C
330
2
100
AcDbEntity
  8
CS-DIML
100
AcDbLine
 10
1363651.635162104
 20
-5273.902084345315
 30
0.0
 11
1363651.635162104
 21
-5944.735417345317
 31
0.0
  0
LINE
  5
105D
330
2
100
AcDbEntity
  8
CS-DIML
100
AcDbLine
 10
1363901.635162104
 20
-6629.735417345317
 30
0.0
 11
1364276.635162104
 21
-6629.735417345317
 31
0.0
  0
LINE
  5
105E
330
2
100
AcDbEntity
  8
CS-DIML
100
AcDbLine
 10
1363818.301829104
 20
-6629.735417345317
 30
0.0
 11
1363901.635162104
 21
-6629.735417345317
 31
0.0
  0
LINE
  5
105F
330
2
100
AcDbEntity
  8
CS-DIML
100
AcDbLine
 10
1363901.635162104
 20
-6129.735417345317
 30
0.0
 11
1363901.635162104
 21
-6654.735417345317
 31
0.0
  0
LINE
  5
1060
330
2
100
AcDbEntity
  8
CS-DIML
100
AcDbLine
 10
1363484.968495104
 20
-6629.735417345317
 30
0.0
 11
1363818.301829104
 21
-6629.735417345317
 31
0.0
  0
LINE
  5
1061
330
2
100
AcDbEntity
  8
CS-DIML
100
AcDbLine
 10
1363818.301829104
 20
-6129.735417345317
 30
0.0
 11
1363818.301829104
 21
-6654.735417345317
 31
0.0
  0
LINE
  5
1062
330
2
100
AcDbEntity
  8
CS-DIML
100
AcDbLine
 10
1363401.635162104
 20
-6629.735417345317
 30
0.0
 11
1363484.968495104
 21
-6629.735417345317
 31
0.0
  0
LINE
  5
1063
330
2
100
AcDbEntity
  8
CS-DIML
100
AcDbLine
 10
1363484.968495104
 20
-6129.735417345317
 30
0.0
 11
1363484.968495104
 21
-6654.735417345317
 31
0.0
  0
LINE
  5
1064
330
2
100
AcDbEntity
  8
CS-DIML
100
AcDbLine
 10
1363089.135162104
 20
-6629.735417345317
 30
0.0
 11
1363401.635162104
 21
-6629.735417345317
 31
0.0
  0
LINE
  5
1065
330
2
100
AcDbEntity
  8
CS-DIML
100
AcDbLine
 10
1363401.635162104
 20
-6129.735417345317
 30
0.0
 11
1363401.635162104
 21
-6654.735417345317
 31
0.0
  0
LINE
  5
1066
330
2
100
AcDbEntity
  8
CS-DIML
100
AcDbLine
 10
1362984.968495104
 20
-2963.068751345312
 30
0.0
 11
1362984.968495104
 21
-2438.068751345312
 31
0.0
  0
LINE
  5
1067
330
2
100
AcDbEntity
  8
CS-DIML
100
AcDbLine
 10
1363818.301829104
 20
-2963.068751345312
 30
0.0
 11
1363818.301829104
 21
-2438.068751345312
 31
0.0
  0
LINE
  5
1068
330
2
100
AcDbEntity
  8
CS-DIML
100
AcDbLine
 10
1362984.968495104
 20
-2463.068751345312
 30
0.0
 11
1363818.301829104
 21
-2463.068751345312
 31
0.0
  0
LINE
  5
1069
330
2
100
AcDbEntity
  8
CS-DIML
100
AcDbLine
 10
1363901.635162104
 20
-2963.068751345312
 30
0.0
 11
1363901.635162104
 21
-2438.068751345312
 31
0.0
  0
LINE
  5
106A
330
2
100
AcDbEntity
  8
CS-DIML
100
AcDbLine
 10
1363818.301829104
 20
-2463.068751345312
 30
0.0
 11
1363901.635162104
 21
-2463.068751345312
 31
0.0
  0
LINE
  5
106B
330
2
100
AcDbEntity
  8
CS-DIML
100
AcDbLine
 10
1363901.635162104
 20
-2463.068751345312
 30
0.0
 11
1364276.635162104
 21
-2463.068751345312
 31
0.0
  0
LINE
  5
106C
330
2
100
AcDbEntity
  8
CS-DIML
100
AcDbLine
 10
1364401.635162104
 20
-5129.735417345317
 30
0.0
 11
1364926.635162104
 21
-5129.735417345317
 31
0.0
  0
LINE
  5
106D
330
2
100
AcDbEntity
  8
CS-DIML
100
AcDbLine
 10
1364901.635162104
 20
-5442.235417345317
 30
0.0
 11
1364901.635162104
 21
-5129.735417345317
 31
0.0
  0
LINE
  5
106E
330
2
100
AcDbEntity
  8
CS-DIML
100
AcDbLine
 10
1364401.635162104
 20
-5046.402084345315
 30
0.0
 11
1364926.635162104
 21
-5046.402084345315
 31
0.0
  0
LINE
  5
106F
330
2
100
AcDbEntity
  8
CS-DIML
100
AcDbLine
 10
1364901.635162104
 20
-5129.735417345317
 30
0.0
 11
1364901.635162104
 21
-5046.402084345315
 31
0.0
  0
LINE
  5
1070
330
2
100
AcDbEntity
  8
CS-DIML
100
AcDbLine
 10
1364401.635162104
 20
-4879.735417345317
 30
0.0
 11
1364926.635162104
 21
-4879.735417345317
 31
0.0
  0
LINE
  5
1071
330
2
100
AcDbEntity
  8
CS-DIML
100
AcDbLine
 10
1364901.635162104
 20
-5046.402084345315
 30
0.0
 11
1364901.635162104
 21
-4879.735417345317
 31
0.0
  0
LINE
  5
1072
330
2
100
AcDbEntity
  8
CS-DIML
100
AcDbLine
 10
1364401.635162104
 20
-4663.068751345313
 30
0.0
 11
1364926.635162104
 21
-4663.068751345313
 31
0.0
  0
LINE
  5
1073
330
2
100
AcDbEntity
  8
CS-DIML
100
AcDbLine
 10
1364901.635162104
 20
-4879.735417345317
 30
0.0
 11
1364901.635162104
 21
-4663.068751345313
 31
0.0
  0
LINE
  5
1074
330
2
100
AcDbEntity
  8
CS-DIML
100
AcDbLine
 10
1364401.635162104
 20
-3596.402084345314
 30
0.0
 11
1364926.635162104
 21
-3596.402084345314
 31
0.0
  0
LINE
  5
1075
330
2
100
AcDbEntity
  8
CS-DIML
100
AcDbLine
 10
1364901.635162104
 20
-4663.068751345313
 30
0.0
 11
1364901.635162104
 21
-3596.402084345314
 31
0.0
  0
LINE
  5
1076
330
2
100
AcDbEntity
  8
CS-DIML
100
AcDbLine
 10
1364401.635162104
 20
-3463.068751345312
 30
0.0
 11
1364926.635162104
 21
-3463.068751345312
 31
0.0
  0
LINE
  5
1077
330
2
100
AcDbEntity
  8
CS-DIML
100
AcDbLine
 10
1364901.635162104
 20
-3596.402084345314
 30
0.0
 11
1364901.635162104
 21
-3463.068751345312
 31
0.0
  0
LINE
  5
1078
330
2
100
AcDbEntity
  8
CS-DIML
100
AcDbLine
 10
1364901.635162104
 20
-3463.068751345312
 30
0.0
 11
1364901.635162104
 21
-3088.068751345312
 31
0.0
  0
LINE
  5
1079
330
2
100
AcDbEntity
  8
CS-DIML
100
AcDbLine
 10
1364901.635162104
 20
-5129.735417345317
 30
0.0
 11
1365426.635162104
 21
-5129.735417345317
 31
0.0
  0
LINE
  5
107A
330
2
100
AcDbEntity
  8
CS-DIML
100
AcDbLine
 10
1364901.635162104
 20
-3463.068751345312
 30
0.0
 11
1365426.635162104
 21
-3463.068751345312
 31
0.0
  0
LINE
  5
107B
330
2
100
AcDbEntity
  8
CS-DIML
100
AcDbLine
 10
1365401.635162104
 20
-5129.735417345317
 30
0.0
 11
1365401.635162104
 21
-3463.068751345312
 31
0.0
  0
LINE
  5
107C
330
2
100
AcDbEntity
  8
CS-DIML
100
AcDbLine
 10
1362901.635162104
 20
-4796.402084345315
 30
0.0
 11
1362376.635162104
 21
-4796.402084345315
 31
0.0
  0
LINE
  5
107D
330
2
100
AcDbEntity
  8
CS-DIML
100
AcDbLine
 10
1362901.635162104
 20
-4663.068751345313
 30
0.0
 11
1362376.635162104
 21
-4663.068751345313
 31
0.0
  0
LINE
  5
107E
330
2
100
AcDbEntity
  8
CS-DIML
100
AcDbLine
 10
1362401.635162104
 20
-4796.402084345315
 30
0.0
 11
1362401.635162104
 21
-4663.068751345313
 31
0.0
  0
LINE
  5
107F
330
2
100
AcDbEntity
  8
CS-DIML
100
AcDbLine
 10
1363875.757006312
 20
-22641.26231830192
 30
0.0
 11
1363875.757006312
 21
-23574.59565130192
 31
0.0
  0
LINE
  5
1080
330
2
100
AcDbEntity
  8
CS-DIML
100
AcDbLine
 10
1364148.257006311
 20
-21130.42898430192
 30
0.0
 11
1364209.090339311
 21
-20730.42898430192
 31
0.0
  0
LINE
  5
1081
330
2
100
AcDbEntity
  8
CS-DIML
100
AcDbLine
 10
1364269.923672311
 20
-21130.42898430192
 30
0.0
 11
1364209.090339311
 21
-20730.42898430192
 31
0.0
  0
LINE
  5
1082
330
2
100
AcDbEntity
  8
CS-DIML
100
AcDbLine
 10
1364375.757006311
 20
-19524.59565130192
 30
0.0
 11
1364750.757006311
 21
-19524.59565130192
 31
0.0
  0
LINE
  5
1083
330
2
100
AcDbEntity
  8
CS-DIML
100
AcDbLine
 10
1364292.423672311
 20
-19524.59565130192
 30
0.0
 11
1364375.757006311
 21
-19524.59565130192
 31
0.0
  0
LINE
  5
1084
330
2
100
AcDbEntity
  8
CS-DIML
100
AcDbLine
 10
1364375.757006311
 20
-20024.59565130192
 30
0.0
 11
1364375.757006311
 21
-19499.59565130192
 31
0.0
  0
LINE
  5
1085
330
2
100
AcDbEntity
  8
CS-DIML
100
AcDbLine
 10
1364125.757006311
 20
-19524.59565130192
 30
0.0
 11
1364292.423672311
 21
-19524.59565130192
 31
0.0
  0
LINE
  5
1086
330
2
100
AcDbEntity
  8
CS-DIML
100
AcDbLine
 10
1364292.423672311
 20
-20024.59565130192
 30
0.0
 11
1364292.423672311
 21
-19499.59565130192
 31
0.0
  0
LINE
  5
1087
330
2
100
AcDbEntity
  8
CS-DIML
100
AcDbLine
 10
1364042.423672311
 20
-19524.59565130192
 30
0.0
 11
1364125.757006311
 21
-19524.59565130192
 31
0.0
  0
LINE
  5
1088
330
2
100
AcDbEntity
  8
CS-DIML
100
AcDbLine
 10
1364125.757006311
 20
-20024.59565130192
 30
0.0
 11
1364125.757006311
 21
-19499.59565130192
 31
0.0
  0
LINE
  5
1089
330
2
100
AcDbEntity
  8
CS-DIML
100
AcDbLine
 10
1363729.923672311
 20
-19524.59565130192
 30
0.0
 11
1364042.423672311
 21
-19524.59565130192
 31
0.0
  0
LINE
  5
108A
330
2
100
AcDbEntity
  8
CS-DIML
100
AcDbLine
 10
1364042.423672311
 20
-20024.59565130192
 30
0.0
 11
1364042.423672311
 21
-19499.59565130192
 31
0.0
  0
LINE
  5
108B
330
2
100
AcDbEntity
  8
CS-DIML
100
AcDbLine
 10
1364292.423672311
 20
-23774.59565130192
 30
0.0
 11
1364292.423672311
 21
-24299.59565130192
 31
0.0
  0
LINE
  5
108C
330
2
100
AcDbEntity
  8
CS-DIML
100
AcDbLine
 10
1364375.757006311
 20
-23774.59565130192
 30
0.0
 11
1364375.757006311
 21
-24299.59565130192
 31
0.0
  0
LINE
  5
108D
330
2
100
AcDbEntity
  8
CS-DIML
100
AcDbLine
 10
1364292.423672311
 20
-24274.59565130192
 30
0.0
 11
1364375.757006311
 21
-24274.59565130192
 31
0.0
  0
LINE
  5
108E
330
2
100
AcDbEntity
  8
CS-DIML
100
AcDbLine
 10
1364375.757006311
 20
-23774.59565130192
 30
0.0
 11
1364375.757006311
 21
-24299.59565130192
 31
0.0
  0
LINE
  5
108F
330
2
100
AcDbEntity
  8
CS-DIML
100
AcDbLine
 10
1363459.090339311
 20
-23774.59565130192
 30
0.0
 11
1363459.090339311
 21
-24299.59565130192
 31
0.0
  0
LINE
  5
1090
330
2
100
AcDbEntity
  8
CS-DIML
100
AcDbLine
 10
1364375.757006311
 20
-24274.59565130192
 30
0.0
 11
1363459.090339311
 21
-24274.59565130192
 31
0.0
  0
LINE
  5
1091
330
2
100
AcDbEntity
  8
CS-DIML
100
AcDbLine
 10
1364875.757006311
 20
-22774.59565130192
 30
0.0
 11
1365400.757006311
 21
-22774.59565130192
 31
0.0
  0
LINE
  5
1092
330
2
100
AcDbEntity
  8
CS-DIML
100
AcDbLine
 10
1365375.757006311
 20
-23087.09565130192
 30
0.0
 11
1365375.757006311
 21
-22774.59565130192
 31
0.0
  0
LINE
  5
1093
330
2
100
AcDbEntity
  8
CS-DIML
100
AcDbLine
 10
1364875.757006311
 20
-22641.26231830192
 30
0.0
 11
1365400.757006311
 21
-22641.26231830192
 31
0.0
  0
LINE
  5
1094
330
2
100
AcDbEntity
  8
CS-DIML
100
AcDbLine
 10
1365375.757006311
 20
-22774.59565130192
 30
0.0
 11
1365375.757006311
 21
-22641.26231830192
 31
0.0
  0
LINE
  5
1095
330
2
100
AcDbEntity
  8
CS-DIML
100
AcDbLine
 10
1364875.757006311
 20
-21557.92898430192
 30
0.0
 11
1365400.757006311
 21
-21557.92898430192
 31
0.0
  0
LINE
  5
1096
330
2
100
AcDbEntity
  8
CS-DIML
100
AcDbLine
 10
1365375.757006311
 20
-22641.26231830192
 30
0.0
 11
1365375.757006311
 21
-21557.92898430192
 31
0.0
  0
LINE
  5
1097
330
2
100
AcDbEntity
  8
CS-DIML
100
AcDbLine
 10
1364875.757006311
 20
-21307.92898430192
 30
0.0
 11
1365400.757006311
 21
-21307.92898430192
 31
0.0
  0
LINE
  5
1098
330
2
100
AcDbEntity
  8
CS-DIML
100
AcDbLine
 10
1365375.757006311
 20
-21557.92898430192
 30
0.0
 11
1365375.757006311
 21
-21307.92898430192
 31
0.0
  0
LINE
  5
1099
330
2
100
AcDbEntity
  8
CS-DIML
100
AcDbLine
 10
1364875.757006311
 20
-21107.92898430192
 30
0.0
 11
1365400.757006311
 21
-21107.92898430192
 31
0.0
  0
LINE
  5
109A
330
2
100
AcDbEntity
  8
CS-DIML
100
AcDbLine
 10
1365375.757006311
 20
-21307.92898430192
 30
0.0
 11
1365375.757006311
 21
-21107.92898430192
 31
0.0
  0
LINE
  5
109B
330
2
100
AcDbEntity
  8
CS-DIML
100
AcDbLine
 10
1364875.757006311
 20
-21024.59565130192
 30
0.0
 11
1365400.757006311
 21
-21024.59565130192
 31
0.0
  0
LINE
  5
109C
330
2
100
AcDbEntity
  8
CS-DIML
100
AcDbLine
 10
1365375.757006311
 20
-21107.92898430192
 30
0.0
 11
1365375.757006311
 21
-21024.59565130192
 31
0.0
  0
LINE
  5
109D
330
2
100
AcDbEntity
  8
CS-DIML
100
AcDbLine
 10
1365375.757006311
 20
-21024.59565130192
 30
0.0
 11
1365375.757006311
 21
-20649.59565130192
 31
0.0
  0
LINE
  5
109E
330
2
100
AcDbEntity
  8
CS-DIML
100
AcDbLine
 10
1365375.757006311
 20
-22774.59565130192
 30
0.0
 11
1365900.757006311
 21
-22774.59565130192
 31
0.0
  0
LINE
  5
109F
330
2
100
AcDbEntity
  8
CS-DIML
100
AcDbLine
 10
1365375.757006311
 20
-21024.59565130192
 30
0.0
 11
1365900.757006311
 21
-21024.59565130192
 31
0.0
  0
LINE
  5
10A0
330
2
100
AcDbEntity
  8
CS-DIML
100
AcDbLine
 10
1365875.757006311
 20
-22774.59565130192
 30
0.0
 11
1365875.757006311
 21
-21024.59565130192
 31
0.0
  0
LINE
  5
10A1
330
2
100
AcDbEntity
  8
CS-CONC-MAJR
100
AcDbLine
 10
1338571.945678311
 20
-5926.564358940796
 30
0.0
 11
1342671.945678312
 21
-5926.564358940796
 31
0.0
  0
LINE
  5
10A2
330
2
100
AcDbEntity
  8
CS-CONC-MAJR
100
AcDbLine
 10
1338571.945678311
 20
-5876.564358940796
 30
0.0
 11
1338571.945678311
 21
-5926.564358940796
 31
0.0
  0
LINE
  5
10A3
330
2
100
AcDbEntity
  8
CS-CONC-MAJR
100
AcDbLine
 10
1342671.945678312
 20
-5876.564358940796
 30
0.0
 11
1342671.945678312
 21
-5926.564358940796
 31
0.0
  0
LINE
  5
10A4
330
2
100
AcDbEntity
  8
CS-CONC-MAJR
100
AcDbLine
 10
1338571.945678311
 20
-5876.564358940796
 30
0.0
 11
1342671.945678312
 21
-5876.564358940796
 31
0.0
  0
LINE
  5
10A5
330
2
100
AcDbEntity
  8
CS-CONC-MAJR
100
AcDbLine
 10
1342371.945678312
 20
-3426.564358940795
 30
0.0
 11
1342171.945678311
 21
-3226.564358940795
 31
0.0
  0
LINE
  5
10A6
330
2
100
AcDbEntity
  8
CS-CONC-MAJR
100
AcDbLine
 10
1338871.945678311
 20
-3426.564358940795
 30
0.0
 11
1339071.945678312
 21
-3226.564358940795
 31
0.0
  0
LINE
  5
10A7
330
2
100
AcDbEntity
  8
CS-CONC-MAJR
100
AcDbLine
 10
1342371.945678312
 20
-3426.564358940795
 30
0.0
 11
1342371.945678312
 21
-5476.564358940795
 31
0.0
  0
LINE
  5
10A8
330
2
100
AcDbEntity
  8
CS-CONC-MAJR
100
AcDbLine
 10
1342621.945678311
 20
-2851.564358940795
 30
0.0
 11
1342621.945678311
 21
-5876.564358940796
 31
0.0
  0
LINE
  5
10A9
330
2
100
AcDbEntity
  8
CS-CONC-MAJR
100
AcDbLine
 10
1338871.945678311
 20
-3426.564358940795
 30
0.0
 11
1338871.945678311
 21
-5476.564358940795
 31
0.0
  0
LINE
  5
10AA
330
2
100
AcDbEntity
  8
CS-CONC-MAJR
100
AcDbLine
 10
1338621.945678312
 20
-2851.564358940795
 30
0.0
 11
1338621.945678312
 21
-5876.564358940796
 31
0.0
  0
LINE
  5
10AB
330
2
100
AcDbEntity
  8
CS-CONC-MAJR
100
AcDbLine
 10
1338871.945678311
 20
-5476.564358940795
 30
0.0
 11
1342371.945678312
 21
-5476.564358940795
 31
0.0
  0
LINE
  5
10AC
330
2
100
AcDbEntity
  8
CS-CONC-MAJR
100
AcDbLine
 10
1342371.945678312
 20
-5876.564358940796
 30
0.0
 11
1342621.945678311
 21
-5876.564358940796
 31
0.0
  0
LINE
  5
10AD
330
2
100
AcDbEntity
  8
CS-CONC-MAJR
100
AcDbLine
 10
1338871.945678311
 20
-5876.564358940796
 30
0.0
 11
1342371.945678312
 21
-5876.564358940796
 31
0.0
  0
LINE
  5
10AE
330
2
100
AcDbEntity
  8
CS-CONC-MAJR
100
AcDbLine
 10
1338621.945678312
 20
-5876.564358940796
 30
0.0
 11
1338871.945678311
 21
-5876.564358940796
 31
0.0
  0
LINE
  5
10AF
330
2
100
AcDbEntity
  8
CS-CONC-MAJR
100
AcDbLine
 10
1339071.945678312
 20
-3226.564358940795
 30
0.0
 11
1342171.945678311
 21
-3226.564358940795
 31
0.0
  0
LINE
  5
10B0
330
2
100
AcDbEntity
  8
CS-CONC-MAJR
100
AcDbLine
 10
1342371.945678312
 20
-2851.564358940795
 30
0.0
 11
1342621.945678311
 21
-2851.564358940795
 31
0.0
  0
LINE
  5
10B1
330
2
100
AcDbEntity
  8
CS-CONC-MAJR
100
AcDbLine
 10
1338871.945678311
 20
-2851.564358940795
 30
0.0
 11
1342371.945678312
 21
-2851.564358940795
 31
0.0
  0
LINE
  5
10B2
330
2
100
AcDbEntity
  8
CS-CONC-MAJR
100
AcDbLine
 10
1338621.945678312
 20
-2851.564358940795
 30
0.0
 11
1338871.945678311
 21
-2851.564358940795
 31
0.0
  0
LINE
  5
10B3
330
2
100
AcDbEntity
  8
CS-CONC-MAJR
100
AcDbLine
 10
1363401.635162104
 20
-5129.735417345317
 30
0.0
 11
1363401.635162104
 21
-4796.402084345315
 31
0.0
  0
LINE
  5
10B4
330
2
100
AcDbEntity
  8
CS-CONC-MAJR
100
AcDbLine
 10
1363901.635162104
 20
-5129.735417345317
 30
0.0
 11
1363401.635162104
 21
-5129.735417345317
 31
0.0
  0
LINE
  5
10B5
330
2
100
AcDbEntity
  8
CS-CONC-MAJR
100
AcDbLine
 10
1363901.635162104
 20
-4796.402084345315
 30
0.0
 11
1363901.635162104
 21
-5129.735417345317
 31
0.0
  0
LINE
  5
10B6
330
2
100
AcDbEntity
  8
CS-CONC-MAJR
100
AcDbLine
 10
1363901.635162104
 20
-3463.068751345312
 30
0.0
 11
1363901.635162104
 21
-4796.402084345315
 31
0.0
  0
LINE
  5
10B7
330
2
100
AcDbEntity
  8
CS-CONC-MAJR
100
AcDbLine
 10
1363901.635162104
 20
-5129.735417345317
 30
0.0
 11
1363901.635162104
 21
-5129.735417345317
 31
0.0
  0
LINE
  5
10B8
330
2
100
AcDbEntity
  8
CS-CONC-MAJR
100
AcDbLine
 10
1363401.635162104
 20
-5129.735417345317
 30
0.0
 11
1363401.635162104
 21
-5129.735417345317
 31
0.0
  0
LINE
  5
10B9
330
2
100
AcDbEntity
  8
CS-CONC-MAJR
100
AcDbLine
 10
1362234.968495104
 20
-4796.402084345315
 30
0.0
 11
1363901.635162104
 21
-4796.402084345315
 31
0.0
  0
LINE
  5
10BA
330
2
100
AcDbEntity
  8
CS-CONC-MAJR
100
AcDbLine
 10
1362234.968495104
 20
-3463.068751345312
 30
0.0
 11
1363901.635162104
 21
-3463.068751345312
 31
0.0
  0
LINE
  5
10BB
330
2
100
AcDbEntity
  8
CS-CONC-MAJR
100
AcDbLine
 10
1363901.635162104
 20
-3463.068751345312
 30
0.0
 11
1363901.635162104
 21
-3463.068751345312
 31
0.0
  0
LINE
  5
10BC
330
2
100
AcDbEntity
  8
CS-CONC-MAJR
100
AcDbLine
 10
1363901.635162104
 20
-4796.402084345315
 30
0.0
 11
1363901.635162104
 21
-4796.402084345315
 31
0.0
  0
LINE
  5
10BD
330
2
100
AcDbEntity
  8
CS-CONC-MAJR
100
AcDbLine
 10
1363901.635162104
 20
-5129.735417345317
 30
0.0
 11
1363901.635162104
 21
-5129.735417345317
 31
0.0
  0
LINE
  5
10BE
330
2
100
AcDbEntity
  8
CS-CONC-MAJR
100
AcDbLine
 10
1363901.635162104
 20
-5129.735417345317
 30
0.0
 11
1363901.635162104
 21
-5129.735417345317
 31
0.0
  0
LINE
  5
10BF
330
2
100
AcDbEntity
  8
CS-CONC-MAJR
100
AcDbLine
 10
1364375.757006311
 20
-21524.59565130192
 30
0.0
 11
1364375.757006311
 21
-21024.59565130192
 31
0.0
  0
LINE
  5
10C0
330
2
100
AcDbEntity
  8
CS-CONC-MAJR
100
AcDbLine
 10
1364375.757006311
 20
-21024.59565130192
 30
0.0
 11
1364042.423672311
 21
-21024.59565130192
 31
0.0
  0
LINE
  5
10C1
330
2
100
AcDbEntity
  8
CS-CONC-MAJR
100
AcDbLine
 10
1364042.423672311
 20
-21024.59565130192
 30
0.0
 11
1364042.423672311
 21
-21524.59565130192
 31
0.0
  0
LINE
  5
10C2
330
2
100
AcDbEntity
  8
CS-CONC-MAJR
100
AcDbLine
 10
1364375.757006311
 20
-22774.59565130192
 30
0.0
 11
1364375.757006311
 21
-21524.59565130192
 31
0.0
  0
LINE
  5
10C3
330
2
100
AcDbEntity
  8
CS-CONC-MAJR
100
AcDbLine
 10
1364375.757006311
 20
-22774.59565130192
 30
0.0
 11
1364375.757006311
 21
-22774.59565130192
 31
0.0
  0
LINE
  5
10C4
330
2
100
AcDbEntity
  8
CS-CONC-MAJR
100
AcDbLine
 10
1364042.423672311
 20
-21024.59565130192
 30
0.0
 11
1364042.423672311
 21
-21024.59565130192
 31
0.0
  0
LINE
  5
10C5
330
2
100
AcDbEntity
  8
CS-CONC-MAJR
100
AcDbLine
 10
1364375.757006311
 20
-21024.59565130192
 30
0.0
 11
1364375.757006311
 21
-21024.59565130192
 31
0.0
  0
LINE
  5
10C6
330
2
100
AcDbEntity
  8
CS-CONC-MAJR
100
AcDbLine
 10
1362042.423672311
 20
-22774.59565130192
 30
0.0
 11
1364375.757006311
 21
-22774.59565130192
 31
0.0
  0
LINE
  5
10C7
330
2
100
AcDbEntity
  8
CS-CONC-MAJR
100
AcDbLine
 10
1362042.423672311
 20
-21524.59565130192
 30
0.0
 11
1364042.423672311
 21
-21524.59565130192
 31
0.0
  0
LINE
  5
10C8
330
2
100
AcDbEntity
  8
CS-CONC-MAJR
100
AcDbLine
 10
1364375.757006311
 20
-22774.59565130192
 30
0.0
 11
1364375.757006311
 21
-22774.59565130192
 31
0.0
  0
LINE
  5
10C9
330
2
100
AcDbEntity
  8
CS-CONC-MAJR
100
AcDbLine
 10
1364375.757006311
 20
-21024.59565130192
 30
0.0
 11
1364375.757006311
 21
-21024.59565130192
 31
0.0
  0
LINE
  5
10CA
330
2
100
AcDbEntity
  8
CS-CONC-MAJR
100
AcDbLine
 10
1364375.757006311
 20
-22774.59565130192
 30
0.0
 11
1364375.757006311
 21
-22774.59565130192
 31
0.0
  0
LINE
  5
10CB
330
2
100
AcDbEntity
  8
CS-CONC-MAJR
100
AcDbLine
 10
1364375.757006311
 20
-22774.59565130192
 30
0.0
 11
1364375.757006311
 21
-22774.59565130192
 31
0.0
  0
LINE
  5
10CC
330
2
100
AcDbEntity
  8
CS-CONC-MAJR
100
AcDbLine
 10
1364375.757006311
 20
-21024.59565130192
 30
0.0
 11
1364375.757006311
 21
-21024.59565130192
 31
0.0
  0
TEXT
  5
10CD
330
2
100
AcDbEntity
  8
CS-NOTE
100
AcDbText
 10
1369150.733652859
 20
767.1861533923552
 30
0.0
 40
200.0
  1
법 :
  7
TOP
100
AcDbText
  0
LWPOLYLINE
  5
10D2
330
2
100
AcDbEntity
  8
CS-NOTE
100
AcDbPolyline
 90
        2
 70
     0
 43
10.0
 10
1369926.900577632
 20
552.6591957463429
 10
1369990.625934275
 20
552.6591957463429
  0
LINE
  5
10D3
330
2
100
AcDbEntity
  8
CS-NOTE
100
AcDbLine
 10
1369956.639043259
 20
555.8432979600516
 30
0.0
 11
1369964.073659666
 21
591.9304583982343
 31
0.0
  0
LINE
  5
10D4
330
2
100
AcDbEntity
  8
CS-NOTE
100
AcDbLine
 10
1369964.073659666
 20
591.9304583982343
 30
0.0
 11
1369976.818765135
 21
621.1185547381651
 31
0.0
  0
LINE
  5
10D5
330
2
100
AcDbEntity
  8
CS-NOTE
100
AcDbLine
 10
1369976.818765135
 20
621.1185547381651
 30
0.0
 11
1369988.501806927
 21
629.6096699432714
 31
0.0
  0
LINE
  5
10D6
330
2
100
AcDbEntity
  8
CS-NOTE
100
AcDbLine
 10
1369988.501806927
 20
629.6096699432714
 30
0.0
 11
1370000.184848721
 21
634.9165773547033
 31
0.0
  0
LINE
  5
10D7
330
2
100
AcDbEntity
  8
CS-NOTE
100
AcDbLine
 10
1370000.184848721
 20
634.9165773547033
 30
0.0
 11
1370014.5230497
 21
635.4473314426618
 31
0.0
  0
LINE
  5
10D8
330
2
100
AcDbEntity
  8
CS-NOTE
100
AcDbLine
 10
1370014.5230497
 20
635.4473314426618
 30
0.0
 11
1370020.895602435
 21
628.0176188364171
 31
0.0
  0
LINE
  5
10D9
330
2
100
AcDbEntity
  8
CS-NOTE
100
AcDbLine
 10
1370020.895602435
 20
628.0176188364171
 30
0.0
 11
1370018.771475088
 21
618.9958551204076
 31
0.0
  0
LINE
  5
10DA
330
2
100
AcDbEntity
  8
CS-NOTE
100
AcDbLine
 10
1370018.771475088
 20
618.9958551204076
 30
0.0
 11
1370012.92995419
 21
614.2195962198789
 31
0.0
  0
LINE
  5
10DB
330
2
100
AcDbEntity
  8
CS-NOTE
100
AcDbLine
 10
1370012.92995419
 20
614.2195962198789
 30
0.0
 11
1370005.495337784
 21
621.6493088261236
 31
0.0
  0
LINE
  5
10DC
330
2
100
AcDbEntity
  8
CS-NOTE
100
AcDbLine
 10
1369926.900577632
 20
552.6591957463429
 30
0.0
 11
1369990.625934274
 21
552.6591957463429
 31
0.0
  0
TEXT
  5
10DD
330
2
100
AcDbEntity
  8
CS-NOTE
100
AcDbText
 10
1367101.259874075
 20
767.1861533923552
 30
0.0
 40
200.0
  1
설
  7
TOP
100
AcDbText
  0
TEXT
  5
10DE
330
2
100
AcDbEntity
  8
CS-NOTE
100
AcDbText
 10
1368096.673233944
 20
767.1861533923552
 30
0.0
 40
200.0
  1
계
  7
TOP
100
AcDbText
  0
LINE
  5
10DF
330
2
100
AcDbEntity
  8
CS-NOTE
100
AcDbLine
 10
1369930.617800489
 20
442.2750148140371
 30
0.0
 11
1369941.769810446
 21
465.6254496545775
 31
0.0
  0
LINE
  5
10E0
330
2
100
AcDbEntity
  8
CS-NOTE
100
AcDbLine
 10
1369941.769810446
 20
465.6254496545775
 30
0.0
 11
1369951.328554199
 21
516.5720353081601
 31
0.0
  0
LINE
  5
10E1
330
2
100
AcDbEntity
  8
CS-NOTE
100
AcDbLine
 10
1370014.5230497
 20
349.891029834213
 30
0.0
 11
1370020.895602435
 21
342.4613172279683
 31
0.0
  0
LINE
  5
10E2
330
2
100
AcDbEntity
  8
CS-NOTE
100
AcDbLine
 10
1370000.184848721
 20
349.3602757462545
 30
0.0
 11
1370014.5230497
 21
349.891029834213
 31
0.0
  0
LINE
  5
10E3
330
2
100
AcDbEntity
  8
CS-NOTE
100
AcDbLine
 10
1369988.501806927
 20
344.0533683348226
 30
0.0
 11
1370000.184848721
 21
349.3602757462545
 31
0.0
  0
LINE
  5
10E4
330
2
100
AcDbEntity
  8
CS-NOTE
100
AcDbLine
 10
1369920.528024898
 20
429.007640708402
 30
0.0
 11
1369930.617800489
 21
442.2750148140371
 31
0.0
  0
LINE
  5
10E5
330
2
100
AcDbEntity
  8
CS-NOTE
100
AcDbLine
 10
1369900.348303024
 20
435.906704806654
 30
0.0
 11
1369893.97575029
 21
440.6829637071828
 31
0.0
  0
LINE
  5
10E6
330
2
100
AcDbEntity
  8
CS-NOTE
100
AcDbLine
 10
1369893.97575029
 20
440.6829637071828
 30
0.0
 11
1369883.885804005
 21
435.3759507157851
 31
0.0
  0
LINE
  5
10E7
330
2
100
AcDbEntity
  8
CS-NOTE
100
AcDbLine
 10
1369883.885804005
 20
435.3759507157851
 30
0.0
 11
1369885.479070208
 21
429.007640708402
 31
0.0
  0
LINE
  5
10E8
330
2
100
AcDbEntity
  8
CS-NOTE
100
AcDbLine
 10
1369885.479070208
 20
429.007640708402
 30
0.0
 11
1369891.320420412
 21
422.1086821901158
 31
0.0
  0
LINE
  5
10E9
330
2
100
AcDbEntity
  8
CS-NOTE
100
AcDbLine
 10
1369891.320420412
 20
422.1086821901158
 30
0.0
 11
1369907.782919431
 21
423.1700847889774
 31
0.0
  0
LINE
  5
10EA
330
2
100
AcDbEntity
  8
CS-NOTE
100
AcDbLine
 10
1369907.782919431
 20
423.1700847889774
 30
0.0
 11
1369920.528024898
 21
429.007640708402
 31
0.0
  0
LWPOLYLINE
  5
10EB
330
2
100
AcDbEntity
  8
CS-NOTE
100
AcDbPolyline
 90
        2
 70
     0
 43
10.0
 10
1369926.900577632
 20
267.1028941378941
 10
1369990.625934275
 20
267.1028941378941
  0
TEXT
  5
10EC
330
2
100
AcDbEntity
  8
CS-NOTE
100
AcDbText
 10
1370053.678513353
 20
166.4242672243167
 30
0.0
 40
100.0
  1
y
  7
TOP
100
AcDbText
  0
LINE
  5
10ED
330
2
100
AcDbEntity
  8
CS-NOTE
100
AcDbLine
 10
1369964.073659666
 20
306.3741567897855
 30
0.0
 11
1369976.818765135
 21
335.5622531297163
 31
0.0
  0
LINE
  5
10EE
330
2
100
AcDbEntity
  8
CS-NOTE
100
AcDbLine
 10
1369926.900577632
 20
267.1028941378941
 30
0.0
 11
1369990.625934274
 21
267.1028941378941
 31
0.0
  0
LINE
  5
10EF
330
2
100
AcDbEntity
  8
CS-NOTE
100
AcDbLine
 10
1369956.639043259
 20
270.2869963516028
 30
0.0
 11
1369964.073659666
 21
306.3741567897855
 31
0.0
  0
LINE
  5
10F0
330
2
100
AcDbEntity
  8
CS-NOTE
100
AcDbLine
 10
1369951.328554199
 20
231.0157336997113
 30
0.0
 11
1369956.639043259
 21
270.2869963516028
 31
0.0
  0
LINE
  5
10F1
330
2
100
AcDbEntity
  8
CS-NOTE
100
AcDbLine
 10
1369941.769810446
 20
180.0691480461287
 30
0.0
 11
1369951.328554199
 21
231.0157336997113
 31
0.0
  0
LINE
  5
10F2
330
2
100
AcDbEntity
  8
CS-NOTE
100
AcDbLine
 10
1369930.617800489
 20
156.7187132055883
 30
0.0
 11
1369941.769810446
 21
180.0691480461287
 31
0.0
  0
LINE
  5
10F3
330
2
100
AcDbEntity
  8
CS-NOTE
100
AcDbLine
 10
1369920.528024898
 20
143.4513390999532
 30
0.0
 11
1369930.617800489
 21
156.7187132055883
 31
0.0
  0
LINE
  5
10F4
330
2
100
AcDbEntity
  8
CS-NOTE
100
AcDbLine
 10
1370012.92995419
 20
328.6632946114301
 30
0.0
 11
1370005.495337784
 21
336.0930072176748
 31
0.0
  0
LINE
  5
10F5
330
2
100
AcDbEntity
  8
CS-NOTE
100
AcDbLine
 10
1370018.771475088
 20
333.4395535119588
 30
0.0
 11
1370012.92995419
 21
328.6632946114301
 31
0.0
  0
LINE
  5
10F6
330
2
100
AcDbEntity
  8
CS-NOTE
100
AcDbLine
 10
1369891.320420412
 20
136.5523805816669
 30
0.0
 11
1369907.782919431
 21
137.6137831805285
 31
0.0
  0
LINE
  5
10F7
330
2
100
AcDbEntity
  8
CS-NOTE
100
AcDbLine
 10
1369885.479070208
 20
143.4513390999532
 30
0.0
 11
1369891.320420412
 21
136.5523805816669
 31
0.0
  0
LINE
  5
10F8
330
2
100
AcDbEntity
  8
CS-NOTE
100
AcDbLine
 10
1369883.885804005
 20
149.8196491073363
 30
0.0
 11
1369885.479070208
 21
143.4513390999532
 31
0.0
  0
LINE
  5
10F9
330
2
100
AcDbEntity
  8
CS-NOTE
100
AcDbLine
 10
1369893.97575029
 20
155.1266620987339
 30
0.0
 11
1369883.885804005
 21
149.8196491073363
 31
0.0
  0
LINE
  5
10FA
330
2
100
AcDbEntity
  8
CS-NOTE
100
AcDbLine
 10
1369900.348303024
 20
150.3504031982052
 30
0.0
 11
1369893.97575029
 21
155.1266620987339
 31
0.0
  0
LINE
  5
10FB
330
2
100
AcDbEntity
  8
CS-NOTE
100
AcDbLine
 10
1369907.782919431
 20
137.6137831805285
 30
0.0
 11
1369920.528024898
 21
143.4513390999532
 31
0.0
  0
LINE
  5
10FC
330
2
100
AcDbEntity
  8
CS-NOTE
100
AcDbLine
 10
1370020.895602435
 20
342.4613172279683
 30
0.0
 11
1370018.771475088
 21
333.4395535119588
 31
0.0
  0
LINE
  5
10FD
330
2
100
AcDbEntity
  8
CS-NOTE
100
AcDbLine
 10
1369976.818765135
 20
335.5622531297163
 30
0.0
 11
1369988.501806927
 21
344.0533683348226
 31
0.0
  0
LWPOLYLINE
  5
10FE
330
2
100
AcDbEntity
  8
CS-NOTE
100
AcDbPolyline
 90
       20
 70
     0
 43
10.0
 10
1370005.495337784
 20
336.0930072176748
 10
1370012.92995419
 20
328.6632946114301
 10
1370018.771475088
 20
333.4395535119588
 10
1370020.895602435
 20
342.4613172279683
 10
1370014.5230497
 20
349.891029834213
 10
1370000.184848722
 20
349.3602757462545
 10
1369988.501806928
 20
344.0533683348226
 10
1369976.818765135
 20
335.5622531297163
 10
1369964.073659666
 20
306.3741567897855
 10
1369956.639043259
 20
270.2869963516028
 10
1369951.328554199
 20
231.0157336997113
 10
1369941.769810446
 20
180.0691480461287
 10
1369930.617800489
 20
156.7187132055883
 10
1369920.528024898
 20
143.4513390999532
 10
1369907.782919431
 20
137.6137831805285
 10
1369891.320420412
 20
136.5523805816669
 10
1369885.47907021
 20
143.4513390999532
 10
1369883.885804005
 20
149.8196491073363
 10
1369893.97575029
 20
155.1266620987339
 10
1369900.348303024
 20
150.3504031982052
  0
TEXT
  5
10FF
330
2
100
AcDbEntity
  8
CS-NOTE
100
AcDbText
 10
1367101.259874075
 20
138.6147248213424
 30
0.0
 40
200.0
  1
철 근 항 복 강 도 :
  7
TOP
100
AcDbText
  0
TEXT
  5
1100
330
2
100
AcDbEntity
  8
CS-NOTE
100
AcDbText
 10
1367101.259874075
 20
-175.6709894656192
 30
0.0
 40
200.0
  1
설   계   하   중 : DB-24, DL-24
  7
TOP
100
AcDbText
  0
TEXT
  5
1101
330
2
100
AcDbEntity
  8
CS-NOTE
100
AcDbText
 10
1367101.259874075
 20
452.9004391053936
 30
0.0
 40
200.0
  1
콘크리트 설계기준 강도 : 
 41
0.7900000000000001
  7
TOP
100
AcDbText
  0
LINE
  5
1102
330
2
100
AcDbEntity
  8
CS-NOTE
100
AcDbLine
 10
1369951.328554199
 20
516.5720353081601
 30
0.0
 11
1369956.639043259
 21
555.8432979600516
 31
0.0
  0
TEXT
  5
1103
330
2
100
AcDbEntity
  8
CS-NOTE
100
AcDbText
 10
1370031.401070425
 20
455.5684483526752
 30
0.0
 40
100.0
  1
ck
  7
TOP
100
AcDbText
  0
LWPOLYLINE
  5
1104
330
2
100
AcDbEntity
  8
CS-NOTE
100
AcDbPolyline
 90
       20
 70
     0
 43
10.0
 10
1370005.495337784
 20
621.6493088261236
 10
1370012.92995419
 20
614.2195962198789
 10
1370018.771475088
 20
618.9958551204076
 10
1370020.895602435
 20
628.0176188364171
 10
1370014.5230497
 20
635.4473314426618
 10
1370000.184848722
 20
634.9165773547033
 10
1369988.501806928
 20
629.6096699432714
 10
1369976.818765135
 20
621.1185547381651
 10
1369964.073659666
 20
591.9304583982343
 10
1369956.639043259
 20
555.8432979600516
 10
1369951.328554199
 20
516.5720353081601
 10
1369941.769810446
 20
465.6254496545775
 10
1369930.617800489
 20
442.2750148140371
 10
1369920.528024898
 20
429.007640708402
 10
1369907.782919431
 20
423.1700847889774
 10
1369891.320420412
 20
422.1086821901158
 10
1369885.47907021
 20
429.007640708402
 10
1369883.885804005
 20
435.3759507157851
 10
1369893.97575029
 20
440.6829637071828
 10
1369900.348303024
 20
435.906704806654
  0
TEXT
  5
1105
330
2
100
AcDbEntity
  8
CS-NOTE
100
AcDbText
 10
1370245.587516569
 20
438.289938844206
 30
0.0
 40
200.0
  1
= 27MPa
  7
TOP
100
AcDbText
  0
TEXT
  5
1106
330
2
100
AcDbEntity
  8
CS-NOTE
100
AcDbText
 10
1369802.844288363
 20
767.1861533923552
 30
0.0
 40
200.0
  1
강 도 설 계 법
  7
TOP
100
AcDbText
  0
TEXT
  5
1107
330
2
100
AcDbEntity
  8
CS-NOTE
100
AcDbText
 10
1370249.638465171
 20
149.1457577187579
 30
0.0
 40
200.0
  1
= 500MPa
  7
TOP
100
AcDbText
  0
LWPOLYLINE
  5
1108
330
2
100
AcDbEntity
  8
CS-NOTE
100
AcDbPolyline
 90
        4
 70
     1
 43
0.0
 10
1366958.40273122
 20
-283.1900046086626
 10
1366958.40273122
 20
1145.38142396235
 10
1372009.090339215
 20
1145.38142396235
 10
1372009.090339215
 20
-283.1900046086626
  0
INSERT
  5
24F9
330
2
100
AcDbEntity
  8
CX-BORD
100
AcDbBlockReference
 66
     1
  2
CXBLKA1-KHCA
 10
1169972.571460992
 20
-346439.4198024272
 30
0.0
 41
250.0
 42
250.0
 43
250.0
  0
ATTRIB
  5
24FB
330
24F9
100
AcDbEntity
  8
CX-BORD-TEX2
100
AcDbText
 10
1333040.818716898
 20
-324.3827388885799
 30
0.0
 40
200.0000000000568
  1
제5공구 : 천포 ~ 고지
  7
TB_WMTXT
 11
1333040.818716898
 21
-362.9979186489104
 31
0.0
100
AcDbAttribute
280
     0
  2
TB_CSCOP
 70
     0
 74
     1
280
     0
1001
AcDbBlockRepETag
1070
     1
1071
       63
1005
0
  0
ATTRIB
  5
24FC
330
24F9
100
AcDbEntity
  8
CX-BORD-TEX2
100
AcDbText
 10
1332976.3286586
 20
85.27105605163686
 30
0.0
 40
250.0
  1
고속국도 제1호선 언양~영천간 확장공사
  7
TB_WMTXT
 11
1332976.3286586
 21
37.0020813512374
 31
0.0
100
AcDbAttribute
280
     0
  2
TB_CNAME
 70
     0
 74
     1
280
     0
1001
AcDbBlockRepETag
1070
     1
1071
       64
1005
0
  0
ATTRIB
  5
24FD
330
24F9
100
AcDbEntity
  8
CX-BORD-TEX2
100
AcDbText
 10
1350080.861311282
 20
-813.2978980143601
 30
0.0
 40
350.0000000000995
  1
( STA. 8+475.00 )
  7
HY울L
 72
     1
 11
1352109.090339246
 21
-638.2978980143102
 31
0.0
100
AcDbAttribute
280
     0
  2
TB_STITL
 70
     0
 74
     2
280
     0
1001
AcDbBlockRepETag
1070
     1
1071
       65
1005
0
  0
ATTRIB
  5
24FE
330
24F9
100
AcDbEntity
  8
CX-BORD-TEX2
100
AcDbText
 10
1346825.468501694
 20
-138.2978980141539
 30
0.0
 40
500.0000000001421
  1
수로암거12 일반도 및 배근도 (1)
  7
HY울L
 72
     1
 11
1352109.090339246
 21
111.7021019859171
 31
0.0
100
AcDbAttribute
280
     0
  2
TB_MTITIL
 70
     0
 74
     2
280
     0
1001
AcDbBlockRepETag
1070
     1
1071
       66
1005
0
  0
ATTRIB
  5
24FF
330
24F9
100
AcDbEntity
  8
CX-BORD-TEX3
100
AcDbText
 10
1341655.228821267
 20
-25092.11857605219
 30
0.0
 40
225.000000000064
  1
78156.00-88648.00
  7
TB_TEXT
 72
     1
 11
1342959.090339243
 21
-24979.61857605215
 31
0.0
100
AcDbAttribute
280
     0
  2
TD_LNDST
 70
     0
 74
     2
280
     0
1001
AcDbBlockRepETag
1070
     1
1071
       67
1005
0
  0
ATTRIB
  5
2500
330
24F9
100
AcDbEntity
  8
CX-BORD-LIN1
100
AcDbText
 10
1358287.782690615
 20
-24992.11857605208
 30
0.0
 40
175.0000000000497
  1
최 정 민
  7
TB_TEXT
 72
     1
 11
1358765.013050135
 21
-24904.61857605205
 31
0.0
100
AcDbAttribute
280
     0
  2
TR_APP5
 70
     0
 74
     2
280
     0
1001
AcDbBlockRepETag
1070
     1
1071
       68
1005
0
  0
ATTRIB
  5
2501
330
24F9
100
AcDbEntity
  8
CX-BORD-LIN1
100
AcDbText
 10
1356287.782690614
 20
-24992.11857605214
 30
0.0
 40
175.0000000000497
  1
최 상 순
  7
TB_TEXT
 72
     1
 11
1356765.013050135
 21
-24904.61857605211
 31
0.0
100
AcDbAttribute
280
     0
  2
TR_CHK5
 70
     0
 74
     2
280
     0
1001
AcDbBlockRepETag
1070
     1
1071
       69
1005
0
  0
ATTRIB
  5
2502
330
24F9
100
AcDbEntity
  8
CX-BORD-LIN1
100
AcDbText
 10
1354287.782690614
 20
-24992.11857605214
 30
0.0
 40
175.0000000000497
  1
권 쌍 수
  7
TB_TEXT
 72
     1
 11
1354765.013050134
 21
-24904.61857605211
 31
0.0
100
AcDbAttribute
280
     0
  2
TR_DGN5
 70
     0
 74
     2
280
     0
1001
AcDbBlockRepETag
1070
     1
1071
       70
1005
0
  0
ATTRIB
  5
2503
330
24F9
100
AcDbEntity
  8
CX-BORD-LIN1
100
AcDbText
 10
1349324.256029656
 20
-24992.11857605214
 30
0.0
 40
175.0000000000497
  1
건설준공
  7
TB_TEXT
 11
1349324.256029656
 21
-24904.61857605211
 31
0.0
100
AcDbAttribute
280
     0
  2
TR_RCON5
 70
     0
 74
     2
280
     0
1001
AcDbBlockRepETag
1070
     1
1071
       71
1005
0
  0
ATTRIB
  5
2504
330
24F9
100
AcDbEntity
  8
CX-BORD-LIN1
100
AcDbText
 10
1347487.552389843
 20
-24992.11857605214
 30
0.0
 40
175.0000000000497
  1
2018.12.13
  7
TB_TEXT
 72
     1
 11
1348084.090339245
 21
-24904.61857605211
 31
0.0
100
AcDbAttribute
280
     0
  2
TR_RDAT5
 70
     0
 74
     2
280
     0
1001
AcDbBlockRepETag
1070
     1
1071
       72
1005
0
  0
ATTRIB
  5
2505
330
24F9
100
AcDbEntity
  8
CX-BORD-LIN1
100
AcDbText
 10
1346413.21434592
 20
-24997.79040958395
 30
0.0
 40
150.0000000000426
  1
4
  7
TB_TEXT
 72
     1
 11
1346464.346170154
 21
-24922.79040958393
 31
0.0
100
AcDbAttribute
280
     0
  2
TR_RNUM5
 70
     0
 74
     2
280
     0
1001
AcDbBlockRepETag
1070
     1
1071
       73
1005
0
  0
ATTRIB
  5
2506
330
24F9
100
AcDbEntity
  8
CX-BORD-TEX3
100
AcDbText
 10
1363706.926557624
 20
-25092.11857605214
 30
0.0
 40
225.000000000064
  1
0000.00~10492.41
  7
TB_TEXT
 72
     1
 11
1364934.090339249
 21
-24979.6185760521
 31
0.0
100
AcDbAttribute
280
     0
  2
TD_DDIST
 70
     0
 74
     2
280
     0
1001
AcDbBlockRepETag
1070
     1
1071
       74
1005
0
  0
ATTRIB
  5
2507
330
24F9
100
AcDbEntity
  8
CX-BORD-TEX3
100
AcDbText
 10
1361947.206184788
 20
-25092.11857605214
 30
0.0
 40
225.000000000064
  1
제5공구
  7
TB_TEXT
 72
     1
 11
1362484.090339248
 21
-24979.6185760521
 31
0.0
100
AcDbAttribute
280
     0
  2
TD_DSECT
 70
     0
 74
     2
280
     0
1001
AcDbBlockRepETag
1070
     1
1071
       75
1005
0
  0
ATTRIB
  5
2508
330
24F9
100
AcDbEntity
  8
CX-BORD-LIN2
100
AcDbText
 10
1372309.090309524
 20
-24665.19185778943
 30
0.0
 40
150.0000000000426
  1
v5.1(2017)
 50
90.0
  7
TB_TEXT
 72
     1
 11
1372234.090309524
 21
-24153.87361544575
 31
0.0
100
AcDbAttribute
280
     0
  2
TD_VERSION
 70
     0
 74
     2
280
     0
1001
AcDbBlockRepETag
1070
     1
1071
       76
1005
0
  0
ATTRIB
  5
2509
330
24F9
100
AcDbEntity
  8
CX-BORD-TEX3
100
AcDbText
 10
1363138.71750303
 20
-26427.57838896749
 30
0.0
 40
225.000000000064
  1
C0040202-028
  7
TB_TEXT
 72
     1
 11
1364059.090339249
 21
-26315.07838896746
 31
0.0
100
AcDbAttribute
280
     0
  2
TD_DWGCODE
 70
     0
 74
     2
280
     0
1001
AcDbBlockRepETag
1070
     1
1071
       77
1005
0
  0
ATTRIB
  5
250A
330
24F9
100
AcDbEntity
  8
CX-BORD-TEX3
100
AcDbText
 10
1369575.601657493
 20
-26417.03490693719
 30
0.0
 40
225.000000000064
  1
9.149
  7
TB_TEXT
 72
     1
 11
1369959.090339251
 21
-26304.53490693716
 31
0.0
100
AcDbAttribute
280
     0
  2
TD_DWGNO
 70
     0
 74
     2
280
     0
1001
AcDbBlockRepETag
1070
     1
1071
       78
1005
0
  0
ATTRIB
  5
250B
330
24F9
100
AcDbEntity
  8
CX-BORD-LIN1
100
AcDbText
 10
1358287.782690615
 20
-25292.11857605221
 30
0.0
 40
175.0000000000497
  1
이 동 진
  7
TB_TEXT
 72
     1
 11
1358765.013050135
 21
-25204.61857605218
 31
0.0
100
AcDbAttribute
280
     0
  2
TR_APP4
 70
     0
 74
     2
280
     0
1001
AcDbBlockRepETag
1070
     1
1071
       79
1005
0
  0
ATTRIB
  5
250C
330
24F9
100
AcDbEntity
  8
CX-BORD-LIN1
100
AcDbText
 10
1356287.782690614
 20
-25292.11857605221
 30
0.0
 40
175.0000000000497
  1
최 상 순
  7
TB_TEXT
 72
     1
 11
1356765.013050135
 21
-25204.61857605218
 31
0.0
100
AcDbAttribute
280
     0
  2
TR_CHK4
 70
     0
 74
     2
280
     0
1001
AcDbBlockRepETag
1070
     1
1071
       80
1005
0
  0
ATTRIB
  5
250D
330
24F9
100
AcDbEntity
  8
CX-BORD-LIN1
100
AcDbText
 10
1354287.782690614
 20
-25292.11857605221
 30
0.0
 40
175.0000000000497
  1
권 쌍 수
  7
TB_TEXT
 72
     1
 11
1354765.013050134
 21
-25204.61857605218
 31
0.0
100
AcDbAttribute
280
     0
  2
TR_DGN4
 70
     0
 74
     2
280
     0
1001
AcDbBlockRepETag
1070
     1
1071
       81
1005
0
  0
ATTRIB
  5
250E
330
24F9
100
AcDbEntity
  8
CX-BORD-LIN1
100
AcDbText
 10
1349324.256029656
 20
-25292.11857605221
 30
0.0
 40
175.0000000000497
  1
연차준공
  7
TB_TEXT
 11
1349324.256029656
 21
-25204.61857605218
 31
0.0
100
AcDbAttribute
280
     0
  2
TR_RCON4
 70
     0
 74
     2
280
     0
1001
AcDbBlockRepETag
1070
     1
1071
       82
1005
0
  0
ATTRIB
  5
250F
330
24F9
100
AcDbEntity
  8
CX-BORD-LIN1
100
AcDbText
 10
1347487.552389843
 20
-25292.11857605221
 30
0.0
 40
175.0000000000497
  1
2017.12.19
  7
TB_TEXT
 72
     1
 11
1348084.090339245
 21
-25204.61857605218
 31
0.0
100
AcDbAttribute
280
     0
  2
TR_RDAT4
 70
     0
 74
     2
280
     0
1001
AcDbBlockRepETag
1070
     1
1071
       83
1005
0
  0
ATTRIB
  5
2510
330
24F9
100
AcDbEntity
  8
CX-BORD-LIN1
100
AcDbText
 10
1346413.21434592
 20
-25297.79040958408
 30
0.0
 40
150.0000000000426
  1
3
  7
TB_TEXT
 72
     1
 11
1346464.346170154
 21
-25222.79040958406
 31
0.0
100
AcDbAttribute
280
     0
  2
TR_RNUM4
 70
     0
 74
     2
280
     0
1001
AcDbBlockRepETag
1070
     1
1071
       84
1005
0
  0
ATTRIB
  5
2511
330
24F9
100
AcDbEntity
  8
CX-BORD-LIN1
100
AcDbText
 10
1358287.782690615
 20
-25592.11857605222
 30
0.0
 40
175.0000000000497
  1
권 오 원
  7
TB_TEXT
 72
     1
 11
1358765.013050135
 21
-25504.61857605219
 31
0.0
100
AcDbAttribute
280
     0
  2
TR_APP3
 70
     0
 74
     2
280
     0
1001
AcDbBlockRepETag
1070
     1
1071
       85
1005
0
  0
ATTRIB
  5
2512
330
24F9
100
AcDbEntity
  8
CX-BORD-LIN1
100
AcDbText
 10
1356287.782690614
 20
-25592.11857605222
 30
0.0
 40
175.0000000000497
  1
이 정 학
  7
TB_TEXT
 72
     1
 11
1356765.013050135
 21
-25504.61857605219
 31
0.0
100
AcDbAttribute
280
     0
  2
TR_CHK3
 70
     0
 74
     2
280
     0
1001
AcDbBlockRepETag
1070
     1
1071
       86
1005
0
  0
ATTRIB
  5
2513
330
24F9
100
AcDbEntity
  8
CX-BORD-LIN1
100
AcDbText
 10
1354287.782690614
 20
-25592.11857605222
 30
0.0
 40
175.0000000000497
  1
이 철 희
  7
TB_TEXT
 72
     1
 11
1354765.013050134
 21
-25504.61857605219
 31
0.0
100
AcDbAttribute
280
     0
  2
TR_DGN3
 70
     0
 74
     2
280
     0
1001
AcDbBlockRepETag
1070
     1
1071
       87
1005
0
  0
ATTRIB
  5
2514
330
24F9
100
AcDbEntity
  8
CX-BORD-LIN1
100
AcDbText
 10
1349324.256029656
 20
-25592.11857605222
 30
0.0
 40
175.0000000000497
  1
연차준공
  7
TB_TEXT
 11
1349324.256029656
 21
-25504.61857605219
 31
0.0
100
AcDbAttribute
280
     0
  2
TR_RCON3
 70
     0
 74
     2
280
     0
1001
AcDbBlockRepETag
1070
     1
1071
       88
1005
0
  0
ATTRIB
  5
2515
330
24F9
100
AcDbEntity
  8
CX-BORD-LIN1
100
AcDbText
 10
1347487.552389843
 20
-25592.11857605222
 30
0.0
 40
175.0000000000497
  1
2016.12.19
  7
TB_TEXT
 72
     1
 11
1348084.090339245
 21
-25504.61857605219
 31
0.0
100
AcDbAttribute
280
     0
  2
TR_RDAT3
 70
     0
 74
     2
280
     0
1001
AcDbBlockRepETag
1070
     1
1071
       89
1005
0
  0
ATTRIB
  5
2516
330
24F9
100
AcDbEntity
  8
CX-BORD-LIN1
100
AcDbText
 10
1346413.21434592
 20
-25597.79040958409
 30
0.0
 40
150.0000000000426
  1
2
  7
TB_TEXT
 72
     1
 11
1346464.346170154
 21
-25522.79040958407
 31
0.0
100
AcDbAttribute
280
     0
  2
TR_RNUM3
 70
     0
 74
     2
280
     0
1001
AcDbBlockRepETag
1070
     1
1071
       90
1005
0
  0
ATTRIB
  5
2517
330
24F9
100
AcDbEntity
  8
CX-BORD-LIN1
100
AcDbText
 10
1358287.782690615
 20
-25892.11857605234
 30
0.0
 40
175.0000000000497
  1
황 우 주
  7
TB_TEXT
 72
     1
 11
1358765.013050135
 21
-25804.61857605232
 31
0.0
100
AcDbAttribute
280
     0
  2
TR_APP2
 70
     0
 74
     2
280
     0
1001
AcDbBlockRepETag
1070
     1
1071
       91
1005
0
  0
ATTRIB
  5
2518
330
24F9
100
AcDbEntity
  8
CX-BORD-LIN1
100
AcDbText
 10
1356287.782690614
 20
-25892.11857605234
 30
0.0
 40
175.0000000000497
  1
이 정 학
  7
TB_TEXT
 72
     1
 11
1356765.013050135
 21
-25804.61857605232
 31
0.0
100
AcDbAttribute
280
     0
  2
TR_CHK2
 70
     0
 74
     2
280
     0
1001
AcDbBlockRepETag
1070
     1
1071
       92
1005
0
  0
ATTRIB
  5
2519
330
24F9
100
AcDbEntity
  8
CX-BORD-LIN1
100
AcDbText
 10
1354287.782690614
 20
-25892.11857605234
 30
0.0
 40
175.0000000000497
  1
이 철 희
  7
TB_TEXT
 72
     1
 11
1354765.013050134
 21
-25804.61857605232
 31
0.0
100
AcDbAttribute
280
     0
  2
TR_DGN2
 70
     0
 74
     2
280
     0
1001
AcDbBlockRepETag
1070
     1
1071
       93
1005
0
  0
ATTRIB
  5
251A
330
24F9
100
AcDbEntity
  8
CX-BORD-LIN1
100
AcDbText
 10
1349324.256029656
 20
-25892.11857605234
 30
0.0
 40
175.0000000000497
  1
연차준공
  7
TB_TEXT
 11
1349324.256029656
 21
-25804.61857605232
 31
0.0
100
AcDbAttribute
280
     0
  2
TR_RCON2
 70
     0
 74
     2
280
     0
1001
AcDbBlockRepETag
1070
     1
1071
       94
1005
0
  0
ATTRIB
  5
251B
330
24F9
100
AcDbEntity
  8
CX-BORD-LIN1
100
AcDbText
 10
1347487.552389843
 20
-25892.11857605234
 30
0.0
 40
175.0000000000497
  1
2015.12.24
  7
TB_TEXT
 72
     1
 11
1348084.090339245
 21
-25804.61857605232
 31
0.0
100
AcDbAttribute
280
     0
  2
TR_RDAT2
 70
     0
 74
     2
280
     0
1001
AcDbBlockRepETag
1070
     1
1071
       95
1005
0
  0
ATTRIB
  5
251C
330
24F9
100
AcDbEntity
  8
CX-BORD-LIN1
100
AcDbText
 10
1346413.21434592
 20
-25897.79040958416
 30
0.0
 40
150.0000000000426
  1
1
  7
TB_TEXT
 72
     1
 11
1346464.346170154
 21
-25822.79040958414
 31
0.0
100
AcDbAttribute
280
     0
  2
TR_RNUM2
 70
     0
 74
     2
280
     0
1001
AcDbBlockRepETag
1070
     1
1071
       96
1005
0
  0
ATTRIB
  5
251D
330
24F9
100
AcDbEntity
  8
CX-BORD-LIN1
100
AcDbText
 10
1358287.782690615
 20
-26192.11857605246
 30
0.0
 40
175.0000000000497
  1
채 종 대
  7
TB_TEXT
 72
     1
 11
1358765.013050135
 21
-26104.61857605244
 31
0.0
100
AcDbAttribute
280
     0
  2
TR_APP1
 70
     0
 74
     2
280
     0
1001
AcDbBlockRepETag
1070
     1
1071
       97
1005
0
  0
ATTRIB
  5
251E
330
24F9
100
AcDbEntity
  8
CX-BORD-LIN1
100
AcDbText
 10
1356287.782690614
 20
-26192.11857605246
 30
0.0
 40
175.0000000000497
  1
이 정 학
  7
TB_TEXT
 72
     1
 11
1356765.013050135
 21
-26104.61857605244
 31
0.0
100
AcDbAttribute
280
     0
  2
TR_CHK1
 70
     0
 74
     2
280
     0
1001
AcDbBlockRepETag
1070
     1
1071
       98
1005
0
  0
ATTRIB
  5
251F
330
24F9
100
AcDbEntity
  8
CX-BORD-LIN1
100
AcDbText
 10
1354287.782690614
 20
-26192.11857605246
 30
0.0
 40
175.0000000000497
  1
권 용 준
  7
TB_TEXT
 72
     1
 11
1354765.013050134
 21
-26104.61857605244
 31
0.0
100
AcDbAttribute
280
     0
  2
TR_DGN1
 70
     0
 74
     2
280
     0
1001
AcDbBlockRepETag
1070
     1
1071
       99
1005
0
  0
ATTRIB
  5
2520
330
24F9
100
AcDbEntity
  8
CX-BORD-LIN1
100
AcDbText
 10
1349324.256029656
 20
-26192.11857605246
 30
0.0
 40
175.0000000000497
  1
연차준공
  7
TB_TEXT
 11
1349324.256029656
 21
-26104.61857605244
 31
0.0
100
AcDbAttribute
280
     0
  2
TR_RCON1
 70
     0
 74
     2
280
     0
1001
AcDbBlockRepETag
1070
     1
1071
      100
1005
0
  0
ATTRIB
  5
2521
330
24F9
100
AcDbEntity
  8
CX-BORD-LIN1
100
AcDbText
 10
1347487.552389843
 20
-26192.11857605246
 30
0.0
 40
175.0000000000497
  1
2014.12.19
  7
TB_TEXT
 72
     1
 11
1348084.090339245
 21
-26104.61857605244
 31
0.0
100
AcDbAttribute
280
     0
  2
TR_RDAT1
 70
     0
 74
     2
280
     0
1001
AcDbBlockRepETag
1070
     1
1071
      101
1005
0
  0
ATTRIB
  5
2522
330
24F9
100
AcDbEntity
  8
CX-BORD-LIN1
100
AcDbText
 10
1346413.21434592
 20
-26197.79040958435
 30
0.0
 40
150.0000000000426
  1
0
  7
TB_TEXT
 72
     1
 11
1346464.346170154
 21
-26122.79040958432
 31
0.0
100
AcDbAttribute
280
     0
  2
TR_RNUM1
 70
     0
 74
     2
280
     0
1001
AcDbBlockRepETag
1070
     1
1071
      102
1005
0
  0
ATTRIB
  5
2523
330
24F9
100
AcDbEntity
  8
CX-BORD-TEX3
100
AcDbText
 10
1344132.708448431
 20
-26410.86756174359
 30
0.0
 40
225.000000000064
  1
건설준공
  7
TB_TEXT
 72
     1
 11
1344746.290339243
 21
-26298.36756174356
 31
0.0
100
AcDbAttribute
280
     0
  2
TD_CSTEP
 70
     0
 74
     2
280
     0
1001
AcDbBlockRepETag
1070
     1
1071
      103
1005
0
  0
ATTRIB
  5
2524
330
24F9
100
AcDbEntity
  8
CX-BORD-TEX3
100
AcDbText
 10
1340902.299393836
 20
-26410.86756174353
 30
0.0
 40
225.000000000064
  1
토목
  7
TB_TEXT
 72
     1
 11
1341209.090339243
 21
-26298.3675617435
 31
0.0
100
AcDbAttribute
280
     0
  2
TD_FIELD
 70
     0
 74
     2
280
     0
1001
AcDbBlockRepETag
1070
     1
1071
      104
1005
0
  0
ATTRIB
  5
2525
330
24F9
100
AcDbEntity
  8
CX-BORD-TEX3
100
AcDbText
 10
1342038.717503024
 20
-25987.48192781584
 30
0.0
 40
225.000000000064
  1
(주)태영건설
  7
TB_TEXT
 72
     1
 11
1342959.090339243
 21
-25874.98192781581
 31
0.0
100
AcDbAttribute
280
     0
  2
TD_CCOMP
 70
     0
 74
     2
280
     0
1001
AcDbBlockRepETag
1070
     1
1071
      105
1005
0
  0
ATTRIB
  5
2526
330
24F9
100
AcDbEntity
  8
CX-BORD-TEX3
100
AcDbText
 10
1341578.531084915
 20
-25537.74135750574
 30
0.0
 40
225.000000000064
  1
(주)영진엔지니어링
  7
TB_TEXT
 72
     1
 11
1342959.090339243
 21
-25425.24135750571
 31
0.0
100
AcDbAttribute
280
     0
  2
TD_DCOMP
 70
     0
 74
     2
280
     0
1001
AcDbBlockRepETag
1070
     1
1071
      106
1005
0
  0
ATTRIB
  5
2527
330
24F9
100
AcDbEntity
  8
CX-BORD-TEX3
100
AcDbText
 10
1365052.163375457
 20
-25979.69944134001
 30
0.0
 40
225.000000000064
  1

  7
TB_TEXT
 72
     1
 11
1365052.163375457
 21
-25867.19944133998
 31
0.0
100
AcDbAttribute
280
     0
  2
TD_VSCAL
 70
     0
 74
     2
280
     0
1001
AcDbBlockRepETag
1070
     1
1071
      107
1005
0
  0
ATTRIB
  5
2528
330
24F9
100
AcDbEntity
  8
CX-BORD-TEX3
100
AcDbText
 10
1361872.736524698
 20
-25979.69944134001
 30
0.0
 40
225.000000000064
  1
            S=1:50
  7
TB_TEXT
 72
     1
 11
1363253.295779026
 21
-25867.19944133998
 31
0.0
100
AcDbAttribute
280
     0
  2
TD_HSCAL
 70
     0
 74
     2
280
     0
1001
AcDbBlockRepETag
1070
     1
1071
      108
1005
0
  0
ATTRIB
  5
2529
330
24F9
100
AcDbEntity
  8
CX-BORD-TEX3
100
AcDbText
 10
1364934.090339249
 20
-25542.11857605224
 30
0.0
 40
225.000000000064
  1

  7
TB_TEXT
 72
     1
 11
1364934.090339249
 21
-25429.6185760522
 31
0.0
100
AcDbAttribute
280
     0
  2
TD_CDIST
 70
     0
 74
     2
280
     0
1001
AcDbBlockRepETag
1070
     1
1071
      109
1005
0
  0
ATTRIB
  5
252A
330
24F9
100
AcDbEntity
  8
CX-BORD-TEX3
100
AcDbText
 10
1362484.090339248
 20
-25542.11857605224
 30
0.0
 40
225.000000000064
  1

  7
TB_TEXT
 72
     1
 11
1362484.090339248
 21
-25429.6185760522
 31
0.0
100
AcDbAttribute
280
     0
  2
TD_CSECT
 70
     0
 74
     2
280
     0
1001
AcDbBlockRepETag
1070
     1
1071
      110
1005
0
  0
ATTRIB
  5
252B
330
24F9
100
AcDbEntity
  8
CX-BORD-TEX3
100
AcDbText
 10
1332936.587010346
 20
-26299.83656021309
 30
0.0
 40
250.0
  1
고속국도 제1호선 언양~영천간 확장공사
 41
0.8
  7
TB_TEXT
 72
     1
 11
1335459.090339241
 21
-26174.83656021309
 31
0.0
100
AcDbAttribute
280
     0
  2
TD_CNAME
 70
     0
 74
     2
280
     0
1001
AcDbBlockRepETag
1070
     1
1071
      111
1005
0
  0
ATTRIB
  5
252C
330
24F9
100
AcDbEntity
  8
CX-BORD-TEX3
100
AcDbText
 10
1369959.090339251
 20
-25867.17142382247
 30
0.0
 40
150.0000000000426
  1

  7
TB_TEXT
 72
     1
 11
1369959.090339251
 21
-25792.17142382245
 31
0.0
100
AcDbAttribute
280
     0
  2
TD_DNAME_BOT
 70
     0
 74
     2
280
     0
1001
AcDbBlockRepETag
1070
     1
1071
      112
1005
0
  0
ATTRIB
  5
252D
330
24F9
100
AcDbEntity
  8
CX-BORD-TEX3
100
AcDbText
 10
1368425.13561222
 20
-25593.46378392484
 30
0.0
 40
225.000000000064
  1
일반도 및 배근도 (1)
  7
TB_TEXT
 72
     1
 11
1369959.090339251
 21
-25480.96378392481
 31
0.0
100
AcDbAttribute
280
     0
  2
TD_DNAME_MAIN
 70
     0
 74
     2
280
     0
1001
AcDbBlockRepETag
1070
     1
1071
      113
1005
0
  0
ATTRIB
  5
252E
330
24F9
100
AcDbEntity
  8
CX-BORD-TEX3
100
AcDbText
 10
1369192.112975735
 20
-25269.26800981385
 30
0.0
 40
225.000000000064
  1
수로암거12
  7
TB_TEXT
 72
     1
 11
1369959.090339251
 21
-25156.76800981381
 31
0.0
100
AcDbAttribute
280
     0
  2
TD_DNAME_TOP
 70
     0
 74
     2
280
     0
1001
AcDbBlockRepETag
1070
     1
1071
      114
1005
0
  0
SEQEND
  5
24FA
330
24F9
100
AcDbEntity
  8
CX-BORD
  0
ENDSEC
  0
SECTION
  2
OBJECTS
  0
DICTIONARY
  5
B
330
0
100
AcDbDictionary
281
     1
  3
ACAD_CIP_PREVIOUS_PRODUCT_INFO
350
261F
  3
ACAD_COLOR
350
38
  3
ACAD_DETAILVIEWSTYLE
350
2619
  3
ACAD_GROUP
350
33
  3
ACAD_LAST_SAVED_VERSION_INFO
350
2630
  3
ACAD_LAYOUT
350
17
  3
ACAD_MATERIAL
350
D
  3
ACAD_MLEADERSTYLE
350
19CA
  3
ACAD_MLINESTYLE
350
34
  3
ACAD_PLOTSETTINGS
350
35
  3
ACAD_PLOTSTYLENAME
350
A
  3
ACAD_SCALELIST
350
39
  3
ACAD_SECTIONVIEWSTYLE
350
2617
  3
ACAD_TABLESTYLE
350
3A
  3
ACAD_VISUALSTYLE
350
2D
  3
ACDB_RECOMPOSE_DATA
350
2637
  3
AcDbVariableDictionary
350
19B8
  3
AEC_PROPERTY_SET_DEFS
350
22AB
  0
DICTIONARY
  5
2E
330
2A
100
AcDbDictionary
280
     1
281
     1
  0
DICTIONARY
  5
1E
330
1D
100
AcDbDictionary
280
     1
281
     1
  3
ACAD_LAYERFILTERS
360
1F
  3
ACAD_LAYERSTATES
360
20
  3
ACLYDICTIONARY
360
21
  0
DICTIONARY
  5
7
330
6
100
AcDbDictionary
280
     1
281
     1
  3
ADSK_XREC_LAYER_RECONCILED
360
8
  0
DICTIONARY
  5
D92
330
D91
100
AcDbDictionary
280
     1
281
     1
  3
ADSK_XREC_LAYER_RECONCILED
360
D93
  0
DICTIONARY
  5
5E4
330
5E3
100
AcDbDictionary
280
     1
281
     1
  3
ADSK_XREC_LAYER_RECONCILED
360
5E5
  0
DICTIONARY
  5
F61
330
F60
100
AcDbDictionary
280
     1
281
     1
  3
ADSK_XREC_LAYER_RECONCILED
360
F62
  0
DICTIONARY
  5
F16
330
F15
100
AcDbDictionary
280
     1
281
     1
  3
ADSK_XREC_LAYER_RECONCILED
360
F17
  0
DICTIONARY
  5
F65
330
F64
100
AcDbDictionary
280
     1
281
     1
  3
ADSK_XREC_LAYER_RECONCILED
360
F66
  0
DICTIONARY
  5
BBA
330
BB9
100
AcDbDictionary
280
     1
281
     1
  3
ADSK_XREC_LAYER_RECONCILED
360
BBB
  0
DICTIONARY
  5
FDD
330
FDC
100
AcDbDictionary
280
     1
281
     1
  3
ADSK_XREC_LAYER_RECONCILED
360
FDE
  0
DICTIONARY
  5
684
330
683
100
AcDbDictionary
280
     1
281
     1
  3
ADSK_XREC_LAYER_RECONCILED
360
685
  0
DICTIONARY
  5
644
330
643
100
AcDbDictionary
280
     1
281
     1
  3
ADSK_XREC_LAYER_RECONCILED
360
645
  0
DICTIONARY
  5
73E
330
73D
100
AcDbDictionary
280
     1
281
     1
  3
ADSK_XREC_LAYER_RECONCILED
360
73F
  0
DICTIONARY
  5
10CF
330
10CE
100
AcDbDictionary
280
     1
281
     1
  3
ADSK_XREC_LAYER_RECONCILED
360
10D0
  0
DICTIONARY
  5
1114
330
1113
100
AcDbDictionary
280
     1
281
     1
  3
ADSK_XREC_LAYER_RECONCILED
360
1115
  0
DICTIONARY
  5
111F
330
111E
100
AcDbDictionary
280
     1
281
     1
  3
ADSK_XREC_LAYER_RECONCILED
360
1120
  0
DICTIONARY
  5
1119
330
1118
100
AcDbDictionary
280
     1
281
     1
  3
ADSK_XREC_LAYER_RECONCILED
360
111A
  0
DICTIONARY
  5
1256
330
1255
100
AcDbDictionary
280
     1
281
     1
  3
ADSK_XREC_LAYER_RECONCILED
360
1257
  0
DICTIONARY
  5
1134
330
1133
100
AcDbDictionary
280
     1
281
     1
  3
ADSK_XREC_LAYER_RECONCILED
360
1135
  0
DICTIONARY
  5
F37
330
F36
100
AcDbDictionary
280
     1
281
     1
  3
ADSK_XREC_LAYER_RECONCILED
360
F38
  0
DICTIONARY
  5
F58
330
F57
100
AcDbDictionary
280
     1
281
     1
  3
ADSK_XREC_LAYER_RECONCILED
360
F59
  0
DICTIONARY
  5
B2B
330
B2A
100
AcDbDictionary
280
     1
281
     1
  3
ADSK_XREC_LAYER_RECONCILED
360
B2C
  0
DICTIONARY
  5
110B
330
110A
100
AcDbDictionary
280
     1
281
     1
  3
ADSK_XREC_LAYER_RECONCILED
360
110C
  0
DICTIONARY
  5
3
330
2
100
AcDbDictionary
280
     1
281
     1
  3
ACAD_SORTENTS
360
19B4
  0
DICTIONARY
  5
1155
330
1154
100
AcDbDictionary
280
     1
281
     1
  3
ACAD_SORTENTS
360
19B2
  0
DICTIONARY
  5
238D
330
238C
100
AcDbDictionary
280
     1
281
     1
  3
ACAD_SORTENTS
360
238E
  0
XRECORD
  5
261F
102
{ACAD_REACTORS
330
B
102
}
330
B
100
AcDbXrecord
280
     1
300
AMECH_PP
300
2026
300

  0
DICTIONARY
  5
38
102
{ACAD_REACTORS
330
B
102
}
330
B
100
AcDbDictionary
281
     1
  0
DICTIONARY
  5
2619
102
{ACAD_REACTORS
330
B
102
}
330
B
100
AcDbDictionary
281
     1
  3
Metric50
350
261A
  0
DICTIONARY
  5
33
102
{ACAD_REACTORS
330
B
102
}
330
B
100
AcDbDictionary
281
     1
  0
XRECORD
  5
2630
102
{ACAD_REACTORS
330
B
102
}
330
B
100
AcDbXrecord
280
     1
300
{767DFDE7-5CA5-0944-9141-474E27C0400E}
301
{BE968571-5739-DB45-9B08-7AC564222C07}
302
{767DFDE7-5CA5-0944-9141-474E27C0400E}
303
C:\Coding_Works\Drawing_Engine\한전\최종배근도C0040202-030-수로암거12배근도(3)8+475 (1)\C0040202-028-일반도및배근도(1).dxf
  0
DICTIONARY
  5
17
102
{ACAD_REACTORS
330
B
102
}
330
B
100
AcDbDictionary
281
     1
  3
Model
350
16
  3
배치1
350
1C
  0
DICTIONARY
  5
D
102
{ACAD_REACTORS
330
B
102
}
330
B
100
AcDbDictionary
281
     1
  3
ByBlock
350
37
  3
ByLayer
350
36
  3
Global
350
C
  0
DICTIONARY
  5
19CA
102
{ACAD_REACTORS
330
B
102
}
330
B
100
AcDbDictionary
281
     1
  3
Standard
350
19CB
  0
DICTIONARY
  5
34
102
{ACAD_REACTORS
330
B
102
}
330
B
100
AcDbDictionary
281
     1
  3
Standard
350
3D
  0
DICTIONARY
  5
35
102
{ACAD_REACTORS
330
B
102
}
330
B
100
AcDbDictionary
281
     1
  0
ACDBDICTIONARYWDFLT
  5
A
102
{ACAD_REACTORS
330
B
102
}
330
B
100
AcDbDictionary
281
     1
  3
Normal
350
9
100
AcDbDictionaryWithDefault
340
9
  0
DICTIONARY
  5
39
102
{ACAD_REACTORS
330
B
102
}
330
B
100
AcDbDictionary
281
     1
  3
A0
350
5C1
  3
A1
350
2620
  3
A2
350
2621
  3
A3
350
2622
  3
A4
350
2623
  3
A5
350
2624
  3
A6
350
2625
  3
A7
350
2626
  3
A8
350
2627
  3
A9
350
2628
  3
B0
350
2629
  3
B1
350
262A
  3
B2
350
262B
  3
B3
350
262C
  3
B4
350
262D
  3
B5
350
262E
  3
B6
350
262F
  0
DICTIONARY
  5
2617
102
{ACAD_REACTORS
330
B
102
}
330
B
100
AcDbDictionary
281
     1
  3
Metric50
350
2618
  0
DICTIONARY
  5
3A
102
{ACAD_REACTORS
330
B
102
}
330
B
100
AcDbDictionary
281
     1
  3
Standard
350
3E
  0
DICTIONARY
  5
2D
102
{ACAD_REACTORS
330
B
102
}
330
B
100
AcDbDictionary
281
     1
  3
2dWireframe
350
2C
  3
3D Hidden
350
19C2
  3
3dWireframe
350
41
  3
Basic
350
19C1
  3
Brighten
350
19C5
  3
ColorChange
350
19C9
  3
Conceptual
350
19C3
  3
Dim
350
19C4
  3
EdgeColorOff
350
2267
  3
Facepattern
350
19C8
  3
Flat
350
19BD
  3
FlatWithEdges
350
19BE
  3
Gouraud
350
19BF
  3
GouraudWithEdges
350
19C0
  3
Hidden
350
2611
  3
JitterOff
350
226A
  3
Linepattern
350
19C7
  3
OverhangOff
350
226D
  3
Realistic
350
40
  3
Shaded
350
2616
  3
Shaded with edges
350
2615
  3
Shades of Gray
350
2612
  3
Sketchy
350
2613
  3
Thicken
350
19C6
  3
Wireframe
350
2610
  3
X-Ray
350
2614
  0
XRECORD
  5
2637
102
{ACAD_REACTORS
330
B
102
}
330
B
100
AcDbXrecord
280
     1
 90
        1
330
3E
  0
DICTIONARY
  5
19B8
102
{ACAD_REACTORS
330
B
102
}
330
B
100
AcDbDictionary
281
     1
  3
CANNOSCALE
350
19BB
  3
CMLEADERSTYLE
350
19BA
  3
CTABLESTYLE
350
19B9
  3
CVIEWDETAILSTYLE
350
2631
  3
CVIEWSECTIONSTYLE
350
2632
  3
LAYEREVAL
350
2633
  3
LAYERNOTIFY
350
2634
  3
LIGHTINGUNITS
350
1A08
  3
MSLTSCALE
350
1A07
  0
DICTIONARY
  5
22AB
102
{ACAD_REACTORS
330
B
102
}
330
B
100
AcDbDictionary
281
     1
  0
DICTIONARY
  5
1F
102
{ACAD_REACTORS
330
1E
102
}
330
1E
100
AcDbDictionary
281
     1
  0
DICTIONARY
  5
20
102
{ACAD_REACTORS
330
1E
102
}
330
1E
100
AcDbDictionary
281
     1
  3
20180515_61684
350
19DA
  0
DICTIONARY
  5
21
102
{ACAD_REACTORS
330
1E
102
}
330
1E
100
AcDbDictionary
281
     1
1001
ACAD
1000
<All
  0
XRECORD
  5
8
102
{ACAD_REACTORS
330
7
102
}
330
7
100
AcDbXrecord
280
     1
290
     1
  0
XRECORD
  5
D93
102
{ACAD_REACTORS
330
D92
102
}
330
D92
100
AcDbXrecord
280
     1
290
     1
  0
XRECORD
  5
5E5
102
{ACAD_REACTORS
330
5E4
102
}
330
5E4
100
AcDbXrecord
280
     1
290
     1
  0
XRECORD
  5
F62
102
{ACAD_REACTORS
330
F61
102
}
330
F61
100
AcDbXrecord
280
     1
290
     1
  0
XRECORD
  5
F17
102
{ACAD_REACTORS
330
F16
102
}
330
F16
100
AcDbXrecord
280
     1
290
     1
  0
XRECORD
  5
F66
102
{ACAD_REACTORS
330
F65
102
}
330
F65
100
AcDbXrecord
280
     1
290
     1
  0
XRECORD
  5
BBB
102
{ACAD_REACTORS
330
BBA
102
}
330
BBA
100
AcDbXrecord
280
     1
290
     1
  0
XRECORD
  5
FDE
102
{ACAD_REACTORS
330
FDD
102
}
330
FDD
100
AcDbXrecord
280
     1
290
     1
  0
XRECORD
  5
685
102
{ACAD_REACTORS
330
684
102
}
330
684
100
AcDbXrecord
280
     1
290
     1
  0
XRECORD
  5
645
102
{ACAD_REACTORS
330
644
102
}
330
644
100
AcDbXrecord
280
     1
290
     1
  0
XRECORD
  5
73F
102
{ACAD_REACTORS
330
73E
102
}
330
73E
100
AcDbXrecord
280
     1
290
     1
  0
XRECORD
  5
10D0
102
{ACAD_REACTORS
330
10CF
102
}
330
10CF
100
AcDbXrecord
280
     1
290
     1
  0
XRECORD
  5
1115
102
{ACAD_REACTORS
330
1114
102
}
330
1114
100
AcDbXrecord
280
     1
290
     1
  0
XRECORD
  5
1120
102
{ACAD_REACTORS
330
111F
102
}
330
111F
100
AcDbXrecord
280
     1
290
     1
  0
XRECORD
  5
111A
102
{ACAD_REACTORS
330
1119
102
}
330
1119
100
AcDbXrecord
280
     1
290
     1
  0
XRECORD
  5
1257
102
{ACAD_REACTORS
330
1256
102
}
330
1256
100
AcDbXrecord
280
     1
290
     1
  0
XRECORD
  5
1135
102
{ACAD_REACTORS
330
1134
102
}
330
1134
100
AcDbXrecord
280
     1
290
     1
  0
XRECORD
  5
F38
102
{ACAD_REACTORS
330
F37
102
}
330
F37
100
AcDbXrecord
280
     1
290
     1
  0
XRECORD
  5
F59
102
{ACAD_REACTORS
330
F58
102
}
330
F58
100
AcDbXrecord
280
     1
290
     1
  0
XRECORD
  5
B2C
102
{ACAD_REACTORS
330
B2B
102
}
330
B2B
100
AcDbXrecord
280
     1
290
     1
  0
XRECORD
  5
110C
102
{ACAD_REACTORS
330
110B
102
}
330
110B
100
AcDbXrecord
280
     1
290
     1
  0
SORTENTSTABLE
  5
19B4
102
{ACAD_REACTORS
330
3
102
}
330
3
100
AcDbSortentsTable
330
2
331
5E2
  5
1109
331
5E7
  5
1108
331
5E8
  5
1107
331
5E9
  5
1106
331
5EA
  5
1105
331
5EB
  5
1104
331
5EC
  5
1103
331
5ED
  5
1102
331
5EE
  5
1101
331
5EF
  5
1100
331
5F0
  5
10FF
331
5F1
  5
10FE
331
5F2
  5
10FD
331
5F3
  5
10FC
331
5F4
  5
10FB
331
5F5
  5
10FA
331
5F6
  5
10F9
331
5F7
  5
10F8
331
5F8
  5
10F7
331
5F9
  5
10F6
331
5FA
  5
10F5
331
5FB
  5
10F4
331
5FC
  5
10F3
331
5FD
  5
10F2
331
5FE
  5
10F1
331
5FF
  5
10F0
331
600
  5
10EF
331
601
  5
10EE
331
602
  5
10ED
331
603
  5
10EC
331
604
  5
10EB
331
605
  5
10EA
331
606
  5
10E9
331
607
  5
10E8
331
608
  5
10E7
331
609
  5
10E6
331
60A
  5
10E5
331
60B
  5
10E4
331
60C
  5
10E3
331
60D
  5
10E2
331
60E
  5
10E1
331
60F
  5
10E0
331
610
  5
10DF
331
611
  5
10DE
331
612
  5
10DD
331
613
  5
10DC
331
614
  5
10DB
331
615
  5
10DA
331
616
  5
10D9
331
617
  5
10D8
331
618
  5
10D7
331
619
  5
10D6
331
61A
  5
10D5
331
61B
  5
10D4
331
61C
  5
10D3
331
61D
  5
10D2
331
61E
  5
10CD
331
61F
  5
10CC
331
620
  5
10CB
331
621
  5
10CA
331
622
  5
10C9
331
623
  5
10C8
331
624
  5
10C7
331
625
  5
10C6
331
626
  5
10C5
331
627
  5
10C4
331
628
  5
10C3
331
629
  5
10C2
331
62A
  5
10C1
331
62B
  5
10C0
331
62C
  5
10BF
331
62D
  5
10BE
331
62E
  5
10BD
331
62F
  5
10BC
331
630
  5
10BB
331
631
  5
10BA
331
632
  5
10B9
331
633
  5
10B8
331
634
  5
10B7
331
635
  5
10B6
331
636
  5
10B5
331
637
  5
10B4
331
638
  5
10B3
331
639
  5
10B2
331
63A
  5
10B1
331
63B
  5
10B0
331
63C
  5
10AF
331
63D
  5
10AE
331
63E
  5
10AD
331
63F
  5
10AC
331
640
  5
10AB
331
641
  5
10AA
331
642
  5
10A9
331
646
  5
10A8
331
647
  5
10A7
331
648
  5
10A6
331
649
  5
10A5
331
64A
  5
10A4
331
64B
  5
10A3
331
64C
  5
10A2
331
64D
  5
10A1
331
64E
  5
10A0
331
64F
  5
109F
331
650
  5
109E
331
651
  5
109D
331
652
  5
109C
331
653
  5
109B
331
654
  5
109A
331
655
  5
1099
331
656
  5
1098
331
657
  5
1097
331
658
  5
1096
331
659
  5
1095
331
65A
  5
1094
331
65B
  5
1093
331
65C
  5
1092
331
65D
  5
1091
331
65E
  5
1090
331
65F
  5
108F
331
660
  5
108E
331
661
  5
108D
331
662
  5
108C
331
663
  5
108B
331
664
  5
108A
331
665
  5
1089
331
666
  5
1088
331
667
  5
1087
331
668
  5
1086
331
669
  5
1085
331
66A
  5
1084
331
66B
  5
1083
331
66C
  5
1082
331
66D
  5
1081
331
66E
  5
1080
331
66F
  5
107F
331
670
  5
107E
331
671
  5
107D
331
672
  5
107C
331
673
  5
107B
331
674
  5
107A
331
675
  5
1079
331
676
  5
1078
331
677
  5
1077
331
678
  5
1076
331
679
  5
1075
331
67A
  5
1074
331
67B
  5
1073
331
67C
  5
1072
331
67D
  5
1071
331
67E
  5
1070
331
67F
  5
106F
331
680
  5
106E
331
681
  5
106D
331
682
  5
106C
331
686
  5
106B
331
687
  5
106A
331
688
  5
1069
331
689
  5
1068
331
68A
  5
1067
331
68B
  5
1066
331
68C
  5
1065
331
68D
  5
1064
331
68E
  5
1063
331
68F
  5
1062
331
690
  5
1061
331
691
  5
1060
331
692
  5
105F
331
693
  5
105E
331
694
  5
105D
331
695
  5
105C
331
696
  5
105B
331
697
  5
105A
331
698
  5
1059
331
699
  5
1058
331
69A
  5
1057
331
69B
  5
1056
331
69C
  5
1055
331
69D
  5
1054
331
69E
  5
1053
331
69F
  5
1052
331
6A0
  5
1051
331
6A1
  5
1050
331
6A2
  5
104F
331
6A3
  5
104E
331
6A4
  5
104D
331
6A5
  5
104C
331
6A6
  5
104B
331
6A7
  5
104A
331
6A8
  5
1049
331
6A9
  5
1048
331
6AA
  5
1047
331
6AB
  5
1046
331
6AC
  5
1045
331
6AD
  5
1044
331
6AE
  5
1043
331
6AF
  5
1042
331
6B0
  5
1041
331
6B1
  5
1040
331
6B2
  5
103F
331
6B3
  5
103E
331
6B4
  5
103D
331
6B5
  5
103C
331
6B6
  5
103B
331
6B7
  5
103A
331
6B8
  5
1039
331
6B9
  5
1038
331
6BA
  5
1037
331
6BB
  5
1036
331
6BC
  5
1035
331
6BD
  5
1034
331
6BE
  5
1033
331
6BF
  5
1032
331
6C0
  5
1031
331
6C1
  5
1030
331
6C2
  5
102F
331
6C3
  5
102E
331
6C4
  5
102D
331
6C5
  5
102C
331
6C6
  5
102B
331
6C7
  5
102A
331
6C8
  5
1029
331
6C9
  5
1028
331
6CA
  5
1027
331
6CB
  5
1026
331
6CC
  5
1025
331
6CD
  5
1024
331
6CE
  5
1023
331
6CF
  5
1022
331
6D0
  5
1021
331
6D1
  5
1020
331
6D2
  5
101F
331
6D3
  5
101E
331
6D4
  5
101D
331
6D5
  5
101C
331
6D6
  5
101B
331
6D7
  5
101A
331
6D8
  5
1019
331
6D9
  5
1018
331
6DA
  5
1017
331
6DB
  5
1016
331
6DC
  5
1015
331
6DD
  5
1014
331
6DE
  5
1013
331
6DF
  5
1012
331
6E0
  5
1011
331
6E1
  5
1010
331
6E2
  5
100F
331
6E3
  5
100E
331
6E4
  5
100D
331
6E5
  5
100C
331
6E6
  5
100B
331
6E7
  5
100A
331
6E8
  5
1009
331
6E9
  5
1008
331
6EA
  5
1007
331
6EB
  5
1006
331
6EC
  5
1005
331
6ED
  5
1004
331
6EE
  5
1003
331
6EF
  5
1002
331
6F0
  5
1001
331
6F1
  5
1000
331
6F2
  5
FFF
331
6F3
  5
FFE
331
6F4
  5
FFD
331
6F5
  5
FFC
331
6F6
  5
FFB
331
6F7
  5
FFA
331
6F8
  5
FF9
331
6F9
  5
FF8
331
6FA
  5
FF7
331
6FB
  5
FF6
331
6FC
  5
FF5
331
6FD
  5
FF4
331
6FE
  5
FF3
331
6FF
  5
FF2
331
700
  5
FF1
331
701
  5
FF0
331
702
  5
FEF
331
703
  5
FEE
331
704
  5
FED
331
705
  5
FEC
331
706
  5
FEB
331
707
  5
FEA
331
708
  5
FE9
331
709
  5
FE8
331
70A
  5
FE7
331
70B
  5
FE6
331
70C
  5
FE5
331
70D
  5
FE4
331
70E
  5
FE3
331
70F
  5
FE2
331
710
  5
FE1
331
711
  5
FE0
331
712
  5
FDF
331
713
  5
FDB
331
714
  5
FDA
331
715
  5
FD9
331
716
  5
FD8
331
717
  5
FD7
331
718
  5
FD6
331
719
  5
FD5
331
71A
  5
FD4
331
71B
  5
FD3
331
71C
  5
FD2
331
71D
  5
FD1
331
71E
  5
FD0
331
71F
  5
FCF
331
720
  5
FCE
331
721
  5
FCD
331
722
  5
FCC
331
723
  5
FCB
331
724
  5
FCA
331
725
  5
FC9
331
726
  5
FC8
331
727
  5
FC7
331
728
  5
FC6
331
729
  5
FC5
331
72A
  5
FC4
331
72B
  5
FC3
331
72C
  5
FC2
331
72D
  5
FC1
331
72E
  5
FC0
331
72F
  5
FBF
331
730
  5
FBE
331
731
  5
FBD
331
732
  5
FBC
331
733
  5
FBB
331
734
  5
FBA
331
735
  5
FB9
331
736
  5
FB8
331
737
  5
FB7
331
738
  5
FB6
331
739
  5
FB5
331
73A
  5
FB4
331
73B
  5
FB3
331
73C
  5
FB2
331
740
  5
FB1
331
741
  5
FB0
331
742
  5
FAF
331
743
  5
FAE
331
744
  5
FAD
331
745
  5
FAC
331
746
  5
FAB
331
747
  5
FAA
331
748
  5
FA9
331
749
  5
FA8
331
74A
  5
FA7
331
74B
  5
FA6
331
74C
  5
FA5
331
74D
  5
FA4
331
74E
  5
FA3
331
74F
  5
FA2
331
750
  5
FA1
331
751
  5
FA0
331
752
  5
F9F
331
753
  5
F9E
331
754
  5
F9D
331
755
  5
F9C
331
756
  5
F9B
331
757
  5
F9A
331
758
  5
F99
331
759
  5
F98
331
75A
  5
F97
331
75B
  5
F96
331
75C
  5
F95
331
75D
  5
F94
331
75E
  5
F93
331
75F
  5
F92
331
760
  5
F91
331
761
  5
F90
331
762
  5
F8F
331
763
  5
F8E
331
764
  5
F8D
331
765
  5
F8C
331
766
  5
F8B
331
767
  5
F8A
331
768
  5
F89
331
769
  5
F88
331
76A
  5
F87
331
76B
  5
F86
331
76C
  5
F85
331
76D
  5
F84
331
76E
  5
F83
331
76F
  5
F82
331
770
  5
F81
331
771
  5
F80
331
772
  5
F7F
331
773
  5
F7E
331
774
  5
F7D
331
775
  5
F7C
331
776
  5
F7B
331
777
  5
F7A
331
778
  5
F79
331
779
  5
F78
331
77A
  5
F77
331
77B
  5
F76
331
77C
  5
F75
331
77D
  5
F74
331
77E
  5
F73
331
77F
  5
F72
331
780
  5
F71
331
781
  5
F70
331
782
  5
F6F
331
783
  5
F6E
331
784
  5
F6D
331
785
  5
F6C
331
786
  5
F6B
331
787
  5
F6A
331
788
  5
F69
331
789
  5
F68
331
78A
  5
F67
331
78B
  5
F63
331
78C
  5
F5F
331
78D
  5
F5E
331
78E
  5
F5D
331
78F
  5
F5C
331
790
  5
F5B
331
791
  5
F5A
331
792
  5
F56
331
793
  5
F55
331
794
  5
F54
331
795
  5
F53
331
796
  5
F52
331
797
  5
F51
331
798
  5
F50
331
799
  5
F4F
331
79A
  5
F4E
331
79B
  5
F4D
331
79C
  5
F4C
331
79D
  5
F4B
331
79E
  5
F4A
331
79F
  5
F49
331
7A0
  5
F48
331
7A1
  5
F47
331
7A2
  5
F46
331
7A3
  5
F45
331
7A4
  5
F44
331
7A5
  5
F43
331
7A6
  5
F42
331
7A7
  5
F41
331
7A8
  5
F40
331
7A9
  5
F3F
331
7AA
  5
F3E
331
7AB
  5
F3D
331
7AC
  5
F3C
331
7AD
  5
F3B
331
7AE
  5
F35
331
7AF
  5
F34
331
7B0
  5
F33
331
7B1
  5
F32
331
7B2
  5
F31
331
7B3
  5
F30
331
7B4
  5
F2F
331
7B5
  5
F2E
331
7B6
  5
F2D
331
7B7
  5
F2C
331
7B8
  5
F2B
331
7B9
  5
F2A
331
7BA
  5
F29
331
7BB
  5
F28
331
7BC
  5
F27
331
7BD
  5
F26
331
7BE
  5
F25
331
7BF
  5
F24
331
7C0
  5
F23
331
7C1
  5
F22
331
7C2
  5
F21
331
7C3
  5
F20
331
7C4
  5
F1F
331
7C5
  5
F1E
331
7C6
  5
F1D
331
7C7
  5
F1C
331
7C8
  5
F1B
331
7C9
  5
F1A
331
7CA
  5
F19
331
7CB
  5
F18
331
7CC
  5
F14
331
7CD
  5
F13
331
7CE
  5
F12
331
7CF
  5
F11
331
7D0
  5
F10
331
7D1
  5
F0F
331
7D2
  5
F0E
331
7D3
  5
F0D
331
7D4
  5
F0C
331
7D5
  5
F0B
331
7D6
  5
F0A
331
7D7
  5
F09
331
7D8
  5
F08
331
7D9
  5
F07
331
7DA
  5
F06
331
7DB
  5
F05
331
7DC
  5
F04
331
7DD
  5
F03
331
7DE
  5
F02
331
7DF
  5
F01
331
7E0
  5
F00
331
7E1
  5
EFF
331
7E2
  5
EFE
331
7E3
  5
EFD
331
7E4
  5
EFC
331
7E5
  5
EFB
331
7E6
  5
EFA
331
7E7
  5
EF9
331
7E8
  5
EF8
331
7E9
  5
EF7
331
7EA
  5
EF6
331
7EB
  5
EF5
331
7EC
  5
EF4
331
7ED
  5
EF3
331
7EE
  5
EF2
331
7EF
  5
EF1
331
7F0
  5
EF0
331
7F1
  5
EEF
331
7F2
  5
EEE
331
7F3
  5
EED
331
7F4
  5
EEC
331
7F5
  5
EEB
331
7F6
  5
EEA
331
7F7
  5
EE9
331
7F8
  5
EE8
331
7F9
  5
EE7
331
7FA
  5
EE6
331
7FB
  5
EE5
331
7FC
  5
EE4
331
7FD
  5
EE3
331
7FE
  5
EE2
331
7FF
  5
EE1
331
800
  5
EE0
331
801
  5
EDF
331
802
  5
EDE
331
803
  5
EDD
331
804
  5
EDC
331
805
  5
EDB
331
806
  5
EDA
331
807
  5
ED9
331
808
  5
ED8
331
809
  5
ED7
331
80A
  5
ED6
331
80B
  5
ED5
331
80C
  5
ED4
331
80D
  5
ED3
331
80E
  5
ED2
331
80F
  5
ED1
331
810
  5
ED0
331
811
  5
ECF
331
812
  5
ECE
331
813
  5
ECD
331
814
  5
ECC
331
815
  5
ECB
331
816
  5
ECA
331
817
  5
EC9
331
818
  5
EC8
331
819
  5
EC7
331
81A
  5
EC6
331
81B
  5
EC5
331
81C
  5
EC4
331
81D
  5
EC3
331
81E
  5
EC2
331
81F
  5
EC1
331
820
  5
EC0
331
821
  5
EBF
331
822
  5
EBE
331
823
  5
EBD
331
824
  5
EBC
331
825
  5
EBB
331
826
  5
EBA
331
827
  5
EB9
331
828
  5
EB8
331
829
  5
EB7
331
82A
  5
EB6
331
82B
  5
EB5
331
82C
  5
EB4
331
82D
  5
EB3
331
82E
  5
EB2
331
82F
  5
EB1
331
830
  5
EB0
331
831
  5
EAF
331
832
  5
EAE
331
833
  5
EAD
331
834
  5
EAC
331
835
  5
EAB
331
836
  5
EAA
331
837
  5
EA9
331
838
  5
EA8
331
839
  5
EA7
331
83A
  5
EA6
331
83B
  5
EA5
331
83C
  5
EA4
331
83D
  5
EA3
331
83E
  5
EA2
331
83F
  5
EA1
331
840
  5
EA0
331
841
  5
E9F
331
842
  5
E9E
331
843
  5
E9D
331
844
  5
E9C
331
845
  5
E9B
331
846
  5
E9A
331
847
  5
E99
331
848
  5
E98
331
849
  5
E97
331
84A
  5
E96
331
84B
  5
E95
331
84C
  5
E94
331
84D
  5
E93
331
84E
  5
E92
331
84F
  5
E91
331
850
  5
E90
331
851
  5
E8F
331
852
  5
E8E
331
853
  5
E8D
331
854
  5
E8C
331
855
  5
E8B
331
856
  5
E8A
331
857
  5
E89
331
858
  5
E88
331
859
  5
E87
331
85A
  5
E86
331
85B
  5
E85
331
85C
  5
E84
331
85D
  5
E83
331
85E
  5
E82
331
85F
  5
E81
331
860
  5
E80
331
861
  5
E7F
331
862
  5
E7E
331
863
  5
E7D
331
864
  5
E7C
331
865
  5
E7B
331
866
  5
E7A
331
867
  5
E79
331
868
  5
E78
331
869
  5
E77
331
86A
  5
E76
331
86B
  5
E75
331
86C
  5
E74
331
86D
  5
E73
331
86E
  5
E72
331
86F
  5
E71
331
870
  5
E70
331
871
  5
E6F
331
872
  5
E6E
331
873
  5
E6D
331
874
  5
E6C
331
875
  5
E6B
331
876
  5
E6A
331
877
  5
E69
331
878
  5
E68
331
879
  5
E67
331
87A
  5
E66
331
87B
  5
E65
331
87C
  5
E64
331
87D
  5
E63
331
87E
  5
E62
331
87F
  5
E61
331
880
  5
E60
331
881
  5
E5F
331
882
  5
E5E
331
883
  5
E5D
331
884
  5
E5C
331
885
  5
E5B
331
886
  5
E5A
331
887
  5
E59
331
888
  5
E58
331
889
  5
E57
331
88A
  5
E56
331
88B
  5
E55
331
88C
  5
E54
331
88D
  5
E53
331
88E
  5
E52
331
88F
  5
E51
331
890
  5
E50
331
891
  5
E4F
331
892
  5
E4E
331
893
  5
E4D
331
894
  5
E4C
331
895
  5
E4B
331
896
  5
E4A
331
897
  5
E49
331
898
  5
E48
331
899
  5
E47
331
89A
  5
E46
331
89B
  5
E45
331
89C
  5
E44
331
89D
  5
E43
331
89E
  5
E42
331
89F
  5
E41
331
8A0
  5
E40
331
8A1
  5
E3F
331
8A2
  5
E3E
331
8A3
  5
E3D
331
8A4
  5
E3C
331
8A5
  5
E3B
331
8A6
  5
E3A
331
8A7
  5
E39
331
8A8
  5
E38
331
8A9
  5
E37
331
8AA
  5
E36
331
8AB
  5
E35
331
8AC
  5
E34
331
8AD
  5
E33
331
8AE
  5
E32
331
8AF
  5
E31
331
8B0
  5
E30
331
8B1
  5
E2F
331
8B2
  5
E2E
331
8B3
  5
E2D
331
8B4
  5
E2C
331
8B5
  5
E2B
331
8B6
  5
E2A
331
8B7
  5
E29
331
8B8
  5
E28
331
8B9
  5
E27
331
8BA
  5
E26
331
8BB
  5
E25
331
8BC
  5
E24
331
8BD
  5
E23
331
8BE
  5
E22
331
8BF
  5
E21
331
8C0
  5
E20
331
8C1
  5
E1F
331
8C2
  5
E1E
331
8C3
  5
E1D
331
8C4
  5
E1C
331
8C5
  5
E1B
331
8C6
  5
E1A
331
8C7
  5
E19
331
8C8
  5
E18
331
8C9
  5
E17
331
8CA
  5
E16
331
8CB
  5
E15
331
8CC
  5
E14
331
8CD
  5
E13
331
8CE
  5
E12
331
8CF
  5
E11
331
8D0
  5
E10
331
8D1
  5
E0F
331
8D2
  5
E0E
331
8D3
  5
E0D
331
8D4
  5
E0C
331
8D5
  5
E0B
331
8D6
  5
E0A
331
8D7
  5
E09
331
8D8
  5
E08
331
8D9
  5
E07
331
8DA
  5
E06
331
8DB
  5
E05
331
8DC
  5
E04
331
8DD
  5
E03
331
8DE
  5
E02
331
8DF
  5
E01
331
8E0
  5
E00
331
8E1
  5
DFF
331
8E2
  5
DFE
331
8E3
  5
DFD
331
8E4
  5
DFC
331
8E5
  5
DFB
331
8E6
  5
DFA
331
8E7
  5
DF9
331
8E8
  5
DF8
331
8E9
  5
DF7
331
8EA
  5
DF6
331
8EB
  5
DF5
331
8EC
  5
DF4
331
8ED
  5
DF3
331
8EE
  5
DF2
331
8EF
  5
DF1
331
8F0
  5
DF0
331
8F1
  5
DEF
331
8F2
  5
DEE
331
8F3
  5
DED
331
8F4
  5
DEC
331
8F5
  5
DEB
331
8F6
  5
DEA
331
8F7
  5
DE9
331
8F8
  5
DE8
331
8F9
  5
DE7
331
8FA
  5
DE6
331
8FB
  5
DE5
331
8FC
  5
DE4
331
8FD
  5
DE3
331
8FE
  5
DE2
331
8FF
  5
DE1
331
900
  5
DE0
331
901
  5
DDF
331
902
  5
DDE
331
903
  5
DDD
331
904
  5
DDC
331
905
  5
DDB
331
906
  5
DDA
331
907
  5
DD9
331
908
  5
DD8
331
909
  5
DD7
331
90A
  5
DD6
331
90B
  5
DD5
331
90C
  5
DD4
331
90D
  5
DD3
331
90E
  5
DD2
331
90F
  5
DD1
331
910
  5
DD0
331
911
  5
DCF
331
912
  5
DCE
331
913
  5
DCD
331
914
  5
DCC
331
915
  5
DCB
331
916
  5
DCA
331
917
  5
DC9
331
918
  5
DC8
331
919
  5
DC7
331
91A
  5
DC6
331
91B
  5
DC5
331
91C
  5
DC4
331
91D
  5
DC3
331
91E
  5
DC2
331
91F
  5
DC1
331
920
  5
DC0
331
921
  5
DBF
331
922
  5
DBE
331
923
  5
DBD
331
924
  5
DBC
331
925
  5
DBB
331
926
  5
DBA
331
927
  5
DB9
331
928
  5
DB8
331
929
  5
DB7
331
92A
  5
DB6
331
92B
  5
DB5
331
92C
  5
DB4
331
92D
  5
DB3
331
92E
  5
DB2
331
92F
  5
DB1
331
930
  5
DB0
331
931
  5
DAF
331
932
  5
DAE
331
933
  5
DAD
331
934
  5
DAC
331
935
  5
DAB
331
936
  5
DAA
331
937
  5
DA9
331
938
  5
DA8
331
939
  5
DA7
331
93A
  5
DA6
331
93B
  5
DA5
331
93C
  5
DA4
331
93D
  5
DA3
331
93E
  5
DA2
331
93F
  5
DA1
331
940
  5
DA0
331
941
  5
D9F
331
942
  5
D9E
331
943
  5
D9D
331
944
  5
D9C
331
945
  5
D9B
331
946
  5
D9A
331
947
  5
D99
331
948
  5
D98
331
949
  5
D97
331
94A
  5
D96
331
94B
  5
D95
331
94C
  5
D94
331
94D
  5
D90
331
94E
  5
D8F
331
94F
  5
D8E
331
950
  5
D8D
331
951
  5
D8C
331
952
  5
D8B
331
953
  5
D8A
331
954
  5
D89
331
955
  5
D88
331
956
  5
D87
331
957
  5
D86
331
958
  5
D85
331
959
  5
D84
331
95A
  5
D83
331
95B
  5
D82
331
95C
  5
D81
331
95D
  5
D80
331
95E
  5
D7F
331
95F
  5
D7E
331
960
  5
D7D
331
961
  5
D7C
331
962
  5
D7B
331
963
  5
D7A
331
964
  5
D79
331
965
  5
D78
331
966
  5
D77
331
967
  5
D76
331
968
  5
D75
331
969
  5
D74
331
96A
  5
D73
331
96B
  5
D72
331
96C
  5
D71
331
96D
  5
D70
331
96E
  5
D6F
331
96F
  5
D6E
331
970
  5
D6D
331
971
  5
D6C
331
972
  5
D6B
331
973
  5
D6A
331
974
  5
D69
331
975
  5
D68
331
976
  5
D67
331
977
  5
D66
331
978
  5
D65
331
979
  5
D64
331
97A
  5
D63
331
97B
  5
D62
331
97C
  5
D61
331
97D
  5
D60
331
97E
  5
D5F
331
97F
  5
D5E
331
980
  5
D5D
331
981
  5
D5C
331
982
  5
D5B
331
983
  5
D5A
331
984
  5
D59
331
985
  5
D58
331
986
  5
D57
331
987
  5
D56
331
988
  5
D55
331
989
  5
D54
331
98A
  5
D53
331
98B
  5
D52
331
98C
  5
D51
331
98D
  5
D50
331
98E
  5
D4F
331
98F
  5
D4E
331
990
  5
D4D
331
991
  5
D4C
331
992
  5
D4B
331
993
  5
D4A
331
994
  5
D49
331
995
  5
D48
331
996
  5
D47
331
997
  5
D46
331
998
  5
D45
331
999
  5
D44
331
99A
  5
D43
331
99B
  5
D42
331
99C
  5
D41
331
99D
  5
D40
331
99E
  5
D3F
331
99F
  5
D3E
331
9A0
  5
D3D
331
9A1
  5
D3C
331
9A2
  5
D3B
331
9A3
  5
D3A
331
9A4
  5
D39
331
9A5
  5
D38
331
9A6
  5
D37
331
9A7
  5
D36
331
9A8
  5
D35
331
9A9
  5
D34
331
9AA
  5
D33
331
9AB
  5
D32
331
9AC
  5
D31
331
9AD
  5
D30
331
9AE
  5
D2F
331
9AF
  5
D2E
331
9B0
  5
D2D
331
9B1
  5
D2C
331
9B2
  5
D2B
331
9B3
  5
D2A
331
9B4
  5
D29
331
9B5
  5
D28
331
9B6
  5
D27
331
9B7
  5
D26
331
9B8
  5
D25
331
9B9
  5
D24
331
9BA
  5
D23
331
9BB
  5
D22
331
9BC
  5
D21
331
9BD
  5
D20
331
9BE
  5
D1F
331
9BF
  5
D1E
331
9C0
  5
D1D
331
9C1
  5
D1C
331
9C2
  5
D1B
331
9C3
  5
D1A
331
9C4
  5
D19
331
9C5
  5
D18
331
9C6
  5
D17
331
9C7
  5
D16
331
9C8
  5
D15
331
9C9
  5
D14
331
9CA
  5
D13
331
9CB
  5
D12
331
9CC
  5
D11
331
9CD
  5
D10
331
9CE
  5
D0F
331
9CF
  5
D0E
331
9D0
  5
D0D
331
9D1
  5
D0C
331
9D2
  5
D0B
331
9D3
  5
D0A
331
9D4
  5
D09
331
9D5
  5
D08
331
9D6
  5
D07
331
9D7
  5
D06
331
9D8
  5
D05
331
9D9
  5
D04
331
9DA
  5
D03
331
9DB
  5
D02
331
9DC
  5
D01
331
9DD
  5
D00
331
9DE
  5
CFF
331
9DF
  5
CFE
331
9E0
  5
CFD
331
9E1
  5
CFC
331
9E2
  5
CFB
331
9E3
  5
CFA
331
9E4
  5
CF9
331
9E5
  5
CF8
331
9E6
  5
CF7
331
9E7
  5
CF6
331
9E8
  5
CF5
331
9E9
  5
CF4
331
9EA
  5
CF3
331
9EB
  5
CF2
331
9EC
  5
CF1
331
9ED
  5
CF0
331
9EE
  5
CEF
331
9EF
  5
CEE
331
9F0
  5
CED
331
9F1
  5
CEC
331
9F2
  5
CEB
331
9F3
  5
CEA
331
9F4
  5
CE9
331
9F5
  5
CE8
331
9F6
  5
CE7
331
9F7
  5
CE6
331
9F8
  5
CE5
331
9F9
  5
CE4
331
9FA
  5
CE3
331
9FB
  5
CE2
331
9FC
  5
CE1
331
9FD
  5
CE0
331
9FE
  5
CDF
331
9FF
  5
CDE
331
A00
  5
CDD
331
A01
  5
CDC
331
A02
  5
CDB
331
A03
  5
CDA
331
A04
  5
CD9
331
A05
  5
CD8
331
A06
  5
CD7
331
A07
  5
CD6
331
A08
  5
CD5
331
A09
  5
CD4
331
A0A
  5
CD3
331
A0B
  5
CD2
331
A0C
  5
CD1
331
A0D
  5
CD0
331
A0E
  5
CCF
331
A0F
  5
CCE
331
A10
  5
CCD
331
A11
  5
CCC
331
A12
  5
CCB
331
A13
  5
CCA
331
A14
  5
CC9
331
A15
  5
CC8
331
A16
  5
CC7
331
A17
  5
CC6
331
A18
  5
CC5
331
A19
  5
CC4
331
A1A
  5
CC3
331
A1B
  5
CC2
331
A1C
  5
CC1
331
A1D
  5
CC0
331
A1E
  5
CBF
331
A1F
  5
CBE
331
A20
  5
CBD
331
A21
  5
CBC
331
A22
  5
CBB
331
A23
  5
CBA
331
A24
  5
CB9
331
A25
  5
CB8
331
A26
  5
CB7
331
A27
  5
CB6
331
A28
  5
CB5
331
A29
  5
CB4
331
A2A
  5
CB3
331
A2B
  5
CB2
331
A2C
  5
CB0
331
A2D
  5
CAF
331
A2E
  5
CAE
331
A2F
  5
CAD
331
A30
  5
CAC
331
A31
  5
CAB
331
A32
  5
CAA
331
A33
  5
CA9
331
A34
  5
CA8
331
A35
  5
CA7
331
A36
  5
CA6
331
A37
  5
CA5
331
A38
  5
CA4
331
A39
  5
CA3
331
A3A
  5
CA2
331
A3B
  5
CA1
331
A3C
  5
CA0
331
A3D
  5
C9F
331
A3E
  5
C9E
331
A3F
  5
C9D
331
A40
  5
C9C
331
A41
  5
C9B
331
A42
  5
C9A
331
A43
  5
C99
331
A44
  5
C98
331
A45
  5
C97
331
A46
  5
C96
331
A47
  5
C95
331
A48
  5
C94
331
A49
  5
C93
331
A4A
  5
C92
331
A4B
  5
C91
331
A4C
  5
C90
331
A4D
  5
C8F
331
A4E
  5
C8E
331
A4F
  5
C8D
331
A50
  5
C8C
331
A51
  5
C8B
331
A52
  5
C8A
331
A53
  5
C89
331
A54
  5
C88
331
A55
  5
C87
331
A56
  5
C86
331
A57
  5
C85
331
A58
  5
C84
331
A59
  5
C83
331
A5A
  5
C82
331
A5B
  5
C81
331
A5C
  5
C80
331
A5D
  5
C7F
331
A5E
  5
C7E
331
A5F
  5
C7D
331
A60
  5
C7C
331
A61
  5
C7B
331
A62
  5
C7A
331
A63
  5
C79
331
A64
  5
C78
331
A65
  5
C77
331
A66
  5
C76
331
A67
  5
C75
331
A68
  5
C74
331
A69
  5
C73
331
A6A
  5
C72
331
A6B
  5
C71
331
A6C
  5
C70
331
A6D
  5
C6F
331
A6E
  5
C6E
331
A6F
  5
C6D
331
A70
  5
C6C
331
A71
  5
C6B
331
A72
  5
C6A
331
A73
  5
C69
331
A74
  5
C68
331
A75
  5
C67
331
A76
  5
C66
331
A77
  5
C65
331
A78
  5
C64
331
A79
  5
C63
331
A7A
  5
C62
331
A7B
  5
C61
331
A7C
  5
C60
331
A7D
  5
C5F
331
A7E
  5
C5E
331
A7F
  5
C5D
331
A80
  5
C5C
331
A81
  5
C5B
331
A82
  5
C5A
331
A83
  5
C59
331
A84
  5
C58
331
A85
  5
C57
331
A86
  5
C56
331
A87
  5
C55
331
A88
  5
C54
331
A89
  5
C53
331
A8A
  5
C52
331
A8B
  5
C51
331
A8C
  5
C50
331
A8D
  5
C4F
331
A8E
  5
C4E
331
A8F
  5
C4D
331
A90
  5
C4C
331
A91
  5
C4B
331
A92
  5
C4A
331
A93
  5
C49
331
A94
  5
C48
331
A95
  5
C47
331
A96
  5
C46
331
A97
  5
C45
331
A98
  5
C44
331
A99
  5
C43
331
A9A
  5
C42
331
A9B
  5
C41
331
A9C
  5
C40
331
A9D
  5
C3F
331
A9E
  5
C3E
331
A9F
  5
C3D
331
AA0
  5
C3C
331
AA1
  5
C3B
331
AA2
  5
C3A
331
AA3
  5
C39
331
AA4
  5
C38
331
AA5
  5
C37
331
AA6
  5
C36
331
AA7
  5
C35
331
AA8
  5
C34
331
AA9
  5
C33
331
AAA
  5
C32
331
AAB
  5
C31
331
AAC
  5
C30
331
AAD
  5
C2F
331
AAE
  5
C2E
331
AAF
  5
C2D
331
AB0
  5
C2C
331
AB1
  5
C2B
331
AB2
  5
C2A
331
AB3
  5
C29
331
AB4
  5
C28
331
AB5
  5
C27
331
AB6
  5
C26
331
AB7
  5
C25
331
AB8
  5
C24
331
AB9
  5
C23
331
ABA
  5
C22
331
ABB
  5
C21
331
ABC
  5
C20
331
ABD
  5
C1F
331
ABE
  5
C1E
331
ABF
  5
C1D
331
AC0
  5
C1C
331
AC1
  5
C1B
331
AC2
  5
C1A
331
AC3
  5
C19
331
AC4
  5
C18
331
AC5
  5
C17
331
AC6
  5
C16
331
AC7
  5
C15
331
AC8
  5
C14
331
AC9
  5
C13
331
ACA
  5
C12
331
ACB
  5
C11
331
ACC
  5
C10
331
ACD
  5
C0F
331
ACE
  5
C0E
331
ACF
  5
C0D
331
AD0
  5
C0C
331
AD1
  5
C0B
331
AD2
  5
C0A
331
AD3
  5
C09
331
AD4
  5
C08
331
AD5
  5
C07
331
AD6
  5
C06
331
AD7
  5
C05
331
AD8
  5
C04
331
AD9
  5
C03
331
ADA
  5
C02
331
ADB
  5
C01
331
ADC
  5
C00
331
ADD
  5
BFF
331
ADE
  5
BFE
331
ADF
  5
BFD
331
AE0
  5
BFC
331
AE1
  5
BFB
331
AE2
  5
BFA
331
AE3
  5
BF9
331
AE4
  5
BF8
331
AE5
  5
BF7
331
AE6
  5
BF6
331
AE7
  5
BF5
331
AE8
  5
BF4
331
AE9
  5
BF3
331
AEA
  5
BF2
331
AEB
  5
BF1
331
AEC
  5
BF0
331
AED
  5
BEF
331
AEE
  5
BEE
331
AEF
  5
BED
331
AF0
  5
BEC
331
AF1
  5
BEB
331
AF2
  5
BEA
331
AF3
  5
BE9
331
AF4
  5
BE8
331
AF5
  5
BE7
331
AF6
  5
BE6
331
AF7
  5
BE5
331
AF8
  5
BE4
331
AF9
  5
BE3
331
AFA
  5
BE2
331
AFB
  5
BE1
331
AFC
  5
BE0
331
AFD
  5
BDF
331
AFE
  5
BDE
331
AFF
  5
BDD
331
B00
  5
BDC
331
B01
  5
BDB
331
B02
  5
BDA
331
B03
  5
BD9
331
B04
  5
BD8
331
B05
  5
BD7
331
B06
  5
BD6
331
B07
  5
BD5
331
B08
  5
BD4
331
B09
  5
BD3
331
B0A
  5
BD2
331
B0B
  5
BD1
331
B0C
  5
BD0
331
B0D
  5
BCF
331
B0E
  5
BCE
331
B0F
  5
BCD
331
B10
  5
BCC
331
B11
  5
BCB
331
B12
  5
BCA
331
B13
  5
BC9
331
B14
  5
BC8
331
B15
  5
BC7
331
B16
  5
BC6
331
B17
  5
BC5
331
B18
  5
BC4
331
B19
  5
BC3
331
B1A
  5
BC2
331
B1B
  5
BC1
331
B1C
  5
BC0
331
B1D
  5
BBF
331
B1E
  5
BBE
331
B1F
  5
BBD
331
B20
  5
BBC
331
B21
  5
BB8
331
B22
  5
BB7
331
B23
  5
BB6
331
B24
  5
BB5
331
B25
  5
BB4
331
B26
  5
BB3
331
B27
  5
BB2
331
B28
  5
BB1
331
B29
  5
BB0
331
B2D
  5
BAF
331
B2E
  5
BAE
331
B2F
  5
BAD
331
B30
  5
BAC
331
B31
  5
BAB
331
B32
  5
BAA
331
B33
  5
BA9
331
B34
  5
BA8
331
B35
  5
BA7
331
B36
  5
BA6
331
B37
  5
BA5
331
B38
  5
BA4
331
B39
  5
BA3
331
B3A
  5
BA2
331
B3B
  5
BA1
331
B3C
  5
BA0
331
B3D
  5
B9F
331
B3E
  5
B9E
331
B3F
  5
B9D
331
B40
  5
B9C
331
B41
  5
B9B
331
B42
  5
B9A
331
B43
  5
B99
331
B44
  5
B98
331
B45
  5
B97
331
B46
  5
B96
331
B47
  5
B95
331
B48
  5
B94
331
B49
  5
B93
331
B4A
  5
B92
331
B4B
  5
B91
331
B4C
  5
B90
331
B4D
  5
B8F
331
B4E
  5
B8E
331
B4F
  5
B8D
331
B50
  5
B8C
331
B51
  5
B8B
331
B52
  5
B8A
331
B53
  5
B89
331
B54
  5
B88
331
B55
  5
B87
331
B56
  5
B86
331
B57
  5
B85
331
B58
  5
B84
331
B59
  5
B83
331
B5A
  5
B82
331
B5B
  5
B81
331
B5C
  5
B80
331
B5D
  5
B7F
331
B5E
  5
B7E
331
B5F
  5
B7D
331
B60
  5
B7C
331
B61
  5
B7B
331
B62
  5
B7A
331
B63
  5
B79
331
B64
  5
B78
331
B65
  5
B77
331
B66
  5
B76
331
B67
  5
B75
331
B68
  5
B74
331
B69
  5
B73
331
B6A
  5
B72
331
B6B
  5
B71
331
B6C
  5
B70
331
B6D
  5
B6F
331
B6F
  5
B6D
331
B70
  5
B6C
331
B71
  5
B6B
331
B72
  5
B6A
331
B73
  5
B69
331
B74
  5
B68
331
B75
  5
B67
331
B76
  5
B66
331
B77
  5
B65
331
B78
  5
B64
331
B79
  5
B63
331
B7A
  5
B62
331
B7B
  5
B61
331
B7C
  5
B60
331
B7D
  5
B5F
331
B7E
  5
B5E
331
B7F
  5
B5D
331
B80
  5
B5C
331
B81
  5
B5B
331
B82
  5
B5A
331
B83
  5
B59
331
B84
  5
B58
331
B85
  5
B57
331
B86
  5
B56
331
B87
  5
B55
331
B88
  5
B54
331
B89
  5
B53
331
B8A
  5
B52
331
B8B
  5
B51
331
B8C
  5
B50
331
B8D
  5
B4F
331
B8E
  5
B4E
331
B8F
  5
B4D
331
B90
  5
B4C
331
B91
  5
B4B
331
B92
  5
B4A
331
B93
  5
B49
331
B94
  5
B48
331
B95
  5
B47
331
B96
  5
B46
331
B97
  5
B45
331
B98
  5
B44
331
B99
  5
B43
331
B9A
  5
B42
331
B9B
  5
B41
331
B9C
  5
B40
331
B9D
  5
B3F
331
B9E
  5
B3E
331
B9F
  5
B3D
331
BA0
  5
B3C
331
BA1
  5
B3B
331
BA2
  5
B3A
331
BA3
  5
B39
331
BA4
  5
B38
331
BA5
  5
B37
331
BA6
  5
B36
331
BA7
  5
B35
331
BA8
  5
B34
331
BA9
  5
B33
331
BAA
  5
B32
331
BAB
  5
B31
331
BAC
  5
B30
331
BAD
  5
B2F
331
BAE
  5
B2E
331
BAF
  5
B2D
331
BB0
  5
B29
331
BB1
  5
B28
331
BB2
  5
B27
331
BB3
  5
B26
331
BB4
  5
B25
331
BB5
  5
B24
331
BB6
  5
B23
331
BB7
  5
B22
331
BB8
  5
B21
331
BBC
  5
B20
331
BBD
  5
B1F
331
BBE
  5
B1E
331
BBF
  5
B1D
331
BC0
  5
B1C
331
BC1
  5
B1B
331
BC2
  5
B1A
331
BC3
  5
B19
331
BC4
  5
B18
331
BC5
  5
B17
331
BC6
  5
B16
331
BC7
  5
B15
331
BC8
  5
B14
331
BC9
  5
B13
331
BCA
  5
B12
331
BCB
  5
B11
331
BCC
  5
B10
331
BCD
  5
B0F
331
BCE
  5
B0E
331
BCF
  5
B0D
331
BD0
  5
B0C
331
BD1
  5
B0B
331
BD2
  5
B0A
331
BD3
  5
B09
331
BD4
  5
B08
331
BD5
  5
B07
331
BD6
  5
B06
331
BD7
  5
B05
331
BD8
  5
B04
331
BD9
  5
B03
331
BDA
  5
B02
331
BDB
  5
B01
331
BDC
  5
B00
331
BDD
  5
AFF
331
BDE
  5
AFE
331
BDF
  5
AFD
331
BE0
  5
AFC
331
BE1
  5
AFB
331
BE2
  5
AFA
331
BE3
  5
AF9
331
BE4
  5
AF8
331
BE5
  5
AF7
331
BE6
  5
AF6
331
BE7
  5
AF5
331
BE8
  5
AF4
331
BE9
  5
AF3
331
BEA
  5
AF2
331
BEB
  5
AF1
331
BEC
  5
AF0
331
BED
  5
AEF
331
BEE
  5
AEE
331
BEF
  5
AED
331
BF0
  5
AEC
331
BF1
  5
AEB
331
BF2
  5
AEA
331
BF3
  5
AE9
331
BF4
  5
AE8
331
BF5
  5
AE7
331
BF6
  5
AE6
331
BF7
  5
AE5
331
BF8
  5
AE4
331
BF9
  5
AE3
331
BFA
  5
AE2
331
BFB
  5
AE1
331
BFC
  5
AE0
331
BFD
  5
ADF
331
BFE
  5
ADE
331
BFF
  5
ADD
331
C00
  5
ADC
331
C01
  5
ADB
331
C02
  5
ADA
331
C03
  5
AD9
331
C04
  5
AD8
331
C05
  5
AD7
331
C06
  5
AD6
331
C07
  5
AD5
331
C08
  5
AD4
331
C09
  5
AD3
331
C0A
  5
AD2
331
C0B
  5
AD1
331
C0C
  5
AD0
331
C0D
  5
ACF
331
C0E
  5
ACE
331
C0F
  5
ACD
331
C10
  5
ACC
331
C11
  5
ACB
331
C12
  5
ACA
331
C13
  5
AC9
331
C14
  5
AC8
331
C15
  5
AC7
331
C16
  5
AC6
331
C17
  5
AC5
331
C18
  5
AC4
331
C19
  5
AC3
331
C1A
  5
AC2
331
C1B
  5
AC1
331
C1C
  5
AC0
331
C1D
  5
ABF
331
C1E
  5
ABE
331
C1F
  5
ABD
331
C20
  5
ABC
331
C21
  5
ABB
331
C22
  5
ABA
331
C23
  5
AB9
331
C24
  5
AB8
331
C25
  5
AB7
331
C26
  5
AB6
331
C27
  5
AB5
331
C28
  5
AB4
331
C29
  5
AB3
331
C2A
  5
AB2
331
C2B
  5
AB1
331
C2C
  5
AB0
331
C2D
  5
AAF
331
C2E
  5
AAE
331
C2F
  5
AAD
331
C30
  5
AAC
331
C31
  5
AAB
331
C32
  5
AAA
331
C33
  5
AA9
331
C34
  5
AA8
331
C35
  5
AA7
331
C36
  5
AA6
331
C37
  5
AA5
331
C38
  5
AA4
331
C39
  5
AA3
331
C3A
  5
AA2
331
C3B
  5
AA1
331
C3C
  5
AA0
331
C3D
  5
A9F
331
C3E
  5
A9E
331
C3F
  5
A9D
331
C40
  5
A9C
331
C41
  5
A9B
331
C42
  5
A9A
331
C43
  5
A99
331
C44
  5
A98
331
C45
  5
A97
331
C46
  5
A96
331
C47
  5
A95
331
C48
  5
A94
331
C49
  5
A93
331
C4A
  5
A92
331
C4B
  5
A91
331
C4C
  5
A90
331
C4D
  5
A8F
331
C4E
  5
A8E
331
C4F
  5
A8D
331
C50
  5
A8C
331
C51
  5
A8B
331
C52
  5
A8A
331
C53
  5
A89
331
C54
  5
A88
331
C55
  5
A87
331
C56
  5
A86
331
C57
  5
A85
331
C58
  5
A84
331
C59
  5
A83
331
C5A
  5
A82
331
C5B
  5
A81
331
C5C
  5
A80
331
C5D
  5
A7F
331
C5E
  5
A7E
331
C5F
  5
A7D
331
C60
  5
A7C
331
C61
  5
A7B
331
C62
  5
A7A
331
C63
  5
A79
331
C64
  5
A78
331
C65
  5
A77
331
C66
  5
A76
331
C67
  5
A75
331
C68
  5
A74
331
C69
  5
A73
331
C6A
  5
A72
331
C6B
  5
A71
331
C6C
  5
A70
331
C6D
  5
A6F
331
C6E
  5
A6E
331
C6F
  5
A6D
331
C70
  5
A6C
331
C71
  5
A6B
331
C72
  5
A6A
331
C73
  5
A69
331
C74
  5
A68
331
C75
  5
A67
331
C76
  5
A66
331
C77
  5
A65
331
C78
  5
A64
331
C79
  5
A63
331
C7A
  5
A62
331
C7B
  5
A61
331
C7C
  5
A60
331
C7D
  5
A5F
331
C7E
  5
A5E
331
C7F
  5
A5D
331
C80
  5
A5C
331
C81
  5
A5B
331
C82
  5
A5A
331
C83
  5
A59
331
C84
  5
A58
331
C85
  5
A57
331
C86
  5
A56
331
C87
  5
A55
331
C88
  5
A54
331
C89
  5
A53
331
C8A
  5
A52
331
C8B
  5
A51
331
C8C
  5
A50
331
C8D
  5
A4F
331
C8E
  5
A4E
331
C8F
  5
A4D
331
C90
  5
A4C
331
C91
  5
A4B
331
C92
  5
A4A
331
C93
  5
A49
331
C94
  5
A48
331
C95
  5
A47
331
C96
  5
A46
331
C97
  5
A45
331
C98
  5
A44
331
C99
  5
A43
331
C9A
  5
A42
331
C9B
  5
A41
331
C9C
  5
A40
331
C9D
  5
A3F
331
C9E
  5
A3E
331
C9F
  5
A3D
331
CA0
  5
A3C
331
CA1
  5
A3B
331
CA2
  5
A3A
331
CA3
  5
A39
331
CA4
  5
A38
331
CA5
  5
A37
331
CA6
  5
A36
331
CA7
  5
A35
331
CA8
  5
A34
331
CA9
  5
A33
331
CAA
  5
A32
331
CAB
  5
A31
331
CAC
  5
A30
331
CAD
  5
A2F
331
CAE
  5
A2E
331
CAF
  5
A2D
331
CB0
  5
A2C
331
CB2
  5
A2B
331
CB3
  5
A2A
331
CB4
  5
A29
331
CB5
  5
A28
331
CB6
  5
A27
331
CB7
  5
A26
331
CB8
  5
A25
331
CB9
  5
A24
331
CBA
  5
A23
331
CBB
  5
A22
331
CBC
  5
A21
331
CBD
  5
A20
331
CBE
  5
A1F
331
CBF
  5
A1E
331
CC0
  5
A1D
331
CC1
  5
A1C
331
CC2
  5
A1B
331
CC3
  5
A1A
331
CC4
  5
A19
331
CC5
  5
A18
331
CC6
  5
A17
331
CC7
  5
A16
331
CC8
  5
A15
331
CC9
  5
A14
331
CCA
  5
A13
331
CCB
  5
A12
331
CCC
  5
A11
331
CCD
  5
A10
331
CCE
  5
A0F
331
CCF
  5
A0E
331
CD0
  5
A0D
331
CD1
  5
A0C
331
CD2
  5
A0B
331
CD3
  5
A0A
331
CD4
  5
A09
331
CD5
  5
A08
331
CD6
  5
A07
331
CD7
  5
A06
331
CD8
  5
A05
331
CD9
  5
A04
331
CDA
  5
A03
331
CDB
  5
A02
331
CDC
  5
A01
331
CDD
  5
A00
331
CDE
  5
9FF
331
CDF
  5
9FE
331
CE0
  5
9FD
331
CE1
  5
9FC
331
CE2
  5
9FB
331
CE3
  5
9FA
331
CE4
  5
9F9
331
CE5
  5
9F8
331
CE6
  5
9F7
331
CE7
  5
9F6
331
CE8
  5
9F5
331
CE9
  5
9F4
331
CEA
  5
9F3
331
CEB
  5
9F2
331
CEC
  5
9F1
331
CED
  5
9F0
331
CEE
  5
9EF
331
CEF
  5
9EE
331
CF0
  5
9ED
331
CF1
  5
9EC
331
CF2
  5
9EB
331
CF3
  5
9EA
331
CF4
  5
9E9
331
CF5
  5
9E8
331
CF6
  5
9E7
331
CF7
  5
9E6
331
CF8
  5
9E5
331
CF9
  5
9E4
331
CFA
  5
9E3
331
CFB
  5
9E2
331
CFC
  5
9E1
331
CFD
  5
9E0
331
CFE
  5
9DF
331
CFF
  5
9DE
331
D00
  5
9DD
331
D01
  5
9DC
331
D02
  5
9DB
331
D03
  5
9DA
331
D04
  5
9D9
331
D05
  5
9D8
331
D06
  5
9D7
331
D07
  5
9D6
331
D08
  5
9D5
331
D09
  5
9D4
331
D0A
  5
9D3
331
D0B
  5
9D2
331
D0C
  5
9D1
331
D0D
  5
9D0
331
D0E
  5
9CF
331
D0F
  5
9CE
331
D10
  5
9CD
331
D11
  5
9CC
331
D12
  5
9CB
331
D13
  5
9CA
331
D14
  5
9C9
331
D15
  5
9C8
331
D16
  5
9C7
331
D17
  5
9C6
331
D18
  5
9C5
331
D19
  5
9C4
331
D1A
  5
9C3
331
D1B
  5
9C2
331
D1C
  5
9C1
331
D1D
  5
9C0
331
D1E
  5
9BF
331
D1F
  5
9BE
331
D20
  5
9BD
331
D21
  5
9BC
331
D22
  5
9BB
331
D23
  5
9BA
331
D24
  5
9B9
331
D25
  5
9B8
331
D26
  5
9B7
331
D27
  5
9B6
331
D28
  5
9B5
331
D29
  5
9B4
331
D2A
  5
9B3
331
D2B
  5
9B2
331
D2C
  5
9B1
331
D2D
  5
9B0
331
D2E
  5
9AF
331
D2F
  5
9AE
331
D30
  5
9AD
331
D31
  5
9AC
331
D32
  5
9AB
331
D33
  5
9AA
331
D34
  5
9A9
331
D35
  5
9A8
331
D36
  5
9A7
331
D37
  5
9A6
331
D38
  5
9A5
331
D39
  5
9A4
331
D3A
  5
9A3
331
D3B
  5
9A2
331
D3C
  5
9A1
331
D3D
  5
9A0
331
D3E
  5
99F
331
D3F
  5
99E
331
D40
  5
99D
331
D41
  5
99C
331
D42
  5
99B
331
D43
  5
99A
331
D44
  5
999
331
D45
  5
998
331
D46
  5
997
331
D47
  5
996
331
D48
  5
995
331
D49
  5
994
331
D4A
  5
993
331
D4B
  5
992
331
D4C
  5
991
331
D4D
  5
990
331
D4E
  5
98F
331
D4F
  5
98E
331
D50
  5
98D
331
D51
  5
98C
331
D52
  5
98B
331
D53
  5
98A
331
D54
  5
989
331
D55
  5
988
331
D56
  5
987
331
D57
  5
986
331
D58
  5
985
331
D59
  5
984
331
D5A
  5
983
331
D5B
  5
982
331
D5C
  5
981
331
D5D
  5
980
331
D5E
  5
97F
331
D5F
  5
97E
331
D60
  5
97D
331
D61
  5
97C
331
D62
  5
97B
331
D63
  5
97A
331
D64
  5
979
331
D65
  5
978
331
D66
  5
977
331
D67
  5
976
331
D68
  5
975
331
D69
  5
974
331
D6A
  5
973
331
D6B
  5
972
331
D6C
  5
971
331
D6D
  5
970
331
D6E
  5
96F
331
D6F
  5
96E
331
D70
  5
96D
331
D71
  5
96C
331
D72
  5
96B
331
D73
  5
96A
331
D74
  5
969
331
D75
  5
968
331
D76
  5
967
331
D77
  5
966
331
D78
  5
965
331
D79
  5
964
331
D7A
  5
963
331
D7B
  5
962
331
D7C
  5
961
331
D7D
  5
960
331
D7E
  5
95F
331
D7F
  5
95E
331
D80
  5
95D
331
D81
  5
95C
331
D82
  5
95B
331
D83
  5
95A
331
D84
  5
959
331
D85
  5
958
331
D86
  5
957
331
D87
  5
956
331
D88
  5
955
331
D89
  5
954
331
D8A
  5
953
331
D8B
  5
952
331
D8C
  5
951
331
D8D
  5
950
331
D8E
  5
94F
331
D8F
  5
94E
331
D90
  5
94D
331
D94
  5
94C
331
D95
  5
94B
331
D96
  5
94A
331
D97
  5
949
331
D98
  5
948
331
D99
  5
947
331
D9A
  5
946
331
D9B
  5
945
331
D9C
  5
944
331
D9D
  5
943
331
D9E
  5
942
331
D9F
  5
941
331
DA0
  5
940
331
DA1
  5
93F
331
DA2
  5
93E
331
DA3
  5
93D
331
DA4
  5
93C
331
DA5
  5
93B
331
DA6
  5
93A
331
DA7
  5
939
331
DA8
  5
938
331
DA9
  5
937
331
DAA
  5
936
331
DAB
  5
935
331
DAC
  5
934
331
DAD
  5
933
331
DAE
  5
932
331
DAF
  5
931
331
DB0
  5
930
331
DB1
  5
92F
331
DB2
  5
92E
331
DB3
  5
92D
331
DB4
  5
92C
331
DB5
  5
92B
331
DB6
  5
92A
331
DB7
  5
929
331
DB8
  5
928
331
DB9
  5
927
331
DBA
  5
926
331
DBB
  5
925
331
DBC
  5
924
331
DBD
  5
923
331
DBE
  5
922
331
DBF
  5
921
331
DC0
  5
920
331
DC1
  5
91F
331
DC2
  5
91E
331
DC3
  5
91D
331
DC4
  5
91C
331
DC5
  5
91B
331
DC6
  5
91A
331
DC7
  5
919
331
DC8
  5
918
331
DC9
  5
917
331
DCA
  5
916
331
DCB
  5
915
331
DCC
  5
914
331
DCD
  5
913
331
DCE
  5
912
331
DCF
  5
911
331
DD0
  5
910
331
DD1
  5
90F
331
DD2
  5
90E
331
DD3
  5
90D
331
DD4
  5
90C
331
DD5
  5
90B
331
DD6
  5
90A
331
DD7
  5
909
331
DD8
  5
908
331
DD9
  5
907
331
DDA
  5
906
331
DDB
  5
905
331
DDC
  5
904
331
DDD
  5
903
331
DDE
  5
902
331
DDF
  5
901
331
DE0
  5
900
331
DE1
  5
8FF
331
DE2
  5
8FE
331
DE3
  5
8FD
331
DE4
  5
8FC
331
DE5
  5
8FB
331
DE6
  5
8FA
331
DE7
  5
8F9
331
DE8
  5
8F8
331
DE9
  5
8F7
331
DEA
  5
8F6
331
DEB
  5
8F5
331
DEC
  5
8F4
331
DED
  5
8F3
331
DEE
  5
8F2
331
DEF
  5
8F1
331
DF0
  5
8F0
331
DF1
  5
8EF
331
DF2
  5
8EE
331
DF3
  5
8ED
331
DF4
  5
8EC
331
DF5
  5
8EB
331
DF6
  5
8EA
331
DF7
  5
8E9
331
DF8
  5
8E8
331
DF9
  5
8E7
331
DFA
  5
8E6
331
DFB
  5
8E5
331
DFC
  5
8E4
331
DFD
  5
8E3
331
DFE
  5
8E2
331
DFF
  5
8E1
331
E00
  5
8E0
331
E01
  5
8DF
331
E02
  5
8DE
331
E03
  5
8DD
331
E04
  5
8DC
331
E05
  5
8DB
331
E06
  5
8DA
331
E07
  5
8D9
331
E08
  5
8D8
331
E09
  5
8D7
331
E0A
  5
8D6
331
E0B
  5
8D5
331
E0C
  5
8D4
331
E0D
  5
8D3
331
E0E
  5
8D2
331
E0F
  5
8D1
331
E10
  5
8D0
331
E11
  5
8CF
331
E12
  5
8CE
331
E13
  5
8CD
331
E14
  5
8CC
331
E15
  5
8CB
331
E16
  5
8CA
331
E17
  5
8C9
331
E18
  5
8C8
331
E19
  5
8C7
331
E1A
  5
8C6
331
E1B
  5
8C5
331
E1C
  5
8C4
331
E1D
  5
8C3
331
E1E
  5
8C2
331
E1F
  5
8C1
331
E20
  5
8C0
331
E21
  5
8BF
331
E22
  5
8BE
331
E23
  5
8BD
331
E24
  5
8BC
331
E25
  5
8BB
331
E26
  5
8BA
331
E27
  5
8B9
331
E28
  5
8B8
331
E29
  5
8B7
331
E2A
  5
8B6
331
E2B
  5
8B5
331
E2C
  5
8B4
331
E2D
  5
8B3
331
E2E
  5
8B2
331
E2F
  5
8B1
331
E30
  5
8B0
331
E31
  5
8AF
331
E32
  5
8AE
331
E33
  5
8AD
331
E34
  5
8AC
331
E35
  5
8AB
331
E36
  5
8AA
331
E37
  5
8A9
331
E38
  5
8A8
331
E39
  5
8A7
331
E3A
  5
8A6
331
E3B
  5
8A5
331
E3C
  5
8A4
331
E3D
  5
8A3
331
E3E
  5
8A2
331
E3F
  5
8A1
331
E40
  5
8A0
331
E41
  5
89F
331
E42
  5
89E
331
E43
  5
89D
331
E44
  5
89C
331
E45
  5
89B
331
E46
  5
89A
331
E47
  5
899
331
E48
  5
898
331
E49
  5
897
331
E4A
  5
896
331
E4B
  5
895
331
E4C
  5
894
331
E4D
  5
893
331
E4E
  5
892
331
E4F
  5
891
331
E50
  5
890
331
E51
  5
88F
331
E52
  5
88E
331
E53
  5
88D
331
E54
  5
88C
331
E55
  5
88B
331
E56
  5
88A
331
E57
  5
889
331
E58
  5
888
331
E59
  5
887
331
E5A
  5
886
331
E5B
  5
885
331
E5C
  5
884
331
E5D
  5
883
331
E5E
  5
882
331
E5F
  5
881
331
E60
  5
880
331
E61
  5
87F
331
E62
  5
87E
331
E63
  5
87D
331
E64
  5
87C
331
E65
  5
87B
331
E66
  5
87A
331
E67
  5
879
331
E68
  5
878
331
E69
  5
877
331
E6A
  5
876
331
E6B
  5
875
331
E6C
  5
874
331
E6D
  5
873
331
E6E
  5
872
331
E6F
  5
871
331
E70
  5
870
331
E71
  5
86F
331
E72
  5
86E
331
E73
  5
86D
331
E74
  5
86C
331
E75
  5
86B
331
E76
  5
86A
331
E77
  5
869
331
E78
  5
868
331
E79
  5
867
331
E7A
  5
866
331
E7B
  5
865
331
E7C
  5
864
331
E7D
  5
863
331
E7E
  5
862
331
E7F
  5
861
331
E80
  5
860
331
E81
  5
85F
331
E82
  5
85E
331
E83
  5
85D
331
E84
  5
85C
331
E85
  5
85B
331
E86
  5
85A
331
E87
  5
859
331
E88
  5
858
331
E89
  5
857
331
E8A
  5
856
331
E8B
  5
855
331
E8C
  5
854
331
E8D
  5
853
331
E8E
  5
852
331
E8F
  5
851
331
E90
  5
850
331
E91
  5
84F
331
E92
  5
84E
331
E93
  5
84D
331
E94
  5
84C
331
E95
  5
84B
331
E96
  5
84A
331
E97
  5
849
331
E98
  5
848
331
E99
  5
847
331
E9A
  5
846
331
E9B
  5
845
331
E9C
  5
844
331
E9D
  5
843
331
E9E
  5
842
331
E9F
  5
841
331
EA0
  5
840
331
EA1
  5
83F
331
EA2
  5
83E
331
EA3
  5
83D
331
EA4
  5
83C
331
EA5
  5
83B
331
EA6
  5
83A
331
EA7
  5
839
331
EA8
  5
838
331
EA9
  5
837
331
EAA
  5
836
331
EAB
  5
835
331
EAC
  5
834
331
EAD
  5
833
331
EAE
  5
832
331
EAF
  5
831
331
EB0
  5
830
331
EB1
  5
82F
331
EB2
  5
82E
331
EB3
  5
82D
331
EB4
  5
82C
331
EB5
  5
82B
331
EB6
  5
82A
331
EB7
  5
829
331
EB8
  5
828
331
EB9
  5
827
331
EBA
  5
826
331
EBB
  5
825
331
EBC
  5
824
331
EBD
  5
823
331
EBE
  5
822
331
EBF
  5
821
331
EC0
  5
820
331
EC1
  5
81F
331
EC2
  5
81E
331
EC3
  5
81D
331
EC4
  5
81C
331
EC5
  5
81B
331
EC6
  5
81A
331
EC7
  5
819
331
EC8
  5
818
331
EC9
  5
817
331
ECA
  5
816
331
ECB
  5
815
331
ECC
  5
814
331
ECD
  5
813
331
ECE
  5
812
331
ECF
  5
811
331
ED0
  5
810
331
ED1
  5
80F
331
ED2
  5
80E
331
ED3
  5
80D
331
ED4
  5
80C
331
ED5
  5
80B
331
ED6
  5
80A
331
ED7
  5
809
331
ED8
  5
808
331
ED9
  5
807
331
EDA
  5
806
331
EDB
  5
805
331
EDC
  5
804
331
EDD
  5
803
331
EDE
  5
802
331
EDF
  5
801
331
EE0
  5
800
331
EE1
  5
7FF
331
EE2
  5
7FE
331
EE3
  5
7FD
331
EE4
  5
7FC
331
EE5
  5
7FB
331
EE6
  5
7FA
331
EE7
  5
7F9
331
EE8
  5
7F8
331
EE9
  5
7F7
331
EEA
  5
7F6
331
EEB
  5
7F5
331
EEC
  5
7F4
331
EED
  5
7F3
331
EEE
  5
7F2
331
EEF
  5
7F1
331
EF0
  5
7F0
331
EF1
  5
7EF
331
EF2
  5
7EE
331
EF3
  5
7ED
331
EF4
  5
7EC
331
EF5
  5
7EB
331
EF6
  5
7EA
331
EF7
  5
7E9
331
EF8
  5
7E8
331
EF9
  5
7E7
331
EFA
  5
7E6
331
EFB
  5
7E5
331
EFC
  5
7E4
331
EFD
  5
7E3
331
EFE
  5
7E2
331
EFF
  5
7E1
331
F00
  5
7E0
331
F01
  5
7DF
331
F02
  5
7DE
331
F03
  5
7DD
331
F04
  5
7DC
331
F05
  5
7DB
331
F06
  5
7DA
331
F07
  5
7D9
331
F08
  5
7D8
331
F09
  5
7D7
331
F0A
  5
7D6
331
F0B
  5
7D5
331
F0C
  5
7D4
331
F0D
  5
7D3
331
F0E
  5
7D2
331
F0F
  5
7D1
331
F10
  5
7D0
331
F11
  5
7CF
331
F12
  5
7CE
331
F13
  5
7CD
331
F14
  5
7CC
331
F18
  5
7CB
331
F19
  5
7CA
331
F1A
  5
7C9
331
F1B
  5
7C8
331
F1C
  5
7C7
331
F1D
  5
7C6
331
F1E
  5
7C5
331
F1F
  5
7C4
331
F20
  5
7C3
331
F21
  5
7C2
331
F22
  5
7C1
331
F23
  5
7C0
331
F24
  5
7BF
331
F25
  5
7BE
331
F26
  5
7BD
331
F27
  5
7BC
331
F28
  5
7BB
331
F29
  5
7BA
331
F2A
  5
7B9
331
F2B
  5
7B8
331
F2C
  5
7B7
331
F2D
  5
7B6
331
F2E
  5
7B5
331
F2F
  5
7B4
331
F30
  5
7B3
331
F31
  5
7B2
331
F32
  5
7B1
331
F33
  5
7B0
331
F34
  5
7AF
331
F35
  5
7AE
331
F3B
  5
7AD
331
F3C
  5
7AC
331
F3D
  5
7AB
331
F3E
  5
7AA
331
F3F
  5
7A9
331
F40
  5
7A8
331
F41
  5
7A7
331
F42
  5
7A6
331
F43
  5
7A5
331
F44
  5
7A4
331
F45
  5
7A3
331
F46
  5
7A2
331
F47
  5
7A1
331
F48
  5
7A0
331
F49
  5
79F
331
F4A
  5
79E
331
F4B
  5
79D
331
F4C
  5
79C
331
F4D
  5
79B
331
F4E
  5
79A
331
F4F
  5
799
331
F50
  5
798
331
F51
  5
797
331
F52
  5
796
331
F53
  5
795
331
F54
  5
794
331
F55
  5
793
331
F56
  5
792
331
F5A
  5
791
331
F5B
  5
790
331
F5C
  5
78F
331
F5D
  5
78E
331
F5E
  5
78D
331
F5F
  5
78C
331
F63
  5
78B
331
F67
  5
78A
331
F68
  5
789
331
F69
  5
788
331
F6A
  5
787
331
F6B
  5
786
331
F6C
  5
785
331
F6D
  5
784
331
F6E
  5
783
331
F6F
  5
782
331
F70
  5
781
331
F71
  5
780
331
F72
  5
77F
331
F73
  5
77E
331
F74
  5
77D
331
F75
  5
77C
331
F76
  5
77B
331
F77
  5
77A
331
F78
  5
779
331
F79
  5
778
331
F7A
  5
777
331
F7B
  5
776
331
F7C
  5
775
331
F7D
  5
774
331
F7E
  5
773
331
F7F
  5
772
331
F80
  5
771
331
F81
  5
770
331
F82
  5
76F
331
F83
  5
76E
331
F84
  5
76D
331
F85
  5
76C
331
F86
  5
76B
331
F87
  5
76A
331
F88
  5
769
331
F89
  5
768
331
F8A
  5
767
331
F8B
  5
766
331
F8C
  5
765
331
F8D
  5
764
331
F8E
  5
763
331
F8F
  5
762
331
F90
  5
761
331
F91
  5
760
331
F92
  5
75F
331
F93
  5
75E
331
F94
  5
75D
331
F95
  5
75C
331
F96
  5
75B
331
F97
  5
75A
331
F98
  5
759
331
F99
  5
758
331
F9A
  5
757
331
F9B
  5
756
331
F9C
  5
755
331
F9D
  5
754
331
F9E
  5
753
331
F9F
  5
752
331
FA0
  5
751
331
FA1
  5
750
331
FA2
  5
74F
331
FA3
  5
74E
331
FA4
  5
74D
331
FA5
  5
74C
331
FA6
  5
74B
331
FA7
  5
74A
331
FA8
  5
749
331
FA9
  5
748
331
FAA
  5
747
331
FAB
  5
746
331
FAC
  5
745
331
FAD
  5
744
331
FAE
  5
743
331
FAF
  5
742
331
FB0
  5
741
331
FB1
  5
740
331
FB2
  5
73C
331
FB3
  5
73B
331
FB4
  5
73A
331
FB5
  5
739
331
FB6
  5
738
331
FB7
  5
737
331
FB8
  5
736
331
FB9
  5
735
331
FBA
  5
734
331
FBB
  5
733
331
FBC
  5
732
331
FBD
  5
731
331
FBE
  5
730
331
FBF
  5
72F
331
FC0
  5
72E
331
FC1
  5
72D
331
FC2
  5
72C
331
FC3
  5
72B
331
FC4
  5
72A
331
FC5
  5
729
331
FC6
  5
728
331
FC7
  5
727
331
FC8
  5
726
331
FC9
  5
725
331
FCA
  5
724
331
FCB
  5
723
331
FCC
  5
722
331
FCD
  5
721
331
FCE
  5
720
331
FCF
  5
71F
331
FD0
  5
71E
331
FD1
  5
71D
331
FD2
  5
71C
331
FD3
  5
71B
331
FD4
  5
71A
331
FD5
  5
719
331
FD6
  5
718
331
FD7
  5
717
331
FD8
  5
716
331
FD9
  5
715
331
FDA
  5
714
331
FDB
  5
713
331
FDF
  5
712
331
FE0
  5
711
331
FE1
  5
710
331
FE2
  5
70F
331
FE3
  5
70E
331
FE4
  5
70D
331
FE5
  5
70C
331
FE6
  5
70B
331
FE7
  5
70A
331
FE8
  5
709
331
FE9
  5
708
331
FEA
  5
707
331
FEB
  5
706
331
FEC
  5
705
331
FED
  5
704
331
FEE
  5
703
331
FEF
  5
702
331
FF0
  5
701
331
FF1
  5
700
331
FF2
  5
6FF
331
FF3
  5
6FE
331
FF4
  5
6FD
331
FF5
  5
6FC
331
FF6
  5
6FB
331
FF7
  5
6FA
331
FF8
  5
6F9
331
FF9
  5
6F8
331
FFA
  5
6F7
331
FFB
  5
6F6
331
FFC
  5
6F5
331
FFD
  5
6F4
331
FFE
  5
6F3
331
FFF
  5
6F2
331
1000
  5
6F1
331
1001
  5
6F0
331
1002
  5
6EF
331
1003
  5
6EE
331
1004
  5
6ED
331
1005
  5
6EC
331
1006
  5
6EB
331
1007
  5
6EA
331
1008
  5
6E9
331
1009
  5
6E8
331
100A
  5
6E7
331
100B
  5
6E6
331
100C
  5
6E5
331
100D
  5
6E4
331
100E
  5
6E3
331
100F
  5
6E2
331
1010
  5
6E1
331
1011
  5
6E0
331
1012
  5
6DF
331
1013
  5
6DE
331
1014
  5
6DD
331
1015
  5
6DC
331
1016
  5
6DB
331
1017
  5
6DA
331
1018
  5
6D9
331
1019
  5
6D8
331
101A
  5
6D7
331
101B
  5
6D6
331
101C
  5
6D5
331
101D
  5
6D4
331
101E
  5
6D3
331
101F
  5
6D2
331
1020
  5
6D1
331
1021
  5
6D0
331
1022
  5
6CF
331
1023
  5
6CE
331
1024
  5
6CD
331
1025
  5
6CC
331
1026
  5
6CB
331
1027
  5
6CA
331
1028
  5
6C9
331
1029
  5
6C8
331
102A
  5
6C7
331
102B
  5
6C6
331
102C
  5
6C5
331
102D
  5
6C4
331
102E
  5
6C3
331
102F
  5
6C2
331
1030
  5
6C1
331
1031
  5
6C0
331
1032
  5
6BF
331
1033
  5
6BE
331
1034
  5
6BD
331
1035
  5
6BC
331
1036
  5
6BB
331
1037
  5
6BA
331
1038
  5
6B9
331
1039
  5
6B8
331
103A
  5
6B7
331
103B
  5
6B6
331
103C
  5
6B5
331
103D
  5
6B4
331
103E
  5
6B3
331
103F
  5
6B2
331
1040
  5
6B1
331
1041
  5
6B0
331
1042
  5
6AF
331
1043
  5
6AE
331
1044
  5
6AD
331
1045
  5
6AC
331
1046
  5
6AB
331
1047
  5
6AA
331
1048
  5
6A9
331
1049
  5
6A8
331
104A
  5
6A7
331
104B
  5
6A6
331
104C
  5
6A5
331
104D
  5
6A4
331
104E
  5
6A3
331
104F
  5
6A2
331
1050
  5
6A1
331
1051
  5
6A0
331
1052
  5
69F
331
1053
  5
69E
331
1054
  5
69D
331
1055
  5
69C
331
1056
  5
69B
331
1057
  5
69A
331
1058
  5
699
331
1059
  5
698
331
105A
  5
697
331
105B
  5
696
331
105C
  5
695
331
105D
  5
694
331
105E
  5
693
331
105F
  5
692
331
1060
  5
691
331
1061
  5
690
331
1062
  5
68F
331
1063
  5
68E
331
1064
  5
68D
331
1065
  5
68C
331
1066
  5
68B
331
1067
  5
68A
331
1068
  5
689
331
1069
  5
688
331
106A
  5
687
331
106B
  5
686
331
106C
  5
682
331
106D
  5
681
331
106E
  5
680
331
106F
  5
67F
331
1070
  5
67E
331
1071
  5
67D
331
1072
  5
67C
331
1073
  5
67B
331
1074
  5
67A
331
1075
  5
679
331
1076
  5
678
331
1077
  5
677
331
1078
  5
676
331
1079
  5
675
331
107A
  5
674
331
107B
  5
673
331
107C
  5
672
331
107D
  5
671
331
107E
  5
670
331
107F
  5
66F
331
1080
  5
66E
331
1081
  5
66D
331
1082
  5
66C
331
1083
  5
66B
331
1084
  5
66A
331
1085
  5
669
331
1086
  5
668
331
1087
  5
667
331
1088
  5
666
331
1089
  5
665
331
108A
  5
664
331
108B
  5
663
331
108C
  5
662
331
108D
  5
661
331
108E
  5
660
331
108F
  5
65F
331
1090
  5
65E
331
1091
  5
65D
331
1092
  5
65C
331
1093
  5
65B
331
1094
  5
65A
331
1095
  5
659
331
1096
  5
658
331
1097
  5
657
331
1098
  5
656
331
1099
  5
655
331
109A
  5
654
331
109B
  5
653
331
109C
  5
652
331
109D
  5
651
331
109E
  5
650
331
109F
  5
64F
331
10A0
  5
64E
331
10A1
  5
64D
331
10A2
  5
64C
331
10A3
  5
64B
331
10A4
  5
64A
331
10A5
  5
649
331
10A6
  5
648
331
10A7
  5
647
331
10A8
  5
646
331
10A9
  5
642
331
10AA
  5
641
331
10AB
  5
640
331
10AC
  5
63F
331
10AD
  5
63E
331
10AE
  5
63D
331
10AF
  5
63C
331
10B0
  5
63B
331
10B1
  5
63A
331
10B2
  5
639
331
10B3
  5
638
331
10B4
  5
637
331
10B5
  5
636
331
10B6
  5
635
331
10B7
  5
634
331
10B8
  5
633
331
10B9
  5
632
331
10BA
  5
631
331
10BB
  5
630
331
10BC
  5
62F
331
10BD
  5
62E
331
10BE
  5
62D
331
10BF
  5
62C
331
10C0
  5
62B
331
10C1
  5
62A
331
10C2
  5
629
331
10C3
  5
628
331
10C4
  5
627
331
10C5
  5
626
331
10C6
  5
625
331
10C7
  5
624
331
10C8
  5
623
331
10C9
  5
622
331
10CA
  5
621
331
10CB
  5
620
331
10CC
  5
61F
331
10CD
  5
61E
331
10D2
  5
61D
331
10D3
  5
61C
331
10D4
  5
61B
331
10D5
  5
61A
331
10D6
  5
619
331
10D7
  5
618
331
10D8
  5
617
331
10D9
  5
616
331
10DA
  5
615
331
10DB
  5
614
331
10DC
  5
613
331
10DD
  5
612
331
10DE
  5
611
331
10DF
  5
610
331
10E0
  5
60F
331
10E1
  5
60E
331
10E2
  5
60D
331
10E3
  5
60C
331
10E4
  5
60B
331
10E5
  5
60A
331
10E6
  5
609
331
10E7
  5
608
331
10E8
  5
607
331
10E9
  5
606
331
10EA
  5
605
331
10EB
  5
604
331
10EC
  5
603
331
10ED
  5
602
331
10EE
  5
601
331
10EF
  5
600
331
10F0
  5
5FF
331
10F1
  5
5FE
331
10F2
  5
5FD
331
10F3
  5
5FC
331
10F4
  5
5FB
331
10F5
  5
5FA
331
10F6
  5
5F9
331
10F7
  5
5F8
331
10F8
  5
5F7
331
10F9
  5
5F6
331
10FA
  5
5F5
331
10FB
  5
5F4
331
10FC
  5
5F3
331
10FD
  5
5F2
331
10FE
  5
5F1
331
10FF
  5
5F0
331
1100
  5
5EF
331
1101
  5
5EE
331
1102
  5
5ED
331
1103
  5
5EC
331
1104
  5
5EB
331
1105
  5
5EA
331
1106
  5
5E9
331
1107
  5
5E8
331
1108
  5
5E7
  0
SORTENTSTABLE
  5
19B2
102
{ACAD_REACTORS
330
1155
102
}
330
1155
100
AcDbSortentsTable
330
1154
  0
SORTENTSTABLE
  5
238E
102
{ACAD_REACTORS
330
238D
102
}
330
238D
100
AcDbSortentsTable
330
238C
  0
ACDBDETAILVIEWSTYLE
  5
261A
102
{ACAD_REACTORS
330
2619
102
}
330
2619
100
AcDbModelDocViewStyle
 70
     0
  3
Metric50
290
     1
300
Metric50
 90
        0
100
AcDbDetailViewStyle
 70
     0
 71
     0
 90
        3
 71
     1
340
23
 62
   256
 40
5.0
340
0
 62
   256
 40
5.0
300

 40
0.0
280
     1
 71
     2
340
14
 90
       25
 62
   256
 71
     3
340
23
 62
   256
 40
5.0
 90
        0
 40
15.0
 90
        1
300
%<\AcVar ViewDetailId>% (%<\AcVar ViewScale \f "%sn">%)
 71
     4
340
14
 90
       25
 62
   256
340
14
 90
       25
 62
   256
280
     0
  0
LAYOUT
  5
16
102
{ACAD_REACTORS
330
17
102
}
330
17
100
AcDbPlotSettings
  1

  2
Default Windows System Printer.pc3
  4
A3
  6

 40
5.873749732971191
 41
5.873747825622558
 42
5.873748779296875
 43
5.873748779296875
 44
296.9259948730469
 45
419.9466552734374
 46
11.54999923706054
 47
-13.65000009536743
 48
0.0
 49
0.0
140
0.0
141
0.0
142
1.0
143
338.1731117320089
 70
 11952
 72
     1
 73
     0
 74
     0
  7
acad.ctb
 75
     0
147
0.0029570653766006
 76
     0
 77
     2
 78
   300
148
-1303753.705249951
149
27706.34940399854
100
AcDbLayout
  1
Model
 70
     1
 71
     0
 10
0.0
 20
0.0
 11
12.0
 21
9.0
 12
0.0
 22
0.0
 32
0.0
 14
0.0
 24
0.0
 34
0.0
 15
0.0
 25
0.0
 35
0.0
146
0.0
 13
0.0
 23
0.0
 33
0.0
 16
1.0
 26
0.0
 36
0.0
 17
0.0
 27
1.0
 37
0.0
 76
     0
330
2
331
2B
1001
ACAD_PSEXT
1000
Default Windows System Printer.pc3
1000
Canon iR-ADV C3325/3330 UFR II
1000
IP_192.168.0.243
1000

1070
     0
  0
LAYOUT
  5
1C
102
{ACAD_REACTORS
330
17
102
}
330
17
100
AcDbPlotSettings
  1

  2
C:\Documents and Settings\basas\Application Data\Autodesk\AutoCAD 2005\R16.1\enu\plotters\Default Windows System Printer.pc3
  4

  6

 40
0.0
 41
0.0
 42
0.0
 43
0.0
 44
0.0
 45
0.0
 46
0.0
 47
0.0
 48
0.0
 49
0.0
140
0.0
141
0.0
142
1.0
143
1.0
 70
   688
 72
     0
 73
     0
 74
     5
  7

 75
    16
147
1.0
 76
     0
 77
     2
 78
   300
148
0.0
149
0.0
100
AcDbLayout
  1
배치1
 70
     1
 71
     1
 10
0.0
 20
0.0
 11
12.0
 21
9.0
 12
0.0
 22
0.0
 32
0.0
 14
0.0
 24
0.0
 34
0.0
 15
0.0
 25
0.0
 35
0.0
146
0.0
 13
0.0
 23
0.0
 33
0.0
 16
1.0
 26
0.0
 36
0.0
 17
0.0
 27
1.0
 37
0.0
 76
     0
330
19
  0
MATERIAL
  5
37
102
{ACAD_REACTORS
330
D
102
}
330
D
100
AcDbMaterial
  1
ByBlock
 94
       63
  0
MATERIAL
  5
36
102
{ACAD_REACTORS
330
D
102
}
330
D
100
AcDbMaterial
  1
ByLayer
 94
       63
  0
MATERIAL
  5
C
102
{ACAD_XDICTIONARY
360
E
102
}
102
{ACAD_REACTORS
330
D
102
}
330
D
100
AcDbMaterial
  1
Global
 43
0.0007999999797903
 43
0.0
 43
0.0
 43
0.0
 43
0.0
 43
0.0007999999797903
 43
0.0
 43
0.0
 43
0.0
 43
0.0
 43
1.0
 43
0.0
 43
0.0
 43
0.0
 43
0.0
 43
1.0
 49
0.0007999999797903
 49
0.0
 49
0.0
 49
0.0
 49
0.0
 49
0.0007999999797903
 49
0.0
 49
0.0
 49
0.0
 49
0.0
 49
1.0
 49
0.0
 49
0.0
 49
0.0
 49
0.0
 49
1.0
142
0.0007999999797903
142
0.0
142
0.0
142
0.0
142
0.0
142
0.0007999999797903
142
0.0
142
0.0
142
0.0
142
0.0
142
1.0
142
0.0
142
0.0
142
0.0
142
0.0
142
1.0
144
0.0007999999797903
144
0.0
144
0.0
144
0.0
144
0.0
144
0.0007999999797903
144
0.0
144
0.0
144
0.0
144
0.0
144
1.0
144
0.0
144
0.0
144
0.0
144
0.0
144
1.0
 94
       63
1001
ACAD
1070
    -1
1070
     3
1070
     0
1000

1071
        0
1070
     0
  0
MLEADERSTYLE
  5
19CB
102
{ACAD_REACTORS
330
19CA
102
}
330
19CA
100
AcDbMLeaderStyle
179
     2
170
     2
171
     1
172
     0
 90
        2
 40
0.0
 41
0.0
173
     1
 91
-1056964608
340
26
 92
       -2
290
     1
 42
2.0
291
     1
 43
0.36
  3
Standard
 44
4.0
300

342
23
174
     1
178
     6
175
     1
176
     0
 93
-1056964608
 45
4.0
292
     0
297
     0
 46
4.0
 94
-1056964608
 47
1.0
 49
1.0
140
1.0
293
     1
141
0.0
294
     1
177
     0
142
1.0
295
     0
296
     0
143
0.125
271
     0
272
     9
273
     9
298
     0
  0
MLINESTYLE
  5
3D
102
{ACAD_REACTORS
330
34
102
}
330
34
100
AcDbMlineStyle
  2
STANDARD
 70
     0
  3

 62
   256
 51
90.0
 52
90.0
 71
     2
 49
0.5
 62
   256
  6
BYLAYER
 49
-0.5
 62
   256
  6
BYLAYER
  0
ACDBPLACEHOLDER
  5
9
102
{ACAD_REACTORS
330
A
102
}
330
A
  0
SCALE
  5
5C1
102
{ACAD_REACTORS
330
39
102
}
330
39
100
AcDbScale
 70
     0
300
1:1
140
1.0
141
1.0
290
     1
  0
SCALE
  5
2620
102
{ACAD_REACTORS
330
39
102
}
330
39
100
AcDbScale
 70
     0
300
1:2
140
1.0
141
2.0
290
     0
  0
SCALE
  5
2621
102
{ACAD_REACTORS
330
39
102
}
330
39
100
AcDbScale
 70
     0
300
1:4
140
1.0
141
4.0
290
     0
  0
SCALE
  5
2622
102
{ACAD_REACTORS
330
39
102
}
330
39
100
AcDbScale
 70
     0
300
1:5
140
1.0
141
5.0
290
     0
  0
SCALE
  5
2623
102
{ACAD_REACTORS
330
39
102
}
330
39
100
AcDbScale
 70
     0
300
1:8
140
1.0
141
8.0
290
     0
  0
SCALE
  5
2624
102
{ACAD_REACTORS
330
39
102
}
330
39
100
AcDbScale
 70
     0
300
1:10
140
1.0
141
10.0
290
     0
  0
SCALE
  5
2625
102
{ACAD_REACTORS
330
39
102
}
330
39
100
AcDbScale
 70
     0
300
1:16
140
1.0
141
16.0
290
     0
  0
SCALE
  5
2626
102
{ACAD_REACTORS
330
39
102
}
330
39
100
AcDbScale
 70
     0
300
1:20
140
1.0
141
20.0
290
     0
  0
SCALE
  5
2627
102
{ACAD_REACTORS
330
39
102
}
330
39
100
AcDbScale
 70
     0
300
1:30
140
1.0
141
30.0
290
     0
  0
SCALE
  5
2628
102
{ACAD_REACTORS
330
39
102
}
330
39
100
AcDbScale
 70
     0
300
1:40
140
1.0
141
40.0
290
     0
  0
SCALE
  5
2629
102
{ACAD_REACTORS
330
39
102
}
330
39
100
AcDbScale
 70
     0
300
1:50
140
1.0
141
50.0
290
     0
  0
SCALE
  5
262A
102
{ACAD_REACTORS
330
39
102
}
330
39
100
AcDbScale
 70
     0
300
1:100
140
1.0
141
100.0
290
     0
  0
SCALE
  5
262B
102
{ACAD_REACTORS
330
39
102
}
330
39
100
AcDbScale
 70
     0
300
2:1
140
2.0
141
1.0
290
     0
  0
SCALE
  5
262C
102
{ACAD_REACTORS
330
39
102
}
330
39
100
AcDbScale
 70
     0
300
4:1
140
4.0
141
1.0
290
     0
  0
SCALE
  5
262D
102
{ACAD_REACTORS
330
39
102
}
330
39
100
AcDbScale
 70
     0
300
8:1
140
8.0
141
1.0
290
     0
  0
SCALE
  5
262E
102
{ACAD_REACTORS
330
39
102
}
330
39
100
AcDbScale
 70
     0
300
10:1
140
10.0
141
1.0
290
     0
  0
SCALE
  5
262F
102
{ACAD_REACTORS
330
39
102
}
330
39
100
AcDbScale
 70
     0
300
100:1
140
100.0
141
1.0
290
     0
  0
ACDBSECTIONVIEWSTYLE
  5
2618
102
{ACAD_REACTORS
330
2617
102
}
330
2617
100
AcDbModelDocViewStyle
 70
     0
  3
Metric50
290
     1
300
Metric50
 90
        0
100
AcDbSectionViewStyle
 70
     0
 71
     0
 90
      102
 71
     1
340
23
 62
   256
 40
5.0
340
0
340
0
 62
   256
 40
5.0
300
I, O, Q, S, X, Z
 40
10.0
 90
        0
 40
2.5
 90
        0
 71
     2
340
14
 90
       25
 62
   256
340
14
 90
       50
 62
   256
 40
5.0
 40
2.5
 40
5.0
 71
     3
340
23
 62
   256
 40
5.0
 90
        0
 40
15.0
 90
        1
300
%<\AcVar ViewSectionStartId>%-%<\AcVar ViewSectionEndId>% (%<\AcVar ViewScale \f "%sn">%)
 71
     4
 62
   256
 62
   257
300
ANSI31
 40
1.0
 90
        0
290
     0
290
     0
 90
        6
 40
0.0
 40
1.570796326794896
 40
0.2617993877991494
 40
1.308996938995747
 40
-0.2617993877991494
 40
1.832595714594046
  0
TABLESTYLE
  5
3E
102
{ACAD_XDICTIONARY
360
3F
102
}
102
{ACAD_REACTORS
330
3A
102
}
330
3A
100
AcDbTableStyle
280
     0
  3
Standard
 70
     0
 71
     0
 40
1.5
 41
1.5
280
     0
281
     0
  7
Standard
140
4.5
170
     2
 62
     0
 63
     7
283
     0
 90
      512
 91
        0
  1

274
    -2
284
     1
 64
     0
275
    -2
285
     1
 65
     0
276
    -2
286
     1
 66
     0
277
    -2
287
     1
 67
     0
278
    -2
288
     1
 68
     0
279
    -2
289
     1
 69
     0
  7
Standard
140
6.0
170
     5
 62
     0
 63
     7
283
     0
 90
      512
 91
        0
  1

274
    -2
284
     1
 64
     0
275
    -2
285
     1
 65
     0
276
    -2
286
     1
 66
     0
277
    -2
287
     1
 67
     0
278
    -2
288
     1
 68
     0
279
    -2
289
     1
 69
     0
  7
Standard
140
4.5
170
     5
 62
     0
 63
     7
283
     0
 90
      512
 91
        0
  1

274
    -2
284
     1
 64
     0
275
    -2
285
     1
 65
     0
276
    -2
286
     1
 66
     0
277
    -2
287
     1
 67
     0
278
    -2
288
     1
 68
     0
279
    -2
289
     1
 69
     0
  0
VISUALSTYLE
  5
2C
102
{ACAD_REACTORS
330
2D
102
}
330
2D
100
AcDbVisualStyle
  2
2dWireframe
 70
     4
177
     3
291
     0
 70
    58
 90
        0
176
     1
 90
        2
176
     1
 90
        1
176
     1
 90
        0
176
     1
 40
0.6
176
     1
 40
30.0
176
     1
 62
     7
420
 16777215
176
     1
 90
        1
176
     1
 90
        4
176
     1
 62
     7
176
     1
 62
   257
176
     1
 90
        1
176
     1
 90
        1
176
     1
 40
1.0
176
     1
 90
        0
176
     1
 62
   257
176
     1
 40
1.0
176
     1
 90
        1
176
     1
 90
        6
176
     1
 90
        2
176
     1
 62
     7
176
     1
 90
        5
176
     1
 90
        0
176
     1
 90
        0
176
     1
290
     0
176
     1
 90
        1
176
     1
 40
0.0
176
     1
 90
        0
176
     1
290
     1
176
     1
290
     1
176
     1
290
     0
176
     1
290
     0
176
     1
290
     0
176
     1
290
     0
176
     1
290
     0
176
     1
290
     0
176
     1
290
     0
176
     1
 90
       50
176
     1
 40
0.0
176
     1
 40
1.0
176
     1
 90
        0
176
     1
 62
    18
420
        0
176
     1
 90
       50
176
     1
 90
        3
176
     1
 62
     5
420
      255
176
     1
290
     0
176
     1
 90
       50
176
     1
 90
       50
176
     1
 90
       50
176
     1
290
     0
176
     1
 90
       50
176
     1
 62
   256
176
     0
 40
1.0
176
     0
 90
        2
176
     1
  1
strokes_ogs.tif
176
     1
290
     0
176
     1
 40
1.0
176
     1
 40
1.0
176
     1
  0
VISUALSTYLE
  5
19C2
102
{ACAD_REACTORS
330
2D
102
}
330
2D
100
AcDbVisualStyle
  2
3D Hidden
 70
     6
177
     3
291
     0
 70
    58
 90
        1
176
     1
 90
        2
176
     1
 90
        2
176
     1
 90
        0
176
     1
 40
0.6
176
     1
 40
30.0
176
     1
 62
     7
420
 16777215
176
     1
 90
        2
176
     1
 90
        2
176
     1
 62
     7
176
     1
 62
   257
176
     1
 90
        2
176
     1
 90
        1
176
     1
 40
40.0
176
     1
 90
        0
176
     1
 62
   257
176
     1
 40
1.0
176
     1
 90
        1
176
     1
 90
        6
176
     1
 90
        2
176
     1
 62
     7
176
     1
 90
        3
176
     1
 90
        0
176
     1
 90
        0
176
     1
290
     0
176
     1
 90
        1
176
     1
 40
0.0
176
     1
 90
        0
176
     1
290
     0
176
     1
290
     1
176
     1
290
     1
176
     1
290
     0
176
     1
290
     0
176
     1
290
     0
176
     1
290
     0
176
     1
290
     0
176
     1
290
     0
176
     1
 90
       50
176
     1
 40
0.0
176
     1
 40
1.0
176
     1
 90
        0
176
     1
 62
    18
420
        0
176
     1
 90
       50
176
     1
 90
        3
176
     1
 62
     5
420
      255
176
     1
290
     0
176
     1
 90
       50
176
     1
 90
       50
176
     1
 90
       50
176
     1
290
     0
176
     1
 90
       50
176
     1
 62
   256
176
     0
 40
1.0
176
     0
 90
        2
176
     1
  1
strokes_ogs.tif
176
     1
290
     0
176
     1
 40
1.0
176
     1
 40
1.0
176
     1
  0
VISUALSTYLE
  5
41
102
{ACAD_REACTORS
330
2D
102
}
330
2D
100
AcDbVisualStyle
  2
3dWireframe
 70
     5
177
     3
291
     0
 70
    58
 90
        0
176
     1
 90
        2
176
     1
 90
        1
176
     1
 90
        0
176
     1
 40
0.6
176
     1
 40
30.0
176
     1
 62
     7
420
 16777215
176
     1
 90
        1
176
     1
 90
        4
176
     1
 62
     7
176
     1
 62
   257
176
     1
 90
        1
176
     1
 90
        1
176
     1
 40
1.0
176
     1
 90
        0
176
     1
 62
   257
176
     1
 40
1.0
176
     1
 90
        1
176
     1
 90
        6
176
     1
 90
        2
176
     1
 62
     7
176
     1
 90
        5
176
     1
 90
        0
176
     1
 90
        0
176
     1
290
     0
176
     1
 90
        1
176
     1
 40
0.0
176
     1
 90
        0
176
     1
290
     0
176
     1
290
     1
176
     1
290
     1
176
     1
290
     0
176
     1
290
     0
176
     1
290
     0
176
     1
290
     0
176
     1
290
     0
176
     1
290
     0
176
     1
 90
       50
176
     1
 40
0.0
176
     1
 40
1.0
176
     1
 90
        0
176
     1
 62
    18
420
        0
176
     1
 90
       50
176
     1
 90
        3
176
     1
 62
     5
420
      255
176
     1
290
     0
176
     1
 90
       50
176
     1
 90
       50
176
     1
 90
       50
176
     1
290
     0
176
     1
 90
       50
176
     1
 62
   256
176
     0
 40
1.0
176
     0
 90
        2
176
     1
  1
strokes_ogs.tif
176
     1
290
     0
176
     1
 40
1.0
176
     1
 40
1.0
176
     1
  0
VISUALSTYLE
  5
19C1
102
{ACAD_REACTORS
330
2D
102
}
330
2D
100
AcDbVisualStyle
  2
Basic
 70
     7
177
     3
291
     1
 70
    58
 90
        1
176
     1
 90
        0
176
     1
 90
        1
176
     1
 90
        0
176
     1
 40
0.6
176
     1
 40
30.0
176
     1
 62
     7
420
 16777215
176
     1
 90
        0
176
     1
 90
        4
176
     1
 62
     7
176
     1
 62
   257
176
     1
 90
        1
176
     1
 90
        1
176
     1
 40
1.0
176
     1
 90
        8
176
     1
 62
     7
176
     1
 40
1.0
176
     1
 90
        1
176
     1
 90
        6
176
     1
 90
        2
176
     1
 62
     7
176
     1
 90
        5
176
     1
 90
        0
176
     1
 90
        0
176
     1
290
     0
176
     1
 90
        1
176
     1
 40
0.0
176
     1
 90
        0
176
     1
290
     0
176
     1
290
     1
176
     1
290
     1
176
     1
290
     0
176
     1
290
     0
176
     1
290
     0
176
     1
290
     0
176
     1
290
     0
176
     1
290
     0
176
     1
 90
       50
176
     1
 40
0.0
176
     1
 40
1.0
176
     1
 90
        0
176
     1
 62
    18
420
        0
176
     1
 90
       50
176
     1
 90
        3
176
     1
 62
     5
420
      255
176
     1
290
     0
176
     1
 90
       50
176
     1
 90
       50
176
     1
 90
       50
176
     1
290
     0
176
     1
 90
       50
176
     1
 62
   256
176
     0
 40
1.0
176
     0
 90
        2
176
     1
  1
strokes_ogs.tif
176
     1
290
     0
176
     1
 40
1.0
176
     1
 40
1.0
176
     1
  0
VISUALSTYLE
  5
19C5
102
{ACAD_REACTORS
330
2D
102
}
330
2D
100
AcDbVisualStyle
  2
Brighten
 70
    12
177
     3
291
     1
 70
    58
 90
        2
176
     1
 90
        2
176
     1
 90
        0
176
     1
 90
        0
176
     1
 40
0.6
176
     1
 40
30.0
176
     1
 62
     7
420
 16777215
176
     1
 90
        1
176
     1
 90
        4
176
     1
 62
     7
176
     1
 62
   257
176
     1
 90
        1
176
     1
 90
        1
176
     1
 40
1.0
176
     1
 90
        8
176
     1
 62
     7
176
     1
 40
1.0
176
     1
 90
        1
176
     1
 90
        6
176
     1
 90
        2
176
     1
 62
     7
176
     1
 90
        5
176
     1
 90
        0
176
     1
 90
        0
176
     1
290
     0
176
     1
 90
        1
176
     1
 40
50.0
176
     1
 90
        0
176
     1
290
     0
176
     1
290
     1
176
     1
290
     1
176
     1
290
     0
176
     1
290
     0
176
     1
290
     0
176
     1
290
     0
176
     1
290
     0
176
     1
290
     0
176
     1
 90
       50
176
     1
 40
0.0
176
     1
 40
1.0
176
     1
 90
        0
176
     1
 62
    18
420
        0
176
     1
 90
       50
176
     1
 90
        3
176
     1
 62
     5
420
      255
176
     1
290
     0
176
     1
 90
       50
176
     1
 90
       50
176
     1
 90
       50
176
     1
290
     0
176
     1
 90
       50
176
     1
 62
   256
176
     0
 40
1.0
176
     0
 90
        2
176
     1
  1
strokes_ogs.tif
176
     1
290
     0
176
     1
 40
1.0
176
     1
 40
1.0
176
     1
  0
VISUALSTYLE
  5
19C9
102
{ACAD_REACTORS
330
2D
102
}
330
2D
100
AcDbVisualStyle
  2
ColorChange
 70
    16
177
     3
291
     1
 70
    58
 90
        2
176
     1
 90
        2
176
     1
 90
        3
176
     1
 90
        0
176
     1
 40
0.6
176
     1
 40
30.0
176
     1
 62
     8
420
  8421504
176
     1
 90
        1
176
     1
 90
        4
176
     1
 62
     7
176
     1
 62
   257
176
     1
 90
        1
176
     1
 90
        1
176
     1
 40
1.0
176
     1
 90
        8
176
     1
 62
     8
420
  8421504
176
     1
 40
1.0
176
     1
 90
        1
176
     1
 90
        6
176
     1
 90
        2
176
     1
 62
     7
176
     1
 90
        5
176
     1
 90
        0
176
     1
 90
        0
176
     1
290
     0
176
     1
 90
        1
176
     1
 40
0.0
176
     1
 90
        0
176
     1
290
     0
176
     1
290
     1
176
     1
290
     1
176
     1
290
     0
176
     1
290
     0
176
     1
290
     0
176
     1
290
     0
176
     1
290
     0
176
     1
290
     0
176
     1
 90
       50
176
     1
 40
0.0
176
     1
 40
1.0
176
     1
 90
        0
176
     1
 62
    18
420
        0
176
     1
 90
       50
176
     1
 90
        3
176
     1
 62
     5
420
      255
176
     1
290
     0
176
     1
 90
       50
176
     1
 90
       50
176
     1
 90
       50
176
     1
290
     0
176
     1
 90
       50
176
     1
 62
   256
176
     0
 40
1.0
176
     0
 90
        2
176
     1
  1
strokes_ogs.tif
176
     1
290
     0
176
     1
 40
1.0
176
     1
 40
1.0
176
     1
  0
VISUALSTYLE
  5
19C3
102
{ACAD_REACTORS
330
2D
102
}
330
2D
100
AcDbVisualStyle
  2
Conceptual
 70
     9
177
     3
291
     0
 70
    58
 90
        3
176
     1
 90
        2
176
     1
 90
        0
176
     1
 90
        0
176
     1
 40
0.6
176
     1
 40
30.0
176
     1
 62
     7
420
 16777215
176
     1
 90
        2
176
     1
 90
        2
176
     1
 62
     7
176
     1
 62
   257
176
     1
 90
        1
176
     1
 90
        1
176
     1
 40
40.0
176
     1
 90
        8
176
     1
 62
     7
176
     1
 40
1.0
176
     1
 90
        1
176
     1
 90
        6
176
     1
 90
        2
176
     1
 62
     7
176
     1
 90
        3
176
     1
 90
        0
176
     1
 90
        0
176
     1
290
     0
176
     1
 90
        1
176
     1
 40
0.0
176
     1
 90
        0
176
     1
290
     0
176
     1
290
     1
176
     1
290
     1
176
     1
290
     0
176
     1
290
     0
176
     1
290
     0
176
     1
290
     0
176
     1
290
     0
176
     1
290
     0
176
     1
 90
       50
176
     1
 40
0.0
176
     1
 40
1.0
176
     1
 90
        0
176
     1
 62
    18
420
        0
176
     1
 90
       50
176
     1
 90
        3
176
     1
 62
     5
420
      255
176
     1
290
     0
176
     1
 90
       50
176
     1
 90
       50
176
     1
 90
       50
176
     1
290
     0
176
     1
 90
       50
176
     1
 62
   256
176
     0
 40
1.0
176
     0
 90
        2
176
     1
  1
strokes_ogs.tif
176
     1
290
     0
176
     1
 40
1.0
176
     1
 40
1.0
176
     1
  0
VISUALSTYLE
  5
19C4
102
{ACAD_REACTORS
330
2D
102
}
330
2D
100
AcDbVisualStyle
  2
Dim
 70
    11
177
     3
291
     1
 70
    58
 90
        2
176
     1
 90
        2
176
     1
 90
        0
176
     1
 90
        0
176
     1
 40
0.6
176
     1
 40
30.0
176
     1
 62
     7
420
 16777215
176
     1
 90
        1
176
     1
 90
        4
176
     1
 62
     7
176
     1
 62
   257
176
     1
 90
        1
176
     1
 90
        1
176
     1
 40
1.0
176
     1
 90
        8
176
     1
 62
     7
176
     1
 40
1.0
176
     1
 90
        1
176
     1
 90
        6
176
     1
 90
        2
176
     1
 62
     7
176
     1
 90
        5
176
     1
 90
        0
176
     1
 90
        0
176
     1
290
     0
176
     1
 90
        1
176
     1
 40
-50.0
176
     1
 90
        0
176
     1
290
     0
176
     1
290
     1
176
     1
290
     1
176
     1
290
     0
176
     1
290
     0
176
     1
290
     0
176
     1
290
     0
176
     1
290
     0
176
     1
290
     0
176
     1
 90
       50
176
     1
 40
0.0
176
     1
 40
1.0
176
     1
 90
        0
176
     1
 62
    18
420
        0
176
     1
 90
       50
176
     1
 90
        3
176
     1
 62
     5
420
      255
176
     1
290
     0
176
     1
 90
       50
176
     1
 90
       50
176
     1
 90
       50
176
     1
290
     0
176
     1
 90
       50
176
     1
 62
   256
176
     0
 40
1.0
176
     0
 90
        2
176
     1
  1
strokes_ogs.tif
176
     1
290
     0
176
     1
 40
1.0
176
     1
 40
1.0
176
     1
  0
VISUALSTYLE
  5
2267
102
{ACAD_REACTORS
330
2D
102
}
330
2D
100
AcDbVisualStyle
  2
EdgeColorOff
 70
    22
177
     3
291
     1
 70
    58
 90
        2
176
     0
 90
        2
176
     0
 90
        0
176
     0
 90
        0
176
     0
 40
0.6
176
     0
 40
30.0
176
     0
 62
     7
420
 16777215
176
     0
 90
        1
176
     0
 90
        4
176
     0
 62
     7
176
     0
 62
   257
176
     0
 90
        1
176
     0
 90
        1
176
     0
 40
1.0
176
     0
 90
        8
176
     2
 62
     7
176
     0
 40
1.0
176
     0
 90
        1
176
     0
 90
        6
176
     0
 90
        2
176
     0
 62
     7
176
     0
 90
        5
176
     0
 90
        0
176
     0
 90
        0
176
     0
290
     0
176
     0
 90
        1
176
     0
 40
0.0
176
     0
 90
        0
176
     0
290
     0
176
     1
290
     1
176
     1
290
     1
176
     1
290
     0
176
     1
290
     0
176
     1
290
     0
176
     1
290
     0
176
     1
290
     0
176
     1
290
     0
176
     1
 90
       50
176
     1
 40
0.0
176
     1
 40
1.0
176
     1
 90
        0
176
     1
 62
    18
420
        0
176
     1
 90
       50
176
     1
 90
        3
176
     1
 62
     5
420
      255
176
     1
290
     0
176
     1
 90
       50
176
     1
 90
       50
176
     1
 90
       50
176
     1
290
     0
176
     1
 90
       50
176
     1
 62
   256
176
     0
 40
1.0
176
     0
 90
        2
176
     1
  1
strokes_ogs.tif
176
     1
290
     0
176
     1
 40
1.0
176
     1
 40
1.0
176
     1
  0
VISUALSTYLE
  5
19C8
102
{ACAD_REACTORS
330
2D
102
}
330
2D
100
AcDbVisualStyle
  2
Facepattern
 70
    15
177
     3
291
     1
 70
    58
 90
        2
176
     1
 90
        2
176
     1
 90
        0
176
     1
 90
        0
176
     1
 40
0.6
176
     1
 40
30.0
176
     1
 62
     7
420
 16777215
176
     1
 90
        1
176
     1
 90
        4
176
     1
 62
     7
176
     1
 62
   257
176
     1
 90
        1
176
     1
 90
        1
176
     1
 40
1.0
176
     1
 90
        8
176
     1
 62
     7
176
     1
 40
1.0
176
     1
 90
        1
176
     1
 90
        6
176
     1
 90
        2
176
     1
 62
     7
176
     1
 90
        5
176
     1
 90
        0
176
     1
 90
        0
176
     1
290
     0
176
     1
 90
        1
176
     1
 40
0.0
176
     1
 90
        0
176
     1
290
     0
176
     1
290
     1
176
     1
290
     1
176
     1
290
     0
176
     1
290
     0
176
     1
290
     0
176
     1
290
     0
176
     1
290
     0
176
     1
290
     0
176
     1
 90
       50
176
     1
 40
0.0
176
     1
 40
1.0
176
     1
 90
        0
176
     1
 62
    18
420
        0
176
     1
 90
       50
176
     1
 90
        3
176
     1
 62
     5
420
      255
176
     1
290
     0
176
     1
 90
       50
176
     1
 90
       50
176
     1
 90
       50
176
     1
290
     0
176
     1
 90
       50
176
     1
 62
   256
176
     0
 40
1.0
176
     0
 90
        2
176
     1
  1
strokes_ogs.tif
176
     1
290
     0
176
     1
 40
1.0
176
     1
 40
1.0
176
     1
  0
VISUALSTYLE
  5
19BD
102
{ACAD_REACTORS
330
2D
102
}
330
2D
100
AcDbVisualStyle
  2
Flat
 70
     0
177
     3
291
     1
 70
    58
 90
        2
176
     1
 90
        1
176
     1
 90
        1
176
     1
 90
        2
176
     1
 40
0.6
176
     1
 40
30.0
176
     1
 62
     7
420
 16777215
176
     1
 90
        0
176
     1
 90
        4
176
     1
 62
     7
176
     1
 62
   257
176
     1
 90
        1
176
     1
 90
        1
176
     1
 40
1.0
176
     1
 90
        8
176
     1
 62
     7
176
     1
 40
1.0
176
     1
 90
        1
176
     1
 90
        6
176
     1
 90
        2
176
     1
 62
     7
176
     1
 90
        5
176
     1
 90
        0
176
     1
 90
        0
176
     1
290
     0
176
     1
 90
       13
176
     1
 40
0.0
176
     1
 90
        0
176
     1
290
     0
176
     1
290
     1
176
     1
290
     1
176
     1
290
     0
176
     1
290
     0
176
     1
290
     0
176
     1
290
     0
176
     1
290
     0
176
     1
290
     0
176
     1
 90
       50
176
     1
 40
0.0
176
     1
 40
1.0
176
     1
 90
        0
176
     1
 62
    18
420
        0
176
     1
 90
       50
176
     1
 90
        3
176
     1
 62
     5
420
      255
176
     1
290
     0
176
     1
 90
       50
176
     1
 90
       50
176
     1
 90
       50
176
     1
290
     0
176
     1
 90
       50
176
     1
 62
   256
176
     0
 40
1.0
176
     0
 90
        2
176
     1
  1
strokes_ogs.tif
176
     1
290
     0
176
     1
 40
1.0
176
     1
 40
1.0
176
     1
  0
VISUALSTYLE
  5
19BE
102
{ACAD_REACTORS
330
2D
102
}
330
2D
100
AcDbVisualStyle
  2
FlatWithEdges
 70
     1
177
     3
291
     1
 70
    58
 90
        2
176
     1
 90
        1
176
     1
 90
        1
176
     1
 90
        2
176
     1
 40
0.6
176
     1
 40
30.0
176
     1
 62
     7
420
 16777215
176
     1
 90
        1
176
     1
 90
        4
176
     1
 62
     7
176
     1
 62
   257
176
     1
 90
        1
176
     1
 90
        1
176
     1
 40
1.0
176
     1
 90
        0
176
     1
 62
   257
176
     1
 40
1.0
176
     1
 90
        1
176
     1
 90
        6
176
     1
 90
        2
176
     1
 62
     7
176
     1
 90
        5
176
     1
 90
        0
176
     1
 90
        0
176
     1
290
     0
176
     1
 90
       13
176
     1
 40
0.0
176
     1
 90
        0
176
     1
290
     0
176
     1
290
     1
176
     1
290
     1
176
     1
290
     0
176
     1
290
     0
176
     1
290
     0
176
     1
290
     0
176
     1
290
     0
176
     1
290
     0
176
     1
 90
       50
176
     1
 40
0.0
176
     1
 40
1.0
176
     1
 90
        0
176
     1
 62
    18
420
        0
176
     1
 90
       50
176
     1
 90
        3
176
     1
 62
     5
420
      255
176
     1
290
     0
176
     1
 90
       50
176
     1
 90
       50
176
     1
 90
       50
176
     1
290
     0
176
     1
 90
       50
176
     1
 62
   256
176
     0
 40
1.0
176
     0
 90
        2
176
     1
  1
strokes_ogs.tif
176
     1
290
     0
176
     1
 40
1.0
176
     1
 40
1.0
176
     1
  0
VISUALSTYLE
  5
19BF
102
{ACAD_REACTORS
330
2D
102
}
330
2D
100
AcDbVisualStyle
  2
Gouraud
 70
     2
177
     3
291
     1
 70
    58
 90
        2
176
     1
 90
        2
176
     1
 90
        1
176
     1
 90
        2
176
     1
 40
0.6
176
     1
 40
30.0
176
     1
 62
     7
420
 16777215
176
     1
 90
        0
176
     1
 90
        4
176
     1
 62
     7
176
     1
 62
   257
176
     1
 90
        1
176
     1
 90
        1
176
     1
 40
1.0
176
     1
 90
        0
176
     1
 62
     7
176
     1
 40
1.0
176
     1
 90
        1
176
     1
 90
        6
176
     1
 90
        2
176
     1
 62
     7
176
     1
 90
        5
176
     1
 90
        0
176
     1
 90
        0
176
     1
290
     0
176
     1
 90
       13
176
     1
 40
0.0
176
     1
 90
        0
176
     1
290
     0
176
     1
290
     1
176
     1
290
     1
176
     1
290
     0
176
     1
290
     0
176
     1
290
     0
176
     1
290
     0
176
     1
290
     0
176
     1
290
     0
176
     1
 90
       50
176
     1
 40
0.0
176
     1
 40
1.0
176
     1
 90
        0
176
     1
 62
    18
420
        0
176
     1
 90
       50
176
     1
 90
        3
176
     1
 62
     5
420
      255
176
     1
290
     0
176
     1
 90
       50
176
     1
 90
       50
176
     1
 90
       50
176
     1
290
     0
176
     1
 90
       50
176
     1
 62
   256
176
     0
 40
1.0
176
     0
 90
        2
176
     1
  1
strokes_ogs.tif
176
     1
290
     0
176
     1
 40
1.0
176
     1
 40
1.0
176
     1
  0
VISUALSTYLE
  5
19C0
102
{ACAD_REACTORS
330
2D
102
}
330
2D
100
AcDbVisualStyle
  2
GouraudWithEdges
 70
     3
177
     3
291
     1
 70
    58
 90
        2
176
     1
 90
        2
176
     1
 90
        1
176
     1
 90
        2
176
     1
 40
0.6
176
     1
 40
30.0
176
     1
 62
     7
420
 16777215
176
     1
 90
        1
176
     1
 90
        4
176
     1
 62
     7
176
     1
 62
   257
176
     1
 90
        1
176
     1
 90
        1
176
     1
 40
1.0
176
     1
 90
        0
176
     1
 62
   257
176
     1
 40
1.0
176
     1
 90
        1
176
     1
 90
        6
176
     1
 90
        2
176
     1
 62
     7
176
     1
 90
        5
176
     1
 90
        0
176
     1
 90
        0
176
     1
290
     0
176
     1
 90
       13
176
     1
 40
0.0
176
     1
 90
        0
176
     1
290
     0
176
     1
290
     1
176
     1
290
     1
176
     1
290
     0
176
     1
290
     0
176
     1
290
     0
176
     1
290
     0
176
     1
290
     0
176
     1
290
     0
176
     1
 90
       50
176
     1
 40
0.0
176
     1
 40
1.0
176
     1
 90
        0
176
     1
 62
    18
420
        0
176
     1
 90
       50
176
     1
 90
        3
176
     1
 62
     5
420
      255
176
     1
290
     0
176
     1
 90
       50
176
     1
 90
       50
176
     1
 90
       50
176
     1
290
     0
176
     1
 90
       50
176
     1
 62
   256
176
     0
 40
1.0
176
     0
 90
        2
176
     1
  1
strokes_ogs.tif
176
     1
290
     0
176
     1
 40
1.0
176
     1
 40
1.0
176
     1
  0
VISUALSTYLE
  5
2611
102
{ACAD_REACTORS
330
2D
102
}
330
2D
100
AcDbVisualStyle
  2
Hidden
 70
     6
177
     3
291
     0
 70
    58
 90
        1
176
     1
 90
        2
176
     1
 90
        2
176
     1
 90
        0
176
     1
 40
0.6
176
     1
 40
30.0
176
     1
 62
     7
420
 16777215
176
     1
 90
        2
176
     1
 90
        2
176
     1
 62
     7
176
     1
 62
   257
176
     1
 90
        2
176
     1
 90
        1
176
     1
 40
40.0
176
     1
 90
        0
176
     1
 62
   257
176
     1
 40
1.0
176
     1
 90
        1
176
     1
 90
        6
176
     1
 90
        2
176
     1
 62
     7
176
     1
 90
        3
176
     1
 90
        0
176
     1
 90
        0
176
     1
290
     0
176
     1
 90
        1
176
     1
 40
0.0
176
     1
 90
        0
176
     1
290
     0
176
     1
290
     1
176
     1
290
     1
176
     1
290
     0
176
     1
290
     0
176
     1
290
     0
176
     1
290
     0
176
     1
290
     0
176
     1
290
     0
176
     1
 90
       50
176
     1
 40
0.0
176
     1
 40
1.0
176
     1
 90
        0
176
     1
 62
    18
420
        0
176
     1
 90
       50
176
     1
 90
        3
176
     1
 62
     5
420
      255
176
     1
290
     0
176
     1
 90
       50
176
     1
 90
       50
176
     1
 90
       50
176
     1
290
     0
176
     1
 90
       50
176
     1
 62
   256
176
     0
 40
1.0
176
     0
 90
        2
176
     1
  1
strokes_ogs.tif
176
     1
290
     0
176
     1
 40
1.0
176
     1
 40
1.0
176
     1
  0
VISUALSTYLE
  5
226A
102
{ACAD_REACTORS
330
2D
102
}
330
2D
100
AcDbVisualStyle
  2
JitterOff
 70
    20
177
     3
291
     1
 70
    58
 90
        2
176
     0
 90
        2
176
     0
 90
        0
176
     0
 90
        0
176
     0
 40
0.6
176
     0
 40
30.0
176
     0
 62
     7
420
 16777215
176
     0
 90
        1
176
     0
 90
        4
176
     0
 62
     7
176
     0
 62
   257
176
     0
 90
        1
176
     0
 90
        1
176
     0
 40
1.0
176
     0
 90
       10
176
     2
 62
     7
176
     0
 40
1.0
176
     0
 90
        1
176
     0
 90
        6
176
     0
 90
        2
176
     0
 62
     7
176
     0
 90
        5
176
     0
 90
        0
176
     0
 90
        0
176
     0
290
     0
176
     0
 90
        1
176
     0
 40
0.0
176
     0
 90
        0
176
     0
290
     0
176
     1
290
     1
176
     1
290
     1
176
     1
290
     0
176
     1
290
     0
176
     1
290
     0
176
     1
290
     0
176
     1
290
     0
176
     1
290
     0
176
     1
 90
       50
176
     1
 40
0.0
176
     1
 40
1.0
176
     1
 90
        0
176
     1
 62
    18
420
        0
176
     1
 90
       50
176
     1
 90
        3
176
     1
 62
     5
420
      255
176
     1
290
     0
176
     1
 90
       50
176
     1
 90
       50
176
     1
 90
       50
176
     1
290
     0
176
     1
 90
       50
176
     1
 62
   256
176
     0
 40
1.0
176
     0
 90
        2
176
     1
  1
strokes_ogs.tif
176
     1
290
     0
176
     1
 40
1.0
176
     1
 40
1.0
176
     1
  0
VISUALSTYLE
  5
19C7
102
{ACAD_REACTORS
330
2D
102
}
330
2D
100
AcDbVisualStyle
  2
Linepattern
 70
    14
177
     3
291
     1
 70
    58
 90
        2
176
     1
 90
        2
176
     1
 90
        0
176
     1
 90
        0
176
     1
 40
0.6
176
     1
 40
30.0
176
     1
 62
     7
420
 16777215
176
     1
 90
        1
176
     1
 90
        4
176
     1
 62
     7
176
     1
 62
   257
176
     1
 90
        7
176
     1
 90
        7
176
     1
 40
1.0
176
     1
 90
        8
176
     1
 62
     7
176
     1
 40
1.0
176
     1
 90
        1
176
     1
 90
        6
176
     1
 90
        2
176
     1
 62
     7
176
     1
 90
        5
176
     1
 90
        0
176
     1
 90
        0
176
     1
290
     0
176
     1
 90
        1
176
     1
 40
0.0
176
     1
 90
        0
176
     1
290
     0
176
     1
290
     1
176
     1
290
     1
176
     1
290
     0
176
     1
290
     0
176
     1
290
     0
176
     1
290
     0
176
     1
290
     0
176
     1
290
     0
176
     1
 90
       50
176
     1
 40
0.0
176
     1
 40
1.0
176
     1
 90
        0
176
     1
 62
    18
420
        0
176
     1
 90
       50
176
     1
 90
        3
176
     1
 62
     5
420
      255
176
     1
290
     0
176
     1
 90
       50
176
     1
 90
       50
176
     1
 90
       50
176
     1
290
     0
176
     1
 90
       50
176
     1
 62
   256
176
     0
 40
1.0
176
     0
 90
        2
176
     1
  1
strokes_ogs.tif
176
     1
290
     0
176
     1
 40
1.0
176
     1
 40
1.0
176
     1
  0
VISUALSTYLE
  5
226D
102
{ACAD_REACTORS
330
2D
102
}
330
2D
100
AcDbVisualStyle
  2
OverhangOff
 70
    21
177
     3
291
     1
 70
    58
 90
        2
176
     0
 90
        2
176
     0
 90
        0
176
     0
 90
        0
176
     0
 40
0.6
176
     0
 40
30.0
176
     0
 62
     7
420
 16777215
176
     0
 90
        1
176
     0
 90
        4
176
     0
 62
     7
176
     0
 62
   257
176
     0
 90
        1
176
     0
 90
        1
176
     0
 40
1.0
176
     0
 90
        9
176
     2
 62
     7
176
     0
 40
1.0
176
     0
 90
        1
176
     0
 90
        6
176
     0
 90
        2
176
     0
 62
     7
176
     0
 90
        5
176
     0
 90
        0
176
     0
 90
        0
176
     0
290
     0
176
     0
 90
        1
176
     0
 40
0.0
176
     0
 90
        0
176
     0
290
     0
176
     1
290
     1
176
     1
290
     1
176
     1
290
     0
176
     1
290
     0
176
     1
290
     0
176
     1
290
     0
176
     1
290
     0
176
     1
290
     0
176
     1
 90
       50
176
     1
 40
0.0
176
     1
 40
1.0
176
     1
 90
        0
176
     1
 62
    18
420
        0
176
     1
 90
       50
176
     1
 90
        3
176
     1
 62
     5
420
      255
176
     1
290
     0
176
     1
 90
       50
176
     1
 90
       50
176
     1
 90
       50
176
     1
290
     0
176
     1
 90
       50
176
     1
 62
   256
176
     0
 40
1.0
176
     0
 90
        2
176
     1
  1
strokes_ogs.tif
176
     1
290
     0
176
     1
 40
1.0
176
     1
 40
1.0
176
     1
  0
VISUALSTYLE
  5
40
102
{ACAD_REACTORS
330
2D
102
}
330
2D
100
AcDbVisualStyle
  2
Realistic
 70
     8
177
     3
291
     0
 70
    58
 90
        2
176
     1
 90
        2
176
     1
 90
        1
176
     1
 90
        0
176
     1
 40
0.6
176
     1
 40
30.0
176
     1
 62
     7
420
 16777215
176
     1
 90
        1
176
     1
 90
        0
176
     1
 62
     7
176
     1
 62
   257
176
     1
 90
        1
176
     1
 90
        1
176
     1
 40
1.0
176
     1
 90
        8
176
     1
 62
     8
420
  7895160
176
     1
 40
1.0
176
     1
 90
        1
176
     1
 90
        6
176
     1
 90
        2
176
     1
 62
     7
176
     1
 90
        5
176
     1
 90
        0
176
     1
 90
        0
176
     1
290
     0
176
     1
 90
       13
176
     1
 40
0.0
176
     1
 90
        0
176
     1
290
     0
176
     1
290
     1
176
     1
290
     1
176
     1
290
     0
176
     1
290
     0
176
     1
290
     0
176
     1
290
     0
176
     1
290
     0
176
     1
290
     0
176
     1
 90
       50
176
     1
 40
0.0
176
     1
 40
1.0
176
     1
 90
        0
176
     1
 62
    18
420
        0
176
     1
 90
       50
176
     1
 90
        3
176
     1
 62
     5
420
      255
176
     1
290
     0
176
     1
 90
       50
176
     1
 90
       50
176
     1
 90
       50
176
     1
290
     0
176
     1
 90
       50
176
     1
 62
   256
176
     0
 40
1.0
176
     0
 90
        2
176
     1
  1
strokes_ogs.tif
176
     1
290
     0
176
     1
 40
1.0
176
     1
 40
1.0
176
     1
  0
VISUALSTYLE
  5
2616
102
{ACAD_REACTORS
330
2D
102
}
330
2D
100
AcDbVisualStyle
  2
Shaded
 70
    27
177
     3
291
     0
 70
    58
 90
        2
176
     1
 90
        2
176
     1
 90
        1
176
     1
 90
        2
176
     1
 40
0.6
176
     1
 40
30.0
176
     1
 62
     7
420
 16777215
176
     1
 90
        0
176
     1
 90
        4
176
     1
 62
     7
176
     1
 62
   257
176
     1
 90
        1
176
     1
 90
        1
176
     1
 40
1.0
176
     1
 90
        8
176
     1
 62
   257
176
     1
 40
1.0
176
     1
 90
        1
176
     1
 90
        6
176
     1
 90
        2
176
     1
 62
     8
420
  7895160
176
     1
 90
        3
176
     1
 90
        0
176
     1
 90
        0
176
     1
290
     0
176
     1
 90
        5
176
     1
 40
0.0
176
     1
 90
        0
176
     1
290
     0
176
     1
290
     1
176
     1
290
     1
176
     1
290
     0
176
     1
290
     0
176
     1
290
     0
176
     1
290
     0
176
     1
290
     0
176
     1
290
     0
176
     1
 90
       50
176
     1
 40
0.0
176
     1
 40
1.0
176
     1
 90
        0
176
     1
 62
    18
420
        0
176
     1
 90
       50
176
     1
 90
        3
176
     1
 62
     5
420
      255
176
     1
290
     0
176
     1
 90
       50
176
     1
 90
       50
176
     1
 90
       50
176
     1
290
     0
176
     1
 90
       50
176
     1
 62
   256
176
     0
 40
1.0
176
     0
 90
        2
176
     1
  1
strokes_ogs.tif
176
     1
290
     0
176
     1
 40
1.0
176
     1
 40
1.0
176
     1
  0
VISUALSTYLE
  5
2615
102
{ACAD_REACTORS
330
2D
102
}
330
2D
100
AcDbVisualStyle
  2
Shaded with edges
 70
    26
177
     3
291
     0
 70
    58
 90
        2
176
     1
 90
        2
176
     1
 90
        1
176
     1
 90
        2
176
     1
 40
0.6
176
     1
 40
30.0
176
     1
 62
     7
420
 16777215
176
     1
 90
        1
176
     1
 90
        2
176
     1
 62
     7
176
     1
 62
   257
176
     1
 90
        2
176
     1
 90
        1
176
     1
 40
1.0
176
     1
 90
        8
176
     1
 62
   257
176
     1
 40
1.0
176
     1
 90
        1
176
     1
 90
        6
176
     1
 90
        2
176
     1
 62
     7
176
     1
 90
        3
176
     1
 90
        0
176
     1
 90
        0
176
     1
290
     0
176
     1
 90
        5
176
     1
 40
0.0
176
     1
 90
        0
176
     1
290
     0
176
     1
290
     1
176
     1
290
     1
176
     1
290
     0
176
     1
290
     0
176
     1
290
     0
176
     1
290
     0
176
     1
290
     0
176
     1
290
     0
176
     1
 90
       50
176
     1
 40
0.0
176
     1
 40
1.0
176
     1
 90
        0
176
     1
 62
    18
420
        0
176
     1
 90
       50
176
     1
 90
        3
176
     1
 62
     5
420
      255
176
     1
290
     0
176
     1
 90
       50
176
     1
 90
       50
176
     1
 90
       50
176
     1
290
     0
176
     1
 90
       50
176
     1
 62
   256
176
     0
 40
1.0
176
     0
 90
        2
176
     1
  1
strokes_ogs.tif
176
     1
290
     0
176
     1
 40
1.0
176
     1
 40
1.0
176
     1
  0
VISUALSTYLE
  5
2612
102
{ACAD_REACTORS
330
2D
102
}
330
2D
100
AcDbVisualStyle
  2
Shades of Gray
 70
    23
177
     3
291
     0
 70
    58
 90
        2
176
     1
 90
        2
176
     1
 90
        3
176
     1
 90
        0
176
     1
 40
0.6
176
     1
 40
30.0
176
     1
 62
     7
420
 16777215
176
     1
 90
        2
176
     1
 90
        2
176
     1
 62
     7
176
     1
 62
     7
176
     1
 90
        1
176
     1
 90
        1
176
     1
 40
40.0
176
     1
 90
        8
176
     1
 62
     7
176
     1
 40
1.0
176
     1
 90
        1
176
     1
 90
        6
176
     1
 90
        2
176
     1
 62
     7
176
     1
 90
        3
176
     1
 90
        0
176
     1
 90
        0
176
     1
290
     0
176
     1
 90
        1
176
     1
 40
0.0
176
     1
 90
        0
176
     1
290
     0
176
     1
290
     1
176
     1
290
     1
176
     1
290
     0
176
     1
290
     0
176
     1
290
     0
176
     1
290
     0
176
     1
290
     0
176
     1
290
     0
176
     1
 90
       50
176
     1
 40
0.0
176
     1
 40
1.0
176
     1
 90
        0
176
     1
 62
    18
420
        0
176
     1
 90
       50
176
     1
 90
        3
176
     1
 62
     5
420
      255
176
     1
290
     0
176
     1
 90
       50
176
     1
 90
       50
176
     1
 90
       50
176
     1
290
     0
176
     1
 90
       50
176
     1
 62
   256
176
     0
 40
1.0
176
     0
 90
        2
176
     1
  1
strokes_ogs.tif
176
     1
290
     0
176
     1
 40
1.0
176
     1
 40
1.0
176
     1
  0
VISUALSTYLE
  5
2613
102
{ACAD_REACTORS
330
2D
102
}
330
2D
100
AcDbVisualStyle
  2
Sketchy
 70
    24
177
     3
291
     0
 70
    58
 90
        1
176
     1
 90
        2
176
     1
 90
        2
176
     1
 90
        0
176
     1
 40
0.6
176
     1
 40
30.0
176
     1
 62
     7
420
 16777215
176
     1
 90
        2
176
     1
 90
        2
176
     1
 62
     7
176
     1
 62
     7
176
     1
 90
        1
176
     1
 90
        1
176
     1
 40
40.0
176
     1
 90
       11
176
     1
 62
     7
176
     1
 40
1.0
176
     1
 90
        1
176
     1
 90
        6
176
     1
 90
        2
176
     1
 62
     7
176
     1
 90
        6
176
     1
 90
        0
176
     1
 90
        0
176
     1
290
     0
176
     1
 90
        1
176
     1
 40
0.0
176
     1
 90
        0
176
     1
290
     0
176
     1
290
     1
176
     1
290
     1
176
     1
290
     0
176
     1
290
     0
176
     1
290
     0
176
     1
290
     0
176
     1
290
     0
176
     1
290
     0
176
     1
 90
       50
176
     1
 40
0.0
176
     1
 40
1.0
176
     1
 90
        0
176
     1
 62
    18
420
        0
176
     1
 90
       50
176
     1
 90
        3
176
     1
 62
     5
420
      255
176
     1
290
     0
176
     1
 90
       50
176
     1
 90
       50
176
     1
 90
       50
176
     1
290
     0
176
     1
 90
       50
176
     1
 62
   256
176
     0
 40
1.0
176
     0
 90
        2
176
     1
  1
strokes_ogs.tif
176
     1
290
     0
176
     1
 40
1.0
176
     1
 40
1.0
176
     1
  0
VISUALSTYLE
  5
19C6
102
{ACAD_REACTORS
330
2D
102
}
330
2D
100
AcDbVisualStyle
  2
Thicken
 70
    13
177
     3
291
     1
 70
    58
 90
        2
176
     1
 90
        2
176
     1
 90
        0
176
     1
 90
        0
176
     1
 40
0.6
176
     1
 40
30.0
176
     1
 62
     7
420
 16777215
176
     1
 90
        1
176
     1
 90
        4
176
     1
 62
     7
176
     1
 62
   257
176
     1
 90
        1
176
     1
 90
        1
176
     1
 40
1.0
176
     1
 90
       12
176
     1
 62
     7
176
     1
 40
1.0
176
     1
 90
        1
176
     1
 90
        6
176
     1
 90
        2
176
     1
 62
     7
176
     1
 90
        5
176
     1
 90
        0
176
     1
 90
        0
176
     1
290
     0
176
     1
 90
        1
176
     1
 40
0.0
176
     1
 90
        0
176
     1
290
     0
176
     1
290
     1
176
     1
290
     1
176
     1
290
     0
176
     1
290
     0
176
     1
290
     0
176
     1
290
     0
176
     1
290
     0
176
     1
290
     0
176
     1
 90
       50
176
     1
 40
0.0
176
     1
 40
1.0
176
     1
 90
        0
176
     1
 62
    18
420
        0
176
     1
 90
       50
176
     1
 90
        3
176
     1
 62
     5
420
      255
176
     1
290
     0
176
     1
 90
       50
176
     1
 90
       50
176
     1
 90
       50
176
     1
290
     0
176
     1
 90
       50
176
     1
 62
   256
176
     0
 40
1.0
176
     0
 90
        2
176
     1
  1
strokes_ogs.tif
176
     1
290
     0
176
     1
 40
1.0
176
     1
 40
1.0
176
     1
  0
VISUALSTYLE
  5
2610
102
{ACAD_REACTORS
330
2D
102
}
330
2D
100
AcDbVisualStyle
  2
Wireframe
 70
     5
177
     3
291
     0
 70
    58
 90
        0
176
     1
 90
        2
176
     1
 90
        0
176
     1
 90
        0
176
     1
 40
0.6
176
     1
 40
30.0
176
     1
 62
     7
420
 16777215
176
     1
 90
        1
176
     1
 90
        4
176
     1
 62
     7
176
     1
 62
   257
176
     1
 90
        1
176
     1
 90
        1
176
     1
 40
1.0
176
     1
 90
        0
176
     1
 62
   257
176
     1
 40
1.0
176
     1
 90
        1
176
     1
 90
        6
176
     1
 90
        2
176
     1
 62
     7
176
     1
 90
        3
176
     1
 90
        0
176
     1
 90
        0
176
     1
290
     0
176
     1
 90
        1
176
     1
 40
0.0
176
     1
 90
        0
176
     1
290
     0
176
     1
290
     1
176
     1
290
     1
176
     1
290
     0
176
     1
290
     0
176
     1
290
     0
176
     1
290
     0
176
     1
290
     0
176
     1
290
     0
176
     1
 90
       50
176
     1
 40
0.0
176
     1
 40
1.0
176
     1
 90
        0
176
     1
 62
    18
420
        0
176
     1
 90
       50
176
     1
 90
        3
176
     1
 62
     5
420
      255
176
     1
290
     0
176
     1
 90
       50
176
     1
 90
       50
176
     1
 90
       50
176
     1
290
     0
176
     1
 90
       50
176
     1
 62
   256
176
     0
 40
1.0
176
     0
 90
        2
176
     1
  1
strokes_ogs.tif
176
     1
290
     0
176
     1
 40
1.0
176
     1
 40
1.0
176
     1
  0
VISUALSTYLE
  5
2614
102
{ACAD_REACTORS
330
2D
102
}
330
2D
100
AcDbVisualStyle
  2
X-Ray
 70
    25
177
     3
291
     0
 70
    58
 90
        2
176
     1
 90
        2
176
     1
 90
        1
176
     1
 90
        1
176
     1
 40
0.5
176
     1
 40
30.0
176
     1
 62
     7
420
 16777215
176
     1
 90
        1
176
     1
 90
        0
176
     1
 62
     7
176
     1
 62
   257
176
     1
 90
        1
176
     1
 90
        1
176
     1
 40
1.0
176
     1
 90
        8
176
     1
 62
     7
176
     1
 40
1.0
176
     1
 90
        1
176
     1
 90
        6
176
     1
 90
        2
176
     1
 62
     7
176
     1
 90
        3
176
     1
 90
        0
176
     1
 90
        0
176
     1
290
     0
176
     1
 90
       13
176
     1
 40
0.0
176
     1
 90
        0
176
     1
290
     0
176
     1
290
     1
176
     1
290
     1
176
     1
290
     0
176
     1
290
     0
176
     1
290
     0
176
     1
290
     0
176
     1
290
     0
176
     1
290
     0
176
     1
 90
       50
176
     1
 40
0.0
176
     1
 40
1.0
176
     1
 90
        0
176
     1
 62
    18
420
        0
176
     1
 90
       50
176
     1
 90
        3
176
     1
 62
     5
420
      255
176
     1
290
     0
176
     1
 90
       50
176
     1
 90
       50
176
     1
 90
       50
176
     1
290
     0
176
     1
 90
       50
176
     1
 62
   256
176
     0
 40
1.0
176
     0
 90
        2
176
     1
  1
strokes_ogs.tif
176
     1
290
     0
176
     1
 40
1.0
176
     1
 40
1.0
176
     1
  0
DICTIONARYVAR
  5
19BB
102
{ACAD_REACTORS
330
19B8
102
}
330
19B8
100
DictionaryVariables
280
     0
  1
1:1
  0
DICTIONARYVAR
  5
19BA
102
{ACAD_REACTORS
330
19B8
102
}
330
19B8
100
DictionaryVariables
280
     0
  1
STANDARD
  0
DICTIONARYVAR
  5
19B9
102
{ACAD_REACTORS
330
19B8
102
}
330
19B8
100
DictionaryVariables
280
     0
  1
STANDARD
  0
DICTIONARYVAR
  5
2631
102
{ACAD_REACTORS
330
19B8
102
}
330
19B8
100
DictionaryVariables
280
     0
  1
Metric50
  0
DICTIONARYVAR
  5
2632
102
{ACAD_REACTORS
330
19B8
102
}
330
19B8
100
DictionaryVariables
280
     0
  1
Metric50
  0
DICTIONARYVAR
  5
2633
102
{ACAD_REACTORS
330
19B8
102
}
330
19B8
100
DictionaryVariables
280
     0
  1
1
  0
DICTIONARYVAR
  5
2634
102
{ACAD_REACTORS
330
19B8
102
}
330
19B8
100
DictionaryVariables
280
     0
  1
15
  0
DICTIONARYVAR
  5
1A08
102
{ACAD_REACTORS
330
19B8
102
}
330
19B8
100
DictionaryVariables
280
     0
  1
2
  0
DICTIONARYVAR
  5
1A07
102
{ACAD_REACTORS
330
19B8
102
}
330
19B8
100
DictionaryVariables
280
     0
  1
1
  0
XRECORD
  5
19DA
102
{ACAD_REACTORS
330
20
102
}
330
20
100
AcDbXrecord
280
     1
 91
    66047
301

290
     0
302
CS-TABL-LIN2
  8
CS-TABL-LIN2
 90
        8
 62
     1
370
    -3
331
14
  1
색상_1
  8
CS-CONC-MINR
 90
        8
 62
     3
370
    -3
331
F3A
  1
색상_3
  8
CS-RBAR-MINR
 90
        8
 62
     6
370
    -3
331
0
  1
색상_6
  8
CS-TABL-TEX2
 90
        8
 62
     3
370
    -3
331
14
  1
색상_3
  8
Defpoints
 90
        0
 62
     7
370
    -3
331
14
  1
색상_7
  8
CX-BORD
 90
        8
 62
     3
370
    -3
331
14
  1
색상_3
  8
CS-DIMT
 90
        8
 62
     3
370
    -3
331
14
  1
색상_3
  8
CS-CUTL
 90
        8
 62
     1
370
    -3
331
14
  1
색상_1
  8
CS-CNTL
 90
        8
 62
     1
370
    -3
331
F39
  1
색상_1
  8
CX-MISC
 90
        8
 62
     2
370
    -3
331
14
  1
색상_2
  8
CX-BORD-TEX2
 90
        8
 62
     7
370
    -3
331
14
  1
색상_7
  8
CX-BORD-LIN1
 90
        8
 62
     4
370
    -3
331
14
  1
색상_4
  8
CX-BORD-TEX3
 90
        8
 62
     6
370
    -3
331
14
  1
색상_6
  8
CX-BORD-LIN2
 90
        8
 62
     3
370
    -3
331
14
  1
색상_3
  8
CS-NOTE
 90
        8
 62
     3
370
    -3
331
14
  1
색상_3
  8
CS-RBAR-MAJR
 90
        8
 62
     6
370
    -3
331
14
  1
색상_6
  8
CS-DIMS
 90
        8
 62
     1
370
    -3
331
14
  1
색상_1
  8
CS-MISC
 90
        8
 62
     3
370
    -3
331
14
  1
색상_3
  8
CS-SYMB-LIN3
 90
        8
 62
     1
370
    -3
331
14
  1
색상_1
  8
CS-SYMB
 90
        8
 62
     3
370
    -3
331
14
  1
색상_3
  8
CS-TABL-LIN1
 90
        8
 62
     4
370
    -3
331
14
  1
색상_4
  8
CS-RBAR-EREC
 90
        8
 62
     6
370
    -3
331
14
  1
색상_6
  8
CZ-TEX1
 90
        8
 62
     6
370
    -3
331
14
  1
색상_6
  8
CS-CONC-MAJR
 90
        8
 62
     4
370
    -3
331
14
  1
색상_4
  8
CZ-TEX2
 90
        8
 62
     3
370
    -3
331
14
  1
색상_3
  8
CS-TEXT
 90
        8
 62
     3
370
    -3
331
14
  1
색상_3
  8
CS-DIML
 90
        8
 62
     1
370
    -3
331
14
  1
색상_1
  8
0
 90
        8
 62
     7
370
    -3
331
14
  1
색상_7
  0
DICTIONARY
  5
E
330
C
100
AcDbDictionary
280
     1
281
     1
  3
BUMPTILE
360
F
  3
DIFFUSETILE
360
10
  3
OPACITYTILE
360
11
  3
REFLECTIONTILE
360
12
  0
DICTIONARY
  5
3F
330
3E
100
AcDbDictionary
280
     1
281
     1
  3
ACAD_ROUNDTRIP_2008_TABLESTYLE_CELLSTYLEMAP
360
2636
  0
XRECORD
  5
F
102
{ACAD_REACTORS
330
E
102
}
330
E
100
AcDbXrecord
280
     1
270
     1
271
     1
  0
XRECORD
  5
10
102
{ACAD_REACTORS
330
E
102
}
330
E
100
AcDbXrecord
280
     1
270
     1
271
     1
  0
XRECORD
  5
11
102
{ACAD_REACTORS
330
E
102
}
330
E
100
AcDbXrecord
280
     1
270
     1
271
     1
  0
XRECORD
  5
12
102
{ACAD_REACTORS
330
E
102
}
330
E
100
AcDbXrecord
280
     1
270
     1
271
     1
  0
CELLSTYLEMAP
  5
2636
102
{ACAD_REACTORS
330
3F
102
}
330
3F
100
AcDbCellStyleMap
 90
        3
300
CELLSTYLE
  1
TABLEFORMAT_BEGIN
 90
        5
170
     1
 91
        0
 92
    32768
 62
   257
 93
        1
300
CONTENTFORMAT
  1
CONTENTFORMAT_BEGIN
 90
        0
 91
        0
 92
      512
 93
        0
300

 40
0.0
140
1.0
 94
        5
 62
     0
340
23
144
6.0
309
CONTENTFORMAT_END
171
     1
301
MARGIN
  1
CELLMARGIN_BEGIN
 40
1.5
 40
1.5
 40
1.5
 40
1.5
 40
4.5
 40
4.5
309
CELLMARGIN_END
 94
        6
 95
        1
302
GRIDFORMAT
  1
GRIDFORMAT_BEGIN
 90
        0
 91
        1
 62
     0
 92
       -2
340
26
 93
        0
 40
1.125
309
GRIDFORMAT_END
 95
        2
302
GRIDFORMAT
  1
GRIDFORMAT_BEGIN
 90
        0
 91
        1
 62
     0
 92
       -2
340
26
 93
        0
 40
1.125
309
GRIDFORMAT_END
 95
        4
302
GRIDFORMAT
  1
GRIDFORMAT_BEGIN
 90
        0
 91
        1
 62
     0
 92
       -2
340
26
 93
        0
 40
1.125
309
GRIDFORMAT_END
 95
        8
302
GRIDFORMAT
  1
GRIDFORMAT_BEGIN
 90
        0
 91
        1
 62
     0
 92
       -2
340
26
 93
        0
 40
1.125
309
GRIDFORMAT_END
 95
       16
302
GRIDFORMAT
  1
GRIDFORMAT_BEGIN
 90
        0
 91
        1
 62
     0
 92
       -2
340
26
 93
        0
 40
1.125
309
GRIDFORMAT_END
 95
       32
302
GRIDFORMAT
  1
GRIDFORMAT_BEGIN
 90
        0
 91
        1
 62
     0
 92
       -2
340
26
 93
        0
 40
1.125
309
GRIDFORMAT_END
309
TABLEFORMAT_END
  1
CELLSTYLE_BEGIN
 90
        1
 91
        1
300
_TITLE
309
CELLSTYLE_END
300
CELLSTYLE
  1
TABLEFORMAT_BEGIN
 90
        5
170
     1
 91
        0
 92
        0
 62
   257
 93
        1
300
CONTENTFORMAT
  1
CONTENTFORMAT_BEGIN
 90
        0
 91
        0
 92
      512
 93
        0
300

 40
0.0
140
1.0
 94
        5
 62
     0
340
23
144
4.5
309
CONTENTFORMAT_END
171
     1
301
MARGIN
  1
CELLMARGIN_BEGIN
 40
1.5
 40
1.5
 40
1.5
 40
1.5
 40
4.5
 40
4.5
309
CELLMARGIN_END
 94
        6
 95
        1
302
GRIDFORMAT
  1
GRIDFORMAT_BEGIN
 90
        0
 91
        1
 62
     0
 92
       -2
340
26
 93
        0
 40
1.125
309
GRIDFORMAT_END
 95
        2
302
GRIDFORMAT
  1
GRIDFORMAT_BEGIN
 90
        0
 91
        1
 62
     0
 92
       -2
340
26
 93
        0
 40
1.125
309
GRIDFORMAT_END
 95
        4
302
GRIDFORMAT
  1
GRIDFORMAT_BEGIN
 90
        0
 91
        1
 62
     0
 92
       -2
340
26
 93
        0
 40
1.125
309
GRIDFORMAT_END
 95
        8
302
GRIDFORMAT
  1
GRIDFORMAT_BEGIN
 90
        0
 91
        1
 62
     0
 92
       -2
340
26
 93
        0
 40
1.125
309
GRIDFORMAT_END
 95
       16
302
GRIDFORMAT
  1
GRIDFORMAT_BEGIN
 90
        0
 91
        1
 62
     0
 92
       -2
340
26
 93
        0
 40
1.125
309
GRIDFORMAT_END
 95
       32
302
GRIDFORMAT
  1
GRIDFORMAT_BEGIN
 90
        0
 91
        1
 62
     0
 92
       -2
340
26
 93
        0
 40
1.125
309
GRIDFORMAT_END
309
TABLEFORMAT_END
  1
CELLSTYLE_BEGIN
 90
        2
 91
        1
300
_HEADER
309
CELLSTYLE_END
300
CELLSTYLE
  1
TABLEFORMAT_BEGIN
 90
        5
170
     1
 91
        0
 92
        0
 62
   257
 93
        1
300
CONTENTFORMAT
  1
CONTENTFORMAT_BEGIN
 90
        0
 91
        0
 92
      512
 93
        0
300

 40
0.0
140
1.0
 94
        2
 62
     0
340
23
144
4.5
309
CONTENTFORMAT_END
171
     1
301
MARGIN
  1
CELLMARGIN_BEGIN
 40
1.5
 40
1.5
 40
1.5
 40
1.5
 40
4.5
 40
4.5
309
CELLMARGIN_END
 94
        6
 95
        1
302
GRIDFORMAT
  1
GRIDFORMAT_BEGIN
 90
        0
 91
        1
 62
     0
 92
       -2
340
26
 93
        0
 40
1.125
309
GRIDFORMAT_END
 95
        2
302
GRIDFORMAT
  1
GRIDFORMAT_BEGIN
 90
        0
 91
        1
 62
     0
 92
       -2
340
26
 93
        0
 40
1.125
309
GRIDFORMAT_END
 95
        4
302
GRIDFORMAT
  1
GRIDFORMAT_BEGIN
 90
        0
 91
        1
 62
     0
 92
       -2
340
26
 93
        0
 40
1.125
309
GRIDFORMAT_END
 95
        8
302
GRIDFORMAT
  1
GRIDFORMAT_BEGIN
 90
        0
 91
        1
 62
     0
 92
       -2
340
26
 93
        0
 40
1.125
309
GRIDFORMAT_END
 95
       16
302
GRIDFORMAT
  1
GRIDFORMAT_BEGIN
 90
        0
 91
        1
 62
     0
 92
       -2
340
26
 93
        0
 40
1.125
309
GRIDFORMAT_END
 95
       32
302
GRIDFORMAT
  1
GRIDFORMAT_BEGIN
 90
        0
 91
        1
 62
     0
 92
       -2
340
26
 93
        0
 40
1.125
309
GRIDFORMAT_END
309
TABLEFORMAT_END
  1
CELLSTYLE_BEGIN
 90
        3
 91
        2
300
_DATA
309
CELLSTYLE_END
  0
ENDSEC
  0
EOF
